PDB ID,Source(s),Equivalence Class(es),EC size
100D,"RNA3DB","A|NR_all_71188.3|1, A|NR_all_71188.3|2, B|NR_all_71188.3|1, B|NR_all_71188.3|2"
104D,"RNA3DB",""
124D,"RNA3DB","B|NR_all_54274.1|1"
157D,"RNA3DB","A|NR_all_24936.2|2, B|NR_all_24936.2|2"
161D,"RNA3DB","A|NR_all_71188.3|1, B|NR_all_71188.3|1"
165D,"RNA3DB","A|NR_all_87893.1|2, B|NR_all_87893.1|2"
168D,"RNA3DB",""
169D,"RNA3DB",""
170D,"RNA3DB",""
176D,"RNA3DB","B|NR_all_61072.1|1"
17RA,"RNA3DB","A|NR_all_82060.1|1"
1A1T,"RNA3DB","B|NR_all_65529.1|1"
1A34,"RNA3DB","B|NR_all_24132.3|2, C|NR_all_24132.3|2"
1A3M,"RNA3DB","A|NR_all_91199.1|2, B|NR_all_91199.1|2"
1A4D,"RNA3DB","A|NR_all_66286.1|2, B|NR_all_66286.1|2"
1A4T,"RNA3DB","A|NR_all_04124.1|1"
1A51,"RNA3DB","A|NR_all_65451.1|1"
1A60,"RNA3DB","A|NR_all_92131.1|1, A|NR_all_93153.1|1"
1A9L,"RNA3DB","A|NR_all_01611.2|1"
1A9N,"RNA3DB","Q|NR_all_89332.1|1, R|NR_all_89332.1|1"
1AC3,"RNA3DB","B|NR_all_84970.1|1"
1AFX,"RNA3DB","A|NR_all_83722.1|1"
1AJF,"RNA3DB","A|NR_all_62040.1|1"
1AJL,"RNA3DB","A|NR_all_52254.1|2, B|NR_all_52254.1|2"
1AJT,"RNA3DB","A|NR_all_57473.1|2, B|NR_all_57473.1|2"
1AJU,"RNA3DB","A|NR_all_29722.1|1"
1AKX,"RNA3DB","A|NR_all_18727.1|1"
1AL5,"RNA3DB","A|NR_all_07975.1|2, B|NR_all_07975.1|2"
1AM0,"RNA3DB","A|NR_all_34704.1|1"
1ANR,"RNA3DB","A|NR_all_52900.1|1"
1AQ3,"RNA3DB","R|NR_all_51266.4|1, S|NR_all_51266.4|1"
1AQ4,"RNA3DB","R|NR_all_51266.4|1, S|NR_all_51266.4|1"
1AQO,"RNA3DB","A|NR_all_00390.1|1, A|NR_all_59412.1|1"
1ARJ,"RNA3DB","N|NR_all_76462.1|1, N|NR_all_84451.1|1"
1ASY,"RNA3DB","R|NR_all_24819.4|1, S|NR_all_24819.4|1"
1ASZ,"RNA3DB","R|NR_all_24819.4|1, S|NR_all_24819.4|1"
1ATO,"RNA3DB","A|NR_all_47387.1|1"
1ATV,"RNA3DB","A|NR_all_07425.1|1, A|NR_all_42655.1|1"
1ATW,"RNA3DB","A|NR_all_70406.1|1"
1AUD,"RNA3DB","B|NR_all_18745.1|1, B|NR_all_89800.1|1"
1AV6,"RNA3DB","B|NR_all_76648.1|1"
1B23,"RNA3DB","R|NR_all_34221.1|1"
1B2M,"RNA3DB","C|NR_all_78372.5|1, D|NR_all_78372.5|1, E|NR_all_78372.5|1"
1B36,"RNA3DB","A|NR_all_14284.1|1, A|NR_all_31139.1|1"
1B7F,"RNA3DB","P|NR_all_61964.1|1, Q|NR_all_09952.1|1"
1BAU,"RNA3DB","A|NR_all_25450.1|2, B|NR_all_25450.1|2"
1BGZ,"RNA3DB","A|NR_all_82965.1|1"
1BIV,"RNA3DB","A|NR_all_45541.1|1"
1BJ2,"RNA3DB","A|NR_all_62398.1|2, B|NR_all_62398.1|2"
1BMV,"RNA3DB","M|NR_all_11198.1|1"
1BN0,"RNA3DB","A|NR_all_64055.1|1"
1BR3,"RNA3DB","A|NR_all_10796.1|1"
1BVJ,"RNA3DB","A|NR_all_76134.1|1"
1BYJ,"RNA3DB","A|NR_all_54907.1|1"
1BYX,"RNA3DB","A|NR_all_32222.1|1"
1BZ2,"RNA3DB","A|NR_all_25417.1|1"
1BZ3,"RNA3DB","A|NR_all_16304.1|1"
1BZT,"RNA3DB","A|NR_all_16304.1|1"
1BZU,"RNA3DB","A|NR_all_69912.1|1"
1C04,"RNA3DB","E|NR_all_25376.1|1, F|NR_all_57955.2|1"
1C0A,"RNA3DB","B|NR_all_56204.1|1"
1C0O,"RNA3DB","A|NR_all_48565.1|1"
1C2Q,"RNA3DB","B|NR_all_31948.1|1"
1C2W,"RNA3DB","B|NR_all_91559.1|1"
1C2X,"RNA3DB","C|NR_all_27117.1|1"
1C4L,"RNA3DB","A|NR_all_98506.1|2, B|NR_all_98506.1|2"
1C9S,"RNA3DB","W|NR_all_55702.1|1"
1CGM,"RNA3DB","I|NR_all_68372.1|1"
1CQ5,"RNA3DB","A|NR_all_56732.2|1"
1CQL,"RNA3DB","A|NR_all_56732.2|1"
1CSL,"RNA3DB","A|NR_all_53157.1|2, B|NR_all_53157.1|2"
1CVJ,"RNA3DB","M|NR_all_85902.1|1, N|NR_all_78670.1|1, O|NR_all_78670.1|1, P|NR_all_78670.1|1, Q|NR_all_87059.1|1, R|NR_all_78670.1|1, S|NR_all_78670.1|1, T|NR_all_78670.1|1"
1CWP,"RNA3DB","D|NR_all_05106.1|1, E|NR_all_48777.2|1, F|NR_all_15685.1|1"
1CX5,"RNA3DB","B|NR_all_63585.1|1"
1D0T,"RNA3DB","A|NR_all_26549.1|1"
1D0U,"RNA3DB","A|NR_all_33353.1|1"
1D4R,"RNA3DB","A|NR_all_68428.1|2, B|NR_all_68428.1|2, C|NR_all_68428.1|1"
1D6K,"RNA3DB","B|NR_all_26988.1|1"
1D87,"RNA3DB",""
1D88,"RNA3DB",""
1D96,"RNA3DB",""
1D9D,"RNA3DB",""
1D9F,"RNA3DB",""
1D9H,"RNA3DB",""
1DDL,"RNA3DB","D|NR_all_03657.1|1, E|NR_all_21736.7|1"
1DDY,"RNA3DB","A|NR_all_88496.1|1, C|NR_all_88496.1|1, E|NR_all_88496.1|1, G|NR_all_88496.1|1"
1DFU,"RNA3DB","M|NR_all_14136.1|2, N|NR_all_14136.1|2"
1DHH,"RNA3DB","A|NR_all_87038.1|1"
1DI2,"RNA3DB","C|NR_all_18996.1|2, D|NR_all_18996.1|2, E|NR_all_18996.1|1, G|NR_all_18996.1|1"
1DK1,"RNA3DB","B|NR_all_23049.1|1"
1DNO,"RNA3DB",""
1DNT,"RNA3DB",""
1DNX,"RNA3DB",""
1DQF,"RNA3DB","A|NR_all_14653.1|2, B|NR_all_14653.1|2"
1DQH,"RNA3DB","A|NR_all_57060.1|2, B|NR_all_57060.1|2"
1DRN,"RNA3DB","A|NR_all_87038.1|1"
1DRR,"RNA3DB","B|NR_all_62339.1|1"
1DRZ,"RNA3DB","B|NR_all_73165.3|1"
1DUH,"RNA3DB","A|NR_all_99432.1|1"
1DUL,"RNA3DB","B|NR_all_27023.1|1"
1DUQ,"RNA3DB","A|NR_all_24974.1|2, B|NR_all_24974.1|2, C|NR_all_24974.1|2, D|NR_all_24974.1|2, E|NR_all_24974.1|2, F|NR_all_24974.1|2, G|NR_all_24974.1|2, H|NR_all_24974.1|2"
1DV4,"RNA3DB",""
1DXN,"RNA3DB",""
1DZ5,"RNA3DB","C|NR_all_56977.1|2, D|NR_all_56977.1|2"
1E4P,"RNA3DB","A|NR_all_66000.1|1, A|NR_all_78219.1|1"
1E7K,"RNA3DB","C|NR_all_43622.1|1, D|NR_all_43622.1|1"
1E8O,"RNA3DB","E|NR_all_59804.1|1"
1E8S,"RNA3DB","C|NR_all_19932.1|1"
1E95,"RNA3DB","A|NR_all_15923.1|1, A|NR_all_17507.1|1"
1EBQ,"RNA3DB","A|NR_all_24762.1|1"
1EBR,"RNA3DB","A|NR_all_17006.1|1"
1EBS,"RNA3DB","A|NR_all_02783.1|1"
1EC6,"RNA3DB","C|NR_all_94113.1|1, D|NR_all_53294.1|1"
1EFO,"RNA3DB","B|NR_all_73942.1|1"
1EFS,"RNA3DB","B|NR_all_58575.1|1"
1EFW,"RNA3DB","C|NR_all_56204.1|1, D|NR_all_56204.1|1"
1EG0,"RNA3DB","L|NR_all_74849.1|1, M|NR_all_94729.10|1, O|NR_all_35542.140|1"
1EGK,"RNA3DB","A|NR_all_62068.1|1, C|NR_all_62068.1|1"
1EHT,"RNA3DB","A|NR_all_48165.2|1"
1EHZ,"2020 RNA, RNA3DB","A|NR_all_83593.5|1"
1EI2,"RNA3DB","A|NR_all_98716.1|1"
1EIY,"RNA3DB","C|NR_all_36393.1|1"
1EJZ,"RNA3DB","A|NR_all_88865.1|1"
1EKA,"RNA3DB","A|NR_all_78038.1|2, B|NR_all_78038.1|2"
1EKD,"RNA3DB","A|NR_all_92683.1|2, B|NR_all_92683.1|2"
1EKZ,"RNA3DB","B|NR_all_60729.1|1, B|NR_all_85681.1|1"
1ELH,"RNA3DB","A|NR_all_97306.1|2, B|NR_all_97306.1|2"
1EMI,"RNA3DB","B|NR_all_64125.1|1"
1EQQ,"RNA3DB",""
1ESH,"RNA3DB","A|NR_all_39732.1|1"
1ESY,"RNA3DB","A|NR_all_41120.1|1, A|NR_all_79041.1|1"
1ET4,"RNA3DB","A|NR_all_88496.1|1, B|NR_all_88496.1|1, C|NR_all_88496.1|1, D|NR_all_88496.1|1, E|NR_all_88496.1|1"
1ETF,"RNA3DB","A|NR_all_41342.1|1"
1ETG,"RNA3DB","A|NR_all_41342.1|1"
1EUQ,"RNA3DB","B|NR_all_31819.5|1"
1EUY,"RNA3DB","B|NR_all_31819.5|1"
1EVP,"RNA3DB",""
1EVV,"RNA3DB","A|NR_all_83593.5|1"
1EXD,"RNA3DB","B|NR_all_31819.5|1"
1EXY,"RNA3DB","A|NR_all_55696.1|1"
1F1T,"RNA3DB","A|NR_all_74421.1|1"
1F27,"RNA3DB","A|NR_all_06439.1|2, B|NR_all_06439.1|2"
1F5G,"RNA3DB","A|NR_all_98048.1|2, B|NR_all_98048.1|2"
1F5H,"RNA3DB","A|NR_all_56050.1|2, B|NR_all_56050.1|2"
1F5U,"RNA3DB","A|NR_all_31750.1|1, B|NR_all_31750.1|1"
1F6U,"RNA3DB","B|NR_all_81739.1|1, B|NR_all_96213.1|1"
1F6X,"RNA3DB","A|NR_all_56766.2|1"
1F6Z,"RNA3DB","A|NR_all_36362.2|1"
1F78,"RNA3DB","A|NR_all_56766.2|1"
1F79,"RNA3DB","A|NR_all_36362.2|1"
1F7F,"RNA3DB","A|NR_all_56766.2|1"
1F7G,"RNA3DB","A|NR_all_22453.1|1, A|NR_all_83539.1|1"
1F7H,"RNA3DB","A|NR_all_00165.1|1, A|NR_all_17394.1|1"
1F7I,"RNA3DB","A|NR_all_36362.2|1"
1F7U,"RNA3DB","B|NR_all_59690.1|1"
1F7V,"RNA3DB","B|NR_all_59690.1|1"
1F7Y,"RNA3DB","B|NR_all_23049.1|1"
1F84,"RNA3DB","A|NR_all_34881.1|1, A|NR_all_91495.1|1"
1F85,"RNA3DB","A|NR_all_09578.1|1, A|NR_all_30917.1|1"
1F8V,"RNA3DB","R|NR_all_08337.1|1"
1F9L,"RNA3DB","A|NR_all_93725.1|1"
1FC8,"RNA3DB",""
1FCW,"RNA3DB","A|NR_all_83593.5|1, B|NR_all_83593.5|1, C|NR_all_83593.5|1, D|NR_all_83593.5|1, E|NR_all_83593.5|1"
1FEQ,"RNA3DB","A|NR_all_17816.1|1"
1FEU,"RNA3DB","B|NR_all_99953.1|2, C|NR_all_99953.1|2, E|NR_all_99953.1|2, F|NR_all_99953.1|2"
1FFK,"RNA3DB","0|NR_all_26150.3|1, 9|NR_all_25303.3|1"
1FFY,"RNA3DB","T|NR_all_49241.1|1"
1FFZ,"2020 RNA, RNA3DB","A|NR_all_26150.3|1"
1FG0,"RNA3DB","A|NR_all_26150.3|1"
1FHK,"RNA3DB","A|NR_all_84438.1|1, A|NR_all_93136.1|1"
1FIR,"RNA3DB","A|NR_all_90775.1|1"
1FIX,"RNA3DB","A|NR_all_92759.1|1"
1FJE,"RNA3DB","A|NR_all_93461.1|1"
1FJG,"RNA3DB","A|NR_all_65795.80|1, X|NR_all_58357.1|1"
1FKA,"RNA3DB","A|NR_all_65795.80|1"
1FL8,"RNA3DB","A|NR_all_15840.1|1"
1FMN,"RNA3DB","A|NR_all_57703.1|1"
1FNX,"RNA3DB","R|NR_all_30413.1|1"
1FOQ,"RNA3DB","A|NR_all_27833.1|1, B|NR_all_27833.1|1, C|NR_all_27833.1|1, D|NR_all_27833.1|1, E|NR_all_27833.1|1"
1FQZ,"RNA3DB","A|NR_all_18069.1|1"
1FUF,"RNA3DB","A|NR_all_14518.1|2, B|NR_all_14518.1|2"
1FXL,"RNA3DB","B|NR_all_50004.1|1"
1FYO,"RNA3DB","A|NR_all_04218.1|1"
1FYP,"RNA3DB","A|NR_all_52226.1|1"
1G1X,"RNA3DB","D|NR_all_13125.1|2, E|NR_all_13125.1|2, I|NR_all_40657.1|2, J|NR_all_40657.1|2"
1G2E,"RNA3DB","B|NR_all_88266.1|1"
1G2J,"RNA3DB","A|NR_all_36794.1|1"
1G3A,"RNA3DB","A|NR_all_40120.1|1, A|NR_all_40120.1|2, B|NR_all_40120.1|1, B|NR_all_40120.1|2"
1G4Q,"RNA3DB","A|NR_all_25735.1|1"
1G59,"RNA3DB","B|NR_all_29085.1|1, D|NR_all_29085.1|1"
1G70,"RNA3DB","A|NR_all_28653.1|1, A|NR_all_73166.1|1"
1GAX,"RNA3DB","C|NR_all_57348.1|1, D|NR_all_57348.1|1"
1GID,"2020 RNA, RNA3DB","A|NR_all_69808.1|1, B|NR_all_69808.1|1"
1GRZ,"RNA3DB","A|NR_all_39627.5|1, B|NR_all_39627.5|1"
1GSG,"RNA3DB","T|NR_all_31819.5|1"
1GTC,"RNA3DB",""
1GTF,"RNA3DB","W|NR_all_62528.1|1"
1GTN,"RNA3DB","W|NR_all_84424.1|1"
1GTR,"RNA3DB","B|NR_all_31819.5|1"
1GTS,"RNA3DB","B|NR_all_31819.5|1"
1GUC,"RNA3DB","A|NR_all_10396.1|2, B|NR_all_10396.1|2"
1GV6,"RNA3DB",""
1H0Q,"RNA3DB","B|NR_all_15880.1|1"
1H1K,"RNA3DB","I|NR_all_83601.1|2, J|NR_all_92211.1|2, K|NR_all_70990.1|2, L|NR_all_83601.1|2, M|NR_all_92211.1|2, N|NR_all_70990.1|2"
1H2C,"RNA3DB","R|NR_all_61174.1|1"
1H2D,"RNA3DB","R|NR_all_61174.1|1, S|NR_all_61174.1|1"
1H38,"RNA3DB","F|NR_all_98371.1|1, I|NR_all_98371.1|1, L|NR_all_98371.1|1, O|NR_all_98371.1|1"
1H3E,"RNA3DB","B|NR_all_13221.1|1"
1H4Q,"RNA3DB","T|NR_all_26284.1|1"
1H4S,"RNA3DB","T|NR_all_26284.1|1"
1HC8,"RNA3DB","C|NR_all_25376.1|1, D|NR_all_25376.1|1"
1HG9,"RNA3DB","B|NR_all_32272.1|1"
1HHW,"RNA3DB","B|NR_all_40229.1|1"
1HHX,"RNA3DB","B|NR_all_32272.1|1"
1HJI,"RNA3DB","A|NR_all_31133.1|1"
1HLX,"RNA3DB","A|NR_all_81539.1|1"
1HMH,"RNA3DB","A|NR_all_82681.1|1, C|NR_all_55907.2|1, E|NR_all_55907.2|1"
1HNW,"RNA3DB","A|NR_all_65795.80|1, X|NR_all_31741.1|1"
1HNX,"RNA3DB","A|NR_all_65795.80|1, X|NR_all_73146.1|1"
1HNZ,"RNA3DB","A|NR_all_65795.80|1, X|NR_all_31741.1|1"
1HO6,"RNA3DB",""
1HOQ,"RNA3DB",""
1HQ1,"RNA3DB","B|NR_all_27023.1|1"
1HR0,"RNA3DB","A|NR_all_65795.80|1, X|NR_all_31741.1|1"
1HR2,"RNA3DB","A|NR_all_39627.5|1, B|NR_all_39627.5|1"
1HS1,"RNA3DB","A|NR_all_65794.1|1"
1HS2,"RNA3DB","A|NR_all_87560.1|1"
1HS3,"RNA3DB","A|NR_all_52164.1|1"
1HS4,"RNA3DB","A|NR_all_91356.1|1"
1HS8,"RNA3DB","A|NR_all_90481.1|1"
1HVU,"RNA3DB","C|NR_all_59504.1|1, F|NR_all_59504.1|1, I|NR_all_59504.1|1, L|NR_all_59504.1|1"
1HWQ,"RNA3DB","A|NR_all_58813.1|1"
1HYS,"RNA3DB","E|NR_all_23180.1|1"
1I2X,"RNA3DB",""
1I2Y,"RNA3DB",""
1I3X,"RNA3DB","A|NR_all_92805.1|1"
1I3Y,"RNA3DB","A|NR_all_11512.1|1"
1I46,"RNA3DB","A|NR_all_18772.1|1"
1I4B,"RNA3DB","A|NR_all_84674.1|1"
1I4C,"RNA3DB","A|NR_all_14769.1|1"
1I5L,"RNA3DB","U|NR_all_92489.3|1, Y|NR_all_92489.3|1"
1I6H,"RNA3DB","R|NR_all_77921.1|1"
1I6U,"RNA3DB","C|NR_all_49782.1|1, D|NR_all_49782.1|1"
1I7J,"RNA3DB",""
1I94,"RNA3DB","A|NR_all_65795.80|1"
1I95,"RNA3DB","A|NR_all_65795.80|1"
1I96,"RNA3DB","A|NR_all_65795.80|1"
1I97,"RNA3DB","A|NR_all_65795.80|1"
1I9F,"RNA3DB","A|NR_all_41342.1|1"
1I9K,"RNA3DB","A|NR_all_16996.1|1, B|NR_all_16996.1|1, C|NR_all_16996.1|1, D|NR_all_16996.1|1"
1I9V,"RNA3DB","A|NR_all_83593.5|1"
1I9X,"RNA3DB","A|NR_all_16044.1|2, B|NR_all_16044.1|2"
1IBK,"RNA3DB","A|NR_all_65795.80|1, X|NR_all_31741.1|1"
1IBL,"RNA3DB","A|NR_all_65795.80|1, X|NR_all_31741.1|1, Y|NR_all_45930.3|2, Z|NR_all_45930.3|2"
1IBM,"RNA3DB","A|NR_all_65795.80|1, X|NR_all_31741.1|1, Y|NR_all_45930.3|2, Z|NR_all_45930.3|2"
1ICG,"RNA3DB","A|NR_all_98171.1|2, B|NR_all_98171.1|2"
1ID9,"RNA3DB","A|NR_all_98171.1|2, B|NR_all_98171.1|2"
1IDV,"RNA3DB","A|NR_all_50490.1|1"
1IDW,"RNA3DB","A|NR_all_87893.1|2, B|NR_all_87893.1|2"
1IE1,"RNA3DB","A|NR_all_34670.1|1"
1IE2,"RNA3DB","A|NR_all_72484.1|1"
1IHA,"RNA3DB","A|NR_all_87893.1|2, B|NR_all_87893.1|2"
1IK1,"RNA3DB","A|NR_all_83520.1|1"
1IK5,"RNA3DB","A|NR_all_14518.1|2, B|NR_all_14518.1|2"
1IKD,"RNA3DB","A|NR_all_85144.1|1"
1IL2,"RNA3DB","C|NR_all_24819.4|1, D|NR_all_24819.4|1"
1IVS,"RNA3DB","C|NR_all_57348.1|1, D|NR_all_57348.1|1"
1J1U,"RNA3DB","B|NR_all_70420.1|1"
1J2B,"RNA3DB","C|NR_all_52282.1|1, D|NR_all_52282.1|1"
1J4Y,"RNA3DB","A|NR_all_94445.1|1"
1J5A,"RNA3DB","A|NR_all_88987.9|1"
1J5E,"RNA3DB","A|NR_all_65795.80|1"
1J6S,"RNA3DB","A|NR_all_81653.1|1, B|NR_all_81653.1|1, C|NR_all_81653.1|1, D|NR_all_81653.1|1"
1J7T,"RNA3DB","A|NR_all_71199.5|2, B|NR_all_71199.5|2"
1J8G,"RNA3DB","A|NR_all_12669.1|1, B|NR_all_12669.1|1, C|NR_all_12669.1|1, D|NR_all_12669.1|1"
1J9H,"RNA3DB","A|NR_all_16983.1|2, B|NR_all_16983.1|2, C|NR_all_16983.1|2, D|NR_all_16983.1|2"
1JB8,"RNA3DB","A|NR_all_25735.1|1"
1JBR,"RNA3DB","C|NR_all_26846.1|2, D|NR_all_94729.10|1, F|NR_all_26846.1|2"
1JBS,"RNA3DB","C|NR_all_94729.10|1, D|NR_all_94729.10|1"
1JBT,"RNA3DB","C|NR_all_94729.10|1, D|NR_all_94729.10|1"
1JGO,"RNA3DB","A|NR_all_65795.80|1, B|NR_all_83593.5|1, C|NR_all_83593.5|1, D|NR_all_61343.1|1"
1JGP,"RNA3DB","A|NR_all_65795.80|1, B|NR_all_83593.5|1, C|NR_all_83593.5|1, D|NR_all_61343.1|1"
1JGQ,"RNA3DB","A|NR_all_65795.80|1, B|NR_all_83593.5|1, C|NR_all_83593.5|1, D|NR_all_61343.1|1"
1JID,"RNA3DB","B|NR_all_26264.1|1"
1JJ2,"RNA3DB","0|NR_all_26150.3|1, 9|NR_all_25303.3|1"
1JO2,"RNA3DB",""
1JO7,"RNA3DB","A|NR_all_29474.1|1, A|NR_all_53055.1|1"
1JOX,"RNA3DB","A|NR_all_15327.1|1"
1JP0,"RNA3DB","A|NR_all_67308.1|1"
1JTJ,"RNA3DB","A|NR_all_35737.1|1, A|NR_all_66081.1|1"
1JTW,"RNA3DB","A|NR_all_37285.1|1"
1JU1,"RNA3DB","A|NR_all_79227.1|2, B|NR_all_79227.1|2"
1JU7,"RNA3DB","A|NR_all_39439.2|1"
1JUR,"RNA3DB","A|NR_all_25049.1|1"
1JWC,"RNA3DB","A|NR_all_39439.2|1"
1JZC,"RNA3DB","A|NR_all_90540.1|1"
1JZV,"RNA3DB","A|NR_all_19241.1|2, B|NR_all_19241.1|2, C|NR_all_19241.1|2, D|NR_all_19241.1|2"
1JZX,"RNA3DB","A|NR_all_88987.9|1"
1JZY,"RNA3DB","A|NR_all_88987.9|1"
1JZZ,"RNA3DB","A|NR_all_88987.9|1"
1K01,"RNA3DB","A|NR_all_88987.9|1"
1K1G,"RNA3DB","B|NR_all_46215.1|1"
1K2G,"RNA3DB","A|NR_all_13408.1|1"
1K4A,"RNA3DB","A|NR_all_07899.1|1"
1K4B,"RNA3DB","A|NR_all_18222.1|1"
1K5I,"RNA3DB","A|NR_all_70019.1|1"
1K6G,"RNA3DB","A|NR_all_30897.1|1, A|NR_all_49779.1|1"
1K6H,"RNA3DB","A|NR_all_82207.1|1"
1K73,"RNA3DB","A|NR_all_26150.3|1, B|NR_all_25303.3|1"
1K8A,"RNA3DB","A|NR_all_26150.3|1, B|NR_all_25303.3|1"
1K8S,"RNA3DB","A|NR_all_30874.1|2, B|NR_all_30874.1|2"
1K8W,"RNA3DB","B|NR_all_36712.2|1"
1K9M,"RNA3DB","A|NR_all_26150.3|1, B|NR_all_25303.3|1"
1K9W,"RNA3DB","A|NR_all_78706.2|2, B|NR_all_78706.2|2, C|NR_all_78706.2|2, D|NR_all_78706.2|2"
1KAJ,"RNA3DB","A|NR_all_79637.1|1"
1KC8,"RNA3DB","A|NR_all_26150.3|1, B|NR_all_25303.3|1"
1KD1,"RNA3DB","A|NR_all_26150.3|1, B|NR_all_25303.3|1"
1KD3,"RNA3DB","A|NR_all_03986.1|2, B|NR_all_03986.1|2"
1KD4,"RNA3DB","A|NR_all_64635.1|2, B|NR_all_64635.1|2"
1KD5,"RNA3DB","A|NR_all_03986.1|2, B|NR_all_03986.1|2"
1KFO,"RNA3DB","A|NR_all_38877.1|1"
1KH6,"2020 RNA, RNA3DB","A|NR_all_90687.1|1"
1KIS,"RNA3DB","A|NR_all_78686.1|1"
1KKA,"RNA3DB","A|NR_all_63765.1|1"
1KKS,"RNA3DB","A|NR_all_06489.1|1"
1KNZ,"RNA3DB","W|NR_all_28334.1|1, X|NR_all_28334.1|1, Y|NR_all_28334.1|1, Z|NR_all_28334.1|1"
1KOC,"RNA3DB","A|NR_all_72256.1|2, B|NR_all_72256.1|2"
1KOD,"RNA3DB","A|NR_all_16836.1|1, A|NR_all_41220.1|2, B|NR_all_17859.1|1, B|NR_all_41220.1|2"
1KOG,"RNA3DB","I|NR_all_14947.1|1, J|NR_all_14947.1|1, K|NR_all_14947.1|1, L|NR_all_14947.1|1, M|NR_all_14947.1|1, N|NR_all_14947.1|1, O|NR_all_14947.1|1, P|NR_all_14947.1|1"
1KOS,"RNA3DB","A|NR_all_54825.1|1"
1KP7,"RNA3DB","A|NR_all_68290.1|1"
1KPD,"RNA3DB","A|NR_all_45933.1|1"
1KPY,"RNA3DB","A|NR_all_92049.2|1"
1KPZ,"RNA3DB","A|NR_all_92049.2|1"
1KQ2,"RNA3DB","R|NR_all_18162.1|1"
1KQS,"RNA3DB","0|NR_all_26150.3|1, 9|NR_all_25303.3|1"
1KUQ,"RNA3DB","B|NR_all_23049.1|1"
1KXK,"2020 RNA, RNA3DB","A|NR_all_26998.1|1"
1L1C,"RNA3DB","C|NR_all_78170.1|1"
1L1W,"RNA3DB","A|NR_all_26264.1|1"
1L2X,"RNA3DB","A|NR_all_37735.1|1"
1L3D,"RNA3DB","A|NR_all_37735.1|1"
1L3M,"RNA3DB",""
1L3Z,"RNA3DB","A|NR_all_54586.1|1, B|NR_all_54586.1|1"
1L8V,"RNA3DB","A|NR_all_39627.5|1, B|NR_all_39627.5|1"
1L9A,"RNA3DB","B|NR_all_70955.1|1"
1LAJ,"RNA3DB","R|NR_all_65223.11|1"
1LC4,"RNA3DB","A|NR_all_71199.5|2, B|NR_all_71199.5|2"
1LC6,"RNA3DB","A|NR_all_09608.1|1, A|NR_all_80533.1|1"
1LDZ,"RNA3DB","A|NR_all_29695.1|1"
1LMV,"RNA3DB","A|NR_all_95834.1|2, B|NR_all_95834.1|2"
1LNG,"RNA3DB","B|NR_all_08831.2|1"
1LNT,"RNA3DB","A|NR_all_32544.1|2, B|NR_all_32544.1|2"
1LPW,"RNA3DB","A|NR_all_93142.1|2, B|NR_all_93142.1|2"
1LS2,"RNA3DB","B|NR_all_83593.5|1"
1LU3,"RNA3DB","A|NR_all_16624.1|1"
1LUU,"RNA3DB","A|NR_all_35845.1|1"
1LUX,"RNA3DB","A|NR_all_08227.1|1"
1LVJ,"RNA3DB","A|NR_all_21518.1|1"
1M1K,"RNA3DB","A|NR_all_26150.3|1, B|NR_all_25303.3|1"
1M5K,"RNA3DB","B|NR_all_75326.1|1, E|NR_all_75326.1|1"
1M5L,"RNA3DB","A|NR_all_47361.1|1"
1M5O,"RNA3DB","B|NR_all_75326.1|1, E|NR_all_75326.1|1"
1M5P,"RNA3DB","B|NR_all_75326.1|1, E|NR_all_75326.1|1"
1M5V,"RNA3DB","B|NR_all_75326.1|1, E|NR_all_75326.1|1"
1M82,"RNA3DB","A|NR_all_31526.1|1"
1M8V,"RNA3DB","O|NR_all_25852.1|1, P|NR_all_25852.1|1, Q|NR_all_25852.1|1, R|NR_all_25852.1|1, S|NR_all_25852.1|1, T|NR_all_25852.1|1, U|NR_all_25852.1|1"
1M8W,"RNA3DB","C|NR_all_81068.1|1, D|NR_all_48641.1|1, E|NR_all_40126.1|1, F|NR_all_93459.1|1"
1M8X,"RNA3DB","C|NR_all_81068.1|1, D|NR_all_48641.1|1"
1M8Y,"RNA3DB","C|NR_all_81175.1|1, D|NR_all_81175.1|1"
1M90,"RNA3DB","A|NR_all_26150.3|1, B|NR_all_25303.3|1"
1MDG,"RNA3DB","A|NR_all_82140.1|1"
1ME0,"RNA3DB",""
1ME1,"RNA3DB","A|NR_all_25068.1|1"
1MFJ,"RNA3DB","A|NR_all_39223.1|1"
1MFK,"RNA3DB","A|NR_all_57169.1|1"
1MFQ,"RNA3DB","A|NR_all_37229.3|1"
1MFY,"RNA3DB","A|NR_all_62030.1|1"
1MHK,"RNA3DB","L|NR_all_39003.1|2, S|NR_all_39003.1|2"
1MIS,"RNA3DB","A|NR_all_43772.1|2, B|NR_all_43772.1|2"
1MJ1,"RNA3DB","C|NR_all_82548.1|1, D|NR_all_82548.1|1, Q|NR_all_53343.1|1, R|NR_all_90233.1|1"
1MJI,"RNA3DB","C|NR_all_62367.1|1, D|NR_all_62367.1|1"
1ML5,"RNA3DB","A|NR_all_68433.1|1, B|NR_all_82548.1|1, a|NR_all_68844.1|1, b|NR_all_68441.1|1"
1MME,"RNA3DB","A|NR_all_65028.2|2, B|NR_all_65028.2|2, C|NR_all_65028.2|2, D|NR_all_65028.2|2"
1MMS,"RNA3DB","C|NR_all_74849.1|1, D|NR_all_74849.1|1"
1MNB,"RNA3DB","B|NR_all_27965.1|1"
1MNX,"RNA3DB","A|NR_all_69913.1|1"
1MSW,"RNA3DB","R|NR_all_99181.1|1"
1MSY,"RNA3DB","A|NR_all_94729.10|1"
1MT4,"RNA3DB","A|NR_all_17438.1|1, A|NR_all_37932.1|1"
1MUV,"RNA3DB","A|NR_all_80888.1|2, B|NR_all_80888.1|2"
1MV1,"RNA3DB","A|NR_all_80888.1|2, B|NR_all_80888.1|2"
1MV2,"RNA3DB","A|NR_all_80888.1|2, B|NR_all_80888.1|2"
1MV6,"RNA3DB","A|NR_all_80888.1|2, B|NR_all_80888.1|2"
1MVR,"RNA3DB","1|NR_all_92489.3|1, A|NR_all_26915.1|1, B|NR_all_16356.1|1, C|NR_all_18337.3|1, D|NR_all_98672.1|1, E|NR_all_69068.1|1"
1MWG,"RNA3DB","A|NR_all_02111.1|2, B|NR_all_02111.1|2"
1MWL,"RNA3DB","A|NR_all_71199.5|2, B|NR_all_71199.5|2"
1MY9,"RNA3DB","A|NR_all_44959.1|1, B|NR_all_90845.1|1"
1MZP,"RNA3DB","B|NR_all_46884.1|1"
1N1H,"RNA3DB","B|NR_all_92778.1|1"
1N32,"RNA3DB","A|NR_all_65795.80|1, Y|NR_all_13358.1|2, Z|NR_all_13358.1|2"
1N33,"RNA3DB","A|NR_all_65795.80|1, Y|NR_all_65818.1|2, Z|NR_all_65818.1|2"
1N34,"RNA3DB","A|NR_all_65795.80|1, Z|NR_all_74924.26|1"
1N35,"RNA3DB","B|NR_all_57770.1|2, C|NR_all_57770.1|2"
1N36,"RNA3DB","A|NR_all_65795.80|1"
1N38,"RNA3DB","B|NR_all_11290.1|2, B|NR_all_65789.2|1, C|NR_all_11290.1|2, C|NR_all_19987.1|1"
1N53,"RNA3DB","A|NR_all_94897.1|2, B|NR_all_94897.1|2"
1N66,"RNA3DB","A|NR_all_39177.1|1, A|NR_all_57080.1|1"
1N77,"RNA3DB","C|NR_all_29085.1|1, D|NR_all_29085.1|1"
1N78,"RNA3DB","C|NR_all_29085.1|1, D|NR_all_29085.1|1"
1N7A,"RNA3DB","A|NR_all_82140.1|1, B|NR_all_82140.1|1, C|NR_all_82140.1|1, D|NR_all_82140.1|1, E|NR_all_82140.1|1, F|NR_all_82140.1|1, G|NR_all_82140.1|1, H|NR_all_82140.1|1"
1N7B,"RNA3DB","A|NR_all_82140.1|1, B|NR_all_82140.1|1, C|NR_all_82140.1|1, D|NR_all_82140.1|1, E|NR_all_82140.1|1, F|NR_all_82140.1|1, G|NR_all_82140.1|1, H|NR_all_82140.1|1"
1N8R,"RNA3DB","A|NR_all_26150.3|1, B|NR_all_25303.3|1"
1N8X,"RNA3DB","A|NR_all_59708.1|1"
1NA2,"RNA3DB","A|NR_all_94450.1|1"
1NAO,"RNA3DB","A|NR_all_87038.1|1"
1NB7,"RNA3DB","E|NR_all_96683.7|1, F|NR_all_96683.7|1"
1NBK,"RNA3DB","A|NR_all_32674.1|1"
1NBR,"RNA3DB","A|NR_all_60551.1|1, A|NR_all_91317.1|1"
1NBS,"2020 RNA, RNA3DB","A|NR_all_20339.1|1, B|NR_all_20339.1|1"
1NC0,"RNA3DB","A|NR_all_40426.1|1, A|NR_all_59452.1|1"
1NEM,"RNA3DB","A|NR_all_53161.1|1"
1NH3,"RNA3DB",""
1NJI,"RNA3DB","A|NR_all_26150.3|1, B|NR_all_25303.3|1"
1NJM,"RNA3DB","0|NR_all_88987.9|1, 5|NR_all_85104.1|1"
1NJN,"RNA3DB","0|NR_all_88987.9|1"
1NJO,"RNA3DB","0|NR_all_88987.9|1"
1NJP,"RNA3DB","0|NR_all_88987.9|1, 5|NR_all_85104.1|1"
1NKW,"RNA3DB","0|NR_all_88987.9|1, 9|NR_all_17405.9|1"
1NLC,"RNA3DB","A|NR_all_60167.4|2, B|NR_all_60167.4|2"
1NTA,"RNA3DB","A|NR_all_74199.1|2, B|NR_all_74199.1|2"
1NTB,"RNA3DB","A|NR_all_74199.1|2, B|NR_all_74199.1|2"
1NTQ,"RNA3DB","A|NR_all_82070.1|1"
1NTS,"RNA3DB","A|NR_all_82070.1|1"
1NTT,"RNA3DB","A|NR_all_82070.1|1"
1NUJ,"RNA3DB","A|NR_all_07779.1|2, B|NR_all_07779.1|2, C|NR_all_49890.1|2, D|NR_all_49890.1|2, E|NR_all_49890.1|2, F|NR_all_49890.1|2, G|NR_all_07779.1|2, H|NR_all_07779.1|2"
1NUV,"RNA3DB","A|NR_all_07779.1|2, B|NR_all_07779.1|2, C|NR_all_49890.1|2, D|NR_all_49890.1|2, E|NR_all_49890.1|2, F|NR_all_49890.1|2, G|NR_all_07779.1|2, H|NR_all_07779.1|2"
1NWX,"RNA3DB","0|NR_all_88987.9|1, 9|NR_all_17405.9|1"
1NWY,"RNA3DB","0|NR_all_88987.9|1, 9|NR_all_17405.9|1"
1NXR,"RNA3DB","B|NR_all_41071.1|1"
1NYB,"RNA3DB","B|NR_all_20710.1|1"
1NYI,"RNA3DB","A|NR_all_65028.2|2, B|NR_all_65028.2|2"
1NZ1,"RNA3DB","A|NR_all_12262.1|1"
1O0B,"RNA3DB","B|NR_all_31819.5|1"
1O0C,"RNA3DB","B|NR_all_31819.5|1"
1O15,"RNA3DB","A|NR_all_48165.2|1"
1O3Z,"RNA3DB","A|NR_all_60167.4|2, B|NR_all_60167.4|2"
1O9M,"RNA3DB","A|NR_all_52295.1|2, B|NR_all_52295.1|2"
1OB2,"RNA3DB","B|NR_all_83593.5|1"
1OB5,"RNA3DB",""
1OFX,"RNA3DB",""
1OKA,"RNA3DB",""
1OKF,"RNA3DB","B|NR_all_32272.1|1"
1OLN,"RNA3DB","C|NR_all_74849.1|1"
1OND,"RNA3DB","0|NR_all_88987.9|1"
1OO7,"RNA3DB","A|NR_all_94840.1|1"
1OOA,"RNA3DB","C|NR_all_55924.2|1, D|NR_all_55924.2|1"
1OQ0,"RNA3DB","A|NR_all_28474.1|1"
1OSU,"RNA3DB","A|NR_all_12080.1|1"
1OSW,"RNA3DB","A|NR_all_35700.1|1, A|NR_all_96661.1|1"
1OW9,"RNA3DB","A|NR_all_24378.1|1"
1P5M,"RNA3DB","A|NR_all_04088.1|1, A|NR_all_68829.1|1"
1P5N,"RNA3DB","A|NR_all_94175.1|1"
1P5O,"RNA3DB","A|NR_all_72919.2|1"
1P5P,"RNA3DB","A|NR_all_72919.2|1"
1P6V,"RNA3DB","B|NR_all_47370.1|1, D|NR_all_47370.1|1"
1P79,"RNA3DB","A|NR_all_10469.1|1"
1P9X,"RNA3DB","0|NR_all_88987.9|1"
1PBL,"RNA3DB",""
1PBM,"RNA3DB","A|NR_all_40120.1|2, B|NR_all_40120.1|2"
1PBR,"RNA3DB","A|NR_all_54907.1|1"
1PGL,"RNA3DB","3|NR_all_28964.1|1"
1PJG,"RNA3DB","A|NR_all_25735.1|1"
1PJO,"RNA3DB","A|NR_all_25735.1|1"
1PJY,"RNA3DB","A|NR_all_73434.1|1"
1PN7,"RNA3DB","C|NR_all_51522.1|1"
1PN8,"RNA3DB","D|NR_all_03559.1|1"
1PVO,"RNA3DB","G|NR_all_64047.1|1, H|NR_all_64047.1|1, J|NR_all_64047.1|1, K|NR_all_64047.1|1, L|NR_all_64047.1|1"
1Q29,"RNA3DB","A|NR_all_65028.2|2, B|NR_all_65028.2|2"
1Q2R,"RNA3DB","E|NR_all_01597.2|1, F|NR_all_01597.2|1"
1Q2S,"RNA3DB","E|NR_all_01597.2|1, F|NR_all_01597.2|1"
1Q75,"RNA3DB","A|NR_all_14161.1|1"
1Q7Y,"RNA3DB","A|NR_all_26150.3|1, B|NR_all_25303.3|1"
1Q81,"RNA3DB","A|NR_all_26150.3|1, B|NR_all_25303.3|1"
1Q82,"RNA3DB","A|NR_all_26150.3|1, B|NR_all_25303.3|1"
1Q86,"RNA3DB","A|NR_all_26150.3|1, B|NR_all_25303.3|1"
1Q8N,"RNA3DB","A|NR_all_93156.1|1"
1Q93,"RNA3DB","A|NR_all_57955.2|1, B|NR_all_57955.2|1, C|NR_all_57955.2|1"
1Q96,"RNA3DB","A|NR_all_57955.2|1, B|NR_all_57955.2|1, C|NR_all_57955.2|1"
1Q9A,"RNA3DB","A|NR_all_94729.10|1"
1QA6,"RNA3DB","C|NR_all_25376.1|1, D|NR_all_25376.1|1"
1QBP,"RNA3DB","A|NR_all_08416.1|2, B|NR_all_08416.1|2, C|NR_all_08416.1|2, D|NR_all_08416.1|2, E|NR_all_08416.1|2, F|NR_all_08416.1|2"
1QC0,"RNA3DB","A|NR_all_30844.1|2, B|NR_all_30844.1|2, C|NR_all_51076.1|2, D|NR_all_51076.1|2"
1QC8,"RNA3DB","A|NR_all_82252.1|1"
1QCU,"RNA3DB","A|NR_all_23784.1|2, B|NR_all_23784.1|2, C|NR_all_20366.1|2, D|NR_all_20366.1|2"
1QD3,"RNA3DB","A|NR_all_27126.1|1, A|NR_all_77105.1|1"
1QD7,"RNA3DB",""
1QES,"RNA3DB","A|NR_all_36993.1|2, B|NR_all_36993.1|2"
1QET,"RNA3DB","A|NR_all_65311.1|2, B|NR_all_65311.1|2"
1QF6,"RNA3DB","B|NR_all_85174.1|1"
1QFQ,"RNA3DB","A|NR_all_31133.1|1"
1QLN,"RNA3DB","R|NR_all_27378.1|1"
1QRS,"RNA3DB","B|NR_all_31819.5|1"
1QRT,"RNA3DB","B|NR_all_31819.5|1"
1QRU,"RNA3DB","B|NR_all_31819.5|1"
1QTQ,"RNA3DB","B|NR_all_31819.5|1"
1QU2,"RNA3DB","T|NR_all_03715.2|1"
1QU3,"RNA3DB","T|NR_all_03715.2|1"
1QVF,"RNA3DB","0|NR_all_26150.3|1, 3|NR_all_03445.1|1, 9|NR_all_25303.3|1"
1QVG,"RNA3DB","0|NR_all_26150.3|1, 3|NR_all_60049.5|1, 9|NR_all_25303.3|1"
1QWA,"RNA3DB","A|NR_all_52004.1|1"
1QWB,"RNA3DB","A|NR_all_45183.1|1"
1QZA,"RNA3DB","B|NR_all_83593.5|1"
1QZB,"RNA3DB","B|NR_all_83593.5|1"
1QZC,"RNA3DB","A|NR_all_32799.1|1, B|NR_all_18337.3|1, C|NR_all_91237.1|1"
1QZW,"RNA3DB","B|NR_all_62858.1|1, D|NR_all_62858.1|1, F|NR_all_62858.1|1, H|NR_all_62858.1|1"
1R2P,"RNA3DB","A|NR_all_31224.1|1"
1R2W,"RNA3DB","C|NR_all_74849.1|1"
1R2X,"RNA3DB","C|NR_all_74849.1|1"
1R3E,"RNA3DB","C|NR_all_22464.1|1, D|NR_all_43901.1|2, E|NR_all_43901.1|2"
1R3O,"RNA3DB",""
1R3X,"RNA3DB","C|NR_all_42834.1|1"
1R4H,"RNA3DB","A|NR_all_13558.1|1"
1R7W,"RNA3DB","A|NR_all_75363.1|1, A|NR_all_85024.1|1"
1R7Z,"RNA3DB","A|NR_all_36505.1|1"
1R9F,"RNA3DB","B|NR_all_99773.1|1, C|NR_all_95559.1|1"
1R9S,"RNA3DB","R|NR_all_34359.12|1"
1R9T,"RNA3DB","R|NR_all_34359.12|1"
1RAU,"RNA3DB","A|NR_all_01612.1|1, B|NR_all_01612.1|1, C|NR_all_01612.1|1, D|NR_all_01612.1|1"
1RAW,"RNA3DB","A|NR_all_42294.1|1"
1RC7,"RNA3DB","B|NR_all_18996.1|2, C|NR_all_18996.1|2, D|NR_all_18996.1|2, E|NR_all_18996.1|2"
1RFR,"RNA3DB","A|NR_all_17965.1|1"
1RGO,"RNA3DB","D|NR_all_84854.1|1"
1RHT,"RNA3DB","A|NR_all_82596.1|1"
1RKJ,"RNA3DB","B|NR_all_33176.1|1"
1RLG,"RNA3DB","C|NR_all_80055.1|1, D|NR_all_80055.1|1"
1RMN,"RNA3DB","A|NR_all_30691.1|1"
1RMV,"RNA3DB","B|NR_all_53179.1|1"
1RNA,"RNA3DB","A|NR_all_51826.1|2, B|NR_all_51826.1|2"
1RNG,"RNA3DB","A|NR_all_47507.1|1"
1RNK,"RNA3DB","A|NR_all_31404.1|1"
1ROQ,"RNA3DB","A|NR_all_66678.1|1"
1RPU,"RNA3DB","C|NR_all_95110.1|2, D|NR_all_95110.1|2"
1RRD,"RNA3DB","A|NR_all_94840.1|1"
1RRR,"RNA3DB","A|NR_all_94840.1|2, B|NR_all_94840.1|2"
1RXA,"RNA3DB","A|NR_all_23650.1|1"
1RXB,"RNA3DB","A|NR_all_23650.1|2, B|NR_all_23650.1|2"
1RY1,"RNA3DB","A|NR_all_34771.1|1, E|NR_all_66293.1|1, M|NR_all_31642.1|2, N|NR_all_31642.1|2, O|NR_all_71924.1|2, P|NR_all_71924.1|2, Q|NR_all_05253.1|2, R|NR_all_05253.1|2"
1S03,"RNA3DB","A|NR_all_06780.1|1, B|NR_all_07004.1|1"
1S0V,"RNA3DB","F|NR_all_98371.1|1, I|NR_all_98371.1|1, L|NR_all_98371.1|1, O|NR_all_98371.1|1"
1S2F,"RNA3DB","A|NR_all_01648.1|1"
1S34,"RNA3DB","A|NR_all_50024.1|1"
1S72,"RNA3DB","0|NR_all_26150.3|1, 9|NR_all_25303.3|1"
1S76,"RNA3DB","R|NR_all_85719.1|1"
1S77,"RNA3DB","R|NR_all_98913.1|1"
1S9L,"RNA3DB",""
1S9S,"RNA3DB","A|NR_all_86572.1|1"
1SA9,"RNA3DB","A|NR_all_99363.1|2, B|NR_all_99363.1|2, C|NR_all_99363.1|2, D|NR_all_99363.1|2, E|NR_all_99363.1|1"
1SAQ,"RNA3DB","A|NR_all_16422.1|2, B|NR_all_16422.1|2, C|NR_all_16422.1|2, D|NR_all_16422.1|2, E|NR_all_16422.1|1"
1SCL,"RNA3DB","A|NR_all_15581.1|1, A|NR_all_66188.1|1"
1SDR,"RNA3DB","A|NR_all_81475.1|2, B|NR_all_81475.1|2, C|NR_all_81475.1|2, D|NR_all_81475.1|2"
1SDS,"RNA3DB","D|NR_all_73551.1|1, E|NR_all_73551.1|1, F|NR_all_73551.1|1"
1SER,"RNA3DB","T|NR_all_03470.1|1"
1SFO,"RNA3DB","R|NR_all_34359.12|1"
1SI2,"RNA3DB","B|NR_all_15952.1|1"
1SI3,"RNA3DB","B|NR_all_46897.1|1"
1SJ3,"RNA3DB","R|NR_all_73165.3|1"
1SJ4,"RNA3DB","R|NR_all_73165.3|1"
1SJF,"RNA3DB","B|NR_all_73165.3|1"
1SLO,"RNA3DB","A|NR_all_67819.1|1"
1SLP,"RNA3DB","A|NR_all_67819.1|1"
1SM1,"RNA3DB","0|NR_all_88987.9|1, 9|NR_all_17405.9|1"
1SY4,"RNA3DB","A|NR_all_47853.1|1, A|NR_all_53829.1|1"
1SYZ,"RNA3DB","A|NR_all_12262.1|1"
1SZ1,"RNA3DB","E|NR_all_83593.5|1, F|NR_all_83593.5|1"
1SZY,"RNA3DB","A|NR_all_28891.1|1"
1T0D,"RNA3DB","A|NR_all_83745.1|2, B|NR_all_83745.1|2, C|NR_all_83745.1|2, D|NR_all_83745.1|2"
1T0E,"RNA3DB","A|NR_all_72697.1|2, C|NR_all_72697.1|2"
1T0K,"RNA3DB","C|NR_all_47291.1|2, D|NR_all_47291.1|2"
1T1M,"RNA3DB","A|NR_all_73483.1|1, B|NR_all_68838.1|1"
1T1O,"RNA3DB","A|NR_all_73483.1|1, B|NR_all_18337.3|1, C|NR_all_68838.1|1"
1T28,"RNA3DB","A|NR_all_43326.1|1"
1T2R,"RNA3DB","B|NR_all_65762.1|1"
1T4L,"RNA3DB","A|NR_all_34462.1|1"
1T4X,"RNA3DB","A|NR_all_54250.1|2, B|NR_all_54250.1|2"
1TBK,"RNA3DB","A|NR_all_39553.1|1, A|NR_all_84251.1|1"
1TFN,"RNA3DB","A|NR_all_88604.1|1"
1TFW,"RNA3DB","E|NR_all_65598.1|2, F|NR_all_65598.1|2, G|NR_all_12093.1|2, H|NR_all_65598.1|2, I|NR_all_65598.1|2, J|NR_all_12093.1|2"
1TFY,"RNA3DB","E|NR_all_03202.1|2, F|NR_all_03202.1|2, G|NR_all_84898.1|2, H|NR_all_03202.1|2, I|NR_all_03202.1|2, J|NR_all_84898.1|2"
1TJZ,"RNA3DB","A|NR_all_24575.1|1"
1TLR,"RNA3DB","A|NR_all_08282.1|1, A|NR_all_84600.1|1"
1TN1,"RNA3DB","A|NR_all_83593.5|1"
1TN2,"RNA3DB","A|NR_all_83593.5|1"
1TOB,"RNA3DB","A|NR_all_63125.1|1"
1TRA,"RNA3DB","A|NR_all_83593.5|1"
1TRJ,"RNA3DB","B|NR_all_80667.1|1, C|NR_all_10777.1|1"
1TTT,"RNA3DB","D|NR_all_83593.5|1, E|NR_all_83593.5|1, F|NR_all_83593.5|1"
1TUT,"RNA3DB","A|NR_all_47980.1|2, B|NR_all_47980.1|2"
1TXS,"RNA3DB","A|NR_all_32905.1|1, A|NR_all_51450.1|1"
1U0B,"RNA3DB","A|NR_all_83386.1|1"
1U1Y,"RNA3DB","R|NR_all_13485.1|1, S|NR_all_13485.1|1"
1U2A,"RNA3DB","A|NR_all_20405.1|1"
1U3K,"RNA3DB","A|NR_all_84907.1|1"
1U63,"RNA3DB","B|NR_all_23978.1|1, D|NR_all_23978.1|1"
1U6B,"RNA3DB","B|NR_all_30944.5|1"
1U6P,"RNA3DB","B|NR_all_45478.1|1"
1U9S,"2020 RNA, RNA3DB","A|NR_all_72627.1|1"
1ULL,"RNA3DB","A|NR_all_78769.1|1"
1UN6,"RNA3DB","E|NR_all_75381.1|1, F|NR_all_75381.1|1"
1UON,"RNA3DB","B|NR_all_06358.1|2, C|NR_all_06358.1|2"
1URN,"RNA3DB","P|NR_all_41649.1|1, Q|NR_all_41649.1|1, R|NR_all_41649.1|1"
1UTD,"RNA3DB","0|NR_all_16130.1|1, 1|NR_all_96260.1|1, 2|NR_all_16130.1|1, 3|NR_all_16130.1|1, 4|NR_all_16130.1|1, 5|NR_all_16130.1|1, 6|NR_all_16130.1|1, 7|NR_all_16130.1|1, 8|NR_all_16130.1|1, 9|NR_all_16130.1|1, Z|NR_all_16130.1|1"
1UTS,"RNA3DB","B|NR_all_55338.1|1, B|NR_all_91774.1|1"
1UUD,"RNA3DB","B|NR_all_35232.1|1"
1UUI,"RNA3DB","B|NR_all_42491.1|1"
1UUU,"RNA3DB","A|NR_all_99225.1|1"
1UVI,"RNA3DB","D|NR_all_79612.1|1, E|NR_all_79612.1|1, F|NR_all_79612.1|1"
1UVJ,"RNA3DB","D|NR_all_81635.1|1, E|NR_all_81635.1|1, F|NR_all_81635.1|1"
1UVL,"RNA3DB","B|NR_all_96572.1|1, D|NR_all_96572.1|1, F|NR_all_96572.1|1"
1UVM,"RNA3DB","D|NR_all_95409.1|1, E|NR_all_95409.1|1, F|NR_all_95409.1|1"
1UVN,"RNA3DB","B|NR_all_31949.1|1, D|NR_all_31949.1|1, F|NR_all_31949.1|1"
1VBX,"RNA3DB","B|NR_all_73165.3|1"
1VBY,"RNA3DB","B|NR_all_73165.3|1"
1VBZ,"RNA3DB","B|NR_all_73165.3|1"
1VC0,"RNA3DB","B|NR_all_73165.3|1"
1VC5,"RNA3DB","B|NR_all_73165.3|1"
1VC6,"RNA3DB","B|NR_all_73165.3|1"
1VFG,"RNA3DB","C|NR_all_89906.2|1, D|NR_all_89906.2|1"
1VOP,"RNA3DB","A|NR_all_49405.1|1"
1VQ4,"RNA3DB","0|NR_all_26150.3|1, 9|NR_all_25303.3|1"
1VQ5,"RNA3DB","0|NR_all_26150.3|1, 9|NR_all_25303.3|1"
1VQ6,"RNA3DB","0|NR_all_26150.3|1, 4|NR_all_35535.1|1, 9|NR_all_25303.3|1"
1VQ7,"RNA3DB","0|NR_all_26150.3|1, 9|NR_all_25303.3|1"
1VQ8,"RNA3DB","0|NR_all_26150.3|1, 9|NR_all_25303.3|1"
1VQ9,"RNA3DB","0|NR_all_26150.3|1, 9|NR_all_25303.3|1"
1VQK,"RNA3DB","0|NR_all_26150.3|1, 9|NR_all_25303.3|1"
1VQL,"RNA3DB","0|NR_all_26150.3|1, 4|NR_all_78624.1|1, 9|NR_all_25303.3|1"
1VQM,"RNA3DB","0|NR_all_26150.3|1, 4|NR_all_62104.1|1, 9|NR_all_25303.3|1"
1VQN,"RNA3DB","0|NR_all_26150.3|1, 4|NR_all_63152.1|1, 9|NR_all_25303.3|1"
1VQO,"RNA3DB","0|NR_all_26150.3|1, 4|NR_all_60049.5|1, 9|NR_all_25303.3|1"
1VQP,"RNA3DB","0|NR_all_26150.3|1, 9|NR_all_25303.3|1"
1VTM,"RNA3DB","R|NR_all_67592.1|1"
1VTQ,"RNA3DB","A|NR_all_07091.1|1"
1VVJ,"RNA3DB","QA|NR_all_65795.80|1, QV|NR_all_35542.140|1, RA|NR_all_97519.74|1, RB|NR_all_42622.74|1, XA|NR_all_65795.80|1, XV|NR_all_35542.140|1, YA|NR_all_97519.74|1, YB|NR_all_42622.74|1"
1VY4,"RNA3DB","AA|NR_all_65795.80|1, AW|NR_all_19951.88|1, AX|NR_all_35542.140|1, AY|NR_all_19951.88|1, BA|NR_all_97519.74|1, BB|NR_all_42622.74|1, CA|NR_all_65795.80|1, CW|NR_all_19951.88|1, CX|NR_all_35542.140|1, CY|NR_all_19951.88|1, DA|NR_all_97519.74|1, DB|NR_all_42622.74|1"
1VY5,"RNA3DB","AA|NR_all_65795.80|1, AW|NR_all_19951.88|1, AX|NR_all_35542.140|1, AY|NR_all_19951.88|1, BA|NR_all_97519.74|1, BB|NR_all_42622.74|1, CA|NR_all_65795.80|1, CW|NR_all_19951.88|1, CX|NR_all_35542.140|1, CY|NR_all_19951.88|1, DA|NR_all_97519.74|1, DB|NR_all_42622.74|1"
1VY6,"RNA3DB","AA|NR_all_65795.80|1, AX|NR_all_35542.140|1, BA|NR_all_97519.74|1, BB|NR_all_42622.74|1, CA|NR_all_65795.80|1, CX|NR_all_35542.140|1, DA|NR_all_97519.74|1, DB|NR_all_42622.74|1"
1VY7,"RNA3DB","AA|NR_all_65795.80|1, AX|NR_all_35542.140|1, AY|NR_all_19951.88|1, BA|NR_all_97519.74|1, BB|NR_all_42622.74|1, CA|NR_all_65795.80|1, CX|NR_all_35542.140|1, CY|NR_all_19951.88|1, DA|NR_all_97519.74|1, DB|NR_all_42622.74|1"
1W2B,"RNA3DB","0|NR_all_26150.3|1, 9|NR_all_25303.3|1"
1WKS,"RNA3DB","A|NR_all_72539.1|1"
1WMQ,"RNA3DB","C|NR_all_18961.1|1, D|NR_all_18961.1|1"
1WNE,"RNA3DB","B|NR_all_41538.1|2, C|NR_all_41538.1|2"
1WPU,"RNA3DB","C|NR_all_19039.1|1, D|NR_all_19039.1|1"
1WRQ,"RNA3DB","C|NR_all_18961.1|1, D|NR_all_18961.1|1"
1WSU,"RNA3DB","E|NR_all_04852.2|1, F|NR_all_04852.2|1, G|NR_all_04852.2|1"
1WTS,"RNA3DB","A|NR_all_65718.1|1"
1WTT,"RNA3DB","A|NR_all_65718.1|1"
1WVD,"RNA3DB","A|NR_all_60167.4|2, B|NR_all_60167.4|2"
1WWD,"RNA3DB","B|NR_all_06580.1|1"
1WWE,"RNA3DB","B|NR_all_28253.1|1"
1WWF,"RNA3DB","B|NR_all_12201.1|1"
1WWG,"RNA3DB","B|NR_all_28933.1|1"
1WZ2,"RNA3DB","C|NR_all_46102.2|1, D|NR_all_46102.2|1"
1X18,"RNA3DB","A|NR_all_40066.1|1, B|NR_all_44641.1|1, C|NR_all_52383.1|1, D|NR_all_66919.1|1"
1X1L,"RNA3DB","A|NR_all_45092.1|1"
1X8W,"RNA3DB","A|NR_all_39627.5|1, B|NR_all_39627.5|1, C|NR_all_54845.1|1, D|NR_all_39627.5|1"
1X9C,"RNA3DB","A|NR_all_98705.5|4, B|NR_all_98705.5|4, C|NR_all_98705.5|4, D|NR_all_98705.5|4"
1X9K,"RNA3DB","A|NR_all_98705.5|4, B|NR_all_98705.5|4, C|NR_all_98705.5|4, D|NR_all_98705.5|4"
1XBP,"RNA3DB","0|NR_all_88987.9|1, 9|NR_all_17405.9|1"
1XHP,"RNA3DB","A|NR_all_07784.1|1"
1XJR,"2020 RNA, RNA3DB","A|NR_all_08212.1|1"
1XMO,"RNA3DB","A|NR_all_65795.80|1, W|NR_all_61644.1|2, X|NR_all_61644.1|2"
1XMQ,"RNA3DB","A|NR_all_65795.80|1, W|NR_all_61644.1|2, X|NR_all_61644.1|2"
1XNQ,"RNA3DB","A|NR_all_65795.80|1, W|NR_all_82938.1|2, X|NR_all_82938.1|2"
1XNR,"RNA3DB","A|NR_all_65795.80|1, W|NR_all_56744.1|2, X|NR_all_56744.1|2"
1XOK,"RNA3DB","A|NR_all_89364.1|2, B|NR_all_89364.1|2"
1XP7,"RNA3DB","A|NR_all_78706.2|2, B|NR_all_78706.2|2"
1XPE,"RNA3DB","A|NR_all_78706.2|2, B|NR_all_78706.2|2"
1XPF,"RNA3DB","A|NR_all_78706.2|2, B|NR_all_78706.2|2"
1XPO,"RNA3DB","G|NR_all_09128.1|1, H|NR_all_09128.1|1, J|NR_all_09128.1|1, K|NR_all_09128.1|1, L|NR_all_09128.1|1, M|NR_all_09128.1|1"
1XPR,"RNA3DB","G|NR_all_09128.1|1, H|NR_all_09128.1|1, J|NR_all_09128.1|1, K|NR_all_09128.1|1, L|NR_all_09128.1|1, M|NR_all_09128.1|1"
1XPU,"RNA3DB","G|NR_all_09128.1|1, H|NR_all_09128.1|1, J|NR_all_09128.1|1, K|NR_all_09128.1|1, L|NR_all_09128.1|1, M|NR_all_09128.1|1"
1XSG,"RNA3DB","A|NR_all_52143.1|1"
1XSH,"RNA3DB","A|NR_all_36362.2|1"
1XST,"RNA3DB","A|NR_all_52143.1|1"
1XSU,"RNA3DB","A|NR_all_36362.2|1"
1XV0,"RNA3DB","A|NR_all_33416.1|2, B|NR_all_33416.1|2"
1XV6,"RNA3DB",""
1XWP,"RNA3DB","A|NR_all_98387.1|1"
1XWU,"RNA3DB","A|NR_all_42712.1|1"
1Y0Q,"2020 RNA, RNA3DB","A|NR_all_88088.1|1"
1Y1W,"RNA3DB","P|NR_all_19218.1|1"
1Y1Y,"RNA3DB","P|NR_all_48365.1|1"
1Y26,"RNA3DB","X|NR_all_69516.1|1"
1Y27,"RNA3DB","X|NR_all_70496.1|1"
1Y39,"RNA3DB","C|NR_all_25376.1|1, D|NR_all_25376.1|1"
1Y3O,"RNA3DB","A|NR_all_78706.2|2, B|NR_all_78706.2|2"
1Y3S,"RNA3DB","A|NR_all_78706.2|2, B|NR_all_78706.2|2"
1Y69,"RNA3DB","0|NR_all_88987.9|1, 9|NR_all_17405.9|1"
1Y6S,"RNA3DB","A|NR_all_60167.4|2, B|NR_all_60167.4|2"
1Y6T,"RNA3DB","A|NR_all_60167.4|2, B|NR_all_60167.4|2"
1Y73,"RNA3DB","A|NR_all_60167.4|2, B|NR_all_60167.4|2"
1Y77,"RNA3DB","P|NR_all_19218.1|1"
1Y90,"RNA3DB","A|NR_all_60167.4|2, B|NR_all_60167.4|2"
1Y95,"RNA3DB","A|NR_all_60167.4|2, B|NR_all_60167.4|2"
1Y99,"RNA3DB","A|NR_all_60167.4|2, B|NR_all_60167.4|2"
1YFG,"RNA3DB","A|NR_all_81815.1|1"
1YFV,"RNA3DB","A|NR_all_99363.1|2, B|NR_all_99363.1|2"
1YG3,"RNA3DB","A|NR_all_45664.1|1"
1YG4,"RNA3DB","A|NR_all_22999.1|1"
1YHQ,"RNA3DB","0|NR_all_26150.3|1, 9|NR_all_25303.3|1"
1YI2,"RNA3DB","0|NR_all_26150.3|1, 9|NR_all_25303.3|1"
1YIJ,"RNA3DB","0|NR_all_26150.3|1, 9|NR_all_25303.3|1"
1YIT,"RNA3DB","0|NR_all_26150.3|1, 9|NR_all_25303.3|1"
1YJ9,"RNA3DB","0|NR_all_26150.3|1, 9|NR_all_25303.3|1"
1YJN,"RNA3DB","0|NR_all_26150.3|1, 9|NR_all_25303.3|1"
1YJW,"RNA3DB","0|NR_all_26150.3|1, 9|NR_all_25303.3|1"
1YKQ,"RNA3DB","A|NR_all_80595.1|2, B|NR_all_80595.1|2, C|NR_all_80595.1|2, D|NR_all_80595.1|2"
1YKV,"RNA3DB","A|NR_all_80595.1|2, B|NR_all_80595.1|2, C|NR_all_80595.1|2, D|NR_all_80595.1|2"
1YLG,"RNA3DB","A|NR_all_86751.1|1"
1YLS,"RNA3DB","A|NR_all_80595.1|2, B|NR_all_80595.1|2, C|NR_all_80595.1|2, D|NR_all_80595.1|2"
1YMO,"RNA3DB","A|NR_all_48307.1|1"
1YN1,"RNA3DB","A|NR_all_38606.3|1"
1YN2,"RNA3DB","A|NR_all_38606.3|1"
1YNC,"RNA3DB","A|NR_all_62450.1|1"
1YNE,"RNA3DB","A|NR_all_86751.1|1"
1YNG,"RNA3DB","A|NR_all_99580.1|1"
1YRJ,"RNA3DB","A|NR_all_71199.5|2, B|NR_all_71199.5|2"
1YRM,"RNA3DB","A|NR_all_51779.4|2, B|NR_all_51779.4|2, C|NR_all_51779.4|1"
1YSH,"RNA3DB","A|NR_all_78207.1|1, B|NR_all_57918.1|1, F|NR_all_98897.1|1"
1YSV,"RNA3DB","A|NR_all_46023.1|1"
1YTU,"RNA3DB","C|NR_all_45851.1|2, D|NR_all_45851.1|2, E|NR_all_45851.1|2, F|NR_all_45851.1|2"
1YTY,"RNA3DB","C|NR_all_72030.1|2, D|NR_all_72030.1|2"
1YVP,"RNA3DB","C|NR_all_65678.1|2, D|NR_all_65678.1|2, E|NR_all_65678.1|2, F|NR_all_65678.1|2, G|NR_all_08150.1|1, H|NR_all_10769.1|1"
1YXP,"RNA3DB","A|NR_all_78706.2|2, B|NR_all_78706.2|2"
1YY0,"RNA3DB","A|NR_all_51779.4|2, B|NR_all_51779.4|2, C|NR_all_51779.4|1"
1YYK,"RNA3DB","C|NR_all_85514.1|2, D|NR_all_85514.1|2, E|NR_all_85514.1|2, F|NR_all_85514.1|2"
1YYO,"RNA3DB","C|NR_all_85514.1|2, D|NR_all_85514.1|2, E|NR_all_85514.1|2, F|NR_all_85514.1|2"
1YYW,"RNA3DB","E|NR_all_24746.1|2, F|NR_all_24746.1|2, G|NR_all_24746.1|2, H|NR_all_24746.1|2, I|NR_all_24746.1|2, J|NR_all_24746.1|2, K|NR_all_24746.1|2, L|NR_all_24746.1|2"
1YZ9,"RNA3DB","C|NR_all_44326.1|4, D|NR_all_44326.1|4, E|NR_all_44326.1|4, F|NR_all_44326.1|4"
1YZD,"RNA3DB","A|NR_all_38795.1|2, B|NR_all_38795.1|2, C|NR_all_10487.1|1"
1Z2J,"RNA3DB","A|NR_all_28395.1|1"
1Z30,"RNA3DB","A|NR_all_96357.1|1"
1Z31,"RNA3DB","A|NR_all_18111.1|1"
1Z43,"2020 RNA, RNA3DB","A|NR_all_08831.2|1"
1Z58,"RNA3DB","2|NR_all_88987.9|1"
1Z79,"RNA3DB","A|NR_all_51779.4|2, B|NR_all_51779.4|2, C|NR_all_51779.4|1"
1Z7F,"RNA3DB","A|NR_all_51779.4|1, B|NR_all_89129.1|2, C|NR_all_89129.1|2"
1ZBH,"RNA3DB","E|NR_all_74336.1|1, F|NR_all_74336.1|1"
1ZBI,"RNA3DB","C|NR_all_93523.1|1"
1ZBL,"RNA3DB","C|NR_all_93523.1|1"
1ZBN,"RNA3DB","A|NR_all_10635.1|1"
1ZC5,"RNA3DB","A|NR_all_86256.1|1"
1ZC8,"RNA3DB","A|NR_all_59748.1|1, B|NR_all_84353.1|1, C|NR_all_34216.1|1, F|NR_all_48921.1|1, G|NR_all_09737.1|1, H|NR_all_78535.1|1, I|NR_all_54091.1|1, J|NR_all_16133.1|1, Z|NR_all_45092.1|1"
1ZCI,"RNA3DB","A|NR_all_78706.2|2, B|NR_all_78706.2|2, C|NR_all_78706.2|2, D|NR_all_78706.2|2"
1ZDH,"RNA3DB","R|NR_all_51266.4|1, S|NR_all_51266.4|1"
1ZDI,"RNA3DB","R|NR_all_51266.4|1, S|NR_all_51266.4|1"
1ZDJ,"RNA3DB","R|NR_all_53827.1|1, S|NR_all_53827.1|1"
1ZDK,"RNA3DB","R|NR_all_51266.4|1, S|NR_all_51266.4|1"
1ZE2,"RNA3DB","C|NR_all_36712.2|1, D|NR_all_36712.2|1"
1ZEV,"RNA3DB","A|NR_all_25125.1|2, B|NR_all_25125.1|2"
1ZFT,"RNA3DB","A|NR_all_98705.5|4, B|NR_all_98705.5|4, C|NR_all_98705.5|4, D|NR_all_98705.5|4"
1ZFV,"RNA3DB","A|NR_all_98705.5|4, B|NR_all_98705.5|4, C|NR_all_98705.5|4, D|NR_all_98705.5|4"
1ZFX,"RNA3DB","A|NR_all_98705.5|4, B|NR_all_98705.5|4, C|NR_all_98705.5|4, D|NR_all_98705.5|4"
1ZH5,"RNA3DB","C|NR_all_72030.1|2, D|NR_all_72030.1|2"
1ZHO,"RNA3DB","B|NR_all_40597.1|1, D|NR_all_40597.1|1, F|NR_all_40597.1|1, H|NR_all_40597.1|1"
1ZIF,"RNA3DB","A|NR_all_59512.1|1"
1ZIG,"RNA3DB","A|NR_all_56729.1|1"
1ZIH,"RNA3DB","A|NR_all_26929.1|1"
1ZJW,"RNA3DB","B|NR_all_31819.5|1"
1ZL3,"RNA3DB","B|NR_all_36712.2|1"
1ZN0,"RNA3DB","C|NR_all_13754.1|1"
1ZN1,"RNA3DB","B|NR_all_91367.1|1, C|NR_all_13754.1|1"
1ZO1,"RNA3DB","F|NR_all_82548.1|1"
1ZO3,"RNA3DB","A|NR_all_82548.1|1, B|NR_all_82548.1|1"
1ZSE,"RNA3DB","R|NR_all_51487.1|1"
1ZX7,"RNA3DB","A|NR_all_87784.1|4, B|NR_all_87784.1|4, C|NR_all_87784.1|4, D|NR_all_87784.1|4, E|NR_all_87784.1|4, F|NR_all_87784.1|4, G|NR_all_87784.1|4, H|NR_all_87784.1|4"
1ZZ5,"RNA3DB","A|NR_all_33604.1|4, B|NR_all_33604.1|4, C|NR_all_33604.1|4, D|NR_all_33604.1|4"
1ZZN,"RNA3DB","B|NR_all_30944.5|1"
205D,"RNA3DB","A|NR_all_55496.1|2, B|NR_all_55496.1|2"
216D,"RNA3DB","A|NR_all_70203.1|1"
217D,"RNA3DB","A|NR_all_70203.1|1"
219D,"RNA3DB","B|NR_all_89779.1|1"
222D,"RNA3DB",""
246D,"RNA3DB","A|NR_all_09770.1|2, B|NR_all_09770.1|2"
247D,"RNA3DB",""
248D,"RNA3DB",""
255D,"RNA3DB","A|NR_all_19715.1|1"
259D,"RNA3DB","A|NR_all_23650.1|2, B|NR_all_23650.1|2"
280D,"RNA3DB","A|NR_all_49362.3|2, B|NR_all_49362.3|2, C|NR_all_49362.3|2, D|NR_all_49362.3|2"
283D,"RNA3DB","A|NR_all_36371.1|1"
28SP,"RNA3DB","A|NR_all_37650.1|1"
28SR,"RNA3DB","A|NR_all_37650.1|1"
299D,"RNA3DB","A|NR_all_65028.2|2, B|NR_all_65028.2|2"
2A04,"RNA3DB","A|NR_all_33604.1|4, B|NR_all_33604.1|4, C|NR_all_33604.1|4, D|NR_all_33604.1|4"
2A0P,"RNA3DB","A|NR_all_23650.1|2, B|NR_all_23650.1|2"
2A1R,"RNA3DB","C|NR_all_65223.11|1, D|NR_all_65223.11|1"
2A2E,"RNA3DB","A|NR_all_39625.1|1"
2A43,"RNA3DB","A|NR_all_08420.1|1"
2A64,"2020 RNA, RNA3DB","A|NR_all_03631.1|1"
2A8V,"RNA3DB","D|NR_all_95023.1|1, E|NR_all_33315.1|1"
2A9L,"RNA3DB","A|NR_all_01611.2|1"
2A9X,"RNA3DB","2|NR_all_93829.1|1"
2AAR,"RNA3DB","0|NR_all_88987.9|1"
2AB4,"RNA3DB","B|NR_all_36712.2|1"
2AD9,"RNA3DB","B|NR_all_50566.1|1"
2ADB,"RNA3DB","B|NR_all_98259.1|1"
2ADC,"RNA3DB","B|NR_all_91357.1|1, C|NR_all_32559.1|1"
2ADT,"RNA3DB","A|NR_all_50005.1|1, B|NR_all_50005.1|1"
2AGN,"RNA3DB","A|NR_all_28115.1|1, B|NR_all_68290.1|1, C|NR_all_59239.1|1, D|NR_all_73745.1|1, E|NR_all_90687.1|1"
2AHT,"RNA3DB","A|NR_all_12506.1|1"
2AKE,"RNA3DB","B|NR_all_52699.1|1"
2ANN,"RNA3DB","B|NR_all_36231.1|1"
2ANR,"RNA3DB","B|NR_all_36231.1|1"
2AO5,"RNA3DB","A|NR_all_53890.1|2, B|NR_all_53890.1|2, C|NR_all_53890.1|2, D|NR_all_53890.1|2"
2AP0,"RNA3DB","A|NR_all_67463.1|1"
2AP5,"RNA3DB","A|NR_all_09346.1|1"
2ASB,"RNA3DB","B|NR_all_37298.1|1"
2ATW,"RNA3DB","B|NR_all_28532.1|1, D|NR_all_28532.1|1"
2AU4,"RNA3DB","A|NR_all_02518.1|1"
2AWE,"RNA3DB","A|NR_all_84537.1|1, B|NR_all_84537.1|1, C|NR_all_84537.1|1, D|NR_all_84537.1|1, E|NR_all_84537.1|1, F|NR_all_84537.1|1, G|NR_all_84537.1|1, H|NR_all_84537.1|1"
2AWQ,"RNA3DB","A|NR_all_44263.1|1"
2AZ0,"RNA3DB","C|NR_all_93219.1|2, D|NR_all_93219.1|2"
2AZ2,"RNA3DB","C|NR_all_93219.1|2, D|NR_all_93219.1|2"
2AZX,"RNA3DB","C|NR_all_98033.1|1, D|NR_all_98033.1|1"
2B2D,"RNA3DB","R|NR_all_51487.1|1, S|NR_all_51487.1|1"
2B2E,"RNA3DB","R|NR_all_51266.4|1, S|NR_all_51266.4|1"
2B2G,"RNA3DB","R|NR_all_51266.4|1, S|NR_all_51266.4|1"
2B3J,"RNA3DB","E|NR_all_42126.1|1, F|NR_all_42126.1|1, G|NR_all_21689.1|1, H|NR_all_42126.1|1"
2B57,"RNA3DB","A|NR_all_89429.6|1"
2B63,"RNA3DB","R|NR_all_49799.1|1"
2B6G,"RNA3DB","B|NR_all_70457.1|1"
2B7G,"RNA3DB","A|NR_all_99512.1|1"
2B8R,"RNA3DB","A|NR_all_78706.2|2, B|NR_all_78706.2|2"
2B8S,"RNA3DB","A|NR_all_78706.2|2, B|NR_all_78706.2|2"
2BBV,"RNA3DB","N|NR_all_54448.1|1"
2BCY,"RNA3DB","A|NR_all_98705.5|4, B|NR_all_98705.5|4, C|NR_all_98705.5|4, D|NR_all_98705.5|4"
2BCZ,"RNA3DB","A|NR_all_98705.5|4, B|NR_all_98705.5|4, C|NR_all_98705.5|4, D|NR_all_98705.5|4"
2BE0,"RNA3DB","A|NR_all_71199.5|2, B|NR_all_71199.5|2"
2BEE,"RNA3DB","A|NR_all_71199.5|2, B|NR_all_71199.5|2"
2BGG,"RNA3DB","P|NR_all_57734.1|2, Q|NR_all_57734.1|2, R|NR_all_57734.1|2, S|NR_all_57734.1|2"
2BH2,"RNA3DB","C|NR_all_03525.1|1, D|NR_all_03525.1|1"
2BJ2,"RNA3DB","A|NR_all_62398.1|2, B|NR_all_62398.1|2"
2BJ6,"RNA3DB","E|NR_all_66387.1|1, F|NR_all_66387.1|1, G|NR_all_66387.1|1, H|NR_all_66387.1|1"
2BNY,"RNA3DB","R|NR_all_51266.4|1, S|NR_all_51266.4|1"
2BQ5,"RNA3DB","R|NR_all_51266.4|1, S|NR_all_51266.4|1"
2BS0,"RNA3DB","R|NR_all_51487.1|1, S|NR_all_51487.1|1"
2BS1,"RNA3DB","R|NR_all_51487.1|1, S|NR_all_51487.1|1"
2BTE,"RNA3DB","B|NR_all_23989.1|1, E|NR_all_23989.1|1"
2BU1,"RNA3DB","R|NR_all_51266.4|1, S|NR_all_51266.4|1"
2BX2,"RNA3DB","R|NR_all_00896.1|1"
2BYT,"RNA3DB","B|NR_all_23989.1|1, E|NR_all_23989.1|1"
2C06,"RNA3DB","C|NR_all_60317.1|1"
2C0B,"RNA3DB","R|NR_all_37879.1|1"
2C4Q,"RNA3DB","R|NR_all_51266.4|1, S|NR_all_51266.4|1"
2C4R,"RNA3DB","R|NR_all_29005.1|1"
2C4Y,"RNA3DB","R|NR_all_51266.4|1, S|NR_all_51266.4|1"
2C4Z,"RNA3DB","R|NR_all_51266.4|1, S|NR_all_51266.4|1"
2C50,"RNA3DB","R|NR_all_51266.4|1, S|NR_all_51266.4|1"
2C51,"RNA3DB","R|NR_all_51266.4|1, S|NR_all_51266.4|1"
2CD1,"RNA3DB","A|NR_all_56766.2|1"
2CD3,"RNA3DB","A|NR_all_36362.2|1"
2CD5,"RNA3DB","A|NR_all_56766.2|1"
2CD6,"RNA3DB","A|NR_all_36362.2|1"
2CJK,"RNA3DB","B|NR_all_18247.1|1"
2CKY,"RNA3DB","A|NR_all_27756.1|1, B|NR_all_27756.1|1"
2CSX,"RNA3DB","C|NR_all_58761.1|1, D|NR_all_58761.1|1"
2CT8,"RNA3DB","C|NR_all_58761.1|1, D|NR_all_58761.1|1"
2CV0,"RNA3DB","C|NR_all_29085.1|1, D|NR_all_29085.1|1"
2CV1,"RNA3DB","C|NR_all_29085.1|1, D|NR_all_29085.1|1"
2CV2,"RNA3DB","C|NR_all_29085.1|1, D|NR_all_29085.1|1"
2CZJ,"RNA3DB","B|NR_all_39150.1|1, D|NR_all_39150.1|1, F|NR_all_39150.1|1, H|NR_all_39150.1|1"
2D17,"RNA3DB","A|NR_all_35312.1|2, B|NR_all_35312.1|2"
2D18,"RNA3DB","A|NR_all_46633.1|2, B|NR_all_46633.1|2"
2D19,"RNA3DB","A|NR_all_21206.1|2, B|NR_all_21206.1|2"
2D1A,"RNA3DB","A|NR_all_45065.1|2, B|NR_all_45065.1|2"
2D1B,"RNA3DB","A|NR_all_57492.2|1, B|NR_all_57492.2|1"
2D2K,"RNA3DB","A|NR_all_98705.5|4, B|NR_all_98705.5|4, C|NR_all_98705.5|4, D|NR_all_98705.5|4"
2D2L,"RNA3DB","A|NR_all_98705.5|4, B|NR_all_98705.5|4, C|NR_all_98705.5|4, D|NR_all_98705.5|4"
2D3O,"RNA3DB","0|NR_all_88987.9|1"
2D6F,"RNA3DB","E|NR_all_62940.1|1, F|NR_all_62940.1|1"
2DB3,"RNA3DB","E|NR_all_59612.1|1, F|NR_all_59612.1|1, G|NR_all_59612.1|1, H|NR_all_59612.1|1"
2DD1,"RNA3DB","A|NR_all_33416.1|2, B|NR_all_33416.1|2"
2DD2,"RNA3DB","A|NR_all_50359.1|2, B|NR_all_50359.1|2"
2DD3,"RNA3DB","A|NR_all_59959.1|2, B|NR_all_59959.1|2"
2DER,"RNA3DB","C|NR_all_44285.2|1, D|NR_all_44285.2|1"
2DET,"RNA3DB","C|NR_all_44285.2|1"
2DEU,"RNA3DB","C|NR_all_44285.2|1, D|NR_all_44285.2|1"
2DLC,"RNA3DB","Y|NR_all_83181.1|1"
2DQO,"RNA3DB","B|NR_all_68446.1|1"
2DQP,"RNA3DB","B|NR_all_68446.1|1"
2DQQ,"RNA3DB","B|NR_all_68446.1|1"
2DR2,"RNA3DB","B|NR_all_52699.1|1"
2DR5,"RNA3DB","B|NR_all_66108.1|1"
2DR7,"RNA3DB","B|NR_all_66108.1|1"
2DR8,"RNA3DB","B|NR_all_66108.1|1"
2DR9,"RNA3DB","B|NR_all_66108.1|1"
2DRA,"RNA3DB","B|NR_all_66108.1|1"
2DRB,"RNA3DB","B|NR_all_66108.1|1"
2DU3,"RNA3DB","D|NR_all_33389.1|1"
2DU4,"RNA3DB","C|NR_all_33389.1|1"
2DU5,"RNA3DB","D|NR_all_33389.1|1"
2DU6,"RNA3DB","D|NR_all_33389.1|1"
2DVI,"RNA3DB","B|NR_all_66108.1|1"
2DXI,"RNA3DB","C|NR_all_29085.1|1, D|NR_all_29085.1|1"
2E2H,"RNA3DB","R|NR_all_34359.12|1"
2E2I,"RNA3DB","R|NR_all_34359.12|1"
2E2J,"RNA3DB","R|NR_all_33912.6|1"
2E5L,"RNA3DB","A|NR_all_65795.80|1"
2E9R,"RNA3DB","A|NR_all_10954.1|2, B|NR_all_10954.1|2"
2E9T,"RNA3DB","B|NR_all_53841.1|2, C|NR_all_53841.1|2, E|NR_all_53841.1|2, F|NR_all_53841.1|2"
2E9Z,"RNA3DB","B|NR_all_62003.1|2, C|NR_all_62003.1|2"
2EC0,"RNA3DB","B|NR_all_16755.1|2, C|NR_all_16755.1|2, E|NR_all_16755.1|2, F|NR_all_16755.1|2"
2EES,"RNA3DB","A|NR_all_89429.6|1"
2EET,"RNA3DB","A|NR_all_89429.6|1"
2EEU,"RNA3DB","A|NR_all_89429.6|1"
2EEV,"RNA3DB","A|NR_all_89429.6|1"
2EEW,"RNA3DB","A|NR_all_89429.6|1"
2ERR,"RNA3DB","B|NR_all_24509.1|1"
2ES5,"RNA3DB","A|NR_all_22969.1|1"
2ESE,"RNA3DB","B|NR_all_87573.1|1"
2ESI,"RNA3DB","A|NR_all_71199.5|2, B|NR_all_71199.5|2"
2ESJ,"RNA3DB","A|NR_all_71199.5|2, B|NR_all_71199.5|2"
2ET3,"RNA3DB","A|NR_all_71199.5|2, B|NR_all_71199.5|2"
2ET4,"RNA3DB","A|NR_all_71199.5|2, B|NR_all_71199.5|2"
2ET5,"RNA3DB","A|NR_all_71199.5|2, B|NR_all_71199.5|2"
2ET8,"RNA3DB","A|NR_all_52295.1|2, B|NR_all_52295.1|2"
2EUY,"RNA3DB","A|NR_all_94355.1|1"
2EVY,"RNA3DB","A|NR_all_16360.1|1"
2EZ6,"RNA3DB","C|NR_all_52425.2|1, D|NR_all_52425.2|1"
2F4S,"RNA3DB","A|NR_all_82951.1|2, B|NR_all_82951.1|2"
2F4T,"RNA3DB","A|NR_all_71199.5|2, B|NR_all_71199.5|2"
2F4U,"RNA3DB","A|NR_all_52295.1|2, B|NR_all_52295.1|2"
2F4V,"RNA3DB","A|NR_all_65795.80|1, Z|NR_all_78107.1|1"
2F4X,"RNA3DB","A|NR_all_33071.1|2, B|NR_all_33071.1|2"
2F87,"RNA3DB","A|NR_all_65601.1|1"
2F88,"RNA3DB","A|NR_all_03598.2|1"
2F8K,"RNA3DB","B|NR_all_32676.1|1"
2F8S,"RNA3DB","C|NR_all_59799.1|2, D|NR_all_59799.1|2"
2F8T,"RNA3DB","C|NR_all_89224.1|2, D|NR_all_89224.1|2"
2FCX,"RNA3DB","A|NR_all_78706.2|2, B|NR_all_78706.2|2"
2FCY,"RNA3DB","A|NR_all_78706.2|2, B|NR_all_78706.2|2"
2FCZ,"RNA3DB","A|NR_all_78706.2|2, B|NR_all_78706.2|2, C|NR_all_78706.2|2, D|NR_all_78706.2|2"
2FD0,"RNA3DB","A|NR_all_78706.2|2, B|NR_all_78706.2|2"
2FDT,"RNA3DB","A|NR_all_81978.1|1"
2FEY,"RNA3DB","A|NR_all_63427.1|1"
2FGP,"RNA3DB","A|NR_all_98705.5|4, B|NR_all_98705.5|4, C|NR_all_98705.5|4, D|NR_all_98705.5|4"
2FK6,"RNA3DB","R|NR_all_79184.1|1"
2FMT,"RNA3DB","C|NR_all_69301.1|1, D|NR_all_69301.1|1"
2FQN,"RNA3DB","A|NR_all_54657.1|2, B|NR_all_54657.1|2"
2FTC,"RNA3DB","R|NR_all_51632.1|1"
2FY1,"RNA3DB","B|NR_all_07051.1|1"
2FZ2,"RNA3DB","D|NR_all_31791.1|1"
2G1G,"RNA3DB","A|NR_all_76611.1|1"
2G1W,"RNA3DB","A|NR_all_36771.1|1"
2G32,"RNA3DB",""
2G3S,"RNA3DB","A|NR_all_92683.1|2, B|NR_all_92683.1|2, C|NR_all_92683.1|2, D|NR_all_92683.1|2, E|NR_all_92683.1|2, F|NR_all_92683.1|2, G|NR_all_92683.1|2, H|NR_all_92683.1|2, I|NR_all_92683.1|2, J|NR_all_92683.1|2"
2G4B,"RNA3DB","B|NR_all_26733.1|1"
2G5K,"RNA3DB","A|NR_all_54657.1|2, B|NR_all_54657.1|2"
2G8F,"RNA3DB","B|NR_all_09880.4|1"
2G8H,"RNA3DB","B|NR_all_09880.4|1"
2G8I,"RNA3DB","B|NR_all_09880.4|1"
2G8K,"RNA3DB","B|NR_all_09880.4|1"
2G8U,"RNA3DB","B|NR_all_09880.4|1"
2G8V,"RNA3DB","B|NR_all_09880.4|1"
2G8W,"RNA3DB","B|NR_all_09880.4|1"
2G91,"RNA3DB","A|NR_all_79446.1|2, B|NR_all_79446.1|2"
2G92,"RNA3DB","A|NR_all_39119.1|2, B|NR_all_39119.1|2"
2G9C,"RNA3DB","A|NR_all_89429.6|1"
2GBH,"RNA3DB","A|NR_all_46548.1|1"
2GCS,"RNA3DB","B|NR_all_35133.6|1"
2GCV,"RNA3DB","B|NR_all_35133.6|1"
2GDI,"RNA3DB","X|NR_all_42241.3|1, Y|NR_all_42241.3|1"
2GIC,"RNA3DB","R|NR_all_10203.2|1"
2GIO,"RNA3DB","A|NR_all_82905.1|1"
2GIP,"RNA3DB","A|NR_all_82905.1|1"
2GIS,"RNA3DB","A|NR_all_84517.1|1"
2GJE,"RNA3DB","R|NR_all_81464.1|1, S|NR_all_78802.1|1"
2GJW,"RNA3DB","E|NR_all_54661.1|3, F|NR_all_54661.1|3, H|NR_all_54661.1|3, I|NR_all_54661.1|3, J|NR_all_54661.1|3, L|NR_all_54661.1|3"
2GM0,"RNA3DB","A|NR_all_43215.1|2, B|NR_all_43215.1|2"
2GO5,"RNA3DB","9|NR_all_20250.1|1, A|NR_all_67479.1|1"
2GPM,"RNA3DB",""
2GQ4,"RNA3DB",""
2GQ5,"RNA3DB",""
2GQ6,"RNA3DB",""
2GQ7,"RNA3DB",""
2GRB,"RNA3DB","A|NR_all_58299.1|1, B|NR_all_58299.1|1, C|NR_all_58299.1|1, D|NR_all_58299.1|1, E|NR_all_58299.1|1, F|NR_all_58299.1|1, G|NR_all_58299.1|1, H|NR_all_58299.1|1"
2GRW,"RNA3DB","A|NR_all_48836.1|1"
2GTT,"RNA3DB","W|NR_all_70873.1|1, X|NR_all_06584.1|1"
2GUN,"RNA3DB","B|NR_all_53424.1|1"
2GV3,"RNA3DB","A|NR_all_57276.1|1"
2GV4,"RNA3DB","A|NR_all_97787.1|1"
2GVO,"RNA3DB","A|NR_all_11169.1|1"
2GXB,"RNA3DB","E|NR_all_76177.1|2, F|NR_all_76177.1|2"
2H0S,"2020 RNA, RNA3DB","B|NR_all_35133.6|1"
2H0W,"RNA3DB","B|NR_all_35133.6|1"
2H0X,"RNA3DB","B|NR_all_35133.6|1"
2H0Z,"RNA3DB","B|NR_all_35133.6|1"
2H1M,"RNA3DB","A|NR_all_68126.1|2, B|NR_all_68126.1|2"
2H49,"RNA3DB","A|NR_all_42907.1|2, B|NR_all_42907.1|2"
2HEM,"RNA3DB","A|NR_all_04723.1|1"
2HGH,"RNA3DB","B|NR_all_21686.1|1"
2HHH,"RNA3DB","A|NR_all_65795.80|1"
2HNS,"RNA3DB","A|NR_all_21811.1|1"
2HO6,"RNA3DB","B|NR_all_35133.6|1"
2HO7,"RNA3DB","B|NR_all_35133.6|1"
2HOJ,"RNA3DB","A|NR_all_42241.3|1"
2HOK,"RNA3DB","A|NR_all_42241.3|1"
2HOL,"RNA3DB","A|NR_all_42241.3|1"
2HOM,"RNA3DB","A|NR_all_42241.3|1"
2HOO,"RNA3DB","A|NR_all_42241.3|1"
2HOP,"RNA3DB","A|NR_all_42241.3|1"
2HT1,"RNA3DB","J|NR_all_64047.1|1, K|NR_all_64047.1|1, M|NR_all_03515.1|1"
2HUA,"RNA3DB","A|NR_all_25696.1|1"
2HVR,"RNA3DB",""
2HVS,"RNA3DB",""
2HVY,"RNA3DB","E|NR_all_99751.1|1"
2HW8,"RNA3DB","B|NR_all_40597.1|1"
2HYI,"RNA3DB","F|NR_all_74924.26|1, L|NR_all_74924.26|1"
2I2Y,"RNA3DB","B|NR_all_46722.1|1"
2I7E,"RNA3DB","A|NR_all_50005.1|1, B|NR_all_50005.1|1"
2I7Z,"RNA3DB","A|NR_all_50005.1|1, B|NR_all_50005.1|1"
2I82,"RNA3DB","E|NR_all_98374.1|1, F|NR_all_98374.1|1, G|NR_all_98374.1|1, H|NR_all_98374.1|1"
2I91,"RNA3DB","C|NR_all_19413.1|2, D|NR_all_19413.1|2, E|NR_all_19413.1|2, F|NR_all_19413.1|2"
2IHX,"RNA3DB","B|NR_all_86924.1|1"
2IL9,"2020 RNA, RNA3DB","A|NR_all_47156.1|1, M|NR_all_47156.1|1"
2IRN,"RNA3DB","A|NR_all_01620.1|2, B|NR_all_01620.1|2"
2IRO,"RNA3DB","A|NR_all_83754.1|2, B|NR_all_83754.1|2"
2IX1,"RNA3DB","B|NR_all_96380.1|1"
2IXY,"RNA3DB","A|NR_all_15848.1|1"
2IXZ,"RNA3DB","A|NR_all_40734.1|1"
2IY3,"RNA3DB","B|NR_all_51660.3|1"
2IY5,"RNA3DB","T|NR_all_36393.1|1"
2IZ8,"RNA3DB","R|NR_all_51266.4|1, S|NR_all_51266.4|1"
2IZ9,"RNA3DB","R|NR_all_99919.1|1, S|NR_all_99919.1|1"
2IZM,"RNA3DB","R|NR_all_51266.4|1, S|NR_all_51266.4|1"
2IZN,"RNA3DB","R|NR_all_75028.1|1, S|NR_all_75028.1|1"
2J0Q,"RNA3DB","E|NR_all_29524.1|1, H|NR_all_29524.1|1"
2J0S,"RNA3DB","E|NR_all_29524.1|1"
2J28,"RNA3DB","8|NR_all_10425.1|1, A|NR_all_10157.143|1, B|NR_all_83717.145|1"
2J37,"RNA3DB","A|NR_all_67479.1|1, Z|NR_all_44609.1|1"
2JA5,"RNA3DB","P|NR_all_47665.1|1"
2JA6,"RNA3DB","P|NR_all_37861.1|1"
2JA7,"RNA3DB","3|NR_all_47665.1|1, 6|NR_all_47665.1|1"
2JA8,"RNA3DB","P|NR_all_06823.1|1"
2JEA,"RNA3DB","C|NR_all_77683.1|1"
2JJA,"RNA3DB",""
2JLT,"RNA3DB","A|NR_all_56847.1|2, B|NR_all_56847.1|2"
2JLU,"RNA3DB","C|NR_all_09332.1|1, D|NR_all_09332.1|1"
2JLV,"RNA3DB","C|NR_all_09332.1|1, D|NR_all_09332.1|1"
2JLW,"RNA3DB","C|NR_all_59755.1|1, D|NR_all_59755.1|1"
2JLX,"RNA3DB","C|NR_all_09332.1|1, D|NR_all_09332.1|1"
2JLY,"RNA3DB","C|NR_all_09332.1|1, D|NR_all_09332.1|1"
2JLZ,"RNA3DB","C|NR_all_09332.1|1, D|NR_all_09332.1|1"
2JPP,"RNA3DB","C|NR_all_61682.1|1, D|NR_all_61682.1|1"
2JQ7,"RNA3DB","B|NR_all_74849.1|1"
2JR4,"RNA3DB","A|NR_all_39077.1|1"
2JRG,"RNA3DB","A|NR_all_76431.1|1"
2JRQ,"RNA3DB","A|NR_all_90197.1|1"
2JSE,"RNA3DB","A|NR_all_40327.1|1"
2JSG,"RNA3DB","A|NR_all_06213.1|1"
2JTP,"RNA3DB","A|NR_all_49489.1|1"
2JUK,"RNA3DB","A|NR_all_99058.1|1"
2JWV,"RNA3DB","A|NR_all_21583.1|1"
2JXQ,"RNA3DB","A|NR_all_14006.1|2, B|NR_all_14006.1|2"
2JXS,"RNA3DB","A|NR_all_69024.1|2, B|NR_all_69024.1|2"
2JXV,"RNA3DB","A|NR_all_43728.1|1"
2JYF,"RNA3DB","A|NR_all_37036.1|1, B|NR_all_37036.1|1"
2JYH,"RNA3DB","A|NR_all_06706.1|1, B|NR_all_06706.1|1"
2JYJ,"RNA3DB","A|NR_all_06706.1|1, B|NR_all_06706.1|1"
2JYM,"RNA3DB","A|NR_all_94699.1|1"
2K3Z,"RNA3DB","A|NR_all_23183.1|2, B|NR_all_23183.1|2"
2K41,"RNA3DB","A|NR_all_62715.1|2, B|NR_all_62715.1|2"
2K4C,"RNA3DB","A|NR_all_69813.13|1"
2K5Z,"RNA3DB","A|NR_all_88506.1|1"
2K65,"RNA3DB","A|NR_all_03988.1|2, B|NR_all_03988.1|2"
2K66,"RNA3DB","A|NR_all_67461.1|1"
2K7E,"RNA3DB","A|NR_all_54932.1|2, B|NR_all_54932.1|2"
2K95,"RNA3DB","A|NR_all_48307.1|1"
2K96,"RNA3DB","A|NR_all_48307.1|1"
2KBP,"RNA3DB","A|NR_all_15427.1|1, B|NR_all_15427.1|1"
2KD4,"RNA3DB","A|NR_all_56385.1|2, B|NR_all_56385.1|2"
2KD8,"RNA3DB","A|NR_all_03015.1|1"
2KDQ,"RNA3DB","B|NR_all_00786.1|1"
2KE6,"RNA3DB","A|NR_all_17139.1|1"
2KEZ,"RNA3DB","A|NR_all_34197.1|1"
2KF0,"RNA3DB","A|NR_all_34197.1|1"
2KFY,"RNA3DB","B|NR_all_31185.1|1"
2KG0,"RNA3DB","B|NR_all_59493.1|1"
2KG1,"RNA3DB","B|NR_all_17058.1|1"
2KGP,"RNA3DB","A|NR_all_30036.1|1"
2KH9,"RNA3DB","B|NR_all_06591.1|1"
2KHY,"RNA3DB","A|NR_all_38065.1|1"
2KM8,"RNA3DB","A|NR_all_64884.1|1"
2KMJ,"RNA3DB","A|NR_all_44411.1|1"
2KOC,"RNA3DB","A|NR_all_36960.1|1"
2KP3,"RNA3DB","B|NR_all_50577.3|1"
2KP4,"RNA3DB","B|NR_all_50577.3|1"
2KPC,"RNA3DB","A|NR_all_82766.1|1"
2KPD,"RNA3DB","A|NR_all_72946.1|1"
2KPV,"RNA3DB","A|NR_all_88352.1|1"
2KRL,"RNA3DB","A|NR_all_80875.1|1"
2KRP,"RNA3DB","A|NR_all_14975.1|1"
2KRQ,"RNA3DB","A|NR_all_65186.1|1"
2KRV,"RNA3DB","A|NR_all_63200.1|1"
2KRW,"RNA3DB","A|NR_all_44431.1|1"
2KRY,"RNA3DB","A|NR_all_83774.1|1"
2KRZ,"RNA3DB","A|NR_all_22508.1|1"
2KTZ,"RNA3DB","A|NR_all_85064.1|1"
2KU0,"RNA3DB","A|NR_all_13046.1|1"
2KUR,"RNA3DB","A|NR_all_17139.1|1"
2KUU,"RNA3DB","A|NR_all_17139.1|1"
2KUV,"RNA3DB","A|NR_all_17139.1|1"
2KUW,"RNA3DB","A|NR_all_76472.1|1"
2KVN,"RNA3DB","A|NR_all_32754.1|1"
2KWG,"RNA3DB",""
2KX5,"RNA3DB","A|NR_all_28654.1|1"
2KX8,"RNA3DB","A|NR_all_76247.1|1"
2KXM,"RNA3DB","A|NR_all_30619.2|1"
2KXN,"RNA3DB","A|NR_all_45331.1|1"
2KXZ,"RNA3DB","A|NR_all_40109.1|2, B|NR_all_40109.1|2"
2KY0,"RNA3DB","A|NR_all_61864.1|2, B|NR_all_61864.1|2"
2KY1,"RNA3DB","A|NR_all_78444.1|2, B|NR_all_78444.1|2"
2KY2,"RNA3DB","A|NR_all_56623.1|2, B|NR_all_56623.1|2"
2KYD,"RNA3DB","A|NR_all_93941.1|2, B|NR_all_93941.1|2"
2KYE,"RNA3DB","A|NR_all_60207.1|1"
2KZL,"RNA3DB","A|NR_all_53209.1|1"
2L1F,"RNA3DB","A|NR_all_33831.1|1, B|NR_all_33831.1|1"
2L1V,"RNA3DB","A|NR_all_95363.4|1"
2L2J,"RNA3DB","A|NR_all_87597.1|1"
2L2K,"RNA3DB","A|NR_all_73308.1|1"
2L3C,"RNA3DB","B|NR_all_99287.1|1"
2L3E,"RNA3DB","A|NR_all_03882.1|1"
2L3J,"RNA3DB","B|NR_all_30586.1|1"
2L41,"RNA3DB","B|NR_all_35362.1|1"
2L5D,"RNA3DB","B|NR_all_23717.1|1"
2L5Z,"RNA3DB","A|NR_all_89470.1|1"
2L6I,"RNA3DB","A|NR_all_48491.1|1"
2L7D,"RNA3DB",""
2L8C,"RNA3DB","A|NR_all_39445.1|2, B|NR_all_39445.1|2"
2L8F,"RNA3DB","A|NR_all_82774.1|2, B|NR_all_82774.1|2"
2L8H,"RNA3DB","A|NR_all_29847.1|1"
2L8U,"RNA3DB","A|NR_all_00317.1|2, B|NR_all_00317.1|2"
2L8W,"RNA3DB","A|NR_all_68992.1|2, B|NR_all_68992.1|2"
2L94,"RNA3DB","A|NR_all_80173.1|1"
2L9E,"RNA3DB","A|NR_all_72370.1|1"
2LA5,"RNA3DB","A|NR_all_18912.1|1"
2LA9,"RNA3DB","A|NR_all_31352.3|1"
2LAC,"RNA3DB","A|NR_all_31352.3|1"
2LAR,"RNA3DB","B|NR_all_31948.1|1"
2LB4,"RNA3DB","B|NR_all_31948.1|1"
2LBJ,"RNA3DB","A|NR_all_10812.1|1"
2LBK,"RNA3DB","A|NR_all_13392.1|1"
2LBL,"RNA3DB","A|NR_all_43408.1|1"
2LBQ,"RNA3DB","A|NR_all_31352.3|1"
2LBR,"RNA3DB","A|NR_all_51186.1|1"
2LBS,"RNA3DB","A|NR_all_34462.1|1"
2LC8,"RNA3DB","A|NR_all_41221.1|1"
2LDL,"RNA3DB","A|NR_all_52148.1|1"
2LDT,"RNA3DB","A|NR_all_87104.1|1"
2LDZ,"RNA3DB","A|NR_all_29695.1|1"
2LEB,"RNA3DB","B|NR_all_97147.1|1"
2LEC,"RNA3DB","B|NR_all_29618.1|1"
2LHP,"RNA3DB","A|NR_all_36729.1|1"
2LI4,"RNA3DB","A|NR_all_02664.1|1"
2LI8,"RNA3DB","B|NR_all_79142.1|1"
2LJJ,"RNA3DB","A|NR_all_80099.1|1"
2LK3,"RNA3DB","A|NR_all_97142.1|1"
2LKR,"RNA3DB","A|NR_all_23876.1|1"
2LP9,"RNA3DB","A|NR_all_07880.1|1"
2LPA,"RNA3DB","A|NR_all_81284.1|1"
2LPS,"RNA3DB","A|NR_all_03598.2|1"
2LPT,"RNA3DB","A|NR_all_03598.2|1"
2LQZ,"RNA3DB","A|NR_all_56057.1|1"
2LU0,"RNA3DB","A|NR_all_28320.1|1"
2LUB,"RNA3DB","A|NR_all_29611.1|1"
2LUN,"RNA3DB","A|NR_all_52795.1|1"
2LUP,"RNA3DB","A|NR_all_34462.1|1"
2LV0,"RNA3DB","A|NR_all_46548.1|1"
2LVY,"RNA3DB","A|NR_all_05686.1|2, B|NR_all_05686.1|2"
2LWK,"RNA3DB","A|NR_all_71895.1|1"
2LX1,"RNA3DB","A|NR_all_94472.1|2, B|NR_all_94472.1|2"
2M12,"RNA3DB","A|NR_all_79081.1|1"
2M18,"RNA3DB","A|NR_all_49812.1|1, B|NR_all_49812.1|1, C|NR_all_49812.1|1, D|NR_all_49812.1|1"
2M1O,"RNA3DB","A|NR_all_27009.1|2, B|NR_all_27009.1|2"
2M1V,"RNA3DB","A|NR_all_95796.1|1"
2M21,"RNA3DB","A|NR_all_10023.1|1"
2M22,"RNA3DB","A|NR_all_43385.1|1"
2M23,"RNA3DB","A|NR_all_34714.1|2, B|NR_all_34714.1|2"
2M24,"RNA3DB","A|NR_all_04787.1|1"
2M39,"RNA3DB",""
2M4Q,"RNA3DB","1|NR_all_04218.1|1"
2M4W,"RNA3DB","A|NR_all_28467.1|1"
2M57,"RNA3DB","A|NR_all_71956.1|1"
2M58,"RNA3DB","A|NR_all_62394.1|1"
2M5U,"RNA3DB","A|NR_all_32689.1|1"
2M84,"RNA3DB",""
2M8A,"RNA3DB",""
2M8D,"RNA3DB","A|NR_all_43721.1|1"
2M8K,"RNA3DB","A|NR_all_11528.1|1"
2MB0,"RNA3DB","A|NR_all_87508.1|1"
2MEQ,"RNA3DB","A|NR_all_18337.3|1"
2MER,"RNA3DB","A|NR_all_18337.3|1"
2MF0,"RNA3DB","G|NR_all_14079.1|1"
2MF1,"RNA3DB","G|NR_all_17314.1|1"
2MFC,"RNA3DB","B|NR_all_35756.1|1, D|NR_all_35756.1|1"
2MFD,"RNA3DB","A|NR_all_39433.1|1"
2MFE,"RNA3DB","B|NR_all_44976.1|1, D|NR_all_44976.1|1"
2MFF,"RNA3DB","B|NR_all_40658.1|1, D|NR_all_40658.1|1"
2MFG,"RNA3DB","B|NR_all_44976.1|1, D|NR_all_44976.1|1"
2MFH,"RNA3DB","B|NR_all_49554.1|1, D|NR_all_36964.1|1"
2MGZ,"RNA3DB","C|NR_all_32342.1|1"
2MHI,"RNA3DB","A|NR_all_24404.1|1"
2MI0,"RNA3DB","A|NR_all_66855.1|1, B|NR_all_90658.1|1"
2MIS,"RNA3DB","A|NR_all_89470.1|1"
2MIY,"RNA3DB","A|NR_all_12803.1|1"
2MJH,"RNA3DB","B|NR_all_01339.1|1"
2MKI,"RNA3DB","B|NR_all_88048.1|1"
2MKK,"RNA3DB","B|NR_all_73195.1|1"
2MKN,"RNA3DB","B|NR_all_20602.1|2, C|NR_all_20602.1|2"
2MN0,"RNA3DB","A|NR_all_14163.1|1"
2MNC,"RNA3DB","A|NR_all_45368.1|1"
2MQO,"RNA3DB","B|NR_all_72402.1|1"
2MQP,"RNA3DB","B|NR_all_28678.1|1"
2MQQ,"RNA3DB","B|NR_all_60917.1|1, C|NR_all_88343.1|1"
2MQT,"RNA3DB","A|NR_all_66174.1|1"
2MQV,"RNA3DB","B|NR_all_88351.1|1"
2MS0,"RNA3DB","B|NR_all_43244.1|1"
2MS1,"RNA3DB","B|NR_all_45079.1|1"
2MS5,"RNA3DB","A|NR_all_83514.1|2, S|NR_all_83514.1|2"
2MTJ,"RNA3DB","A|NR_all_65047.1|1"
2MTK,"RNA3DB","A|NR_all_07351.1|1"
2MTV,"RNA3DB","B|NR_all_30107.1|1"
2MVS,"RNA3DB","1|NR_all_43426.1|2, 2|NR_all_43426.1|2"
2MVY,"RNA3DB","1|NR_all_64202.1|2, 2|NR_all_64202.1|2"
2MXJ,"RNA3DB","A|NR_all_18787.1|1"
2MXK,"RNA3DB","A|NR_all_93978.1|2, B|NR_all_93978.1|2"
2MXL,"RNA3DB","A|NR_all_41092.1|1"
2MXS,"RNA3DB","A|NR_all_30619.2|1"
2MXY,"RNA3DB","B|NR_all_16778.1|1"
2MZ1,"RNA3DB","B|NR_all_35618.1|1"
2N0J,"RNA3DB","A|NR_all_30619.2|1"
2N0R,"RNA3DB","A|NR_all_44257.1|1"
2N1Q,"RNA3DB","A|NR_all_92729.1|1"
2N2O,"RNA3DB","A|NR_all_26375.1|1"
2N2P,"RNA3DB","A|NR_all_83550.1|1"
2N3O,"RNA3DB","B|NR_all_12586.1|1"
2N3Q,"RNA3DB","A|NR_all_91379.1|1"
2N3R,"RNA3DB","A|NR_all_45460.1|1"
2N4J,"RNA3DB",""
2N4L,"RNA3DB","A|NR_all_43318.1|1"
2N6S,"RNA3DB","A|NR_all_82659.1|1"
2N6T,"RNA3DB","A|NR_all_81170.1|1"
2N6W,"RNA3DB","A|NR_all_10877.1|1"
2N6X,"RNA3DB","A|NR_all_67614.1|1"
2N7C,"RNA3DB","B|NR_all_17677.1|1"
2N7M,"RNA3DB","X|NR_all_22001.1|1"
2N7X,"RNA3DB","A|NR_all_01761.1|1"
2N82,"RNA3DB","A|NR_all_94843.1|1"
2N8L,"RNA3DB","B|NR_all_82371.1|1"
2N8M,"RNA3DB","B|NR_all_04322.1|1"
2N8V,"RNA3DB","X|NR_all_82460.1|1"
2NBX,"RNA3DB","A|NR_all_59301.1|1"
2NBY,"RNA3DB","A|NR_all_20761.1|1"
2NBZ,"RNA3DB","A|NR_all_27745.1|1"
2NC0,"RNA3DB","A|NR_all_14960.1|1"
2NC1,"RNA3DB","A|NR_all_04451.1|1"
2NCI,"RNA3DB","A|NR_all_37659.1|1"
2NCQ,"RNA3DB","A|NR_all_25676.1|2, S|NR_all_25676.1|2"
2NCR,"RNA3DB","A|NR_all_25676.1|2, S|NR_all_25676.1|2"
2NOK,"RNA3DB","A|NR_all_86436.1|2, B|NR_all_86436.1|2, C|NR_all_86436.1|2, D|NR_all_86436.1|2"
2NOQ,"RNA3DB","A|NR_all_38945.1|1, B|NR_all_10258.1|1, C|NR_all_89051.1|2, D|NR_all_89051.1|2, E|NR_all_46884.1|1"
2NPY,"RNA3DB","A|NR_all_98705.5|4, B|NR_all_98705.5|4, C|NR_all_98705.5|4, D|NR_all_98705.5|4"
2NPZ,"RNA3DB","A|NR_all_98705.5|4, B|NR_all_98705.5|4, C|NR_all_98705.5|4, D|NR_all_98705.5|4"
2NQP,"RNA3DB","F|NR_all_11709.2|1"
2NR0,"RNA3DB","E|NR_all_42604.1|1, F|NR_all_42604.1|1, G|NR_all_42604.1|1, H|NR_all_42604.1|1"
2NRE,"RNA3DB","F|NR_all_42604.1|1"
2NUE,"RNA3DB","C|NR_all_80987.1|1"
2NUF,"RNA3DB","C|NR_all_52425.2|1, D|NR_all_52425.2|1"
2NUG,"RNA3DB","C|NR_all_26402.1|4, D|NR_all_26402.1|4, E|NR_all_26402.1|4, F|NR_all_26402.1|4"
2NVQ,"RNA3DB","R|NR_all_34359.12|1"
2NVT,"RNA3DB","R|NR_all_19218.1|1"
2NVX,"RNA3DB","R|NR_all_34359.12|1"
2NVZ,"RNA3DB","R|NR_all_34359.12|1"
2NZ4,"RNA3DB","P|NR_all_08692.3|1, Q|NR_all_08692.3|1, R|NR_all_08692.3|1, S|NR_all_08692.3|1"
2O32,"RNA3DB","A|NR_all_22333.1|1"
2O33,"RNA3DB","A|NR_all_63081.1|1"
2O3V,"RNA3DB","A|NR_all_48589.1|2, B|NR_all_48589.1|2"
2O3W,"RNA3DB","A|NR_all_54657.1|2, B|NR_all_54657.1|2"
2O3X,"RNA3DB","A|NR_all_82951.1|2, B|NR_all_82951.1|2"
2O3Y,"RNA3DB","A|NR_all_54657.1|2, B|NR_all_54657.1|2"
2O43,"RNA3DB","A|NR_all_88987.9|1"
2O44,"RNA3DB","A|NR_all_88987.9|1"
2O45,"RNA3DB","A|NR_all_88987.9|1"
2O5I,"RNA3DB","H|NR_all_35629.1|1, Y|NR_all_35629.1|1"
2O5J,"RNA3DB","H|NR_all_35629.1|1, Y|NR_all_35629.1|1"
2O81,"RNA3DB","A|NR_all_70328.1|2, B|NR_all_70328.1|2"
2O83,"RNA3DB","A|NR_all_64534.1|2, B|NR_all_64534.1|2"
2OB7,"RNA3DB","A|NR_all_10403.1|1, D|NR_all_45092.1|1"
2OE5,"RNA3DB","A|NR_all_73746.1|2, B|NR_all_73746.1|2"
2OE6,"RNA3DB","A|NR_all_75945.1|2, B|NR_all_75945.1|2"
2OE8,"RNA3DB","A|NR_all_75945.1|2, B|NR_all_75945.1|2"
2OEU,"RNA3DB","A|NR_all_92720.1|2, B|NR_all_92720.1|2"
2OGM,"RNA3DB","0|NR_all_88987.9|1"
2OGN,"RNA3DB","0|NR_all_88987.9|1"
2OGO,"RNA3DB","0|NR_all_88987.9|1"
2OIH,"RNA3DB","B|NR_all_73165.3|1"
2OIJ,"RNA3DB","A|NR_all_60167.4|2, B|NR_all_60167.4|2"
2OIU,"2020 RNA, RNA3DB","P|NR_all_60142.1|1, Q|NR_all_36247.1|1"
2OIY,"RNA3DB","A|NR_all_60167.4|2, B|NR_all_60167.4|2"
2OJ0,"RNA3DB","A|NR_all_60167.4|2, B|NR_all_60167.4|2"
2OJ3,"RNA3DB","B|NR_all_73165.3|1"
2OJ7,"RNA3DB","A|NR_all_18515.1|1"
2OJ8,"RNA3DB","A|NR_all_26035.1|1"
2OM3,"RNA3DB","R|NR_all_68372.1|1"
2OM7,"RNA3DB","A|NR_all_83599.1|1, B|NR_all_11040.1|1, C|NR_all_45092.1|1, D|NR_all_22009.1|1, F|NR_all_78730.1|1, G|NR_all_42833.1|1, H|NR_all_22252.1|1, I|NR_all_04153.1|1, J|NR_all_90313.1|1, M|NR_all_61343.1|1"
2OOM,"RNA3DB","A|NR_all_60168.1|1"
2OTJ,"RNA3DB","0|NR_all_26150.3|1, 9|NR_all_25303.3|1"
2OTL,"RNA3DB","0|NR_all_26150.3|1, 9|NR_all_25303.3|1"
2OUE,"RNA3DB","A|NR_all_98705.5|4, B|NR_all_98705.5|4, C|NR_all_98705.5|4, D|NR_all_98705.5|4"
2OZB,"RNA3DB","C|NR_all_22747.1|1, F|NR_all_22747.1|1"
2P7D,"RNA3DB","A|NR_all_83079.1|1, C|NR_all_98705.5|3, D|NR_all_98705.5|3, P|NR_all_98705.5|3"
2P7E,"RNA3DB","A|NR_all_83079.1|1, C|NR_all_98705.5|3, D|NR_all_98705.5|3, P|NR_all_98705.5|3"
2P7F,"RNA3DB","A|NR_all_98705.5|4, B|NR_all_98705.5|4, C|NR_all_98705.5|4, D|NR_all_98705.5|4"
2P89,"RNA3DB","A|NR_all_04821.1|2, A|NR_all_26735.1|1, B|NR_all_04821.1|2"
2PCV,"RNA3DB","A|NR_all_00085.1|1"
2PCW,"RNA3DB","A|NR_all_41918.1|2, B|NR_all_41918.1|2"
2PJP,"RNA3DB","B|NR_all_68957.1|1"
2PLY,"RNA3DB","C|NR_all_04852.2|1, E|NR_all_04852.2|1"
2PN3,"RNA3DB","A|NR_all_86436.1|2, B|NR_all_86436.1|2"
2PN4,"RNA3DB","A|NR_all_86436.1|2, B|NR_all_86436.1|2, C|NR_all_86436.1|2, D|NR_all_86436.1|2"
2PN9,"RNA3DB","A|NR_all_66026.1|2, B|NR_all_66026.1|2"
2PO1,"RNA3DB","C|NR_all_32733.1|1"
2PPB,"RNA3DB","H|NR_all_35629.1|1, Y|NR_all_35629.1|1"
2PWT,"RNA3DB","A|NR_all_71199.5|2, B|NR_all_71199.5|2"
2PXB,"RNA3DB","B|NR_all_27023.1|1"
2PXD,"RNA3DB","B|NR_all_27023.1|1"
2PXE,"RNA3DB","B|NR_all_27023.1|1"
2PXF,"RNA3DB","B|NR_all_27023.1|1"
2PXK,"RNA3DB","B|NR_all_27023.1|1"
2PXL,"RNA3DB","B|NR_all_27023.1|1"
2PXP,"RNA3DB","B|NR_all_27023.1|1"
2PXQ,"RNA3DB","B|NR_all_27023.1|1"
2PXT,"RNA3DB","B|NR_all_27023.1|1"
2PXU,"RNA3DB","B|NR_all_27023.1|1"
2PXV,"RNA3DB","B|NR_all_27023.1|1"
2PY9,"RNA3DB","E|NR_all_64649.1|1, F|NR_all_64649.1|1"
2Q1O,"RNA3DB","A|NR_all_43749.1|2, B|NR_all_43749.1|2, C|NR_all_43749.1|2, D|NR_all_43749.1|2"
2Q1R,"RNA3DB","A|NR_all_24936.2|1"
2Q2T,"RNA3DB",""
2Q2U,"RNA3DB",""
2Q66,"RNA3DB","X|NR_all_23233.1|1"
2QA4,"RNA3DB","0|NR_all_26150.3|1, 9|NR_all_25303.3|1"
2QBZ,"RNA3DB","X|NR_all_47162.1|1"
2QEK,"RNA3DB","A|NR_all_60167.4|2, B|NR_all_60167.4|2"
2QEX,"RNA3DB","0|NR_all_26150.3|1, 9|NR_all_25303.3|1"
2QH2,"RNA3DB","A|NR_all_09747.1|1"
2QH3,"RNA3DB","A|NR_all_98616.1|1"
2QH4,"RNA3DB","A|NR_all_33897.1|1"
2QK9,"RNA3DB","B|NR_all_73487.1|1"
2QKB,"RNA3DB","C|NR_all_99291.1|1"
2QKK,"RNA3DB","C|NR_all_57733.1|1, G|NR_all_57733.1|1, K|NR_all_57733.1|1, O|NR_all_57733.1|1, T|NR_all_57733.1|1, X|NR_all_57733.1|1"
2QQP,"RNA3DB","R|NR_all_96683.7|1"
2QUS,"RNA3DB","A|NR_all_40252.1|1, B|NR_all_40252.1|1"
2QUW,"RNA3DB","A|NR_all_88345.1|2, B|NR_all_88345.1|2, C|NR_all_88345.1|2, D|NR_all_88345.1|2"
2QUX,"RNA3DB","C|NR_all_02858.1|1, F|NR_all_02858.1|1, I|NR_all_02858.1|1, L|NR_all_02858.1|1, O|NR_all_02858.1|1, R|NR_all_02858.1|1"
2QWY,"RNA3DB","A|NR_all_83080.1|1, B|NR_all_83080.1|1, C|NR_all_83080.1|1"
2R1G,"RNA3DB","A|NR_all_33684.1|1, B|NR_all_09725.1|1, C|NR_all_44960.1|1, D|NR_all_74884.1|1, E|NR_all_38243.1|1, F|NR_all_79547.1|1, X|NR_all_05459.1|1"
2R1S,"RNA3DB","A|NR_all_58198.1|2, B|NR_all_58198.1|2"
2R20,"RNA3DB","A|NR_all_58198.1|2, B|NR_all_58198.1|2"
2R21,"RNA3DB","A|NR_all_58198.1|2, B|NR_all_58198.1|2"
2R22,"RNA3DB","A|NR_all_58198.1|2, B|NR_all_58198.1|2"
2R7R,"RNA3DB","X|NR_all_16115.1|1"
2R7S,"RNA3DB","X|NR_all_46239.1|1"
2R7T,"RNA3DB","X|NR_all_46386.1|1"
2R7U,"RNA3DB","X|NR_all_37940.1|1"
2R7V,"RNA3DB","X|NR_all_70523.1|1"
2R7W,"RNA3DB","X|NR_all_16115.1|1"
2R7X,"RNA3DB","X|NR_all_16115.1|1, Y|NR_all_16115.1|1"
2R7Y,"RNA3DB","B|NR_all_09880.4|1"
2R7Z,"RNA3DB","P|NR_all_52785.1|1"
2R8S,"RNA3DB","R|NR_all_39627.5|1"
2R92,"RNA3DB","P|NR_all_50660.1|2, T|NR_all_50660.1|2"
2R93,"RNA3DB","R|NR_all_83556.1|1"
2RD2,"RNA3DB","B|NR_all_31819.5|1"
2RDO,"RNA3DB","A|NR_all_10157.143|1, B|NR_all_83717.145|1"
2RE8,"RNA3DB","B|NR_all_31819.5|1"
2RFK,"RNA3DB","D|NR_all_48282.1|3, E|NR_all_48282.1|3, F|NR_all_48282.1|3"
2RKJ,"RNA3DB","C|NR_all_88088.1|1, G|NR_all_88088.1|1, K|NR_all_88088.1|1, O|NR_all_88088.1|1"
2RLU,"RNA3DB","A|NR_all_75716.1|1"
2RN1,"RNA3DB","A|NR_all_38276.1|2, B|NR_all_38276.1|2"
2RO2,"RNA3DB","A|NR_all_65694.1|1"
2RP0,"RNA3DB","A|NR_all_74744.1|1"
2RP1,"RNA3DB","A|NR_all_74744.1|1"
2RPK,"RNA3DB","A|NR_all_20137.1|1"
2RPT,"RNA3DB","A|NR_all_04048.1|1"
2RQC,"RNA3DB","B|NR_all_66903.1|1"
2RQJ,"RNA3DB","A|NR_all_92749.1|1, B|NR_all_92749.1|1"
2RRA,"RNA3DB","B|NR_all_95193.1|1"
2RRC,"RNA3DB","A|NR_all_51689.1|1"
2RS2,"RNA3DB","B|NR_all_69284.1|1"
2RSK,"RNA3DB","A|NR_all_92749.1|1, B|NR_all_92749.1|1"
2RU3,"RNA3DB","B|NR_all_92379.1|1"
2RU7,"RNA3DB","A|NR_all_92749.1|1, B|NR_all_92749.1|1"
2RVO,"RNA3DB","A|NR_all_93004.1|1"
2TMV,"RNA3DB","R|NR_all_68372.1|1"
2TOB,"RNA3DB","A|NR_all_97434.1|1"
2TPK,"RNA3DB","A|NR_all_29777.1|1"
2TRA,"RNA3DB","A|NR_all_24819.4|1"
2U2A,"RNA3DB","A|NR_all_20405.1|1"
2UU9,"RNA3DB","A|NR_all_65795.80|1, X|NR_all_82452.1|2, Y|NR_all_82452.1|2"
2UUA,"RNA3DB","A|NR_all_65795.80|1, X|NR_all_82452.1|2, Y|NR_all_82452.1|2"
2UUB,"RNA3DB","A|NR_all_65795.80|1, X|NR_all_82452.1|2, Y|NR_all_82452.1|2"
2UUC,"RNA3DB","A|NR_all_65795.80|1, X|NR_all_82452.1|2, Y|NR_all_82452.1|2"
2UWM,"RNA3DB","C|NR_all_04852.2|1, D|NR_all_04852.2|1"
2UXB,"RNA3DB","A|NR_all_65795.80|1, X|NR_all_71302.1|2, Y|NR_all_71302.1|2"
2UXC,"RNA3DB","A|NR_all_65795.80|1, X|NR_all_07184.1|2, Y|NR_all_07184.1|2"
2UXD,"RNA3DB","A|NR_all_65795.80|1, X|NR_all_12173.1|2, Y|NR_all_12173.1|2"
2V0G,"RNA3DB","B|NR_all_23989.1|1, F|NR_all_23989.1|1"
2V3C,"RNA3DB","M|NR_all_08831.2|1, N|NR_all_08831.2|1"
2V6W,"RNA3DB","A|NR_all_29312.1|2, B|NR_all_29312.1|2"
2V7R,"RNA3DB","A|NR_all_65010.1|2, B|NR_all_65010.1|2"
2VAL,"RNA3DB","A|NR_all_36129.1|2, B|NR_all_36129.1|2, C|NR_all_36129.1|2, D|NR_all_36129.1|2"
2VAZ,"RNA3DB","A|NR_all_79104.1|1"
2VNU,"RNA3DB","B|NR_all_30422.1|1"
2VOD,"RNA3DB","C|NR_all_16324.1|1, D|NR_all_16324.1|1"
2VON,"RNA3DB","C|NR_all_71707.1|1, D|NR_all_71707.1|1"
2VOO,"RNA3DB","C|NR_all_25856.1|1, D|NR_all_25856.1|1"
2VOP,"RNA3DB","B|NR_all_49650.1|1"
2VPL,"RNA3DB","B|NR_all_09706.1|1, D|NR_all_09706.1|1"
2VQE,"RNA3DB","A|NR_all_65795.80|1, X|NR_all_69872.1|2, Y|NR_all_69872.1|2"
2VQF,"RNA3DB","A|NR_all_65795.80|1, X|NR_all_69872.1|2, Y|NR_all_69872.1|2"
2VRT,"RNA3DB","E|NR_all_21736.7|1, F|NR_all_21736.7|1, G|NR_all_99944.1|1, H|NR_all_03143.1|1"
2VUM,"RNA3DB","P|NR_all_01515.1|1"
2VUQ,"RNA3DB","A|NR_all_06107.1|2, B|NR_all_06107.1|2"
2W2H,"RNA3DB","R|NR_all_47406.1|1, S|NR_all_47406.1|1"
2W89,"RNA3DB","A|NR_all_97569.1|2, B|NR_all_97569.1|2, C|NR_all_97569.1|2, D|NR_all_97569.1|2"
2WJ8,"RNA3DB","a|NR_all_13111.1|1, b|NR_all_13111.1|1, c|NR_all_13111.1|1, d|NR_all_13111.1|1, e|NR_all_13111.1|1, f|NR_all_13111.1|1, g|NR_all_13111.1|1, h|NR_all_13111.1|1, i|NR_all_13111.1|1, j|NR_all_13111.1|1, k|NR_all_13111.1|1, l|NR_all_13111.1|1, m|NR_all_13111.1|1, n|NR_all_13111.1|1, o|NR_all_13111.1|1, p|NR_all_13111.1|1, q|NR_all_13111.1|1, r|NR_all_13111.1|1, s|NR_all_13111.1|1, t|NR_all_13111.1|1"
2WNA,"RNA3DB",""
2WW9,"RNA3DB","D|NR_all_07161.1|1, E|NR_all_07414.1|1, F|NR_all_16134.1|1, G|NR_all_88536.1|1"
2WWA,"RNA3DB","D|NR_all_07161.1|1, E|NR_all_07414.1|1, F|NR_all_16134.1|1, G|NR_all_88536.1|1"
2WWB,"RNA3DB","D|NR_all_12174.1|1, E|NR_all_78722.1|1, F|NR_all_99842.1|1, G|NR_all_11900.1|1"
2WYY,"RNA3DB","R|NR_all_50982.1|1, S|NR_all_50982.1|1"
2X1A,"RNA3DB","B|NR_all_28594.1|1"
2X1F,"RNA3DB","B|NR_all_28594.1|1"
2X2Q,"RNA3DB",""
2X7N,"RNA3DB","A|NR_all_39330.1|1"
2XB2,"RNA3DB","E|NR_all_62870.1|1, R|NR_all_43421.1|1"
2XBM,"RNA3DB","E|NR_all_45692.1|2, F|NR_all_45692.1|2"
2XC6,"RNA3DB",""
2XC7,"RNA3DB","P|NR_all_71000.1|1"
2XD0,"RNA3DB","G|NR_all_38950.2|1, H|NR_all_38950.2|1, I|NR_all_38950.2|1, U|NR_all_38950.2|1, V|NR_all_38950.2|1, W|NR_all_74806.1|1"
2XDB,"RNA3DB","G|NR_all_38950.2|1"
2XDD,"RNA3DB","F|NR_all_38950.2|1, G|NR_all_38950.2|1, H|NR_all_38950.2|1"
2XEA,"RNA3DB","R|NR_all_68372.1|1"
2XEB,"RNA3DB","A|NR_all_75614.1|2, B|NR_all_75614.1|2"
2XFM,"RNA3DB","B|NR_all_84157.1|1"
2XGJ,"RNA3DB","C|NR_all_11258.1|1, D|NR_all_74135.1|1"
2XKV,"RNA3DB","B|NR_all_80967.1|1"
2XLI,"RNA3DB","B|NR_all_65600.1|1"
2XLJ,"RNA3DB","B|NR_all_65600.1|1"
2XLK,"RNA3DB","C|NR_all_65600.1|1, D|NR_all_65600.1|1"
2XNR,"RNA3DB","C|NR_all_24558.1|1"
2XNW,"RNA3DB","A|NR_all_89429.6|1"
2XNZ,"RNA3DB","A|NR_all_89429.6|1"
2XO0,"RNA3DB","A|NR_all_89429.6|1"
2XO1,"RNA3DB","A|NR_all_89429.6|1"
2XPJ,"RNA3DB","D|NR_all_31791.1|1"
2XS2,"RNA3DB","B|NR_all_00973.1|1"
2XS5,"RNA3DB","C|NR_all_44600.1|1, D|NR_all_44600.1|1"
2XS7,"RNA3DB","B|NR_all_12819.1|1"
2XSL,"RNA3DB","A|NR_all_17264.1|2, B|NR_all_17264.1|2, C|NR_all_17264.1|2, D|NR_all_17264.1|2"
2XXA,"RNA3DB","F|NR_all_57933.1|1, G|NR_all_57933.1|1"
2XZL,"RNA3DB","B|NR_all_41539.1|1"
2XZO,"RNA3DB","D|NR_all_26157.1|1"
2Y8W,"RNA3DB","B|NR_all_87252.1|1"
2Y8Y,"RNA3DB","B|NR_all_78183.1|1"
2Y95,"RNA3DB","A|NR_all_11347.1|1"
2Y9H,"RNA3DB","B|NR_all_72322.1|1, D|NR_all_24738.1|1, F|NR_all_72322.1|1, H|NR_all_24738.1|1, J|NR_all_46586.1|1, L|NR_all_46586.1|1, N|NR_all_15533.1|1, P|NR_all_15533.1|1"
2YDH,"RNA3DB","A|NR_all_84517.1|1"
2YGH,"RNA3DB","A|NR_all_84517.1|1"
2YH1,"RNA3DB","B|NR_all_85410.1|1"
2YHM,"RNA3DB","K|NR_all_99841.1|1"
2YIE,"RNA3DB","X|NR_all_18889.3|2, Z|NR_all_18889.3|2"
2YIF,"RNA3DB","X|NR_all_75133.1|2, Z|NR_all_75133.1|2"
2YJY,"RNA3DB","C|NR_all_73930.1|1, D|NR_all_73930.1|1"
2YKG,"RNA3DB","C|NR_all_91231.1|2, D|NR_all_91231.1|2"
2YKR,"RNA3DB","A|NR_all_56726.132|1"
2YU9,"RNA3DB","R|NR_all_34359.12|1"
2Z74,"RNA3DB","B|NR_all_35133.6|1"
2Z75,"RNA3DB","B|NR_all_35133.6|1"
2Z9Q,"RNA3DB","A|NR_all_35537.1|1"
2ZH1,"RNA3DB","B|NR_all_66108.1|1"
2ZH2,"RNA3DB","B|NR_all_66108.1|1"
2ZH3,"RNA3DB","B|NR_all_66108.1|1"
2ZH4,"RNA3DB","B|NR_all_66108.1|1"
2ZH5,"RNA3DB","B|NR_all_66108.1|1"
2ZH6,"RNA3DB","B|NR_all_66108.1|1"
2ZH7,"RNA3DB","B|NR_all_66108.1|1"
2ZH8,"RNA3DB","B|NR_all_66108.1|1"
2ZH9,"RNA3DB","B|NR_all_66108.1|1"
2ZHA,"RNA3DB","B|NR_all_66108.1|1"
2ZHB,"RNA3DB","B|NR_all_66108.1|1"
2ZI0,"RNA3DB","C|NR_all_42560.1|2, D|NR_all_42560.1|2"
2ZJP,"RNA3DB","X|NR_all_88987.9|1, Z|NR_all_17405.9|1"
2ZJQ,"RNA3DB","X|NR_all_88987.9|1, Y|NR_all_17405.9|1"
2ZJR,"RNA3DB","X|NR_all_88987.9|1, Y|NR_all_17405.9|1"
2ZKO,"RNA3DB","C|NR_all_21658.1|2, D|NR_all_21658.1|2"
2ZM5,"RNA3DB","C|NR_all_19951.88|1, D|NR_all_19951.88|1"
2ZM6,"RNA3DB","A|NR_all_65795.80|1"
2ZNI,"RNA3DB","C|NR_all_76729.1|1, D|NR_all_76729.1|1"
2ZUE,"RNA3DB","B|NR_all_65284.1|1"
2ZUF,"RNA3DB","B|NR_all_65284.1|1"
2ZXU,"RNA3DB","C|NR_all_19951.88|1, D|NR_all_19951.88|1"
2ZY6,"RNA3DB","A|NR_all_78506.1|1"
2ZZM,"RNA3DB","B|NR_all_98075.1|1"
2ZZN,"RNA3DB","C|NR_all_90969.1|1, D|NR_all_90969.1|1"
300D,"RNA3DB","A|NR_all_65028.2|2, B|NR_all_65028.2|2"
301D,"RNA3DB","A|NR_all_65028.2|2, B|NR_all_65028.2|2"
310D,"RNA3DB",""
315D,"RNA3DB","A|NR_all_14080.1|2, B|NR_all_14080.1|2"
332D,"RNA3DB","A|NR_all_79329.1|2, B|NR_all_79329.1|2"
333D,"RNA3DB","A|NR_all_12322.1|1"
353D,"RNA3DB","A|NR_all_99060.1|2, B|NR_all_99060.1|2"
354D,"RNA3DB","A|NR_all_63943.1|2, B|NR_all_63943.1|2"
357D,"RNA3DB","A|NR_all_34610.1|3, B|NR_all_34610.1|3, C|NR_all_34610.1|3"
359D,"RNA3DB","A|NR_all_65028.2|2, B|NR_all_65028.2|2"
361D,"RNA3DB","A|NR_all_73526.1|1, B|NR_all_70550.1|1"
364D,"RNA3DB","A|NR_all_34610.1|3, B|NR_all_34610.1|3, C|NR_all_34610.1|3"
377D,"RNA3DB","A|NR_all_70871.1|2, B|NR_all_70871.1|2, C|NR_all_70871.1|2, D|NR_all_70871.1|2"
379D,"RNA3DB","A|NR_all_65028.2|2, B|NR_all_65028.2|2"
387D,"RNA3DB","A|NR_all_96653.1|1"
393D,"RNA3DB","A|NR_all_71188.3|1, B|NR_all_71188.3|1"
394D,"RNA3DB","A|NR_all_71188.3|2, B|NR_all_71188.3|2"
397D,"RNA3DB","A|NR_all_45442.1|2, B|NR_all_45442.1|2"
398D,"RNA3DB","A|NR_all_34492.3|1, C|NR_all_34492.3|1"
3A2K,"RNA3DB","C|NR_all_65114.1|1, D|NR_all_65114.1|1"
3A3A,"RNA3DB","A|NR_all_90840.6|1"
3A6P,"RNA3DB","D|NR_all_30596.1|2, E|NR_all_30596.1|2, I|NR_all_30596.1|2, J|NR_all_30596.1|2"
3ADB,"RNA3DB","C|NR_all_63789.1|1, D|NR_all_63789.1|1"
3ADC,"RNA3DB","C|NR_all_63789.1|1, D|NR_all_63789.1|1"
3ADD,"RNA3DB","C|NR_all_63789.1|1, D|NR_all_63789.1|1"
3ADI,"RNA3DB","D|NR_all_93513.1|2, E|NR_all_93513.1|2"
3ADL,"RNA3DB","B|NR_all_39323.1|2, C|NR_all_39323.1|2"
3AEV,"RNA3DB","C|NR_all_65768.1|1"
3AF6,"RNA3DB",""
3AGV,"RNA3DB","S|NR_all_23187.1|1, U|NR_all_23187.1|1"
3AHU,"RNA3DB","X|NR_all_75304.1|1"
3AKZ,"RNA3DB","E|NR_all_04935.2|1, F|NR_all_04935.2|1, G|NR_all_04935.2|1, H|NR_all_04935.2|1"
3AL0,"RNA3DB","E|NR_all_07243.1|1"
3AM1,"RNA3DB","B|NR_all_13919.1|1"
3AMT,"RNA3DB","B|NR_all_56041.1|1"
3AMU,"RNA3DB","B|NR_all_56041.1|1"
3AOH,"RNA3DB","Q|NR_all_74936.1|1"
3AOI,"RNA3DB","Q|NR_all_74936.1|1, S|NR_all_51028.1|1, U|NR_all_87008.1|1"
3AVT,"RNA3DB","T|NR_all_75747.1|1"
3AVU,"RNA3DB","G|NR_all_29245.1|2, T|NR_all_29245.1|2"
3AVV,"RNA3DB","G|NR_all_26115.1|2, T|NR_all_26115.1|2"
3AVW,"RNA3DB","G|NR_all_55371.1|2, T|NR_all_55371.1|2"
3AVX,"RNA3DB","G|NR_all_51980.1|2, T|NR_all_51980.1|2"
3AVY,"RNA3DB","G|NR_all_09827.1|2, T|NR_all_09827.1|2"
3B0U,"RNA3DB","A|NR_all_35987.1|1, B|NR_all_35987.1|1"
3B0V,"RNA3DB","A|NR_all_64404.2|1, B|NR_all_64404.2|1"
3B31,"RNA3DB","A|NR_all_62149.1|2, B|NR_all_62149.1|2"
3B4A,"RNA3DB","B|NR_all_35133.6|1"
3B4B,"RNA3DB","B|NR_all_35133.6|1"
3B4C,"RNA3DB","B|NR_all_35133.6|1"
3B58,"RNA3DB","A|NR_all_02086.1|3, B|NR_all_02086.1|3, C|NR_all_02086.1|3"
3B5A,"RNA3DB","A|NR_all_02086.1|3, B|NR_all_02086.1|3, C|NR_all_02086.1|3"
3B5F,"RNA3DB","A|NR_all_02086.1|3, B|NR_all_02086.1|3, C|NR_all_02086.1|3"
3B5S,"RNA3DB","A|NR_all_02086.1|3, B|NR_all_02086.1|3, C|NR_all_02086.1|3"
3B91,"RNA3DB","A|NR_all_02086.1|3, B|NR_all_02086.1|3, C|NR_all_02086.1|3"
3BBI,"RNA3DB","A|NR_all_02086.1|3, B|NR_all_02086.1|3, C|NR_all_02086.1|3"
3BBK,"RNA3DB","A|NR_all_02086.1|3, B|NR_all_02086.1|3, C|NR_all_02086.1|3"
3BBM,"RNA3DB","A|NR_all_02086.1|3, B|NR_all_02086.1|3, C|NR_all_02086.1|3"
3BBV,"RNA3DB","z|NR_all_95556.6|1"
3BBX,"RNA3DB","A|NR_all_10157.143|1, B|NR_all_83717.145|1"
3BNL,"RNA3DB","A|NR_all_71199.5|2, B|NR_all_71199.5|2"
3BNN,"RNA3DB","A|NR_all_46403.1|2, B|NR_all_46403.1|2, C|NR_all_46403.1|2, D|NR_all_46403.1|2"
3BNO,"RNA3DB","A|NR_all_46403.1|2, B|NR_all_46403.1|2, C|NR_all_46403.1|2, D|NR_all_46403.1|2"
3BNP,"RNA3DB","A|NR_all_46403.1|2, B|NR_all_46403.1|2"
3BNQ,"RNA3DB","A|NR_all_38099.1|2, B|NR_all_38099.1|2, C|NR_all_38099.1|2, D|NR_all_38099.1|2"
3BNR,"RNA3DB","A|NR_all_38099.1|2, B|NR_all_38099.1|2, C|NR_all_38099.1|2, D|NR_all_38099.1|2"
3BNS,"RNA3DB","A|NR_all_38099.1|2, B|NR_all_38099.1|2, C|NR_all_38099.1|2, D|NR_all_38099.1|2"
3BNT,"RNA3DB","A|NR_all_21191.1|1"
3BO0,"RNA3DB","D|NR_all_39089.1|1, E|NR_all_03120.1|1, F|NR_all_01016.1|1, G|NR_all_28149.1|1"
3BO1,"RNA3DB","D|NR_all_39089.1|1, E|NR_all_03120.1|1, F|NR_all_01016.1|1, G|NR_all_28149.1|1"
3BO2,"RNA3DB","B|NR_all_30944.5|1"
3BO3,"RNA3DB","B|NR_all_30944.5|1"
3BO4,"RNA3DB","B|NR_all_30944.5|1"
3BOY,"RNA3DB","D|NR_all_14870.1|1"
3BSB,"RNA3DB","C|NR_all_76670.1|1"
3BSN,"RNA3DB","P|NR_all_64844.1|2, T|NR_all_64844.1|2"
3BSO,"RNA3DB","P|NR_all_64844.1|2, T|NR_all_64844.1|2"
3BSU,"RNA3DB","D|NR_all_11791.1|1, I|NR_all_11791.1|1"
3BSX,"RNA3DB","C|NR_all_91544.1|1, D|NR_all_91544.1|1"
3BT7,"RNA3DB","C|NR_all_51674.1|1, D|NR_all_51674.1|1"
3BWP,"RNA3DB","A|NR_all_35054.6|1"
3BX2,"RNA3DB","C|NR_all_27661.1|1, D|NR_all_27661.1|1"
3BX3,"RNA3DB","C|NR_all_95803.1|1, D|NR_all_95803.1|1"
3C3Z,"RNA3DB","A|NR_all_60167.4|2, B|NR_all_60167.4|2"
3C44,"RNA3DB","A|NR_all_60167.4|2, B|NR_all_60167.4|2"
3C5D,"RNA3DB","A|NR_all_60167.4|2, B|NR_all_60167.4|2"
3C7R,"RNA3DB","A|NR_all_60167.4|2, B|NR_all_60167.4|2"
3CC2,"RNA3DB","0|NR_all_26150.3|1, 9|NR_all_25303.3|1"
3CC4,"RNA3DB","0|NR_all_26150.3|1, 9|NR_all_25303.3|1"
3CC7,"RNA3DB","0|NR_all_26150.3|1, 9|NR_all_25303.3|1"
3CCE,"RNA3DB","0|NR_all_26150.3|1, 9|NR_all_25303.3|1"
3CCJ,"RNA3DB","0|NR_all_26150.3|1, 9|NR_all_25303.3|1"
3CCL,"RNA3DB","0|NR_all_26150.3|1, 9|NR_all_25303.3|1"
3CCM,"RNA3DB","0|NR_all_26150.3|1, 9|NR_all_25303.3|1"
3CCQ,"RNA3DB","0|NR_all_26150.3|1, 9|NR_all_25303.3|1"
3CCR,"RNA3DB","0|NR_all_26150.3|1, 9|NR_all_25303.3|1"
3CCS,"RNA3DB","0|NR_all_26150.3|1, 9|NR_all_25303.3|1"
3CCU,"RNA3DB","0|NR_all_26150.3|1, 9|NR_all_25303.3|1"
3CCV,"RNA3DB","0|NR_all_26150.3|1, 9|NR_all_25303.3|1"
3CD6,"RNA3DB","0|NR_all_26150.3|1, 4|NR_all_60049.5|1, 9|NR_all_25303.3|1"
3CF5,"RNA3DB","X|NR_all_88987.9|1, Z|NR_all_17405.9|1"
3CGP,"RNA3DB","A|NR_all_22223.1|2, B|NR_all_22223.1|2"
3CGQ,"RNA3DB","A|NR_all_22223.1|2, B|NR_all_22223.1|2"
3CGR,"RNA3DB","A|NR_all_17852.1|2, B|NR_all_17852.1|2"
3CGS,"RNA3DB","A|NR_all_46216.1|2, B|NR_all_46216.1|2"
3CIY,"RNA3DB","C|NR_all_17773.1|2, D|NR_all_17773.1|2"
3CJZ,"RNA3DB","A|NR_all_96160.1|2, B|NR_all_96160.1|2"
3CMA,"RNA3DB","0|NR_all_26150.3|1, 5|NR_all_60049.5|1, 9|NR_all_25303.3|1"
3CME,"RNA3DB","0|NR_all_26150.3|1, 5|NR_all_60049.5|1, 9|NR_all_25303.3|1"
3CPW,"RNA3DB","0|NR_all_26150.3|1, 9|NR_all_25303.3|1"
3CQS,"RNA3DB","A|NR_all_05114.1|1, C|NR_all_98705.5|1"
3CR1,"RNA3DB","A|NR_all_05114.1|1, C|NR_all_98705.5|1"
3CUL,"RNA3DB","C|NR_all_49553.1|1, D|NR_all_49553.1|1"
3CUN,"RNA3DB","C|NR_all_49553.1|1, D|NR_all_49553.1|1"
3CW1,"RNA3DB","V|NR_all_33460.5|1, v|NR_all_33460.5|1, w|NR_all_33460.5|1, x|NR_all_33460.5|1"
3CW5,"2020 RNA, RNA3DB","A|NR_all_35542.140|1"
3CW6,"RNA3DB","A|NR_all_35542.140|1"
3CXC,"RNA3DB","0|NR_all_26150.3|1, 9|NR_all_25303.3|1"
3CZ3,"RNA3DB","E|NR_all_88906.1|2, F|NR_all_88906.1|2, G|NR_all_88906.1|2, H|NR_all_88906.1|2"
3CZW,"RNA3DB","X|NR_all_98916.1|1"
3D0M,"RNA3DB","X|NR_all_33763.1|1"
3D0U,"RNA3DB","A|NR_all_22479.1|1"
3D0X,"RNA3DB","A|NR_all_22479.1|1"
3D2G,"2020 RNA, RNA3DB","A|NR_all_27756.1|1, B|NR_all_27756.1|1"
3D2S,"RNA3DB","E|NR_all_67685.1|1, F|NR_all_35553.1|1, G|NR_all_67685.1|1, H|NR_all_35553.1|1"
3D2V,"RNA3DB","A|NR_all_27756.1|1, B|NR_all_27756.1|1"
3D2X,"RNA3DB","A|NR_all_27756.1|1, B|NR_all_27756.1|1"
3DD2,"RNA3DB","B|NR_all_76733.1|1"
3DEG,"RNA3DB","A|NR_all_82548.1|1, B|NR_all_35542.140|1, E|NR_all_17203.1|1, F|NR_all_05581.1|1, G|NR_all_18034.1|1, I|NR_all_94729.10|1, J|NR_all_50559.1|1, K|NR_all_15428.1|1"
3DG0,"RNA3DB","A|NR_all_56726.132|1, B|NR_all_83717.145|1"
3DG2,"RNA3DB","A|NR_all_56726.132|1, B|NR_all_83717.145|1"
3DG4,"RNA3DB","A|NR_all_56726.132|1, B|NR_all_83717.145|1"
3DG5,"RNA3DB","A|NR_all_56726.132|1, B|NR_all_83717.145|1"
3DH3,"RNA3DB","E|NR_all_51791.1|2, F|NR_all_51791.1|2, G|NR_all_51791.1|2, H|NR_all_51791.1|2"
3DHS,"RNA3DB","A|NR_all_82016.1|1"
3DIG,"RNA3DB","X|NR_all_29848.1|1"
3DIL,"2020 RNA, RNA3DB","A|NR_all_29848.1|1"
3DIM,"RNA3DB","A|NR_all_29848.1|1"
3DIO,"RNA3DB","X|NR_all_29848.1|1"
3DIQ,"RNA3DB","A|NR_all_29848.1|1"
3DIR,"RNA3DB","A|NR_all_29848.1|1"
3DIS,"RNA3DB","A|NR_all_29848.1|1"
3DIX,"RNA3DB","A|NR_all_29848.1|1"
3DIY,"RNA3DB","A|NR_all_29848.1|1"
3DIZ,"RNA3DB","A|NR_all_29848.1|1"
3DJ0,"RNA3DB","A|NR_all_29848.1|1"
3DJ2,"RNA3DB","A|NR_all_29848.1|1"
3DKN,"RNA3DB","D|NR_all_91663.1|2, E|NR_all_91663.1|2, F|NR_all_44181.1|1"
3DLL,"RNA3DB","X|NR_all_88987.9|1, Z|NR_all_17405.9|1"
3DS7,"RNA3DB","A|NR_all_89429.6|1, B|NR_all_89429.6|1"
3DVV,"RNA3DB","A|NR_all_60167.4|2, B|NR_all_60167.4|2"
3DVZ,"RNA3DB","A|NR_all_94729.10|1"
3DW4,"RNA3DB","A|NR_all_94729.10|1"
3DW5,"RNA3DB","A|NR_all_94729.10|1"
3DW6,"RNA3DB","A|NR_all_94729.10|1"
3DW7,"RNA3DB","A|NR_all_94729.10|1"
3E2E,"RNA3DB","R|NR_all_39268.1|1"
3E3J,"RNA3DB","R|NR_all_46343.1|1, Z|NR_all_46343.1|1"
3E5C,"2020 RNA, RNA3DB","A|NR_all_58167.1|1"
3E5E,"RNA3DB","A|NR_all_58167.1|1"
3E5F,"RNA3DB","A|NR_all_58167.1|1"
3EGZ,"RNA3DB","B|NR_all_30439.1|1"
3EOG,"RNA3DB","A|NR_all_35054.6|1"
3EOH,"RNA3DB","A|NR_all_35054.6|1"
3EP2,"RNA3DB","A|NR_all_05489.1|1, B|NR_all_30893.1|1, C|NR_all_74887.1|1, D|NR_all_94729.10|1, E|NR_all_15678.1|1, Y|NR_all_82548.1|1"
3EPH,"RNA3DB","E|NR_all_45040.1|1, F|NR_all_45040.1|1"
3EPJ,"RNA3DB","E|NR_all_45040.1|1, F|NR_all_45040.1|1"
3EPK,"RNA3DB","E|NR_all_45040.1|1, F|NR_all_45040.1|1"
3EPL,"RNA3DB","E|NR_all_45040.1|1, F|NR_all_45040.1|1"
3EQ3,"RNA3DB","A|NR_all_05489.1|1, B|NR_all_30893.1|1, C|NR_all_74887.1|1, D|NR_all_94729.10|1, E|NR_all_15678.1|1, Y|NR_all_82548.1|1"
3EQ4,"RNA3DB","A|NR_all_05489.1|1, B|NR_all_30893.1|1, C|NR_all_74887.1|1, D|NR_all_94729.10|1, E|NR_all_15678.1|1, Y|NR_all_71214.1|1"
3EQT,"RNA3DB","C|NR_all_62752.1|2, D|NR_all_62752.1|2"
3ER8,"RNA3DB","E|NR_all_65664.1|1, F|NR_all_58433.1|1, G|NR_all_25967.1|1, H|NR_all_25967.1|1"
3ER9,"RNA3DB","D|NR_all_21736.7|1"
3ERC,"RNA3DB","E|NR_all_07227.1|1, F|NR_all_07227.1|1, G|NR_all_40973.1|1, I|NR_all_65664.1|1"
3EX7,"RNA3DB","F|NR_all_74924.26|1, J|NR_all_74924.26|1"
3F2Q,"2020 RNA, RNA3DB","X|NR_all_47203.2|1"
3F2T,"RNA3DB","X|NR_all_47203.2|1"
3F2W,"RNA3DB","X|NR_all_47203.2|1"
3F2X,"RNA3DB","X|NR_all_47203.2|1"
3F2Y,"RNA3DB","X|NR_all_47203.2|1"
3F30,"RNA3DB","X|NR_all_47203.2|1"
3F4E,"RNA3DB","X|NR_all_75133.1|2, Y|NR_all_75133.1|2"
3F4G,"RNA3DB","X|NR_all_18889.3|2, Y|NR_all_18889.3|2"
3F4H,"RNA3DB","X|NR_all_75133.1|2, Y|NR_all_75133.1|2"
3F73,"RNA3DB","H|NR_all_26629.4|1, Y|NR_all_26629.4|1"
3FAR,"RNA3DB","A|NR_all_60167.4|2, B|NR_all_60167.4|2"
3FHT,"RNA3DB","C|NR_all_80904.1|1, D|NR_all_15144.1|1"
3FO4,"RNA3DB","A|NR_all_89429.6|1"
3FO6,"RNA3DB","A|NR_all_89429.6|1"
3FOZ,"RNA3DB","C|NR_all_19951.88|1, D|NR_all_79523.1|1"
3FS0,"RNA3DB","A|NR_all_55153.1|2, B|NR_all_55153.1|2"
3FTE,"RNA3DB","C|NR_all_55295.1|2, D|NR_all_55295.1|2"
3FTF,"RNA3DB","C|NR_all_25813.1|2, D|NR_all_25813.1|2"
3FTM,"RNA3DB","A|NR_all_79282.1|2, B|NR_all_79282.1|2, C|NR_all_79282.1|2, D|NR_all_79282.1|2"
3FU2,"RNA3DB","A|NR_all_95363.4|1, B|NR_all_95363.4|1, C|NR_all_95363.4|1"
3FWO,"RNA3DB","A|NR_all_88987.9|1, B|NR_all_17405.9|1"
3G0H,"RNA3DB","E|NR_all_69076.1|1"
3G4M,"RNA3DB","A|NR_all_89429.6|1"
3G4S,"RNA3DB","0|NR_all_26150.3|1, 9|NR_all_25303.3|1"
3G6E,"RNA3DB","0|NR_all_26150.3|1, 9|NR_all_25303.3|1"
3G71,"RNA3DB","0|NR_all_26150.3|1, 9|NR_all_25303.3|1"
3G78,"RNA3DB","A|NR_all_35054.6|1"
3G8S,"RNA3DB","P|NR_all_08692.3|1, Q|NR_all_08692.3|1, R|NR_all_08692.3|1, S|NR_all_08692.3|1"
3G8T,"RNA3DB","P|NR_all_08692.3|1, Q|NR_all_08692.3|1, R|NR_all_08692.3|1, S|NR_all_08692.3|1"
3G96,"RNA3DB","P|NR_all_08692.3|1, Q|NR_all_08692.3|1, R|NR_all_08692.3|1, S|NR_all_08692.3|1"
3G9C,"RNA3DB","P|NR_all_08692.3|1, Q|NR_all_08692.3|1, R|NR_all_08692.3|1, S|NR_all_08692.3|1"
3G9Y,"RNA3DB","C|NR_all_49451.1|1"
3GAO,"RNA3DB","A|NR_all_89429.6|1"
3GCA,"RNA3DB","A|NR_all_80276.4|1"
3GER,"RNA3DB","A|NR_all_89429.6|1"
3GES,"RNA3DB","A|NR_all_89429.6|1"
3GIB,"RNA3DB","H|NR_all_82961.1|1"
3GLP,"RNA3DB","A|NR_all_02057.1|2, B|NR_all_02057.1|2, C|NR_all_81896.2|2, D|NR_all_81896.2|2, E|NR_all_81896.2|1"
3GM7,"RNA3DB","G|NR_all_25125.1|2, H|NR_all_25125.1|2"
3GOG,"RNA3DB","A|NR_all_89429.6|1"
3GOT,"RNA3DB","A|NR_all_89429.6|1"
3GPQ,"RNA3DB","E|NR_all_65223.11|1, F|NR_all_65223.11|1"
3GS1,"RNA3DB","A|NR_all_98705.5|4, B|NR_all_98705.5|4, C|NR_all_98705.5|4, D|NR_all_98705.5|4"
3GS5,"RNA3DB","A|NR_all_24791.1|1, C|NR_all_24663.1|1"
3GS8,"RNA3DB","A|NR_all_98705.5|4, B|NR_all_98705.5|4, C|NR_all_98705.5|4, D|NR_all_98705.5|4"
3GTG,"RNA3DB","R|NR_all_93052.1|1"
3GTJ,"RNA3DB","R|NR_all_60450.1|1"
3GTK,"RNA3DB","R|NR_all_47915.1|1"
3GTL,"RNA3DB","R|NR_all_74183.1|1"
3GTM,"RNA3DB","M|NR_all_60450.1|1"
3GTO,"RNA3DB","R|NR_all_48000.1|1"
3GTP,"RNA3DB","R|NR_all_28179.1|1"
3GTQ,"RNA3DB","R|NR_all_69936.1|1"
3GVN,"RNA3DB","A|NR_all_80567.1|2, B|NR_all_80567.1|2"
3GX2,"RNA3DB","A|NR_all_84517.1|1"
3GX3,"RNA3DB","A|NR_all_84517.1|1"
3GX5,"2020 RNA, RNA3DB","A|NR_all_84517.1|1"
3GX6,"RNA3DB","A|NR_all_84517.1|1"
3GX7,"RNA3DB","A|NR_all_84517.1|1"
3H3V,"RNA3DB","P|NR_all_86975.1|1"
3H5X,"RNA3DB","P|NR_all_64844.1|2, T|NR_all_64844.1|2"
3H5Y,"RNA3DB","P|NR_all_64844.1|2, T|NR_all_64844.1|2"
3HAX,"RNA3DB","E|NR_all_34126.1|1"
3HAY,"RNA3DB","E|NR_all_42461.1|1"
3HGA,"RNA3DB","X|NR_all_12080.1|1"
3HHN,"RNA3DB","C|NR_all_66484.2|1, E|NR_all_66484.2|1"
3HHZ,"RNA3DB","R|NR_all_10203.2|1"
3HJF,"RNA3DB","Y|NR_all_44916.1|1"
3HJW,"RNA3DB","D|NR_all_77181.1|2, E|NR_all_77181.1|2"
3HJY,"RNA3DB","C|NR_all_79502.1|3, D|NR_all_79502.1|3, E|NR_all_79502.1|3"
3HK2,"RNA3DB","D|NR_all_26629.4|1, F|NR_all_26629.4|1"
3HL2,"RNA3DB","E|NR_all_90840.6|1"
3HM9,"RNA3DB","Y|NR_all_26629.4|1"
3HO1,"RNA3DB","Y|NR_all_57417.1|1"
3HOU,"RNA3DB","3|NR_all_10218.1|1, 6|NR_all_10218.1|1"
3HOV,"RNA3DB","P|NR_all_33750.1|1"
3HOW,"RNA3DB","3|NR_all_34753.1|1"
3HOX,"RNA3DB","P|NR_all_34753.1|1"
3HOY,"RNA3DB","P|NR_all_37091.1|1"
3HOZ,"RNA3DB","P|NR_all_63409.1|1"
3HSB,"RNA3DB","X|NR_all_23301.1|1"
3HTX,"RNA3DB","B|NR_all_47541.1|2, C|NR_all_47541.1|2, E|NR_all_47541.1|2, F|NR_all_47541.1|2"
3HVR,"RNA3DB","D|NR_all_26629.4|1, N|NR_all_26629.4|1"
3HXM,"RNA3DB","Y|NR_all_26629.4|1"
3I2Q,"RNA3DB","A|NR_all_66544.1|1, C|NR_all_98705.5|1"
3I2R,"RNA3DB","A|NR_all_66544.1|1, C|NR_all_98705.5|1"
3I2S,"RNA3DB","A|NR_all_66544.1|1, C|NR_all_98705.5|1"
3I2U,"RNA3DB","A|NR_all_66544.1|1, C|NR_all_98705.5|1"
3I4M,"RNA3DB","P|NR_all_38973.1|1"
3I4N,"RNA3DB","P|NR_all_83504.1|1"
3I55,"RNA3DB","0|NR_all_26150.3|1, 9|NR_all_25303.3|1"
3I56,"RNA3DB","0|NR_all_26150.3|1, 9|NR_all_25303.3|1"
3I5X,"RNA3DB","B|NR_all_51748.1|1"
3I5Y,"RNA3DB","B|NR_all_51748.1|1"
3I61,"RNA3DB","B|NR_all_51748.1|1"
3I62,"RNA3DB","B|NR_all_51748.1|1"
3IAB,"RNA3DB","R|NR_all_01806.1|1"
3IBK,"RNA3DB","A|NR_all_07832.1|1, B|NR_all_70081.1|1"
3ICE,"RNA3DB","G|NR_all_78175.1|1"
3ICQ,"RNA3DB","D|NR_all_17498.1|1, E|NR_all_17498.1|1"
3ID5,"RNA3DB","D|NR_all_89380.1|1, H|NR_all_44800.1|1"
3IE1,"RNA3DB","E|NR_all_96683.7|1, F|NR_all_96683.7|1, G|NR_all_96683.7|1, H|NR_all_96683.7|1"
3IEM,"RNA3DB",""
3IEV,"RNA3DB","D|NR_all_65401.1|1"
3IGI,"RNA3DB","A|NR_all_35054.6|1"
3IIN,"RNA3DB","B|NR_all_30944.5|1"
3IQN,"RNA3DB","A|NR_all_84517.1|1"
3IQP,"RNA3DB","A|NR_all_84517.1|1"
3IQR,"RNA3DB","A|NR_all_84517.1|1"
3IRW,"RNA3DB","R|NR_all_12260.3|1"
3IVK,"RNA3DB","C|NR_all_58564.1|1, M|NR_all_58564.1|1"
3IVN,"RNA3DB","A|NR_all_66984.1|1, B|NR_all_66984.1|1"
3IWN,"RNA3DB","A|NR_all_25458.1|1, B|NR_all_25458.1|1"
3IY8,"RNA3DB","A|NR_all_44994.1|1"
3IY9,"RNA3DB","A|NR_all_51668.1|1"
3IYQ,"RNA3DB","A|NR_all_34600.1|1"
3IYR,"RNA3DB","A|NR_all_86019.1|1"
3IZ4,"RNA3DB","A|NR_all_65254.1|1"
3IZD,"RNA3DB","A|NR_all_17064.1|1"
3IZY,"RNA3DB","N|NR_all_58975.1|1"
3IZZ,"RNA3DB","A|NR_all_69815.1|1, B|NR_all_50467.1|1, D|NR_all_85143.1|1, E|NR_all_16356.1|1"
3J06,"RNA3DB","R|NR_all_40208.1|1"
3J0D,"RNA3DB","A|NR_all_30893.1|1, B|NR_all_18337.3|1, C|NR_all_17900.1|1, D|NR_all_00844.3|1, E|NR_all_10994.1|1, F|NR_all_01159.1|1, H|NR_all_07345.1|2, h|NR_all_07345.1|2"
3J0E,"RNA3DB","A|NR_all_18337.3|1, B|NR_all_17900.1|1, C|NR_all_00844.3|1, D|NR_all_10994.1|1, E|NR_all_07345.1|2, e|NR_all_07345.1|2"
3J0L,"RNA3DB","1|NR_all_69065.1|1, 2|NR_all_11808.1|1, 3|NR_all_71842.1|1, 4|NR_all_93451.1|1, 5|NR_all_68052.1|1, 6|NR_all_63046.1|1, 7|NR_all_28256.1|1, 8|NR_all_57105.1|1, E|NR_all_39771.1|2, G|NR_all_56124.1|3, V|NR_all_22323.3|1, W|NR_all_22323.3|1, Y|NR_all_22323.3|1, a|NR_all_65349.1|1, b|NR_all_23724.1|1, c|NR_all_62142.1|1, d|NR_all_56124.1|3, e|NR_all_39771.1|2, f|NR_all_20576.1|1, g|NR_all_56124.1|3, h|NR_all_59615.1|1, w|NR_all_53003.3|1"
3J0O,"RNA3DB","2|NR_all_11808.1|1, 3|NR_all_71842.1|1, 4|NR_all_93451.1|1, 5|NR_all_68052.1|1, 6|NR_all_63046.1|1, 7|NR_all_28256.1|1, 8|NR_all_57105.1|1, E|NR_all_39771.1|2, G|NR_all_56124.1|3, V|NR_all_22323.3|1, W|NR_all_22323.3|1, Y|NR_all_22323.3|1, a|NR_all_65349.1|1, b|NR_all_23724.1|1, c|NR_all_62142.1|1, d|NR_all_56124.1|3, e|NR_all_39771.1|2, f|NR_all_20576.1|1, g|NR_all_56124.1|3, h|NR_all_59615.1|1, w|NR_all_53003.3|1"
3J0P,"RNA3DB","2|NR_all_11808.1|1, 3|NR_all_71842.1|1, 7|NR_all_28256.1|1, G|NR_all_56124.1|3, W|NR_all_76789.1|1, Y|NR_all_22323.3|1, a|NR_all_65349.1|1, c|NR_all_62142.1|1, d|NR_all_56124.1|3, f|NR_all_20576.1|1, g|NR_all_56124.1|3, h|NR_all_59615.1|1, w|NR_all_53003.3|1"
3J0Q,"RNA3DB","2|NR_all_11808.1|1, 3|NR_all_71842.1|1, 7|NR_all_28256.1|1, 9|NR_all_25280.1|1, G|NR_all_56124.1|3, W|NR_all_76789.1|1, Y|NR_all_76789.1|1, a|NR_all_65349.1|1, c|NR_all_62142.1|1, d|NR_all_56124.1|3, f|NR_all_20576.1|1, g|NR_all_56124.1|3, h|NR_all_59615.1|1, w|NR_all_53003.3|1, y|NR_all_58433.1|1"
3J16,"RNA3DB","J|NR_all_09979.1|1, K|NR_all_20398.1|1, L|NR_all_21264.2|1"
3J28,"RNA3DB","N|NR_all_56726.132|1"
3J29,"RNA3DB","N|NR_all_56726.132|1"
3J2A,"RNA3DB","N|NR_all_56726.132|1"
3J2B,"RNA3DB","N|NR_all_56726.132|1"
3J2C,"RNA3DB","M|NR_all_11905.1|1, N|NR_all_56726.132|1, O|NR_all_41448.1|1"
3J2D,"RNA3DB","N|NR_all_56726.132|1"
3J2E,"RNA3DB","N|NR_all_56726.132|1"
3J2F,"RNA3DB","N|NR_all_56726.132|1"
3J2G,"RNA3DB","N|NR_all_56726.132|1"
3J2H,"RNA3DB","N|NR_all_56726.132|1"
3J3V,"RNA3DB","A|NR_all_41610.20|1, B|NR_all_97435.16|1"
3J3W,"RNA3DB","A|NR_all_41610.20|1"
3J45,"RNA3DB","1|NR_all_06653.1|1, 2|NR_all_82908.1|1, 3|NR_all_18404.1|1, 4|NR_all_52305.1|1, 5|NR_all_86022.1|1"
3J46,"RNA3DB","1|NR_all_06653.1|1, 2|NR_all_82908.1|1, 3|NR_all_38367.1|1, 4|NR_all_86022.1|1, a|NR_all_19951.88|1, p|NR_all_05887.2|1"
3J5L,"RNA3DB","A|NR_all_83717.145|1, B|NR_all_10157.143|1"
3J5S,"RNA3DB","A|NR_all_20384.1|1, B|NR_all_89241.1|1, E|NR_all_35542.140|1"
3J5Y,"RNA3DB","D|NR_all_89821.1|1"
3J6B,"RNA3DB","A|NR_all_08470.1|1, e|NR_all_16888.1|1"
3J6X,"RNA3DB","1S|NR_all_03510.64|1, 2S|NR_all_90506.74|2, 5S|NR_all_18586.69|1, 8S|NR_all_90506.74|2, IR|NR_all_04576.2|1"
3J6Y,"RNA3DB","1S|NR_all_03510.64|1, 2S|NR_all_90506.74|2, 5S|NR_all_18586.69|1, 8S|NR_all_90506.74|2, IR|NR_all_04576.2|1"
3J77,"RNA3DB","1S|NR_all_03510.64|1, 2S|NR_all_90506.74|2, 5S|NR_all_18586.69|1, 8S|NR_all_90506.74|2, PT|NR_all_35542.140|1"
3J78,"RNA3DB","1S|NR_all_03510.64|1, 2S|NR_all_90506.74|2, 5S|NR_all_18586.69|1, 8S|NR_all_90506.74|2, ET|NR_all_35542.140|1, PT|NR_all_35542.140|1"
3J79,"RNA3DB","A|NR_all_95755.3|2, B|NR_all_17605.3|1, C|NR_all_95755.3|2"
3J7A,"RNA3DB","7|NR_all_50753.2|1, A|NR_all_45231.2|1"
3J7O,"RNA3DB","5|NR_all_26483.1|2, 7|NR_all_62824.1|1, 8|NR_all_26483.1|2"
3J7P,"RNA3DB","5|NR_all_26483.1|2, 7|NR_all_62824.1|1, 8|NR_all_26483.1|2, S2|NR_all_61505.1|1"
3J7Q,"RNA3DB","5|NR_all_26483.1|2, 7|NR_all_62824.1|1, 8|NR_all_26483.1|2"
3J7R,"RNA3DB","5|NR_all_26483.1|2, 7|NR_all_62824.1|1, 8|NR_all_26483.1|2, S2|NR_all_61505.1|1, S5|NR_all_73958.1|1, S6|NR_all_83547.1|1"
3J7Y,"RNA3DB","A|NR_all_12763.29|1, B|NR_all_73428.23|1"
3J7Z,"RNA3DB","A|NR_all_83717.145|1, B|NR_all_10157.143|1"
3J80,"RNA3DB","2|NR_all_45441.2|1"
3J81,"RNA3DB","1|NR_all_81815.1|1, 2|NR_all_45441.2|1"
3J8G,"RNA3DB","A|NR_all_10157.143|1, B|NR_all_83717.145|1"
3J92,"RNA3DB","2|NR_all_03720.1|1, 5|NR_all_06650.37|2, 7|NR_all_10255.37|1, 8|NR_all_06650.37|2"
3J9B,"RNA3DB","D|NR_all_51587.3|1, E|NR_all_58889.1|1, K|NR_all_51587.3|2, L|NR_all_51587.3|2"
3J9M,"RNA3DB","AA|NR_all_93855.17|1, A|NR_all_12763.29|1, B|NR_all_73428.23|1, u|NR_all_19793.1|1"
3J9W,"RNA3DB","AA|NR_all_94066.10|1, AX|NR_all_09297.4|1, BA|NR_all_41610.20|1, BB|NR_all_97435.16|1"
3J9Y,"RNA3DB","A|NR_all_83717.145|1, B|NR_all_10157.143|1, a|NR_all_56726.132|1, v|NR_all_35542.140|1"
3J9Z,"RNA3DB","LA|NR_all_83717.145|1, LB|NR_all_10157.143|1, S6|NR_all_20721.10|1, S7|NR_all_95556.6|1, SA|NR_all_56726.132|1"
3JA1,"RNA3DB","LA|NR_all_83717.145|1, LB|NR_all_10157.143|1, S2|NR_all_20721.10|1, SA|NR_all_56726.132|1"
3JAG,"RNA3DB","2|NR_all_68467.12|1, 3|NR_all_36843.3|1, 5|NR_all_06650.37|2, 7|NR_all_10255.37|1, 8|NR_all_06650.37|2, 9|NR_all_21280.33|1"
3JAH,"RNA3DB","2|NR_all_68467.12|1, 3|NR_all_36843.3|1, 5|NR_all_06650.37|2, 7|NR_all_10255.37|1, 8|NR_all_06650.37|2, 9|NR_all_21280.33|1"
3JAI,"RNA3DB","2|NR_all_68467.12|1, 3|NR_all_36843.3|1, 5|NR_all_06650.37|2, 7|NR_all_10255.37|1, 8|NR_all_06650.37|2, 9|NR_all_21280.33|1"
3JAJ,"RNA3DB","3|NR_all_68467.12|1, 4|NR_all_35965.1|1, 5|NR_all_06650.37|2, 7|NR_all_10255.37|1, 8|NR_all_06650.37|2, S2|NR_all_21280.33|1"
3JAM,"RNA3DB","2|NR_all_45441.2|1"
3JAN,"RNA3DB","3|NR_all_68467.12|1, 4|NR_all_35965.1|1, 5|NR_all_06650.37|2, 7|NR_all_10255.37|1, 8|NR_all_06650.37|2, S2|NR_all_21280.33|1"
3JAP,"RNA3DB","1|NR_all_63319.1|1, 2|NR_all_45441.2|1"
3JB7,"RNA3DB","m|NR_all_37313.1|2, t|NR_all_37313.1|2"
3JB9,"RNA3DB","C|NR_all_87230.1|1, N|NR_all_76442.1|2, P|NR_all_76442.1|2"
3JBN,"RNA3DB","7|NR_all_35542.140|1, AA|NR_all_95755.3|2, AB|NR_all_17605.3|1, AC|NR_all_95755.3|2, A|NR_all_07053.1|1"
3JBO,"RNA3DB","7|NR_all_35542.140|1, AA|NR_all_95755.3|2, AB|NR_all_17605.3|1, AC|NR_all_95755.3|2, A|NR_all_07053.1|1"
3JBP,"RNA3DB","7|NR_all_50753.2|1, AA|NR_all_95755.3|2, AB|NR_all_17605.3|1, AC|NR_all_95755.3|2, A|NR_all_07053.1|1"
3JBU,"RNA3DB","A|NR_all_56726.132|1, X|NR_all_09916.1|1, a|NR_all_10157.143|1, b|NR_all_83717.145|1, v|NR_all_56633.6|1"
3JBV,"RNA3DB","A|NR_all_56726.132|1, V|NR_all_19951.88|1, W|NR_all_97214.1|1, a|NR_all_10157.143|1, b|NR_all_83717.145|1"
3JCD,"RNA3DB","8|NR_all_61004.1|1, 9|NR_all_61004.1|1, A|NR_all_83717.145|1, B|NR_all_10157.143|1, a|NR_all_56726.132|1"
3JCE,"RNA3DB","6|NR_all_61004.1|1, 8|NR_all_06868.1|1, 9|NR_all_61004.1|1, A|NR_all_83717.145|1, B|NR_all_10157.143|1, a|NR_all_56726.132|1"
3JCJ,"RNA3DB","0|NR_all_10157.143|1, A|NR_all_83717.145|1, g|NR_all_56726.132|1, v|NR_all_35542.140|1"
3JCM,"RNA3DB","E|NR_all_25994.1|1, F|NR_all_06389.1|1"
3JCN,"RNA3DB","A|NR_all_83717.145|1, B|NR_all_10157.143|1, a|NR_all_56726.132|1, v|NR_all_35542.140|1"
3JCR,"RNA3DB","H|NR_all_73286.27|1, M|NR_all_18569.1|1, N|NR_all_57834.4|1"
3JCS,"RNA3DB","1|NR_all_51168.1|2, 2|NR_all_35456.1|1, 3|NR_all_40535.1|1, 4|NR_all_24549.1|1, 5|NR_all_35448.1|1, 6|NR_all_03414.1|1, 7|NR_all_51168.1|2, 8|NR_all_24244.1|1"
3JCT,"RNA3DB","1|NR_all_90506.74|2, 2|NR_all_90506.74|2, 3|NR_all_18586.69|1, 6|NR_all_18489.10|1"
3JD5,"RNA3DB","A|NR_all_79353.1|1"
3JQ4,"RNA3DB","A|NR_all_88987.9|1, B|NR_all_17405.9|1"
3JXQ,"RNA3DB","A|NR_all_50890.2|2, B|NR_all_50890.2|2, K|NR_all_66540.1|2, L|NR_all_66540.1|2"
3JXR,"RNA3DB","A|NR_all_50890.2|2, B|NR_all_50890.2|2, K|NR_all_50890.2|1"
3K0J,"RNA3DB","E|NR_all_19099.1|1, F|NR_all_19099.1|1"
3K1V,"RNA3DB","A|NR_all_95363.4|1"
3K49,"RNA3DB","B|NR_all_92727.1|1, D|NR_all_92727.1|1, F|NR_all_92727.1|1"
3K4E,"RNA3DB","B|NR_all_06376.1|1, D|NR_all_06376.1|1, F|NR_all_06376.1|1"
3K5Q,"RNA3DB","B|NR_all_25162.1|1"
3K5Y,"RNA3DB","B|NR_all_84036.1|1"
3K5Z,"RNA3DB","B|NR_all_26816.1|1"
3K61,"RNA3DB","B|NR_all_14980.1|1"
3K62,"RNA3DB","B|NR_all_85762.1|1"
3K64,"RNA3DB","B|NR_all_52626.1|1"
3KFU,"RNA3DB","K|NR_all_79254.1|1, L|NR_all_79254.1|1, M|NR_all_79254.1|1, N|NR_all_79254.1|1"
3KJO,"RNA3DB",""
3KLV,"RNA3DB","B|NR_all_56855.1|2, C|NR_all_56855.1|2"
3KMQ,"RNA3DB","B|NR_all_35816.1|2, C|NR_all_35816.1|2"
3KMS,"RNA3DB","B|NR_all_56855.1|2, C|NR_all_56855.1|2"
3KNA,"RNA3DB","B|NR_all_56855.1|2, C|NR_all_56855.1|2"
3KNC,"RNA3DB","B|NR_all_40545.1|1"
3KOA,"RNA3DB","B|NR_all_60357.1|2, C|NR_all_60357.1|2"
3KS8,"RNA3DB","E|NR_all_01810.1|2, F|NR_all_01810.1|2"
3KTV,"RNA3DB","A|NR_all_37229.3|1, C|NR_all_37229.3|1"
3KTW,"RNA3DB","C|NR_all_32874.1|1, D|NR_all_32874.1|1"
3KYL,"RNA3DB",""
3L0U,"RNA3DB","A|NR_all_19951.88|1"
3L25,"RNA3DB","C|NR_all_34992.1|2, F|NR_all_34992.1|2"
3L26,"RNA3DB","C|NR_all_34992.1|1"
3L3C,"RNA3DB","P|NR_all_08692.3|1, Q|NR_all_08692.3|1, R|NR_all_08692.3|1, S|NR_all_08692.3|1"
3LA5,"RNA3DB","A|NR_all_63265.1|1"
3LOA,"RNA3DB","A|NR_all_35088.1|2, B|NR_all_35088.1|2"
3LOB,"RNA3DB","R|NR_all_86182.1|1"
3LQX,"RNA3DB","B|NR_all_27023.1|1"
3LRN,"RNA3DB","C|NR_all_61988.1|2, D|NR_all_61988.1|2"
3LRR,"RNA3DB","C|NR_all_44340.1|2, D|NR_all_44340.1|2"
3LWO,"RNA3DB","D|NR_all_77181.1|2, E|NR_all_77181.1|2"
3LWP,"RNA3DB","D|NR_all_77181.1|2, E|NR_all_77181.1|2"
3LWQ,"RNA3DB","D|NR_all_77181.1|2, E|NR_all_77181.1|2"
3LWR,"RNA3DB","D|NR_all_77181.1|2, E|NR_all_77181.1|2"
3LWV,"RNA3DB","D|NR_all_77181.1|2, E|NR_all_77181.1|2"
3M3Y,"RNA3DB","R|NR_all_80872.1|1"
3M4O,"RNA3DB","R|NR_all_63879.1|1"
3M7N,"RNA3DB","X|NR_all_96295.1|1, Y|NR_all_96295.1|1, Z|NR_all_96295.1|1"
3M85,"RNA3DB","X|NR_all_96295.1|1, Y|NR_all_96295.1|1, Z|NR_all_96295.1|1"
3MDG,"RNA3DB","C|NR_all_13395.1|1"
3MDI,"RNA3DB","C|NR_all_33509.1|1"
3MEI,"RNA Puzzles, RNA3DB","A|NR_all_86272.1|2, B|NR_all_86272.1|2"
3MIJ,"RNA3DB","A|NR_all_33458.1|1"
3MJ0,"RNA3DB","B|NR_all_38078.1|1"
3MJ3,"RNA3DB","B|NR_all_62149.1|2, C|NR_all_62149.1|2"
3MJA,"RNA3DB","B|NR_all_62149.1|2, C|NR_all_62149.1|2"
3MJB,"RNA3DB","A|NR_all_62149.1|2, B|NR_all_62149.1|2"
3MOJ,"RNA3DB","A|NR_all_88566.1|1"
3MQK,"RNA3DB","D|NR_all_96977.1|2, E|NR_all_96977.1|2"
3MUM,"RNA3DB","R|NR_all_12260.3|1"
3MUR,"RNA3DB","R|NR_all_12260.3|1"
3MUT,"RNA3DB","R|NR_all_12260.3|1"
3MUV,"RNA3DB","R|NR_all_12260.3|1"
3MXH,"RNA3DB","R|NR_all_12260.3|1"
3NCU,"RNA3DB","C|NR_all_22038.1|2, D|NR_all_22038.1|2"
3ND3,"RNA3DB","A|NR_all_29649.1|1"
3ND4,"RNA3DB","A|NR_all_82939.1|1"
3NDB,"RNA3DB","M|NR_all_08831.2|1"
3NJ6,"RNA3DB","A|NR_all_25369.1|1"
3NJ7,"RNA3DB","A|NR_all_25369.1|2, B|NR_all_25369.1|2, C|NR_all_25369.1|2, D|NR_all_25369.1|2, E|NR_all_25369.1|2, F|NR_all_25369.1|2"
3NKB,"2020 RNA, RNA3DB","B|NR_all_55424.1|1"
3NL0,"RNA3DB","B|NR_all_97629.1|2, C|NR_all_97629.1|2"
3NMA,"RNA3DB","B|NR_all_72277.1|2, C|NR_all_72277.1|2"
3NMR,"RNA3DB","B|NR_all_69142.1|1"
3NMU,"RNA3DB","D|NR_all_46231.1|2, E|NR_all_46231.1|2, I|NR_all_46231.1|2, K|NR_all_46231.1|2"
3NNA,"RNA3DB","B|NR_all_42633.1|1"
3NNC,"RNA3DB","B|NR_all_50067.1|1"
3NNH,"RNA3DB","E|NR_all_51631.1|1, F|NR_all_49747.1|1"
3NPN,"RNA3DB","A|NR_all_83027.1|1"
3NPQ,"2020 RNA, RNA3DB","A|NR_all_83027.1|1, B|NR_all_83027.1|1, C|NR_all_83027.1|1"
3NVI,"RNA3DB","E|NR_all_50588.1|1, F|NR_all_50588.1|1"
3NVK,"RNA3DB","G|NR_all_15188.1|2, K|NR_all_15188.1|2, L|NR_all_15188.1|2, S|NR_all_15188.1|2"
3O3F,"RNA3DB",""
3O3G,"RNA3DB",""
3O3H,"RNA3DB",""
3O3I,"RNA3DB","A|NR_all_53884.1|1"
3O6E,"RNA3DB","A|NR_all_53884.1|1"
3O7V,"RNA3DB","A|NR_all_53884.1|1"
3O8C,"RNA3DB","C|NR_all_74924.26|1"
3O8R,"RNA3DB","C|NR_all_74924.26|1"
3OG8,"RNA3DB","C|NR_all_61988.1|2, D|NR_all_61988.1|2"
3OIJ,"RNA3DB","C|NR_all_40560.1|1, D|NR_all_40560.1|1"
3OIN,"RNA3DB","C|NR_all_40560.1|1"
3OK2,"RNA3DB","B|NR_all_66387.1|1, D|NR_all_66387.1|1, F|NR_all_66387.1|1"
3OK4,"RNA3DB","2|NR_all_66387.1|1, 4|NR_all_66387.1|1, B|NR_all_66387.1|1, D|NR_all_66387.1|1, F|NR_all_66387.1|1, H|NR_all_66387.1|1, J|NR_all_66387.1|1, L|NR_all_66387.1|1, N|NR_all_66387.1|1, P|NR_all_66387.1|1, R|NR_all_66387.1|1, T|NR_all_66387.1|1, V|NR_all_66387.1|1, X|NR_all_66387.1|1, Z|NR_all_66387.1|1"
3OL6,"RNA3DB","B|NR_all_52453.5|6, C|NR_all_52453.5|6, D|NR_all_52453.5|6, F|NR_all_52453.5|6, G|NR_all_52453.5|6, H|NR_all_52453.5|6, J|NR_all_52453.5|6, K|NR_all_52453.5|6, L|NR_all_52453.5|6, N|NR_all_52453.5|6, O|NR_all_52453.5|6, P|NR_all_52453.5|6"
3OL7,"RNA3DB","B|NR_all_52453.5|6, C|NR_all_52453.5|6, D|NR_all_52453.5|6, F|NR_all_52453.5|6, G|NR_all_52453.5|6, H|NR_all_52453.5|6, J|NR_all_52453.5|6, K|NR_all_52453.5|6, L|NR_all_52453.5|6, N|NR_all_52453.5|6, O|NR_all_52453.5|6, P|NR_all_52453.5|6"
3OL8,"RNA3DB","B|NR_all_52453.5|6, C|NR_all_52453.5|6, D|NR_all_52453.5|6, F|NR_all_52453.5|6, G|NR_all_52453.5|6, H|NR_all_52453.5|6, J|NR_all_52453.5|6, K|NR_all_52453.5|6, L|NR_all_52453.5|6, N|NR_all_52453.5|6, O|NR_all_52453.5|6, P|NR_all_52453.5|6"
3OL9,"RNA3DB","B|NR_all_52453.5|6, C|NR_all_52453.5|6, D|NR_all_52453.5|6, F|NR_all_52453.5|6, G|NR_all_52453.5|6, H|NR_all_52453.5|6, J|NR_all_52453.5|6, K|NR_all_52453.5|6, L|NR_all_52453.5|6, N|NR_all_52453.5|6, O|NR_all_52453.5|6, P|NR_all_52453.5|6"
3OLA,"RNA3DB","B|NR_all_52453.5|2, D|NR_all_52453.5|2, F|NR_all_52453.5|2, H|NR_all_52453.5|2, J|NR_all_52453.5|6, K|NR_all_52453.5|6, L|NR_all_52453.5|6, N|NR_all_52453.5|6, O|NR_all_52453.5|6, P|NR_all_52453.5|6"
3OLB,"RNA3DB","B|NR_all_52453.5|6, C|NR_all_52453.5|6, D|NR_all_52453.5|6, F|NR_all_52453.5|6, G|NR_all_52453.5|6, H|NR_all_52453.5|6, J|NR_all_52453.5|6, K|NR_all_52453.5|6, L|NR_all_52453.5|6, N|NR_all_52453.5|6, O|NR_all_52453.5|6, P|NR_all_52453.5|6"
3OT0,"RNA3DB",""
3OTO,"RNA3DB","A|NR_all_65795.80|1"
3OUY,"RNA3DB","C|NR_all_65533.1|1, D|NR_all_65533.1|1"
3OV7,"RNA3DB","C|NR_all_65533.1|1, D|NR_all_65533.1|1"
3OVA,"RNA3DB","C|NR_all_65533.1|1"
3OVB,"RNA3DB","C|NR_all_65533.1|1, D|NR_all_65533.1|1"
3OVS,"RNA3DB","C|NR_all_65533.1|1, D|NR_all_65533.1|1"
3OW2,"RNA3DB","0|NR_all_26150.3|1, 9|NR_all_25303.3|1"
3OWI,"RNA3DB","A|NR_all_32185.1|1, B|NR_all_32185.1|1"
3OWW,"RNA3DB","A|NR_all_32185.1|1, B|NR_all_32185.1|1"
3OWZ,"RNA Puzzles, RNA3DB","A|NR_all_32185.1|1, B|NR_all_32185.1|1"
3OX0,"2020 RNA, RNA3DB","A|NR_all_32185.1|1, B|NR_all_32185.1|1"
3OXB,"RNA3DB","A|NR_all_32185.1|1, B|NR_all_32185.1|1"
3OXD,"RNA3DB","A|NR_all_32185.1|1, B|NR_all_32185.1|1"
3OXE,"RNA3DB","A|NR_all_32185.1|1, B|NR_all_32185.1|1"
3OXJ,"RNA3DB","A|NR_all_32185.1|1, B|NR_all_32185.1|1"
3OXM,"RNA3DB","A|NR_all_32185.1|1, B|NR_all_32185.1|1"
3P22,"RNA3DB","A|NR_all_13014.1|2, B|NR_all_13014.1|2, C|NR_all_13014.1|2, D|NR_all_13014.1|2, E|NR_all_13014.1|2, F|NR_all_13014.1|2, G|NR_all_13014.1|2, H|NR_all_13014.1|2"
3P49,"RNA3DB","A|NR_all_36867.1|1"
3P4A,"RNA3DB",""
3P4B,"RNA3DB","A|NR_all_28980.2|1, B|NR_all_28980.2|1, C|NR_all_28980.2|1, D|NR_all_28980.2|1, E|NR_all_28980.2|1, F|NR_all_28980.2|1"
3P4C,"RNA3DB","A|NR_all_28980.2|1, B|NR_all_28980.2|1"
3P4D,"RNA3DB","A|NR_all_97537.1|1, B|NR_all_97537.1|1"
3P59,"RNA Puzzles, RNA3DB","A|NR_all_56893.1|8, B|NR_all_56893.1|8, C|NR_all_56893.1|8, D|NR_all_56893.1|8, E|NR_all_56893.1|8, F|NR_all_56893.1|8, G|NR_all_56893.1|8, H|NR_all_56893.1|8"
3P6Y,"RNA3DB","Q|NR_all_35293.2|1, R|NR_all_35293.2|1, S|NR_all_35293.2|1, T|NR_all_35293.2|1, U|NR_all_35293.2|1, V|NR_all_35293.2|1, W|NR_all_35293.2|1"
3PDM,"RNA3DB","R|NR_all_68372.1|1"
3PDR,"2020 RNA, RNA3DB","A|NR_all_47162.1|1, X|NR_all_47162.1|1"
3PEW,"RNA3DB","B|NR_all_74924.26|1"
3PEY,"RNA3DB","B|NR_all_74924.26|1"
3PF4,"RNA3DB","R|NR_all_15037.1|1"
3PF5,"RNA3DB","R|NR_all_74924.26|1, S|NR_all_74924.26|1"
3PGW,"RNA3DB","N|NR_all_33460.5|1, R|NR_all_33460.5|1"
3PHP,"RNA3DB","A|NR_all_44457.1|1"
3PIO,"RNA3DB","X|NR_all_88987.9|1, Y|NR_all_17405.9|1"
3PIP,"RNA3DB","X|NR_all_88987.9|1, Y|NR_all_17405.9|1"
3PKM,"RNA3DB","G|NR_all_16650.1|1, R|NR_all_22156.1|1"
3PLA,"RNA3DB","G|NR_all_22853.1|4, H|NR_all_22853.1|4, I|NR_all_22853.1|4, J|NR_all_22853.1|4, N|NR_all_22853.1|2, O|NR_all_22853.1|2"
3PO2,"RNA3DB","P|NR_all_16585.1|1"
3PO3,"RNA3DB","P|NR_all_06721.1|1"
3PTX,"RNA3DB","R|NR_all_85950.1|1"
3PU0,"RNA3DB","R|NR_all_25547.1|1"
3PU1,"RNA3DB","R|NR_all_29179.1|1"
3PU4,"RNA3DB","R|NR_all_10203.2|1"
3Q0L,"RNA3DB","C|NR_all_10913.1|1, D|NR_all_43560.1|1"
3Q0M,"RNA3DB","C|NR_all_54128.1|1, D|NR_all_54128.1|1"
3Q0N,"RNA3DB","C|NR_all_98055.1|1, D|NR_all_81724.1|1"
3Q0O,"RNA3DB","C|NR_all_81724.1|1, D|NR_all_81724.1|1"
3Q0P,"RNA3DB","C|NR_all_08738.1|1, D|NR_all_08738.1|1"
3Q0Q,"RNA3DB","B|NR_all_97666.1|1"
3Q0R,"RNA3DB","B|NR_all_54128.1|1"
3Q0S,"RNA3DB","B|NR_all_98055.1|1"
3Q1Q,"RNA3DB","B|NR_all_39625.1|1, C|NR_all_19061.1|1"
3Q1R,"RNA3DB","B|NR_all_39625.1|1, C|NR_all_19061.1|1, D|NR_all_70557.1|1"
3Q2T,"RNA3DB","E|NR_all_27264.1|1, F|NR_all_03885.1|1"
3Q3Z,"2020 RNA, RNA3DB","A|NR_all_65073.1|1, V|NR_all_65073.1|1"
3Q50,"RNA3DB","A|NR_all_80276.4|1"
3Q51,"RNA3DB","A|NR_all_80276.4|1"
3QG9,"RNA3DB","B|NR_all_10014.1|1"
3QGB,"RNA3DB","B|NR_all_84036.1|1"
3QGC,"RNA3DB","B|NR_all_10014.1|1"
3QJJ,"RNA3DB","Q|NR_all_56560.1|1, R|NR_all_34353.1|1"
3QJL,"RNA3DB","R|NR_all_34288.1|1, X|NR_all_34288.1|1"
3QJP,"RNA3DB","R|NR_all_61711.1|1"
3QRP,"RNA3DB","B|NR_all_68652.1|2, C|NR_all_68652.1|2"
3QRQ,"RNA3DB","B|NR_all_56450.1|1"
3QRR,"RNA3DB","B|NR_all_23218.1|1"
3QSU,"RNA3DB","P|NR_all_40400.1|1, R|NR_all_40400.1|1"
3QSY,"RNA3DB","D|NR_all_35542.140|1"
3R1C,"RNA3DB","A|NR_all_17782.2|2, B|NR_all_17782.2|2, C|NR_all_22904.1|2, D|NR_all_22904.1|2, E|NR_all_17782.2|2, F|NR_all_17782.2|2, G|NR_all_17782.2|2, H|NR_all_17782.2|2, I|NR_all_22904.1|2, J|NR_all_22904.1|2, K|NR_all_22904.1|2, L|NR_all_22904.1|2, M|NR_all_17782.2|2, N|NR_all_17782.2|2, O|NR_all_17782.2|2, P|NR_all_17782.2|2, Q|NR_all_17782.2|2, R|NR_all_17782.2|2, S|NR_all_17782.2|2, T|NR_all_17782.2|2, U|NR_all_17782.2|2, V|NR_all_17782.2|2, W|NR_all_22904.1|2, X|NR_all_22904.1|2, Y|NR_all_17782.2|2, Z|NR_all_17782.2|2, a|NR_all_17782.2|2, b|NR_all_17782.2|2, c|NR_all_22904.1|2, d|NR_all_22904.1|2, e|NR_all_22904.1|2, f|NR_all_22904.1|2, g|NR_all_17782.2|2, h|NR_all_17782.2|2, i|NR_all_17782.2|2, j|NR_all_17782.2|2"
3R1D,"RNA3DB","A|NR_all_95407.2|2, B|NR_all_95407.2|2, C|NR_all_95407.2|2, D|NR_all_95407.2|2, E|NR_all_95407.2|1"
3R1E,"RNA3DB","A|NR_all_63209.1|2, B|NR_all_63209.1|2"
3R1H,"RNA3DB","C|NR_all_66484.2|1, F|NR_all_66484.2|1"
3R1L,"RNA3DB","C|NR_all_66484.2|1, F|NR_all_66484.2|1"
3R2C,"RNA3DB","R|NR_all_86424.1|1, S|NR_all_86424.1|1"
3R2D,"RNA3DB","R|NR_all_12608.1|2, S|NR_all_12608.1|2"
3R4F,"2020 RNA, RNA3DB","A|NR_all_14758.1|1"
3R9W,"RNA3DB","B|NR_all_38781.1|1"
3R9X,"RNA3DB","C|NR_all_95874.1|1"
3RC8,"RNA3DB","E|NR_all_71379.1|1"
3RER,"RNA3DB","K|NR_all_07663.1|1"
3RG5,"2020 RNA, RNA3DB","A|NR_all_57598.2|1, B|NR_all_57598.2|1"
3RKF,"RNA3DB","A|NR_all_76114.1|1, B|NR_all_76114.1|1, C|NR_all_76114.1|1, D|NR_all_76114.1|1"
3RTJ,"RNA3DB","D|NR_all_81965.2|1"
3RW6,"RNA3DB","F|NR_all_76909.1|1, H|NR_all_76909.1|1"
3RZD,"RNA3DB","R|NR_all_10541.1|1"
3RZO,"RNA3DB","R|NR_all_35883.1|1"
3S14,"RNA3DB","R|NR_all_84359.1|1"
3S15,"RNA3DB","R|NR_all_78065.1|1"
3S16,"RNA3DB","R|NR_all_18318.1|1"
3S17,"RNA3DB","R|NR_all_33912.6|1"
3S1M,"RNA3DB","R|NR_all_04359.1|1"
3S1N,"RNA3DB","R|NR_all_96728.1|1"
3S1Q,"RNA3DB","R|NR_all_10541.1|1"
3S1R,"RNA3DB","R|NR_all_10541.1|1"
3S2D,"RNA3DB","R|NR_all_16634.1|1"
3S2H,"RNA3DB","R|NR_all_88937.1|1"
3S49,"RNA3DB","A|NR_all_59870.1|2, B|NR_all_59870.1|2, C|NR_all_59870.1|2, D|NR_all_59870.1|2, E|NR_all_59870.1|2, F|NR_all_59870.1|2, G|NR_all_59870.1|1"
3S4G,"RNA3DB","B|NR_all_96683.7|2, C|NR_all_96683.7|2"
3S4P,"RNA3DB","A|NR_all_71199.5|2, B|NR_all_71199.5|2"
3S7C,"RNA3DB","A|NR_all_94729.10|1"
3S8U,"RNA3DB","A|NR_all_94729.10|1"
3SD3,"RNA3DB","A|NR_all_78797.5|1"
3SIU,"RNA3DB","C|NR_all_14513.1|1, F|NR_all_14513.1|1"
3SIV,"RNA3DB","C|NR_all_08155.1|2, F|NR_all_08155.1|2, I|NR_all_08155.1|2, L|NR_all_08155.1|2"
3SJ2,"RNA3DB","A|NR_all_62516.1|2, B|NR_all_62516.1|2"
3SKI,"RNA3DB","A|NR_all_21705.1|1, B|NR_all_21705.1|1"
3SKL,"RNA3DB","A|NR_all_47330.1|1, B|NR_all_47330.1|1"
3SKR,"RNA3DB","A|NR_all_47330.1|1, B|NR_all_47330.1|1"
3SKT,"RNA3DB","A|NR_all_47330.1|1, B|NR_all_47330.1|1"
3SKW,"RNA3DB","A|NR_all_47330.1|1, B|NR_all_47330.1|1"
3SKZ,"RNA3DB","A|NR_all_21705.1|1, B|NR_all_21705.1|1"
3SLM,"RNA3DB","A|NR_all_21705.1|1, B|NR_all_21705.1|1"
3SLQ,"2020 RNA, RNA3DB","A|NR_all_21705.1|1, B|NR_all_21705.1|1"
3SN2,"RNA3DB","B|NR_all_75875.1|1"
3SNP,"RNA3DB","C|NR_all_22327.1|1, D|NR_all_22327.1|1"
3SQW,"RNA3DB","B|NR_all_51156.1|1"
3SQX,"RNA3DB","B|NR_all_51156.1|1"
3SSF,"RNA3DB","A|NR_all_17495.1|1"
3SUH,"2020 RNA, RNA3DB","X|NR_all_20814.1|1"
3SUX,"RNA3DB","X|NR_all_20814.1|1"
3SUY,"RNA3DB","X|NR_all_20814.1|1"
3SYW,"RNA3DB","A|NR_all_45159.1|2, B|NR_all_45159.1|2"
3SZX,"RNA3DB","A|NR_all_86744.1|2, B|NR_all_86744.1|2"
3T1H,"RNA3DB","A|NR_all_65795.80|1, W|NR_all_61644.1|2, X|NR_all_61644.1|2"
3T1Y,"RNA3DB","A|NR_all_65795.80|1, W|NR_all_61644.1|2, X|NR_all_61644.1|2"
3T3N,"RNA3DB",""
3T3O,"RNA3DB","B|NR_all_01981.1|1"
3T4B,"2020 RNA, RNA3DB","A|NR_all_40189.1|1"
3T5N,"RNA3DB","C|NR_all_66740.1|1"
3T5Q,"RNA3DB","C|NR_all_92104.1|1, D|NR_all_18291.1|1, F|NR_all_78848.1|1, H|NR_all_66740.1|1, J|NR_all_79660.1|1, L|NR_all_66740.1|1"
3TD0,"RNA3DB","A|NR_all_52761.1|2, B|NR_all_52761.1|2"
3TD1,"RNA3DB","A|NR_all_71199.5|2, B|NR_all_71199.5|2"
3TRA,"RNA3DB","A|NR_all_24819.4|1"
3TRZ,"RNA3DB","U|NR_all_15508.1|1, V|NR_all_15508.1|1, W|NR_all_15508.1|1, X|NR_all_15508.1|1, Y|NR_all_15508.1|1, Z|NR_all_15508.1|1"
3TS0,"RNA3DB","U|NR_all_93599.1|1, V|NR_all_93599.1|1"
3TS2,"RNA3DB","U|NR_all_21945.1|1, V|NR_all_32675.1|1"
3TUP,"RNA3DB","T|NR_all_64404.2|1"
3TWH,"RNA3DB","B|NR_all_09880.4|1"
3TZR,"RNA3DB","A|NR_all_83775.1|2, B|NR_all_83775.1|2"
3U2E,"RNA3DB","C|NR_all_98428.4|1, D|NR_all_98428.4|1"
3U4M,"RNA3DB","B|NR_all_73731.2|1"
3U56,"RNA3DB","B|NR_all_73731.2|1"
3UCU,"RNA3DB","R|NR_all_12260.3|1"
3UCZ,"RNA3DB","R|NR_all_12260.3|1"
3UD3,"RNA3DB","R|NR_all_12260.3|1"
3UD4,"RNA3DB","R|NR_all_12260.3|1"
3ULD,"RNA3DB","B|NR_all_09880.4|1"
3UMY,"RNA3DB","B|NR_all_73731.2|1"
3UQ0,"RNA3DB",""
3UQ2,"RNA3DB",""
3UZS,"RNA3DB","C|NR_all_78731.1|1"
3UZT,"RNA3DB","B|NR_all_04840.1|1"
3V11,"RNA3DB","D|NR_all_35542.140|1"
3V6Y,"RNA3DB","B|NR_all_28506.1|1"
3V71,"RNA3DB","B|NR_all_97196.1|1"
3V74,"RNA3DB","B|NR_all_33378.1|1"
3V7E,"RNA Puzzles, RNA3DB","C|NR_all_47433.1|1, D|NR_all_47433.1|1"
3VJR,"RNA3DB","B|NR_all_45693.1|1, D|NR_all_45693.1|1"
3VNU,"RNA3DB","G|NR_all_99451.1|2, T|NR_all_99451.1|2"
3VNV,"RNA3DB","G|NR_all_65712.1|2, T|NR_all_65712.1|2"
3VRS,"RNA3DB","A|NR_all_82984.1|1"
3VYX,"RNA3DB","B|NR_all_91231.1|2, C|NR_all_91231.1|2"
3VYY,"RNA3DB","C|NR_all_91231.1|2, D|NR_all_91231.1|2, E|NR_all_91231.1|2, F|NR_all_91231.1|2, G|NR_all_91231.1|1"
3W1K,"RNA3DB","F|NR_all_20392.1|1, G|NR_all_20392.1|1, H|NR_all_20392.1|1, I|NR_all_20392.1|1, J|NR_all_20392.1|1"
3W3S,"RNA3DB","B|NR_all_44691.1|1"
3WBM,"RNA3DB","X|NR_all_81333.1|2, Y|NR_all_81333.1|2"
3WC1,"RNA3DB","P|NR_all_87467.1|1, Q|NR_all_87467.1|1"
3WC2,"RNA3DB","P|NR_all_83593.5|1, Q|NR_all_83593.5|1"
3WFQ,"RNA3DB","A|NR_all_89906.2|1, B|NR_all_89906.2|1, C|NR_all_89906.2|1, D|NR_all_89906.2|1"
3WFR,"RNA3DB","A|NR_all_89906.2|1, B|NR_all_89906.2|1, C|NR_all_89906.2|1, D|NR_all_89906.2|1"
3WFS,"RNA3DB","A|NR_all_89906.2|1, B|NR_all_89906.2|1"
3WQY,"RNA3DB","C|NR_all_69638.1|1"
3WQZ,"RNA3DB","C|NR_all_69638.1|1"
3WRU,"RNA3DB","A|NR_all_71199.5|2, B|NR_all_71199.5|2"
3WZI,"RNA3DB","C|NR_all_84179.1|1"
3X1L,"RNA3DB","I|NR_all_68262.1|1"
3ZC0,"RNA3DB","M|NR_all_18396.1|1, N|NR_all_18396.1|1, O|NR_all_18396.1|1"
3ZD4,"RNA3DB","A|NR_all_92720.1|2, B|NR_all_92720.1|2"
3ZD5,"RNA3DB","A|NR_all_92720.1|2, B|NR_all_92720.1|2"
3ZD6,"RNA3DB","C|NR_all_91231.1|2, D|NR_all_91231.1|2"
3ZD7,"RNA3DB","C|NR_all_91231.1|2, D|NR_all_91231.1|2"
3ZGZ,"RNA3DB","B|NR_all_11709.2|1, E|NR_all_11709.2|1"
3ZJT,"RNA3DB","B|NR_all_11709.2|1"
3ZJU,"RNA3DB","B|NR_all_11709.2|1"
3ZJV,"RNA3DB","B|NR_all_11709.2|1"
3ZLA,"RNA3DB","I|NR_all_79533.1|1, J|NR_all_79533.1|1"
3ZN8,"RNA3DB","G|NR_all_06977.1|1"
3ZP8,"2020 RNA, RNA3DB","A|NR_all_92720.1|2, B|NR_all_92720.1|2"
402D,"RNA3DB","A|NR_all_12677.1|2, B|NR_all_12677.1|2"
404D,"RNA3DB","A|NR_all_94840.1|1"
405D,"RNA3DB","A|NR_all_51779.4|2, B|NR_all_51779.4|2"
406D,"RNA3DB","A|NR_all_58318.1|2, E|NR_all_58318.1|2"
409D,"RNA3DB","A|NR_all_57688.1|2, B|NR_all_57688.1|2, C|NR_all_57688.1|2, D|NR_all_57688.1|2, E|NR_all_57688.1|2, F|NR_all_57688.1|2"
413D,"RNA3DB","A|NR_all_90819.1|1"
418D,"RNA3DB","A|NR_all_67171.1|2, B|NR_all_67171.1|2"
419D,"RNA3DB","A|NR_all_27290.1|2, B|NR_all_27290.1|2, C|NR_all_27290.1|2, D|NR_all_27290.1|2"
420D,"RNA3DB","A|NR_all_68126.1|2, B|NR_all_68126.1|2"
421D,"RNA3DB","B|NR_all_12183.1|1"
422D,"RNA3DB","A|NR_all_06457.1|2, B|NR_all_06457.1|2"
429D,"RNA3DB","A|NR_all_07779.1|2, B|NR_all_07779.1|2, C|NR_all_49890.1|2, D|NR_all_49890.1|2"
430D,"RNA3DB","A|NR_all_57955.2|1"
433D,"RNA3DB","A|NR_all_99184.1|2, B|NR_all_99184.1|2"
434D,"RNA3DB","A|NR_all_54592.1|2, B|NR_all_54592.1|2, C|NR_all_54592.1|2, D|NR_all_54592.1|2"
435D,"RNA3DB","A|NR_all_08327.1|2, B|NR_all_08327.1|2, C|NR_all_08327.1|2, D|NR_all_08327.1|2"
437D,"RNA3DB","A|NR_all_37735.1|1"
438D,"RNA3DB","A|NR_all_19513.1|2, B|NR_all_19513.1|2"
439D,"RNA3DB","A|NR_all_86909.1|2, B|NR_all_86909.1|2"
462D,"RNA3DB","A|NR_all_60167.4|2, B|NR_all_60167.4|2"
464D,"RNA3DB","A|NR_all_54592.1|2, B|NR_all_54592.1|2, C|NR_all_54592.1|2, D|NR_all_54592.1|2"
466D,"RNA3DB","A|NR_all_54592.1|2, B|NR_all_54592.1|2, C|NR_all_54592.1|2, D|NR_all_54592.1|2"
468D,"RNA3DB",""
469D,"RNA3DB",""
470D,"RNA3DB",""
471D,"RNA3DB",""
472D,"RNA3DB","A|NR_all_02834.1|2, B|NR_all_02834.1|2"
479D,"RNA3DB","B|NR_all_68446.1|1"
480D,"RNA3DB","A|NR_all_94729.10|1"
483D,"RNA3DB","A|NR_all_94729.10|1"
484D,"RNA3DB","B|NR_all_34537.1|1"
485D,"RNA3DB","A|NR_all_73255.1|2, B|NR_all_73255.1|2"
486D,"RNA3DB","A|NR_all_06099.1|1, C|NR_all_45112.1|1, E|NR_all_64096.1|1, F|NR_all_11210.1|1, G|NR_all_67966.1|1"
488D,"RNA3DB","A|NR_all_65028.2|4, B|NR_all_65028.2|4, C|NR_all_65028.2|4, D|NR_all_65028.2|4"
4A2I,"RNA3DB","A|NR_all_56726.132|1"
4A2X,"RNA3DB","L|NR_all_92005.1|2, M|NR_all_92005.1|2, N|NR_all_92005.1|2, O|NR_all_92005.1|2"
4A36,"RNA3DB","R|NR_all_28969.1|2, S|NR_all_28969.1|2, T|NR_all_28969.1|2, U|NR_all_28969.1|2"
4A3B,"RNA3DB","P|NR_all_64994.1|1"
4A3C,"RNA3DB","P|NR_all_07798.1|1"
4A3D,"RNA3DB","P|NR_all_82856.3|1"
4A3E,"RNA3DB","P|NR_all_07798.1|1"
4A3F,"RNA3DB","P|NR_all_82856.3|1"
4A3G,"RNA3DB","P|NR_all_15251.1|1"
4A3J,"RNA3DB","P|NR_all_11728.1|1"
4A3K,"RNA3DB","P|NR_all_84255.1|1"
4A3L,"RNA3DB","P|NR_all_93415.1|1"
4A3M,"RNA3DB","P|NR_all_64994.1|1"
4A4R,"RNA3DB","A|NR_all_36159.1|1"
4A4S,"RNA3DB","A|NR_all_14172.1|1"
4A4T,"RNA3DB","A|NR_all_82922.1|1"
4A4U,"RNA3DB","A|NR_all_46150.1|1"
4A93,"RNA3DB","P|NR_all_28840.1|1"
4ADV,"RNA3DB","A|NR_all_56726.132|1"
4ADX,"RNA3DB","0|NR_all_27655.1|1, 8|NR_all_96573.1|1, 9|NR_all_21882.1|1"
4AFY,"RNA3DB","C|NR_all_98428.4|1, D|NR_all_98428.4|1"
4AL5,"RNA3DB","B|NR_all_06402.1|1"
4AL6,"RNA3DB","B|NR_all_65600.1|1"
4AL7,"RNA3DB","B|NR_all_06402.1|1"
4ALP,"RNA3DB","E|NR_all_74924.26|1"
4AM3,"RNA3DB","D|NR_all_72182.1|1, E|NR_all_72182.1|1, H|NR_all_72182.1|1, I|NR_all_72182.1|1"
4ANG,"RNA3DB","R|NR_all_11428.1|1, S|NR_all_11428.1|1"
4AOB,"RNA3DB","A|NR_all_29205.1|1"
4AQ7,"RNA3DB","B|NR_all_11709.2|1, E|NR_all_11709.2|1"
4AQY,"RNA3DB","A|NR_all_65795.80|1, W|NR_all_45930.3|2, Z|NR_all_45930.3|2"
4ARC,"RNA3DB","B|NR_all_11709.2|1"
4ARI,"RNA3DB","B|NR_all_11709.2|1"
4AS1,"RNA3DB","B|NR_all_11709.2|1"
4ATO,"RNA3DB","G|NR_all_46564.1|1"
4AY2,"RNA3DB","C|NR_all_43251.1|1"
4B3G,"RNA3DB","G|NR_all_08596.1|1, H|NR_all_14977.1|1"
4B3M,"RNA3DB","A|NR_all_65795.80|1, W|NR_all_95734.1|2, Z|NR_all_95734.1|2"
4B3O,"RNA3DB","R|NR_all_08464.1|1"
4B3P,"RNA3DB","R|NR_all_52894.1|1"
4B3Q,"RNA3DB","R|NR_all_44364.1|1"
4B3R,"RNA3DB","A|NR_all_65795.80|1, W|NR_all_95734.1|2, Z|NR_all_95734.1|2"
4B3S,"RNA3DB","A|NR_all_65795.80|1, W|NR_all_95734.1|2, Z|NR_all_95734.1|2"
4B3T,"RNA3DB","A|NR_all_65795.80|1, W|NR_all_95734.1|2, Z|NR_all_95734.1|2"
4B5R,"RNA3DB","A|NR_all_84517.1|1"
4B8T,"RNA3DB","B|NR_all_08767.1|1"
4BA2,"RNA3DB","R|NR_all_85309.1|1"
4BBL,"RNA3DB","Y|NR_all_94132.3|1, Z|NR_all_94132.3|1"
4BBS,"RNA3DB","P|NR_all_50895.1|1"
4BHH,"RNA3DB","R|NR_all_77057.1|1"
4BKK,"RNA3DB","A|NR_all_06891.1|1"
4BOC,"RNA3DB","R|NR_all_61301.1|1"
4BPB,"RNA3DB","C|NR_all_91231.1|2, D|NR_all_91231.1|2"
4BS2,"RNA3DB","B|NR_all_28090.1|1"
4BTS,"RNA3DB","AA|NR_all_80911.1|1, BA|NR_all_80911.1|1, CA|NR_all_80911.1|1, DA|NR_all_80911.1|1"
4BW0,"RNA3DB","A|NR_all_26836.2|1"
4BWM,"RNA3DB","G|NR_all_46866.1|1"
4BXX,"RNA3DB","P|NR_all_77692.1|1"
4BY1,"RNA3DB","P|NR_all_92231.1|1"
4BY7,"RNA3DB","P|NR_all_92231.1|1"
4BY9,"RNA3DB","A|NR_all_49359.1|1, B|NR_all_49359.1|1"
4C40,"RNA3DB","A|NR_all_60163.1|1"
4C4Q,"RNA3DB","N|NR_all_64446.1|1"
4C4W,"RNA3DB","D|NR_all_23939.1|1, H|NR_all_23939.1|1"
4C7O,"RNA3DB","E|NR_all_00810.1|1"
4C8Y,"RNA3DB","C|NR_all_31288.1|1"
4C8Z,"RNA3DB","C|NR_all_91365.1|1"
4C9D,"RNA3DB","C|NR_all_88374.1|1, D|NR_all_88374.1|1"
4CE4,"RNA3DB","A|NR_all_24610.3|1"
4CIO,"RNA3DB","B|NR_all_27775.1|1"
4CQN,"RNA3DB","B|NR_all_11709.2|1, E|NR_all_11709.2|1"
4CS1,"RNA3DB","A|NR_all_60163.1|1"
4CSF,"RNA3DB","a|NR_all_36481.1|1, c|NR_all_36481.1|1, e|NR_all_36481.1|1, g|NR_all_36481.1|1, i|NR_all_36481.1|1, k|NR_all_36481.1|1, m|NR_all_36481.1|1, o|NR_all_36481.1|1, q|NR_all_36481.1|1, s|NR_all_36481.1|1, u|NR_all_36481.1|1, w|NR_all_36481.1|1"
4CSU,"RNA3DB","A|NR_all_10157.143|1, B|NR_all_83717.145|1"
4CXG,"RNA3DB","1|NR_all_39109.1|1, 2|NR_all_43355.1|1, Y|NR_all_72858.1|1, a|NR_all_18260.1|1, b|NR_all_62991.1|1, c|NR_all_11234.1|1"
4CXH,"RNA3DB","1|NR_all_39109.1|1, 2|NR_all_43355.1|1, Y|NR_all_72858.1|1, a|NR_all_18260.1|1, b|NR_all_62991.1|1, c|NR_all_11234.1|1, x|NR_all_92078.1|1"
4D25,"RNA3DB","D|NR_all_68928.1|1"
4D26,"RNA3DB","D|NR_all_68928.1|1"
4D5L,"RNA3DB","1|NR_all_21280.33|1"
4D5N,"RNA3DB","X|NR_all_91235.1|1"
4D5Y,"RNA3DB","2|NR_all_06650.37|2, 3|NR_all_06650.37|2, 4|NR_all_10255.37|1"
4D61,"RNA3DB","1|NR_all_21280.33|1, j|NR_all_91235.1|1"
4D67,"RNA3DB","2|NR_all_06650.37|2, 3|NR_all_06650.37|2, 4|NR_all_10255.37|1"
4DB2,"RNA3DB","E|NR_all_68439.1|2, F|NR_all_68439.1|2, G|NR_all_68439.1|2, H|NR_all_68439.1|2, I|NR_all_68439.1|2, J|NR_all_68439.1|2"
4DB4,"RNA3DB","C|NR_all_68439.1|1, D|NR_all_68439.1|1, E|NR_all_68439.1|1, F|NR_all_68439.1|1"
4DQS,"RNA3DB",""
4DR1,"RNA3DB","A|NR_all_65795.80|1"
4DR2,"RNA3DB","A|NR_all_65795.80|1"
4DR3,"RNA3DB","A|NR_all_65795.80|1"
4DR4,"RNA3DB","A|NR_all_65795.80|1, V|NR_all_45930.3|2, W|NR_all_45930.3|2"
4DR5,"RNA3DB","A|NR_all_65795.80|1, V|NR_all_45930.3|2, W|NR_all_45930.3|2"
4DR6,"RNA3DB","A|NR_all_65795.80|1, V|NR_all_07497.1|2, W|NR_all_07497.1|2, b|NR_all_92489.3|1"
4DR7,"RNA3DB","A|NR_all_65795.80|1, V|NR_all_96683.7|1, W|NR_all_76824.1|1, b|NR_all_92489.3|1"
4DS6,"RNA3DB","A|NR_all_35054.6|1"
4DUY,"RNA3DB","A|NR_all_65795.80|1"
4DUZ,"RNA3DB","A|NR_all_65795.80|1"
4DV0,"RNA3DB","A|NR_all_65795.80|1"
4DV1,"RNA3DB","A|NR_all_65795.80|1"
4DV2,"RNA3DB","A|NR_all_65795.80|1"
4DV3,"RNA3DB","A|NR_all_65795.80|1"
4DV4,"RNA3DB","A|NR_all_65795.80|1"
4DV5,"RNA3DB","A|NR_all_65795.80|1"
4DV6,"RNA3DB","A|NR_all_65795.80|1"
4DV7,"RNA3DB","A|NR_all_65795.80|1"
4DW7,"RNA3DB","H|NR_all_25419.1|1, I|NR_all_25419.1|1"
4DWA,"RNA3DB","D|NR_all_22605.1|1"
4DZS,"RNA3DB","C|NR_all_48272.1|1, D|NR_all_48272.1|1"
4E48,"RNA3DB","A|NR_all_25361.2|2, B|NR_all_25361.2|2, D|NR_all_25361.2|1"
4E58,"RNA3DB","C|NR_all_23287.1|3, D|NR_all_23287.1|3, E|NR_all_23287.1|3"
4E59,"RNA3DB","A|NR_all_23287.1|2, B|NR_all_23287.1|2"
4E5C,"RNA3DB","A|NR_all_70790.1|2, B|NR_all_70790.1|2"
4E6B,"RNA3DB","A|NR_all_53426.1|2, B|NR_all_53426.1|2, E|NR_all_33685.1|2, F|NR_all_33685.1|2"
4E78,"RNA3DB","P|NR_all_52691.1|2, T|NR_all_52691.1|2"
4E7A,"RNA3DB","P|NR_all_50754.1|2, T|NR_all_50754.1|2"
4E8K,"RNA3DB","A|NR_all_35054.6|1"
4E8M,"RNA3DB","A|NR_all_35054.6|1"
4E8N,"RNA3DB","A|NR_all_35054.6|1"
4E8P,"RNA3DB","A|NR_all_35054.6|1"
4E8Q,"RNA3DB","A|NR_all_35054.6|1"
4E8R,"RNA3DB","A|NR_all_35054.6|1"
4E8T,"RNA3DB","A|NR_all_35054.6|1"
4E8V,"RNA3DB","A|NR_all_35054.6|1"
4ED5,"RNA3DB","C|NR_all_06694.1|1, D|NR_all_06694.1|1"
4EJT,"RNA3DB","G|NR_all_53003.3|1"
4EN5,"RNA3DB","A|NR_all_82984.1|1"
4ENA,"RNA3DB","A|NR_all_82984.1|1"
4ENB,"RNA3DB","A|NR_all_82984.1|1"
4ENC,"2020 RNA, RNA3DB","A|NR_all_82984.1|1"
4ERD,"RNA3DB","C|NR_all_25893.1|2, D|NR_all_25893.1|2"
4ERJ,"RNA3DB","A|NR_all_22479.1|1"
4ERL,"RNA3DB","A|NR_all_22479.1|1"
4EYA,"RNA3DB","a|NR_all_48927.1|2, b|NR_all_48927.1|2, c|NR_all_87225.1|2, d|NR_all_87225.1|2, e|NR_all_15820.1|2, f|NR_all_15820.1|2, g|NR_all_13759.1|2, h|NR_all_13759.1|2, i|NR_all_58977.1|2, j|NR_all_58977.1|2, k|NR_all_58977.1|2, l|NR_all_58977.1|2, m|NR_all_48927.1|2, n|NR_all_48927.1|2, o|NR_all_87225.1|2, p|NR_all_87225.1|2, q|NR_all_15820.1|2, r|NR_all_15820.1|2, s|NR_all_13759.1|2, t|NR_all_13759.1|2"
4F02,"RNA3DB","B|NR_all_68289.1|1, E|NR_all_68289.1|1"
4F1N,"RNA3DB","E|NR_all_29401.1|1, F|NR_all_29401.1|1"
4F3T,"RNA3DB","R|NR_all_88847.1|1"
4F8U,"RNA3DB","A|NR_all_71199.5|2, B|NR_all_71199.5|2"
4F8V,"RNA3DB","A|NR_all_71199.5|2, B|NR_all_71199.5|2"
4FAQ,"RNA3DB","A|NR_all_35054.6|1"
4FAR,"RNA3DB","A|NR_all_35054.6|1"
4FAU,"RNA3DB","A|NR_all_35054.6|1"
4FAW,"RNA3DB","A|NR_all_35054.6|1"
4FAX,"RNA3DB","A|NR_all_35054.6|1"
4FB0,"RNA3DB","A|NR_all_35054.6|1"
4FE5,"RNA3DB","B|NR_all_89429.6|1"
4FEJ,"RNA3DB","B|NR_all_89429.6|1"
4FEL,"RNA3DB","B|NR_all_89429.6|1"
4FEN,"RNA3DB","B|NR_all_89429.6|1"
4FEO,"RNA3DB","B|NR_all_89429.6|1"
4FEP,"RNA3DB","B|NR_all_89429.6|1"
4FNJ,"RNA3DB","A|NR_all_52610.1|1"
4FO6,"RNA3DB",""
4FRG,"2020 RNA, RNA3DB","B|NR_all_01779.1|1, X|NR_all_01779.1|1"
4FRN,"RNA3DB","A|NR_all_95082.1|1, B|NR_all_95082.1|1"
4FSJ,"RNA3DB","R|NR_all_39301.1|1"
4FTB,"RNA3DB","R|NR_all_62747.1|1"
4FTE,"RNA3DB","R|NR_all_99371.1|1"
4FTS,"RNA3DB","R|NR_all_99371.1|1"
4FVU,"RNA3DB","B|NR_all_05128.1|2, C|NR_all_05128.1|2"
4FWT,"RNA3DB","G|NR_all_99451.1|2, T|NR_all_99451.1|2"
4FXD,"RNA3DB","E|NR_all_49582.1|1, F|NR_all_49582.1|1"
4FYD,"RNA3DB","E|NR_all_54594.1|1, F|NR_all_54594.1|1"
4G0A,"RNA3DB","E|NR_all_74729.1|1, F|NR_all_24630.1|1, G|NR_all_32785.1|1, H|NR_all_47227.1|1"
4G6P,"RNA3DB","A|NR_all_02086.1|3, B|NR_all_02086.1|3, C|NR_all_02086.1|3"
4G6R,"RNA3DB","A|NR_all_98705.5|4, B|NR_all_98705.5|4, C|NR_all_98705.5|4, D|NR_all_98705.5|4"
4G6S,"RNA3DB","A|NR_all_02086.1|3, B|NR_all_02086.1|3, C|NR_all_02086.1|3"
4G7O,"RNA3DB","I|NR_all_04288.4|1, S|NR_all_04288.4|1"
4G9Z,"RNA3DB","E|NR_all_02089.1|2, F|NR_all_02089.1|2"
4GCW,"RNA3DB","B|NR_all_79184.1|1"
4GG4,"RNA3DB","H|NR_all_06970.1|1"
4GHA,"RNA3DB","I|NR_all_02622.1|2, J|NR_all_02622.1|2"
4GHL,"RNA3DB","E|NR_all_00536.1|1, F|NR_all_00536.1|1"
4GKJ,"RNA3DB","A|NR_all_65795.80|1, W|NR_all_79459.1|2, X|NR_all_79459.1|2"
4GKK,"RNA3DB","A|NR_all_65795.80|1, W|NR_all_73684.1|2, X|NR_all_73684.1|2"
4GL2,"RNA3DB","C|NR_all_51944.1|2, D|NR_all_51944.1|2, E|NR_all_51944.1|2, F|NR_all_51944.1|2"
4GMA,"RNA3DB","Z|NR_all_99454.1|1"
4GPW,"RNA3DB","A|NR_all_71199.5|2, B|NR_all_71199.5|2"
4GPX,"RNA3DB","A|NR_all_71199.5|2, B|NR_all_71199.5|2"
4GPY,"RNA3DB","A|NR_all_71199.5|2, B|NR_all_71199.5|2"
4GV3,"RNA3DB","B|NR_all_85566.1|2, C|NR_all_85566.1|2"
4GV6,"RNA3DB","B|NR_all_85566.1|2, C|NR_all_85566.1|2"
4GV9,"RNA3DB","E|NR_all_85566.1|2, F|NR_all_85566.1|2"
4GXY,"2020 RNA, RNA Puzzles, RNA3DB","A|NR_all_36514.1|1"
4GZY,"RNA3DB","R|NR_all_28641.1|1"
4GZZ,"RNA3DB","R|NR_all_76241.1|1"
4H5O,"RNA3DB","K|NR_all_08724.1|1, L|NR_all_08724.1|1"
4H5P,"RNA3DB","E|NR_all_00747.1|1, F|NR_all_00747.1|1"
4H8K,"RNA3DB","C|NR_all_57733.1|1"
4HHT,"RNA3DB",""
4HKQ,"RNA3DB","E|NR_all_51034.1|1"
4HOR,"RNA3DB","X|NR_all_03341.1|1"
4HOS,"RNA3DB","X|NR_all_65232.1|1"
4HOT,"RNA3DB","X|NR_all_43542.1|1"
4HT8,"RNA3DB","I|NR_all_73115.1|1, K|NR_all_73115.1|1"
4HT9,"RNA3DB","D|NR_all_73115.1|1, E|NR_all_07663.1|1"
4I67,"RNA3DB","B|NR_all_12137.1|1"
4IFD,"RNA3DB","R|NR_all_12719.1|1"
4IG8,"RNA3DB","B|NR_all_30288.1|2, C|NR_all_30288.1|2"
4II9,"RNA3DB","C|NR_all_30547.1|1"
4IJS,"RNA3DB","E|NR_all_61818.1|1, F|NR_all_61818.1|1, G|NR_all_61818.1|1, H|NR_all_73600.1|1"
4ILL,"RNA3DB","C|NR_all_31263.1|1, R|NR_all_31263.1|1"
4ILM,"RNA3DB","C|NR_all_41594.1|1, E|NR_all_41594.1|1, G|NR_all_41594.1|1, I|NR_all_41594.1|1, K|NR_all_41594.1|1, M|NR_all_41594.1|1, O|NR_all_41594.1|1, R|NR_all_41594.1|1"
4IO9,"RNA3DB","X|NR_all_88987.9|1, Y|NR_all_17405.9|1"
4IOA,"RNA3DB","X|NR_all_88987.9|1, Y|NR_all_17405.9|1"
4IOC,"RNA3DB","X|NR_all_88987.9|1, Y|NR_all_17405.9|1"
4IQS,"RNA3DB","A|NR_all_87746.1|2, B|NR_all_87746.1|2, C|NR_all_87746.1|2, D|NR_all_87746.1|2, E|NR_all_87746.1|1, F|NR_all_87746.1|1"
4IQX,"RNA3DB","B|NR_all_56855.1|2, C|NR_all_56855.1|2"
4J1G,"RNA3DB","E|NR_all_28720.1|1"
4J39,"RNA3DB","B|NR_all_93859.1|1"
4J50,"RNA3DB","A|NR_all_45159.1|2, B|NR_all_45159.1|2"
4J5V,"RNA3DB","B|NR_all_93859.1|1"
4J7L,"RNA3DB","B|NR_all_84318.1|1"
4J7M,"RNA3DB","B|NR_all_84318.1|1"
4JAB,"RNA3DB","A|NR_all_60906.1|2, B|NR_all_60906.1|2"
4JAH,"RNA3DB","A|NR_all_88706.1|2, B|NR_all_88706.1|2, C|NR_all_88706.1|2, D|NR_all_88706.1|2, E|NR_all_88706.1|2, F|NR_all_88706.1|2"
4JF2,"2020 RNA, RNA3DB","A|NR_all_27306.1|1"
4JGN,"RNA3DB","E|NR_all_40086.1|1"
4JI0,"RNA3DB","A|NR_all_65795.80|1"
4JI1,"RNA3DB","A|NR_all_65795.80|1"
4JI2,"RNA3DB","A|NR_all_65795.80|1"
4JI3,"RNA3DB","A|NR_all_65795.80|1"
4JI4,"RNA3DB","A|NR_all_65795.80|1"
4JI5,"RNA3DB","A|NR_all_65795.80|1"
4JI6,"RNA3DB","A|NR_all_65795.80|1"
4JI7,"RNA3DB","A|NR_all_65795.80|1"
4JI8,"RNA3DB","A|NR_all_65795.80|1"
4JIY,"RNA3DB","A|NR_all_54538.1|1"
4JK0,"RNA3DB","B|NR_all_40086.1|1"
4JNG,"RNA3DB","L|NR_all_58017.1|1"
4JNX,"RNA3DB","B|NR_all_25361.2|2, G|NR_all_25361.2|2"
4JRC,"2020 RNA, RNA3DB","A|NR_all_26186.1|1, B|NR_all_26186.1|1"
4JRD,"RNA3DB","A|NR_all_09810.1|1, B|NR_all_09810.1|1"
4JRT,"RNA3DB","A|NR_all_17580.1|2, B|NR_all_17580.1|2"
4JV5,"RNA3DB","A|NR_all_65795.80|1, X|NR_all_69202.1|1, Y|NR_all_61139.1|1"
4JVH,"RNA3DB","D|NR_all_11173.1|1"
4JVY,"RNA3DB","D|NR_all_40895.1|1, F|NR_all_40895.1|1"
4JXX,"RNA3DB","B|NR_all_31819.5|1"
4JXZ,"RNA3DB","B|NR_all_55897.1|1"
4JYA,"RNA3DB","A|NR_all_65795.80|1, X|NR_all_60842.1|1, Y|NR_all_51071.1|1"
4JYZ,"RNA3DB","B|NR_all_90200.1|1"
4JZU,"RNA3DB","C|NR_all_96460.1|1"
4JZV,"RNA3DB","C|NR_all_96460.1|1"
4K0K,"RNA3DB","A|NR_all_65795.80|1, X|NR_all_22639.1|2, Y|NR_all_22639.1|2"
4K27,"2020 RNA, RNA3DB","U|NR_all_26582.1|1"
4K31,"RNA3DB","B|NR_all_77275.1|2, C|NR_all_77275.1|2"
4K32,"RNA3DB","A|NR_all_71199.5|2, B|NR_all_71199.5|2"
4K4S,"RNA3DB","B|NR_all_09443.2|6, C|NR_all_09443.2|6, D|NR_all_09443.2|6, F|NR_all_09443.2|6, G|NR_all_09443.2|6, H|NR_all_09443.2|6"
4K4T,"RNA3DB","B|NR_all_09443.2|3, C|NR_all_09443.2|3, D|NR_all_09443.2|3, F|NR_all_09443.2|3, G|NR_all_09443.2|3, H|NR_all_09443.2|3"
4K4U,"RNA3DB","B|NR_all_33790.1|3, C|NR_all_33790.1|3, D|NR_all_33790.1|3, F|NR_all_33790.1|3, G|NR_all_33790.1|3, H|NR_all_33790.1|3"
4K4V,"RNA3DB","B|NR_all_31084.1|1, F|NR_all_31084.1|1"
4K4W,"RNA3DB","B|NR_all_67574.1|2, C|NR_all_67574.1|2, F|NR_all_67574.1|2, G|NR_all_67574.1|2"
4K4X,"RNA3DB","B|NR_all_81203.2|3, C|NR_all_81203.2|3, D|NR_all_81203.2|3, F|NR_all_81203.2|3, G|NR_all_81203.2|3, H|NR_all_81203.2|3, J|NR_all_81203.2|3, K|NR_all_81203.2|3, L|NR_all_81203.2|3, N|NR_all_81203.2|3, O|NR_all_81203.2|3, P|NR_all_81203.2|3"
4K4Y,"RNA3DB","B|NR_all_31081.1|2, D|NR_all_31081.1|2, F|NR_all_31081.1|2, H|NR_all_31081.1|2, J|NR_all_31081.1|2, L|NR_all_31081.1|2, N|NR_all_31081.1|2, P|NR_all_31081.1|2"
4K4Z,"RNA3DB","B|NR_all_81203.2|3, C|NR_all_81203.2|3, D|NR_all_81203.2|3, F|NR_all_81203.2|3, G|NR_all_81203.2|3, H|NR_all_81203.2|3, J|NR_all_81203.2|3, K|NR_all_81203.2|3, L|NR_all_81203.2|3, N|NR_all_81203.2|3, O|NR_all_81203.2|3, P|NR_all_81203.2|3"
4K50,"RNA3DB","B|NR_all_78245.1|2, C|NR_all_78245.1|2, F|NR_all_78245.1|2, G|NR_all_78245.1|2, J|NR_all_78245.1|2, K|NR_all_78245.1|2, N|NR_all_78245.1|2, O|NR_all_78245.1|2"
4KHP,"RNA3DB","A|NR_all_65795.80|1, X|NR_all_73146.1|1"
4KHS,"RNA3DB",""
4KHU,"RNA3DB",""
4KHW,"RNA3DB",""
4KHY,"RNA3DB",""
4KI4,"RNA3DB",""
4KI6,"RNA3DB",""
4KJI,"RNA3DB","C|NR_all_72481.1|1, D|NR_all_72481.1|1"
4KNQ,"RNA3DB","B|NR_all_78931.1|1"
4KQ0,"RNA3DB","B|NR_all_55642.1|2, E|NR_all_55642.1|2"
4KQY,"RNA3DB","A|NR_all_35479.1|1"
4KR2,"RNA3DB","C|NR_all_06496.1|1"
4KR3,"RNA3DB","C|NR_all_06496.1|1"
4KR6,"RNA3DB","C|NR_all_52747.1|1, D|NR_all_53766.1|1"
4KR7,"RNA3DB","M|NR_all_57443.1|1, X|NR_all_87561.1|1"
4KR9,"RNA3DB","M|NR_all_57443.1|1, X|NR_all_87561.1|1"
4KRE,"RNA3DB","R|NR_all_79645.1|1"
4KRF,"RNA3DB","R|NR_all_98585.1|1"
4KTG,"RNA3DB","B|NR_all_41922.1|1, E|NR_all_41922.1|1"
4KVB,"RNA3DB","A|NR_all_65795.80|1"
4KXT,"RNA3DB","B|NR_all_24161.1|1"
4KYY,"RNA3DB","A|NR_all_41718.1|2, B|NR_all_41718.1|2"
4KZ2,"RNA3DB","A|NR_all_45626.1|3, B|NR_all_45626.1|3, C|NR_all_45626.1|3"
4KZD,"RNA3DB","R|NR_all_27557.2|1"
4KZE,"RNA3DB","R|NR_all_27557.2|1"
4KZX,"RNA3DB","i|NR_all_21280.33|1"
4KZY,"RNA3DB","i|NR_all_21280.33|1"
4KZZ,"RNA3DB","i|NR_all_21280.33|1, j|NR_all_83098.3|1"
4L0A,"RNA3DB",""
4L47,"RNA3DB","QA|NR_all_65795.80|1, QV|NR_all_20721.10|1, RA|NR_all_97519.74|1, RB|NR_all_42622.74|1, XA|NR_all_65795.80|1, XV|NR_all_20721.10|1, YA|NR_all_97519.74|1, YB|NR_all_42622.74|1"
4L71,"RNA3DB","QA|NR_all_65795.80|1, QV|NR_all_35542.140|1, RA|NR_all_97519.74|1, RB|NR_all_42622.74|1, XA|NR_all_65795.80|1, XV|NR_all_35542.140|1, YA|NR_all_97519.74|1, YB|NR_all_42622.74|1"
4L81,"2020 RNA, RNA Puzzles, RNA3DB","A|NR_all_12869.1|1"
4L8H,"RNA3DB","R|NR_all_51487.1|1"
4L8R,"RNA3DB","A|NR_all_26321.3|1, D|NR_all_26321.3|1"
4LCK,"RNA Puzzles, RNA3DB","B|NR_all_67151.1|1, C|NR_all_26576.1|1, E|NR_all_67151.1|1, F|NR_all_26576.1|1"
4LEL,"RNA3DB","QA|NR_all_65795.80|1, QV|NR_all_35542.140|1, RA|NR_all_97519.74|1, RB|NR_all_42622.74|1, XA|NR_all_65795.80|1, XV|NR_all_35542.140|1, YA|NR_all_97519.74|1, YB|NR_all_42622.74|1"
4LF4,"RNA3DB","A|NR_all_65795.80|1"
4LF5,"RNA3DB","A|NR_all_65795.80|1"
4LF6,"RNA3DB","A|NR_all_65795.80|1"
4LF7,"RNA3DB","A|NR_all_65795.80|1"
4LF8,"RNA3DB","A|NR_all_65795.80|1"
4LF9,"RNA3DB","A|NR_all_65795.80|1"
4LFA,"RNA3DB","A|NR_all_65795.80|1"
4LFB,"RNA3DB","A|NR_all_65795.80|1"
4LFC,"RNA3DB","A|NR_all_65795.80|1"
4LFZ,"RNA3DB","QA|NR_all_65795.80|1, QV|NR_all_35542.140|1, RA|NR_all_97519.74|1, RB|NR_all_42622.74|1, XA|NR_all_65795.80|1, XV|NR_all_35542.140|1, YA|NR_all_97519.74|1, YB|NR_all_42622.74|1"
4LG2,"RNA3DB","E|NR_all_02622.1|2, F|NR_all_02622.1|2, I|NR_all_02622.1|2, J|NR_all_02622.1|2"
4LGT,"RNA3DB","E|NR_all_86334.1|1, F|NR_all_86334.1|1"
4LJ0,"RNA3DB","C|NR_all_41668.2|1, D|NR_all_41668.2|1, E|NR_all_41668.2|1"
4LMZ,"RNA3DB","B|NR_all_60255.1|1"
4LNT,"RNA3DB","QA|NR_all_65795.80|1, QV|NR_all_35542.140|1, RA|NR_all_97519.74|1, RB|NR_all_42622.74|1, XA|NR_all_65795.80|1, XV|NR_all_35542.140|1, YA|NR_all_97519.74|1, YB|NR_all_42622.74|1"
4LQ3,"RNA3DB","R|NR_all_98428.4|1"
4LSK,"RNA3DB","QA|NR_all_65795.80|1, QV|NR_all_35542.140|1, RA|NR_all_97519.74|1, RB|NR_all_42622.74|1, XA|NR_all_65795.80|1, XV|NR_all_35542.140|1, YA|NR_all_97519.74|1, YB|NR_all_42622.74|1"
4LT8,"RNA3DB","QA|NR_all_65795.80|1, QV|NR_all_35542.140|1, RA|NR_all_97519.74|1, RB|NR_all_42622.74|1, XA|NR_all_65795.80|1, XV|NR_all_35542.140|1, YA|NR_all_97519.74|1, YB|NR_all_42622.74|1"
4LVV,"2020 RNA, RNA3DB","A|NR_all_78797.5|1"
4LVW,"RNA3DB","A|NR_all_78797.5|1"
4LVX,"RNA3DB","A|NR_all_78797.5|1"
4LVY,"RNA3DB","A|NR_all_78797.5|1"
4LVZ,"RNA3DB","A|NR_all_78797.5|1"
4LW0,"RNA3DB","A|NR_all_78797.5|1"
4LX5,"RNA3DB","A|NR_all_73445.1|1"
4LX6,"RNA3DB","A|NR_all_73445.1|1"
4M2Z,"RNA3DB","C|NR_all_52425.2|1, D|NR_all_52425.2|1"
4M30,"RNA3DB","C|NR_all_52425.2|1, D|NR_all_52425.2|1"
4M4O,"RNA3DB","B|NR_all_52315.1|1"
4M59,"RNA3DB","C|NR_all_55785.1|1, D|NR_all_27182.1|1"
4M6D,"RNA3DB","B|NR_all_22632.1|1, D|NR_all_22632.1|1, F|NR_all_22632.1|1, H|NR_all_22632.1|1, J|NR_all_22632.1|1, L|NR_all_22632.1|1"
4M7A,"RNA3DB","O|NR_all_17764.1|1, P|NR_all_17764.1|1"
4M7D,"RNA3DB","O|NR_all_42085.1|1, P|NR_all_42085.1|1"
4MCE,"RNA3DB","A|NR_all_69766.1|2, B|NR_all_69766.1|2, C|NR_all_69766.1|2, D|NR_all_69766.1|2"
4MCF,"RNA3DB","A|NR_all_69766.1|4, B|NR_all_69766.1|4, C|NR_all_69766.1|4, D|NR_all_69766.1|4, E|NR_all_69766.1|2, F|NR_all_69766.1|2, G|NR_all_69766.1|2, H|NR_all_69766.1|2"
4MDX,"RNA3DB","C|NR_all_80423.1|1"
4MEG,"RNA3DB","B|NR_all_35133.6|1"
4MEH,"RNA3DB","B|NR_all_35133.6|1"
4MGM,"RNA3DB","A|NR_all_31699.2|1, B|NR_all_31699.2|1"
4MGN,"RNA3DB","A|NR_all_19112.1|1, B|NR_all_31699.2|1, C|NR_all_19112.1|1, D|NR_all_31699.2|1"
4MS9,"RNA3DB","A|NR_all_71188.3|1"
4MSB,"RNA3DB","A|NR_all_71188.3|2, B|NR_all_71188.3|2, C|NR_all_71188.3|2, D|NR_all_71188.3|2, E|NR_all_71188.3|2, F|NR_all_71188.3|2"
4MSR,"RNA3DB","A|NR_all_71188.3|2, B|NR_all_71188.3|2"
4N0T,"RNA3DB","B|NR_all_60469.1|1"
4N2Q,"RNA3DB","B|NR_all_45527.1|1"
4N2S,"RNA3DB","B|NR_all_29277.1|1"
4N48,"RNA3DB","D|NR_all_98303.1|1, G|NR_all_98303.1|1"
4NDF,"RNA3DB",""
4NDG,"RNA3DB",""
4NDI,"RNA3DB",""
4NFO,"RNA3DB","A|NR_all_10487.1|1, B|NR_all_10487.1|2, C|NR_all_10487.1|2"
4NFP,"RNA3DB","A|NR_all_10487.1|1, B|NR_all_10487.1|2, C|NR_all_10487.1|2"
4NFQ,"RNA3DB","A|NR_all_10487.1|1, B|NR_all_10487.1|2, C|NR_all_10487.1|2"
4NGB,"RNA3DB","B|NR_all_47933.1|1"
4NGC,"RNA3DB","B|NR_all_35969.1|1"
4NGD,"RNA3DB","B|NR_all_47933.1|1"
4NGF,"RNA3DB","E|NR_all_06683.1|2, F|NR_all_06683.1|2, G|NR_all_06683.1|2, H|NR_all_06683.1|2"
4NGG,"RNA3DB","B|NR_all_15462.1|1"
4NH3,"RNA3DB","B|NR_all_73378.1|1"
4NH5,"RNA3DB","B|NR_all_78685.1|1"
4NH6,"RNA3DB","B|NR_all_33125.1|1"
4NHA,"RNA3DB","B|NR_all_04426.1|1"
4NIA,"RNA3DB","1|NR_all_21736.7|1, 2|NR_all_21736.7|1, 3|NR_all_21736.7|1, 4|NR_all_21736.7|1, 5|NR_all_21736.7|1, 6|NR_all_21736.7|1, 7|NR_all_21736.7|1, 8|NR_all_21736.7|1, P|NR_all_24132.3|2, Q|NR_all_24132.3|1, R|NR_all_24132.3|2, S|NR_all_24132.3|2, T|NR_all_24132.3|2, U|NR_all_24132.3|1, V|NR_all_24132.3|1, W|NR_all_24132.3|1, X|NR_all_24132.3|2, Y|NR_all_24132.3|2, Z|NR_all_24132.3|1, a|NR_all_24132.3|1, b|NR_all_24132.3|1, c|NR_all_24132.3|1, d|NR_all_24132.3|1, e|NR_all_24132.3|2, f|NR_all_51111.1|1, g|NR_all_24132.3|2, h|NR_all_24132.3|2, i|NR_all_24132.3|2, j|NR_all_51111.1|1, k|NR_all_51111.1|1, l|NR_all_51111.1|1, m|NR_all_24132.3|2, n|NR_all_24132.3|2, o|NR_all_51111.1|1, p|NR_all_51111.1|1, q|NR_all_51111.1|1, r|NR_all_51111.1|1, s|NR_all_51111.1|1, t|NR_all_21736.7|1, u|NR_all_21736.7|1, v|NR_all_21736.7|1, w|NR_all_21736.7|1, x|NR_all_21736.7|1, y|NR_all_21736.7|1, z|NR_all_21736.7|1"
4NKU,"RNA3DB","D|NR_all_48777.2|1, H|NR_all_48777.2|1"
4NL3,"RNA3DB","R|NR_all_74924.26|1, Z|NR_all_74924.26|1"
4NLF,"RNA3DB","A|NR_all_94729.10|1"
4NMG,"RNA3DB","A|NR_all_94729.10|1"
4NXH,"RNA3DB","A|NR_all_94729.10|1"
4NXM,"RNA3DB","A|NR_all_65795.80|1"
4NXN,"RNA3DB","A|NR_all_65795.80|1"
4NYA,"RNA3DB","A|NR_all_42241.3|1, B|NR_all_42241.3|1"
4NYB,"RNA3DB","A|NR_all_42241.3|1"
4NYC,"RNA3DB","A|NR_all_42241.3|1"
4NYD,"RNA3DB","A|NR_all_42241.3|1"
4NYG,"RNA3DB","A|NR_all_42241.3|1"
4O26,"RNA3DB","E|NR_all_11458.2|1, F|NR_all_11458.2|1"
4O41,"RNA3DB","A|NR_all_56235.1|2, B|NR_all_56235.1|2, C|NR_all_56235.1|2, D|NR_all_56235.1|2"
4O8J,"RNA3DB","D|NR_all_41964.1|1, E|NR_all_41964.1|1"
4O9M,"RNA3DB",""
4OAU,"RNA3DB","A|NR_all_65223.11|1"
4OAV,"RNA3DB","A|NR_all_49228.1|1, C|NR_all_16274.1|1"
4OE1,"RNA3DB","C|NR_all_55785.1|1, D|NR_all_27182.1|1"
4OHY,"RNA3DB","B|NR_all_65789.2|1"
4OHZ,"RNA3DB","B|NR_all_07579.1|1"
4OI0,"RNA3DB","B|NR_all_65789.2|1"
4OI1,"RNA3DB","B|NR_all_65789.2|1"
4OJI,"2020 RNA, RNA3DB","A|NR_all_79951.1|1"
4OL8,"RNA3DB","C|NR_all_91413.1|1, G|NR_all_91413.1|1"
4OLA,"RNA3DB","B|NR_all_42877.1|1"
4OLB,"RNA3DB","B|NR_all_42877.1|1"
4OO1,"RNA3DB","S|NR_all_91564.1|1"
4OO8,"RNA3DB","B|NR_all_46651.2|1, E|NR_all_46651.2|1"
4OOG,"RNA3DB","D|NR_all_91105.1|1"
4OQ8,"RNA3DB","B|NR_all_24132.3|2, C|NR_all_24132.3|2, D|NR_all_21736.7|1"
4OQ9,"RNA3DB","1|NR_all_21736.7|1, 2|NR_all_21736.7|1, 3|NR_all_21736.7|1, 4|NR_all_21736.7|1, 5|NR_all_21736.7|1, 6|NR_all_21736.7|1, 7|NR_all_21736.7|1, 8|NR_all_21736.7|1, P|NR_all_24132.3|2, Q|NR_all_24132.3|1, R|NR_all_24132.3|2, S|NR_all_24132.3|2, T|NR_all_24132.3|2, U|NR_all_24132.3|1, V|NR_all_24132.3|1, W|NR_all_24132.3|1, X|NR_all_24132.3|2, Y|NR_all_24132.3|2, Z|NR_all_24132.3|1, a|NR_all_24132.3|1, b|NR_all_24132.3|1, c|NR_all_24132.3|1, d|NR_all_24132.3|1, e|NR_all_24132.3|2, f|NR_all_51111.1|1, g|NR_all_24132.3|2, h|NR_all_24132.3|2, i|NR_all_24132.3|2, j|NR_all_51111.1|1, k|NR_all_51111.1|1, l|NR_all_51111.1|1, m|NR_all_24132.3|2, n|NR_all_24132.3|2, o|NR_all_51111.1|1, p|NR_all_51111.1|1, q|NR_all_51111.1|1, r|NR_all_51111.1|1, s|NR_all_51111.1|1, t|NR_all_21736.7|1, u|NR_all_21736.7|1, v|NR_all_21736.7|1, w|NR_all_21736.7|1, x|NR_all_21736.7|1, y|NR_all_21736.7|1, z|NR_all_21736.7|1"
4OQU,"RNA3DB","A|NR_all_12869.1|1"
4OX9,"RNA3DB","A|NR_all_65795.80|1"
4P20,"RNA3DB","A|NR_all_71199.5|2, B|NR_all_71199.5|2"
4P3E,"RNA3DB","A|NR_all_37229.3|1"
4P3S,"RNA3DB","A|NR_all_71199.5|2, B|NR_all_71199.5|2"
4P3T,"RNA3DB","A|NR_all_31561.1|2, B|NR_all_31561.1|2"
4P3U,"RNA3DB","A|NR_all_07169.1|2, B|NR_all_07169.1|2, C|NR_all_26059.1|2, D|NR_all_26059.1|2"
4P43,"RNA3DB","A|NR_all_02378.1|2, B|NR_all_02378.1|2"
4P5J,"2020 RNA, RNA3DB","A|NR_all_02656.1|1"
4P6F,"RNA3DB","QA|NR_all_65795.80|1, QV|NR_all_35542.140|1, QW|NR_all_19951.88|1, RA|NR_all_97519.74|1, RB|NR_all_42622.74|1, XA|NR_all_65795.80|1, XV|NR_all_35542.140|1, XW|NR_all_19951.88|1, YA|NR_all_97519.74|1, YB|NR_all_42622.74|1"
4P70,"RNA3DB","QA|NR_all_65795.80|1, QV|NR_all_35542.140|1, RA|NR_all_97519.74|1, RB|NR_all_42622.74|1, XA|NR_all_65795.80|1, XV|NR_all_35542.140|1, YA|NR_all_97519.74|1, YB|NR_all_42622.74|1"
4P8Z,"RNA3DB","A|NR_all_86266.1|1"
4P95,"2020 RNA",""
4P97,"RNA3DB","A|NR_all_43274.1|2, B|NR_all_43274.1|2, C|NR_all_43274.1|2, D|NR_all_43274.1|2"
4P9R,"RNA Puzzles, RNA3DB","A|NR_all_57460.4|1"
4PCJ,"RNA3DB","A|NR_all_52610.1|1"
4PCO,"RNA3DB","A|NR_all_33558.1|2, B|NR_all_33558.1|2, C|NR_all_33558.1|2, D|NR_all_33558.1|2, E|NR_all_33558.1|1"
4PDB,"RNA3DB","I|NR_all_18718.1|1"
4PDQ,"RNA3DB","A|NR_all_35024.1|2, B|NR_all_35024.1|2"
4PEH,"RNA3DB","V|NR_all_40559.1|1, W|NR_all_40559.1|1, X|NR_all_40559.1|1, Y|NR_all_40559.1|1, Z|NR_all_06133.1|1"
4PEI,"RNA3DB","V|NR_all_81611.1|1, W|NR_all_81611.1|1, X|NR_all_81611.1|1, Y|NR_all_81611.1|1, Z|NR_all_81611.1|1"
4PHY,"RNA3DB","A|NR_all_02574.1|2, B|NR_all_02574.1|2"
4PJO,"RNA3DB","1|NR_all_72137.1|2, 2|NR_all_72137.1|2, 3|NR_all_72137.1|2, 4|NR_all_72137.1|2, X|NR_all_72137.1|2, Y|NR_all_72137.1|2, x|NR_all_72137.1|2, y|NR_all_72137.1|2"
4PKD,"RNA3DB","V|NR_all_24202.1|1"
4PLX,"2020 RNA, RNA3DB","A|NR_all_37008.1|1, B|NR_all_37008.1|1, C|NR_all_37008.1|1"
4PMI,"RNA3DB","A|NR_all_36990.1|1"
4PMW,"RNA3DB","C|NR_all_13685.1|1, D|NR_all_13685.1|1"
4PQU,"RNA3DB","E|NR_all_67439.2|1, T|NR_all_67439.2|1"
4PQV,"2020 RNA, RNA3DB","A|NR_all_72021.1|1"
4PR6,"RNA3DB","B|NR_all_09431.1|1"
4PRF,"RNA3DB","B|NR_all_73165.3|1"
4PUO,"RNA3DB","E|NR_all_67439.2|1, T|NR_all_67439.2|1"
4PUQ,"RNA3DB",""
4PWD,"RNA3DB","E|NR_all_73328.1|1, T|NR_all_73328.1|1"
4PY5,"RNA3DB","B|NR_all_33669.1|1"
4Q0B,"RNA3DB","E|NR_all_67179.1|1, T|NR_all_67179.1|1, e|NR_all_89275.1|1, t|NR_all_89275.1|1"
4Q5S,"RNA3DB","I|NR_all_65762.1|1"
4Q5V,"RNA3DB","B|NR_all_91665.5|1, F|NR_all_91665.5|1"
4Q9Q,"RNA3DB","R|NR_all_27557.2|1"
4Q9R,"RNA3DB","R|NR_all_27557.2|1"
4QCL,"RNA3DB","B|NR_all_91665.5|1"
4QEI,"RNA3DB","C|NR_all_19188.1|1"
4QG3,"RNA3DB","B|NR_all_73731.2|1"
4QI2,"RNA3DB","E|NR_all_19645.1|1, F|NR_all_19645.1|1, G|NR_all_19645.1|1, H|NR_all_19645.1|1"
4QIK,"RNA3DB","C|NR_all_13250.1|2, D|NR_all_13250.1|2"
4QIL,"RNA3DB","C|NR_all_61892.1|1, D|NR_all_61892.1|1"
4QJD,"RNA3DB","A|NR_all_07557.1|2, B|NR_all_07557.1|2, C|NR_all_07557.1|2, D|NR_all_07557.1|2, E|NR_all_07557.1|2, F|NR_all_07557.1|2, G|NR_all_07557.1|2, H|NR_all_07557.1|2"
4QJH,"RNA3DB","A|NR_all_16437.1|2, B|NR_all_16437.1|2, C|NR_all_16437.1|2, D|NR_all_16437.1|2, E|NR_all_16437.1|2, F|NR_all_16437.1|2"
4QK8,"RNA3DB","A|NR_all_94866.2|1"
4QK9,"RNA3DB","A|NR_all_91474.1|1"
4QKA,"RNA3DB","A|NR_all_94866.2|1"
4QLM,"RNA Puzzles, RNA3DB","A|NR_all_53735.1|1"
4QLN,"2020 RNA, RNA3DB","A|NR_all_53735.1|1"
4QM6,"RNA3DB","C|NR_all_75344.1|1, D|NR_all_75344.1|1"
4QOZ,"RNA3DB","A|NR_all_26321.3|1, D|NR_all_26321.3|1"
4QPX,"RNA3DB","P|NR_all_18913.1|2, T|NR_all_18913.1|2"
4QQB,"RNA3DB","C|NR_all_29353.1|1, P|NR_all_29353.1|1"
4QU6,"RNA3DB","B|NR_all_98920.1|1"
4QU7,"RNA3DB","U|NR_all_22602.1|1, V|NR_all_22602.1|1, X|NR_all_22602.1|1"
4QVC,"RNA3DB","G|NR_all_47084.1|1"
4QVD,"RNA3DB","H|NR_all_78430.1|1"
4QVI,"RNA3DB","B|NR_all_73731.2|1"
4QYZ,"RNA3DB","L|NR_all_29106.1|1"
4R0D,"RNA3DB","A|NR_all_18903.1|1"
4R3I,"RNA3DB","B|NR_all_37244.1|1"
4R4P,"RNA3DB","A|NR_all_33922.2|1"
4R4V,"2020 RNA, RNA Puzzles, RNA3DB","A|NR_all_33922.2|1"
4R8I,"RNA3DB",""
4RBQ,"RNA3DB","A|NR_all_59081.1|1"
4RBY,"RNA3DB","A|NR_all_50652.1|1"
4RBZ,"RNA3DB","A|NR_all_12687.1|1"
4RC0,"RNA3DB","A|NR_all_47141.1|1"
4RCJ,"RNA3DB","B|NR_all_80112.1|1"
4RCM,"RNA3DB",""
4RDX,"RNA3DB","C|NR_all_42401.1|1"
4RGE,"RNA3DB","A|NR_all_19502.2|1, B|NR_all_19502.2|1, C|NR_all_19502.2|1"
4RGF,"RNA3DB","A|NR_all_19502.2|1, B|NR_all_19502.2|1, C|NR_all_19502.2|1"
4RJ1,"RNA3DB","A|NR_all_12669.1|1, B|NR_all_12669.1|1"
4RKV,"RNA3DB","A|NR_all_12669.1|1, B|NR_all_12669.1|1"
4RMO,"RNA3DB","B|NR_all_48149.1|1, D|NR_all_48149.1|1, F|NR_all_48149.1|1, H|NR_all_48149.1|1, J|NR_all_48149.1|1, L|NR_all_48149.1|1, N|NR_all_48149.1|1, P|NR_all_48149.1|1"
4RNE,"RNA3DB","A|NR_all_12669.1|1, B|NR_all_12669.1|1, C|NR_all_12669.1|1, D|NR_all_12669.1|1, E|NR_all_12669.1|1, F|NR_all_12669.1|1, G|NR_all_12669.1|1, H|NR_all_12669.1|1"
4RQE,"RNA3DB","B|NR_all_90840.6|1, D|NR_all_90840.6|1"
4RQF,"RNA3DB","C|NR_all_90840.6|1"
4RUM,"2020 RNA, RNA3DB","A|NR_all_88154.1|1"
4RWN,"RNA3DB","B|NR_all_30317.1|2, C|NR_all_30317.1|2"
4RWO,"RNA3DB","B|NR_all_30317.1|2, C|NR_all_30317.1|2"
4RWP,"RNA3DB","B|NR_all_30317.1|2, C|NR_all_30317.1|2"
4RZD,"2020 RNA, RNA3DB","A|NR_all_63567.3|1"
4S20,"RNA3DB","N|NR_all_81784.2|1, P|NR_all_81784.2|1"
4S2X,"RNA3DB","B|NR_all_77810.2|1"
4S2Y,"RNA3DB","B|NR_all_77810.2|1"
4S3N,"RNA3DB","B|NR_all_30317.1|2, C|NR_all_30317.1|2"
4TNA,"RNA3DB","A|NR_all_83593.5|1"
4TRA,"RNA3DB","A|NR_all_83593.5|1"
4TS0,"RNA3DB","X|NR_all_80828.1|2, Y|NR_all_80828.1|2"
4TS2,"RNA3DB","X|NR_all_80828.1|2, Y|NR_all_80828.1|2"
4TU0,"RNA3DB","F|NR_all_63520.1|1, G|NR_all_63520.1|1"
4TUA,"RNA3DB","QA|NR_all_65795.80|1, QV|NR_all_35542.140|1, RA|NR_all_97519.74|1, RB|NR_all_42622.74|1, XA|NR_all_65795.80|1, XV|NR_all_35542.140|1, YA|NR_all_97519.74|1, YB|NR_all_42622.74|1"
4TUB,"RNA3DB","QA|NR_all_65795.80|1, QV|NR_all_35542.140|1, RA|NR_all_97519.74|1, RB|NR_all_42622.74|1, XA|NR_all_65795.80|1, XV|NR_all_35542.140|1, YA|NR_all_97519.74|1, YB|NR_all_42622.74|1"
4TUC,"RNA3DB","QA|NR_all_65795.80|1, QV|NR_all_35542.140|1, RA|NR_all_97519.74|1, RB|NR_all_42622.74|1, XA|NR_all_65795.80|1, XV|NR_all_35542.140|1, YA|NR_all_97519.74|1, YB|NR_all_42622.74|1"
4TUD,"RNA3DB","QA|NR_all_65795.80|1, QV|NR_all_35542.140|1, RA|NR_all_97519.74|1, RB|NR_all_42622.74|1, XA|NR_all_65795.80|1, XV|NR_all_35542.140|1, YA|NR_all_97519.74|1, YB|NR_all_42622.74|1"
4TUE,"RNA3DB","QA|NR_all_65795.80|1, QV|NR_all_72820.1|1, RA|NR_all_97519.74|1, RB|NR_all_42622.74|1, XA|NR_all_65795.80|1, XV|NR_all_72820.1|1, YA|NR_all_97519.74|1, YB|NR_all_42622.74|1"
4TUW,"RNA3DB","C|NR_all_52096.2|1, D|NR_all_52096.2|1"
4TUX,"RNA3DB","C|NR_all_52096.2|1, D|NR_all_52096.2|1"
4TV0,"RNA3DB","B|NR_all_52096.2|1"
4TVX,"RNA3DB","L|NR_all_70313.2|1, X|NR_all_70313.2|1"
4TYW,"RNA3DB","B|NR_all_45210.1|1"
4TYY,"RNA3DB","B|NR_all_21747.1|1"
4TZ0,"RNA3DB","B|NR_all_20784.1|1"
4TZ6,"RNA3DB","B|NR_all_75005.1|1"
4TZP,"RNA3DB","B|NR_all_51862.2|1, C|NR_all_26576.1|1, E|NR_all_51862.2|1, F|NR_all_26576.1|1"
4TZV,"RNA3DB","B|NR_all_51862.2|1, C|NR_all_26576.1|1"
4TZW,"RNA3DB","B|NR_all_51862.2|1, C|NR_all_26576.1|1"
4TZX,"2020 RNA, RNA3DB","X|NR_all_94683.1|1"
4TZY,"RNA3DB","X|NR_all_94683.1|1"
4TZZ,"RNA3DB","B|NR_all_51862.2|1, C|NR_all_26576.1|1, E|NR_all_51862.2|1, F|NR_all_26576.1|1, H|NR_all_51862.2|1, I|NR_all_26576.1|1, K|NR_all_51862.2|1, L|NR_all_26576.1|1"
4U1U,"RNA3DB","AA|NR_all_56726.132|1, BA|NR_all_83717.145|1, BB|NR_all_10157.143|1, CA|NR_all_56726.132|1, DA|NR_all_83717.145|1, DB|NR_all_10157.143|1"
4U1V,"RNA3DB","AA|NR_all_56726.132|1, BA|NR_all_83717.145|1, BB|NR_all_10157.143|1, CA|NR_all_56726.132|1, DA|NR_all_83717.145|1, DB|NR_all_10157.143|1"
4U20,"RNA3DB","AA|NR_all_56726.132|1, BA|NR_all_83717.145|1, BB|NR_all_10157.143|1, CA|NR_all_56726.132|1, DA|NR_all_83717.145|1, DB|NR_all_10157.143|1"
4U24,"RNA3DB","AA|NR_all_56726.132|1, BA|NR_all_83717.145|1, BB|NR_all_10157.143|1, CA|NR_all_56726.132|1, DA|NR_all_83717.145|1, DB|NR_all_10157.143|1"
4U25,"RNA3DB","AA|NR_all_56726.132|1, BA|NR_all_83717.145|1, BB|NR_all_10157.143|1, CA|NR_all_56726.132|1, DA|NR_all_83717.145|1, DB|NR_all_10157.143|1"
4U26,"RNA3DB","AA|NR_all_56726.132|1, BA|NR_all_83717.145|1, BB|NR_all_10157.143|1, CA|NR_all_56726.132|1, DA|NR_all_83717.145|1, DB|NR_all_10157.143|1"
4U27,"RNA3DB","AA|NR_all_56726.132|1, BA|NR_all_83717.145|1, BB|NR_all_10157.143|1, CA|NR_all_56726.132|1, DA|NR_all_83717.145|1, DB|NR_all_10157.143|1"
4U34,"RNA3DB","A|NR_all_50990.1|2, B|NR_all_50990.1|2"
4U35,"RNA3DB","A|NR_all_61167.1|2, B|NR_all_61167.1|2"
4U37,"RNA3DB","A|NR_all_54592.1|2, B|NR_all_54592.1|2"
4U38,"RNA3DB","A|NR_all_54592.1|2, B|NR_all_54592.1|2, C|NR_all_54592.1|2, D|NR_all_54592.1|2, E|NR_all_54592.1|2, F|NR_all_54592.1|2, G|NR_all_54592.1|2, H|NR_all_54592.1|2"
4U3L,"RNA3DB","A|NR_all_04974.3|2, B|NR_all_04974.3|2"
4U3M,"RNA3DB","1|NR_all_90506.74|2, 2|NR_all_03510.64|1, 3|NR_all_18586.69|1, 4|NR_all_90506.74|2, 5|NR_all_90506.74|2, 6|NR_all_03510.64|1, 7|NR_all_18586.69|1, 8|NR_all_90506.74|2"
4U3N,"RNA3DB","1|NR_all_90506.74|2, 2|NR_all_03510.64|1, 3|NR_all_18586.69|1, 4|NR_all_90506.74|2, 5|NR_all_90506.74|2, 6|NR_all_03510.64|1, 7|NR_all_18586.69|1, 8|NR_all_90506.74|2"
4U3O,"RNA3DB","A|NR_all_04974.3|2, B|NR_all_04974.3|2"
4U3P,"RNA3DB","A|NR_all_04974.3|2, B|NR_all_04974.3|2"
4U3R,"RNA3DB","A|NR_all_04974.3|2, B|NR_all_04974.3|2"
4U3U,"RNA3DB","1|NR_all_90506.74|2, 2|NR_all_03510.64|1, 3|NR_all_18586.69|1, 4|NR_all_90506.74|2, 5|NR_all_90506.74|2, 6|NR_all_03510.64|1, 7|NR_all_18586.69|1, 8|NR_all_90506.74|2"
4U47,"RNA3DB","A|NR_all_04974.3|2, B|NR_all_04974.3|2"
4U4N,"RNA3DB","1|NR_all_90506.74|2, 2|NR_all_03510.64|1, 3|NR_all_18586.69|1, 4|NR_all_90506.74|2, 5|NR_all_90506.74|2, 6|NR_all_03510.64|1, 7|NR_all_18586.69|1, 8|NR_all_90506.74|2"
4U4O,"RNA3DB","1|NR_all_90506.74|2, 2|NR_all_03510.64|1, 3|NR_all_18586.69|1, 4|NR_all_90506.74|2, 5|NR_all_90506.74|2, 6|NR_all_03510.64|1, 7|NR_all_18586.69|1, 8|NR_all_90506.74|2"
4U4Q,"RNA3DB","1|NR_all_90506.74|2, 2|NR_all_03510.64|1, 3|NR_all_18586.69|1, 4|NR_all_90506.74|2, 5|NR_all_90506.74|2, 6|NR_all_03510.64|1, 7|NR_all_18586.69|1, 8|NR_all_90506.74|2"
4U4R,"RNA3DB","1|NR_all_90506.74|2, 2|NR_all_03510.64|1, 3|NR_all_18586.69|1, 4|NR_all_90506.74|2, 5|NR_all_90506.74|2, 6|NR_all_03510.64|1, 7|NR_all_18586.69|1, 8|NR_all_90506.74|2"
4U4U,"RNA3DB","1|NR_all_90506.74|2, 2|NR_all_03510.64|1, 3|NR_all_18586.69|1, 4|NR_all_90506.74|2, 5|NR_all_90506.74|2, 6|NR_all_03510.64|1, 7|NR_all_18586.69|1, 8|NR_all_90506.74|2"
4U4Y,"RNA3DB","1|NR_all_90506.74|2, 2|NR_all_03510.64|1, 3|NR_all_18586.69|1, 4|NR_all_90506.74|2, 5|NR_all_90506.74|2, 6|NR_all_03510.64|1, 7|NR_all_18586.69|1, 8|NR_all_90506.74|2"
4U4Z,"RNA3DB","1|NR_all_90506.74|2, 2|NR_all_03510.64|1, 3|NR_all_18586.69|1, 4|NR_all_90506.74|2, 5|NR_all_90506.74|2, 6|NR_all_03510.64|1, 7|NR_all_18586.69|1, 8|NR_all_90506.74|2"
4U50,"RNA3DB","1|NR_all_90506.74|2, 2|NR_all_03510.64|1, 3|NR_all_18586.69|1, 4|NR_all_90506.74|2, 5|NR_all_90506.74|2, 6|NR_all_03510.64|1, 7|NR_all_18586.69|1, 8|NR_all_90506.74|2"
4U51,"RNA3DB","1|NR_all_90506.74|2, 2|NR_all_03510.64|1, 3|NR_all_18586.69|1, 4|NR_all_90506.74|2, 5|NR_all_90506.74|2, 6|NR_all_03510.64|1, 7|NR_all_18586.69|1, 8|NR_all_90506.74|2"
4U52,"RNA3DB","1|NR_all_90506.74|2, 2|NR_all_03510.64|1, 3|NR_all_18586.69|1, 4|NR_all_90506.74|2, 5|NR_all_90506.74|2, 6|NR_all_03510.64|1, 7|NR_all_18586.69|1, 8|NR_all_90506.74|2"
4U53,"RNA3DB","1|NR_all_90506.74|2, 2|NR_all_03510.64|1, 3|NR_all_18586.69|1, 4|NR_all_90506.74|2, 5|NR_all_90506.74|2, 6|NR_all_03510.64|1, 7|NR_all_18586.69|1, 8|NR_all_90506.74|2"
4U55,"RNA3DB","1|NR_all_90506.74|2, 2|NR_all_03510.64|1, 3|NR_all_18586.69|1, 4|NR_all_90506.74|2, 5|NR_all_90506.74|2, 6|NR_all_03510.64|1, 7|NR_all_18586.69|1, 8|NR_all_90506.74|2"
4U56,"RNA3DB","1|NR_all_90506.74|2, 2|NR_all_03510.64|1, 3|NR_all_18586.69|1, 4|NR_all_90506.74|2, 5|NR_all_90506.74|2, 6|NR_all_03510.64|1, 7|NR_all_18586.69|1, 8|NR_all_90506.74|2"
4U67,"RNA3DB","X|NR_all_88987.9|1, Y|NR_all_17405.9|1"
4U6F,"RNA3DB","1|NR_all_90506.74|2, 2|NR_all_03510.64|1, 3|NR_all_18586.69|1, 4|NR_all_90506.74|2, 5|NR_all_90506.74|2, 6|NR_all_03510.64|1, 7|NR_all_18586.69|1, 8|NR_all_90506.74|2"
4U6K,"RNA3DB","A|NR_all_68446.1|1, C|NR_all_68446.1|1"
4U6L,"RNA3DB","A|NR_all_68446.1|1"
4U6M,"RNA3DB","A|NR_all_68446.1|1"
4U78,"RNA3DB","A|NR_all_04974.3|2, B|NR_all_04974.3|2"
4U7U,"RNA3DB","L|NR_all_39792.1|1, X|NR_all_39792.1|1"
4U8T,"RNA3DB","O|NR_all_15756.1|1, P|NR_all_15756.1|1, Q|NR_all_15756.1|1, R|NR_all_15756.1|1, S|NR_all_15756.1|1, T|NR_all_15756.1|1"
4UDV,"RNA3DB","R|NR_all_36308.1|1"
4UE4,"RNA3DB","A|NR_all_21305.1|1"
4UE5,"RNA3DB","A|NR_all_34771.1|1"
4UER,"RNA3DB","A|NR_all_60605.1|1"
4UFT,"RNA3DB","R|NR_all_42156.1|1"
4UG0,"RNA3DB","L5|NR_all_65061.34|2, L7|NR_all_52752.30|1, L8|NR_all_65061.34|2, S2|NR_all_46995.44|1, S6|NR_all_83098.3|1"
4UJC,"RNA3DB","A2|NR_all_06650.37|2, A3|NR_all_06650.37|2, A4|NR_all_10255.37|1, AA|NR_all_22323.3|1, AC|NR_all_51281.1|1, C1|NR_all_21280.33|1"
4UJD,"RNA3DB","A2|NR_all_06650.37|2, A3|NR_all_06650.37|2, A4|NR_all_10255.37|1, BA|NR_all_22323.3|1, BC|NR_all_51281.1|1, C1|NR_all_21280.33|1"
4UJE,"RNA3DB","A2|NR_all_06650.37|2, A3|NR_all_06650.37|2, A4|NR_all_10255.37|1, AV|NR_all_22323.3|1, AW|NR_all_33313.1|1, B1|NR_all_21280.33|1"
4UN3,"RNA3DB","A|NR_all_80577.1|1"
4UN4,"RNA3DB","A|NR_all_80577.1|1"
4UN5,"RNA3DB","A|NR_all_80577.1|1"
4UY8,"RNA3DB","A|NR_all_83717.145|1, B|NR_all_10157.143|1, V|NR_all_56633.6|1"
4UYJ,"RNA3DB","R|NR_all_53105.1|1, S|NR_all_53105.1|1"
4UYK,"RNA3DB","R|NR_all_53105.1|1"
4V19,"RNA3DB","A|NR_all_24610.3|1"
4V1M,"RNA3DB","P|NR_all_19925.1|1"
4V1N,"RNA3DB","P|NR_all_20180.2|1"
4V1O,"RNA3DB","P|NR_all_20180.2|1"
4V2S,"RNA3DB","Q|NR_all_75200.1|1"
4V3P,"RNA3DB","L1|NR_all_66212.3|2, L2|NR_all_66212.3|2, L3|NR_all_36101.3|1, S1|NR_all_29761.3|1, S2|NR_all_79182.1|1, S3|NR_all_78910.1|1"
4V42,"RNA3DB","AA|NR_all_65795.80|1, AB|NR_all_83593.5|1, AC|NR_all_83593.5|1, AD|NR_all_61343.1|1, BA|NR_all_97519.74|1, BB|NR_all_42622.74|1"
4V47,"RNA3DB","A0|NR_all_83717.145|1, A9|NR_all_10157.143|1, BA|NR_all_56726.132|1"
4V48,"RNA3DB","A0|NR_all_83717.145|1, A6|NR_all_82548.1|1, A9|NR_all_10157.143|1, BA|NR_all_56726.132|1"
4V49,"RNA3DB","AA|NR_all_68433.1|1, AV|NR_all_82548.1|1, AW|NR_all_82548.1|1, B0|NR_all_50512.1|1, B9|NR_all_65973.1|1"
4V4A,"RNA3DB","AA|NR_all_68433.1|1, B0|NR_all_50512.1|1, B9|NR_all_65973.1|1"
4V4B,"RNA3DB","AA|NR_all_88364.1|1, B3|NR_all_62810.1|1, B4|NR_all_67779.1|1"
4V4F,"RNA3DB","A0|NR_all_29423.1|1, A1|NR_all_29423.1|1, A2|NR_all_29423.1|1, A3|NR_all_29423.1|1, A4|NR_all_29423.1|1, A5|NR_all_29423.1|1, A6|NR_all_29423.1|1, A7|NR_all_29423.1|1, A8|NR_all_29423.1|1, A9|NR_all_29423.1|1, AZ|NR_all_29423.1|1, B0|NR_all_29423.1|1, B1|NR_all_29423.1|1, B2|NR_all_29423.1|1, B3|NR_all_29423.1|1, B4|NR_all_29423.1|1, B5|NR_all_29423.1|1, B6|NR_all_29423.1|1, B7|NR_all_29423.1|1, B8|NR_all_29423.1|1, B9|NR_all_29423.1|1, BZ|NR_all_29423.1|1"
4V4G,"RNA3DB","AA|NR_all_68433.1|1, BA|NR_all_65973.1|1, BB|NR_all_50512.1|1, CA|NR_all_68433.1|1, DA|NR_all_65973.1|1, DB|NR_all_50512.1|1, EA|NR_all_68433.1|1, FA|NR_all_65973.1|1, FB|NR_all_50512.1|1, GA|NR_all_68433.1|1, HA|NR_all_65973.1|1, HB|NR_all_50512.1|1, IA|NR_all_68433.1|1, JA|NR_all_65973.1|1, JB|NR_all_50512.1|1"
4V4H,"RNA3DB","AA|NR_all_56726.132|1, BA|NR_all_10157.143|1, BB|NR_all_83717.145|1, CA|NR_all_56726.132|1, DA|NR_all_10157.143|1, DB|NR_all_83717.145|1"
4V4I,"RNA3DB","0|NR_all_18471.1|1, w|NR_all_97519.74|1, x|NR_all_42622.74|1, y|NR_all_65795.80|1, z|NR_all_19951.88|1"
4V4J,"RNA3DB","2|NR_all_18471.1|1, w|NR_all_97519.74|1, x|NR_all_42622.74|1, y|NR_all_65795.80|1, z|NR_all_20721.10|1"
4V4N,"RNA3DB","A1|NR_all_11665.1|1, A3|NR_all_68863.1|1, B1|NR_all_64485.1|1, B2|NR_all_77936.1|1"
4V4P,"RNA3DB","AA|NR_all_97519.74|1, AB|NR_all_42622.74|1, B1|NR_all_65795.80|2, BA|NR_all_65795.80|2, BB|NR_all_18471.1|1, BC|NR_all_18471.1|1"
4V4Q,"RNA3DB","AA|NR_all_56726.132|1, BA|NR_all_10157.143|1, BB|NR_all_83717.145|1, CA|NR_all_56726.132|1, DA|NR_all_10157.143|1, DB|NR_all_83717.145|1"
4V4R,"RNA3DB","AA|NR_all_65795.80|1, AV|NR_all_82548.1|1, AW|NR_all_82548.1|1, AX|NR_all_24471.1|1, BA|NR_all_97519.74|1, BB|NR_all_42622.74|1"
4V4S,"RNA3DB","AA|NR_all_65795.80|1, AV|NR_all_82548.1|1, AW|NR_all_82548.1|1, AX|NR_all_24553.1|1, BA|NR_all_97519.74|1, BB|NR_all_42622.74|1"
4V4T,"RNA3DB","AA|NR_all_65795.80|1, AV|NR_all_82548.1|1, AW|NR_all_82548.1|1, AX|NR_all_24471.1|1, BA|NR_all_97519.74|1, BB|NR_all_42622.74|1"
4V4V,"RNA3DB","AA|NR_all_56726.132|1, AU|NR_all_82548.1|1, AV|NR_all_82548.1|1, AW|NR_all_82548.1|1, B0|NR_all_83717.145|1, B9|NR_all_10157.143|1"
4V4W,"RNA3DB","AA|NR_all_56726.132|1, AU|NR_all_82548.1|1, AV|NR_all_82548.1|1, AW|NR_all_82548.1|1, B0|NR_all_83717.145|1, B9|NR_all_10157.143|1"
4V4X,"RNA3DB","AA|NR_all_65795.80|1, AC|NR_all_35542.140|1, AD|NR_all_64404.2|1, BA|NR_all_97519.74|1, BB|NR_all_42622.74|1"
4V4Y,"RNA3DB","AA|NR_all_65795.80|1, AB|NR_all_19951.88|1, AC|NR_all_19951.88|1, AD|NR_all_19951.88|1, BA|NR_all_97519.74|1, BB|NR_all_42622.74|1"
4V4Z,"RNA3DB","AA|NR_all_65795.80|1, AC|NR_all_35542.140|1, AD|NR_all_64404.2|1, BA|NR_all_97519.74|1, BB|NR_all_42622.74|1"
4V50,"RNA3DB","AA|NR_all_56726.132|1, AW|NR_all_17333.1|1, BA|NR_all_10157.143|1, BB|NR_all_83717.145|1, CA|NR_all_56726.132|1, CW|NR_all_17333.1|1, DA|NR_all_10157.143|1, DB|NR_all_83717.145|1"
4V51,"RNA3DB","AA|NR_all_65795.80|1, AV|NR_all_35542.140|1, AW|NR_all_19951.88|1, BA|NR_all_97519.74|1, BB|NR_all_42622.74|1, CA|NR_all_65795.80|1, CV|NR_all_35542.140|1, CW|NR_all_19951.88|1, DA|NR_all_97519.74|1, DB|NR_all_42622.74|1"
4V52,"RNA3DB","AA|NR_all_56726.132|1, BA|NR_all_10157.143|1, BB|NR_all_83717.145|1, CA|NR_all_56726.132|1, DA|NR_all_10157.143|1, DB|NR_all_83717.145|1"
4V53,"RNA3DB","AA|NR_all_56726.132|1, BA|NR_all_10157.143|1, BB|NR_all_83717.145|1, CA|NR_all_56726.132|1, DA|NR_all_10157.143|1, DB|NR_all_83717.145|1"
4V54,"RNA3DB","AA|NR_all_56726.132|1, BA|NR_all_10157.143|1, BB|NR_all_83717.145|1, CA|NR_all_56726.132|1, DA|NR_all_10157.143|1, DB|NR_all_83717.145|1"
4V55,"RNA3DB","AA|NR_all_56726.132|1, BA|NR_all_10157.143|1, BB|NR_all_83717.145|1, CA|NR_all_56726.132|1, DA|NR_all_10157.143|1, DB|NR_all_83717.145|1"
4V56,"RNA3DB","AA|NR_all_56726.132|1, BA|NR_all_10157.143|1, BB|NR_all_83717.145|1, CA|NR_all_56726.132|1, DA|NR_all_10157.143|1, DB|NR_all_83717.145|1"
4V57,"RNA3DB","AA|NR_all_56726.132|1, BA|NR_all_10157.143|1, BB|NR_all_83717.145|1, CA|NR_all_56726.132|1, DA|NR_all_10157.143|1, DB|NR_all_83717.145|1"
4V5A,"RNA3DB","AA|NR_all_65795.80|1, AV|NR_all_61004.1|2, AW|NR_all_35542.140|1, AX|NR_all_61004.1|2, BA|NR_all_97519.74|1, BB|NR_all_42622.74|1, CA|NR_all_65795.80|1, CV|NR_all_61004.1|2, CW|NR_all_35542.140|1, CX|NR_all_61004.1|2, DA|NR_all_97519.74|1, DB|NR_all_42622.74|1"
4V5B,"RNA3DB","AA|NR_all_10157.143|1, AB|NR_all_83717.145|1, BA|NR_all_56726.132|1, CA|NR_all_10157.143|1, CB|NR_all_83717.145|1, DA|NR_all_56726.132|1"
4V5C,"RNA3DB","AA|NR_all_65795.80|1, AV|NR_all_35542.140|1, AW|NR_all_19951.88|1, AY|NR_all_19951.88|1, BA|NR_all_97519.74|1, BB|NR_all_42622.74|1, CA|NR_all_65795.80|1, CV|NR_all_35542.140|1, CW|NR_all_19951.88|1, CY|NR_all_19951.88|1, DA|NR_all_97519.74|1, DB|NR_all_42622.74|1"
4V5D,"RNA3DB","AA|NR_all_65795.80|1, AV|NR_all_19951.88|1, AW|NR_all_19951.88|1, AY|NR_all_19951.88|1, BA|NR_all_97519.74|1, BB|NR_all_42622.74|1, CA|NR_all_65795.80|1, CV|NR_all_19951.88|1, CW|NR_all_19951.88|1, CY|NR_all_19951.88|1, DA|NR_all_97519.74|1, DB|NR_all_42622.74|1"
4V5E,"RNA3DB","AA|NR_all_65795.80|1, AV|NR_all_19951.88|1, AW|NR_all_19951.88|1, BA|NR_all_97519.74|1, BB|NR_all_42622.74|1, CA|NR_all_65795.80|1, CV|NR_all_19951.88|1, CW|NR_all_19951.88|1, DA|NR_all_97519.74|1, DB|NR_all_42622.74|1"
4V5F,"RNA3DB","AA|NR_all_65795.80|1, AV|NR_all_35542.140|1, AW|NR_all_35542.140|1, BA|NR_all_97519.74|1, BB|NR_all_42622.74|1, CA|NR_all_65795.80|1, CV|NR_all_35542.140|1, CW|NR_all_35542.140|1, DA|NR_all_97519.74|1, DB|NR_all_42622.74|1"
4V5G,"RNA3DB","AA|NR_all_65795.80|1, AV|NR_all_19951.88|1, AW|NR_all_19951.88|1, AY|NR_all_54761.1|1, BA|NR_all_97519.74|1, BB|NR_all_42622.74|1, CA|NR_all_65795.80|1, CV|NR_all_19951.88|1, CW|NR_all_19951.88|1, CY|NR_all_54761.1|1, DA|NR_all_97519.74|1, DB|NR_all_42622.74|1"
4V5H,"RNA3DB","AA|NR_all_56726.132|1, AV|NR_all_56633.6|1, BA|NR_all_10157.143|1, BB|NR_all_83717.145|1"
4V5J,"RNA3DB","AA|NR_all_65795.80|1, AV|NR_all_19951.88|1, AW|NR_all_19951.88|1, BA|NR_all_97519.74|1, BB|NR_all_42622.74|1, CA|NR_all_65795.80|1, CV|NR_all_19951.88|1, CW|NR_all_19951.88|1, DA|NR_all_97519.74|1, DB|NR_all_42622.74|1"
4V5K,"RNA3DB","AA|NR_all_65795.80|1, AV|NR_all_35542.140|1, AW|NR_all_35542.140|1, BA|NR_all_97519.74|1, BB|NR_all_42622.74|1, CA|NR_all_65795.80|1, CV|NR_all_35542.140|1, CW|NR_all_35542.140|1, CX|NR_all_46764.1|1, DA|NR_all_97519.74|1, DB|NR_all_42622.74|1"
4V5L,"RNA3DB","AA|NR_all_65795.80|1, AV|NR_all_19951.88|1, AW|NR_all_19951.88|1, AY|NR_all_51962.5|1, BA|NR_all_97519.74|1, BB|NR_all_42622.74|1"
4V5M,"RNA3DB","AA|NR_all_65795.80|1, AV|NR_all_20721.10|1, BA|NR_all_97519.74|1, BB|NR_all_42622.74|1"
4V5N,"RNA3DB","AA|NR_all_65795.80|1, AV|NR_all_20721.10|1, BA|NR_all_97519.74|1, BB|NR_all_42622.74|1"
4V5O,"RNA3DB","AA|NR_all_80911.1|1, BA|NR_all_80911.1|1"
4V5P,"RNA3DB","AA|NR_all_65795.80|1, AV|NR_all_19951.88|1, AW|NR_all_19951.88|1, AY|NR_all_51962.5|1, BA|NR_all_97519.74|1, BB|NR_all_42622.74|1, CA|NR_all_65795.80|1, CV|NR_all_19951.88|1, CW|NR_all_19951.88|1, CY|NR_all_51962.5|1, DA|NR_all_97519.74|1, DB|NR_all_42622.74|1"
4V5Q,"RNA3DB","AA|NR_all_65795.80|1, AV|NR_all_19951.88|1, AW|NR_all_19951.88|1, AY|NR_all_51962.5|1, BA|NR_all_97519.74|1, BB|NR_all_42622.74|1, CA|NR_all_65795.80|1, CV|NR_all_19951.88|1, CW|NR_all_19951.88|1, CY|NR_all_51962.5|1, DA|NR_all_97519.74|1, DB|NR_all_42622.74|1"
4V5R,"RNA3DB","AA|NR_all_65795.80|1, AV|NR_all_19951.88|1, AW|NR_all_19951.88|1, AY|NR_all_51962.5|1, BA|NR_all_97519.74|1, BB|NR_all_42622.74|1, CA|NR_all_65795.80|1, CV|NR_all_19951.88|1, CW|NR_all_19951.88|1, CY|NR_all_51962.5|1, DA|NR_all_97519.74|1, DB|NR_all_42622.74|1"
4V5S,"RNA3DB","AA|NR_all_65795.80|1, AV|NR_all_19951.88|1, AW|NR_all_19951.88|1, AY|NR_all_51962.5|1, BA|NR_all_97519.74|1, BB|NR_all_42622.74|1, CA|NR_all_65795.80|1, CV|NR_all_19951.88|1, CW|NR_all_19951.88|1, CY|NR_all_51962.5|1, DA|NR_all_97519.74|1, DB|NR_all_42622.74|1"
4V5V,"RNA3DB","AK|NR_all_99841.1|1, AM|NR_all_99841.1|1, BR|NR_all_99841.1|1, BX|NR_all_99841.1|1"
4V5Y,"RNA3DB","AA|NR_all_56726.132|1, BA|NR_all_10157.143|1, BB|NR_all_83717.145|1, CA|NR_all_56726.132|1, DA|NR_all_10157.143|1, DB|NR_all_83717.145|1"
4V5Z,"RNA3DB","AA|NR_all_29022.1|1, AB|NR_all_30403.1|1, AC|NR_all_86990.1|1, AD|NR_all_08812.1|1, AE|NR_all_19686.1|1, AF|NR_all_97153.1|1, AG|NR_all_21216.1|1, AH|NR_all_52192.1|1, B0|NR_all_19224.1|1, B1|NR_all_27219.1|1, BA|NR_all_77014.1|1, BB|NR_all_23387.1|1, BC|NR_all_81830.1|1, BD|NR_all_73721.1|1, BE|NR_all_69504.1|1, BF|NR_all_89898.1|1, BG|NR_all_56210.1|1, BH|NR_all_54148.1|1, BI|NR_all_93250.1|1, BJ|NR_all_66595.1|1, BK|NR_all_87385.1|1, BL|NR_all_97298.1|1, BM|NR_all_59744.1|1, BN|NR_all_61055.1|1, BO|NR_all_92714.1|1, BP|NR_all_41639.1|1, BQ|NR_all_68509.1|1, BR|NR_all_33072.1|1, BS|NR_all_13890.1|1, BT|NR_all_33072.1|1, BU|NR_all_92312.1|1, BV|NR_all_92714.1|1, BW|NR_all_00144.1|1, BX|NR_all_63615.1|1, BY|NR_all_32617.1|1, BZ|NR_all_76698.1|1"
4V61,"RNA3DB","AA|NR_all_96354.4|1, BA|NR_all_20305.5|1, BB|NR_all_50314.5|1, BC|NR_all_05530.5|1"
4V63,"RNA3DB","AA|NR_all_65795.80|1, AY|NR_all_35542.140|1, AZ|NR_all_35542.140|1, BA|NR_all_97519.74|1, BB|NR_all_42622.74|1, CA|NR_all_65795.80|1, CY|NR_all_35542.140|1, CZ|NR_all_35542.140|1, DA|NR_all_97519.74|1, DB|NR_all_42622.74|1"
4V64,"RNA3DB","AA|NR_all_56726.132|1, BA|NR_all_10157.143|1, BB|NR_all_83717.145|1, CA|NR_all_56726.132|1, DA|NR_all_10157.143|1, DB|NR_all_83717.145|1"
4V65,"RNA3DB","A1|NR_all_56726.132|1, AA|NR_all_82548.1|1, AE|NR_all_82548.1|1, AP|NR_all_82548.1|1, BA|NR_all_10157.143|1, BB|NR_all_83717.145|1"
4V66,"RNA3DB","A1|NR_all_56726.132|1, AA|NR_all_82548.1|1, AE|NR_all_82548.1|1, AP|NR_all_82548.1|1, BA|NR_all_10157.143|1, BB|NR_all_83717.145|1"
4V67,"RNA3DB","AA|NR_all_65795.80|1, AY|NR_all_35542.140|1, AZ|NR_all_35542.140|1, BA|NR_all_97519.74|1, BB|NR_all_42622.74|1, CA|NR_all_65795.80|1, CY|NR_all_35542.140|1, CZ|NR_all_35542.140|1, DA|NR_all_97519.74|1, DB|NR_all_42622.74|1"
4V68,"RNA3DB","A0|NR_all_92489.3|1, AA|NR_all_65795.80|1, AV|NR_all_20721.10|1, AW|NR_all_95556.6|1, AY|NR_all_18471.1|1, BA|NR_all_97519.74|1, BB|NR_all_42622.74|1"
4V69,"RNA3DB","AA|NR_all_56726.132|1, AV|NR_all_35542.140|1, AW|NR_all_19951.88|1, AY|NR_all_83593.5|1, BA|NR_all_10157.143|1, BB|NR_all_83717.145|1"
4V6A,"RNA3DB","AA|NR_all_65795.80|1, AW|NR_all_35542.140|1, BA|NR_all_97519.74|1, BB|NR_all_42622.74|1, CA|NR_all_65795.80|1, CW|NR_all_35542.140|1, DA|NR_all_97519.74|1, DB|NR_all_42622.74|1"
4V6C,"RNA3DB","AA|NR_all_56726.132|1, BA|NR_all_83717.145|1, BB|NR_all_10157.143|1, CA|NR_all_56726.132|1, DA|NR_all_83717.145|1, DB|NR_all_10157.143|1"
4V6D,"RNA3DB","AA|NR_all_56726.132|1, AV|NR_all_17333.1|1, BA|NR_all_83717.145|1, BB|NR_all_10157.143|1, CA|NR_all_56726.132|1, CV|NR_all_17333.1|1, DA|NR_all_83717.145|1, DB|NR_all_10157.143|1"
4V6E,"RNA3DB","AA|NR_all_56726.132|1, AX|NR_all_02491.2|1, BA|NR_all_83717.145|1, BB|NR_all_10157.143|1, CA|NR_all_56726.132|1, CV|NR_all_02491.2|1, CX|NR_all_02491.2|1, DA|NR_all_83717.145|1, DB|NR_all_10157.143|1"
4V6F,"RNA3DB","AA|NR_all_97519.74|1, AB|NR_all_42622.74|1, BA|NR_all_65795.80|1, BB|NR_all_19951.88|1, BC|NR_all_19951.88|1, BD|NR_all_19951.88|1, CA|NR_all_65795.80|1, CB|NR_all_19951.88|1, CC|NR_all_19951.88|1, CD|NR_all_19951.88|1, DA|NR_all_97519.74|1, DB|NR_all_42622.74|1"
4V6G,"RNA3DB","AA|NR_all_65795.80|1, AC|NR_all_35542.140|1, AD|NR_all_35542.140|1, BA|NR_all_97519.74|1, BB|NR_all_42622.74|1, CA|NR_all_65795.80|1, CB|NR_all_35542.140|1, CC|NR_all_35542.140|1, CD|NR_all_35542.140|1, DA|NR_all_97519.74|1, DB|NR_all_42622.74|1"
4V6I,"RNA3DB","CA|NR_all_03510.64|1, CB|NR_all_21264.2|1, DA|NR_all_90506.74|2, DB|NR_all_90506.74|2, DC|NR_all_18586.69|1"
4V6K,"RNA3DB","AA|NR_all_10157.143|1, AB|NR_all_83717.145|1, BA|NR_all_56726.132|1, BB|NR_all_19951.88|1, BE|NR_all_19951.88|1"
4V6L,"RNA3DB","AA|NR_all_56726.132|1, AB|NR_all_19951.88|1, AE|NR_all_19951.88|1, BA|NR_all_10157.143|1, BB|NR_all_83717.145|1"
4V6M,"RNA3DB","AA|NR_all_56726.132|1, AV|NR_all_56633.6|1, B7|NR_all_10157.143|1, B8|NR_all_83717.145|1"
4V6N,"RNA3DB","AA|NR_all_10157.143|1, AB|NR_all_83717.145|1, BA|NR_all_56726.132|1, BB|NR_all_35045.1|1, BD|NR_all_35542.140|1"
4V6O,"RNA3DB","AA|NR_all_56726.132|1, AB|NR_all_35045.1|1, AD|NR_all_35542.140|1, BA|NR_all_10157.143|1, BB|NR_all_83717.145|1"
4V6P,"RNA3DB","AA|NR_all_56726.132|1, AB|NR_all_35045.1|1, AD|NR_all_35542.140|1, BA|NR_all_10157.143|1, BB|NR_all_83717.145|1"
4V6Q,"RNA3DB","AA|NR_all_56726.132|1, AB|NR_all_95133.1|1, AD|NR_all_35542.140|1, BA|NR_all_10157.143|1, BB|NR_all_83717.145|1"
4V6R,"RNA3DB","AA|NR_all_56726.132|1, AB|NR_all_95133.1|1, AD|NR_all_35542.140|1, BA|NR_all_10157.143|1, BB|NR_all_83717.145|1"
4V6S,"RNA3DB","AA|NR_all_10157.143|1, AB|NR_all_83717.145|1, BA|NR_all_56726.132|1, BC|NR_all_35542.140|1"
4V6T,"RNA3DB","AA|NR_all_56726.132|1, AV|NR_all_23849.2|1, AX|NR_all_35542.140|1, BA|NR_all_83717.145|1, BB|NR_all_10157.143|1"
4V6U,"RNA3DB","A0|NR_all_52612.1|1, A1|NR_all_98554.1|1, A2|NR_all_71582.1|1, B1|NR_all_94544.1|1, B3|NR_all_83672.1|1"
4V6V,"RNA3DB","A3|NR_all_35542.140|1, AA|NR_all_56726.132|1, BA|NR_all_83717.145|1, Ba|NR_all_10157.143|1"
4V6W,"RNA3DB","A5|NR_all_08591.1|2, A7|NR_all_42467.1|1, A8|NR_all_08591.1|2, B2|NR_all_51645.1|1, BC|NR_all_31301.1|1"
4V6X,"RNA3DB","A5|NR_all_65061.34|2, A7|NR_all_52752.30|1, A8|NR_all_65061.34|2, B2|NR_all_46995.44|1, BC|NR_all_83098.3|1"
4V6Y,"RNA3DB","A1|NR_all_69813.13|1, A3|NR_all_35542.140|1, AA|NR_all_56726.132|1, BA|NR_all_83717.145|1, BB|NR_all_10157.143|1"
4V6Z,"RNA3DB","A1|NR_all_69813.13|1, A3|NR_all_35542.140|1, AA|NR_all_56726.132|1, BA|NR_all_83717.145|1, BB|NR_all_10157.143|1"
4V70,"RNA3DB","A1|NR_all_69813.13|1, A3|NR_all_35542.140|1, AA|NR_all_56726.132|1, BA|NR_all_83717.145|1, BB|NR_all_10157.143|1"
4V71,"RNA3DB","A1|NR_all_69813.13|1, A3|NR_all_35542.140|1, AA|NR_all_56726.132|1, BA|NR_all_83717.145|1, BB|NR_all_10157.143|1"
4V72,"RNA3DB","A1|NR_all_69813.13|1, A3|NR_all_35542.140|1, AA|NR_all_56726.132|1, BA|NR_all_83717.145|1, BB|NR_all_10157.143|1"
4V73,"RNA3DB","A1|NR_all_69813.13|1, A3|NR_all_35542.140|1, AA|NR_all_56726.132|1, BA|NR_all_83717.145|1, BB|NR_all_10157.143|1"
4V74,"RNA3DB","A1|NR_all_69813.13|1, A3|NR_all_35542.140|1, AA|NR_all_56726.132|1, BA|NR_all_83717.145|1, BB|NR_all_10157.143|1"
4V75,"RNA3DB","A1|NR_all_69813.13|1, A3|NR_all_35542.140|1, AA|NR_all_56726.132|1, BA|NR_all_83717.145|1, BB|NR_all_10157.143|1"
4V76,"RNA3DB","A1|NR_all_69813.13|1, A3|NR_all_35542.140|1, AA|NR_all_56726.132|1, BA|NR_all_83717.145|1, BB|NR_all_10157.143|1"
4V77,"RNA3DB","A1|NR_all_69813.13|1, A3|NR_all_35542.140|1, AA|NR_all_56726.132|1, BA|NR_all_83717.145|1, BB|NR_all_10157.143|1"
4V78,"RNA3DB","A1|NR_all_69813.13|1, A3|NR_all_35542.140|1, AA|NR_all_56726.132|1, BA|NR_all_83717.145|1, BB|NR_all_10157.143|1"
4V79,"RNA3DB","A1|NR_all_69813.13|1, A3|NR_all_35542.140|1, AA|NR_all_56726.132|1, BA|NR_all_83717.145|1, BB|NR_all_10157.143|1"
4V7A,"RNA3DB","A1|NR_all_69813.13|1, AA|NR_all_56726.132|1, BA|NR_all_83717.145|1, BB|NR_all_10157.143|1"
4V7B,"RNA3DB","AA|NR_all_56726.132|1, AV|NR_all_35542.140|1, AW|NR_all_78233.4|1, BA|NR_all_83717.145|1, BB|NR_all_10157.143|1"
4V7C,"RNA3DB","AA|NR_all_56726.132|1, AV|NR_all_19951.88|1, AW|NR_all_19951.88|1, BA|NR_all_83717.145|1, BB|NR_all_10157.143|1"
4V7D,"RNA3DB","AA|NR_all_83717.145|1, AB|NR_all_10157.143|1, BA|NR_all_56726.132|1, BV|NR_all_19951.88|1, BW|NR_all_19951.88|1"
4V7E,"RNA3DB","Aa|NR_all_66212.3|2, Ab|NR_all_36101.3|1, Ac|NR_all_66212.3|2, Ad|NR_all_29761.3|1, Ae|NR_all_79182.1|1"
4V7F,"RNA3DB","1|NR_all_90506.74|1, 2|NR_all_13071.5|1, 3|NR_all_18586.69|1"
4V7H,"RNA3DB","A7|NR_all_43578.1|1, AA|NR_all_56644.1|1, B3|NR_all_70001.1|1, B4|NR_all_48954.1|2, B5|NR_all_48954.1|2"
4V7I,"RNA3DB","A7|NR_all_10157.143|1, A8|NR_all_83717.145|1, BA|NR_all_56726.132|1"
4V7J,"RNA3DB","AA|NR_all_97519.74|1, AB|NR_all_42622.74|1, Aa|NR_all_65795.80|1, Av|NR_all_20721.10|1, Aw|NR_all_20721.10|1, BA|NR_all_97519.74|1, BB|NR_all_42622.74|1, Ba|NR_all_65795.80|1, Bv|NR_all_20721.10|1, Bw|NR_all_20721.10|1"
4V7K,"RNA3DB","AA|NR_all_97519.74|1, AB|NR_all_42622.74|1, Aa|NR_all_65795.80|1, Av|NR_all_20721.10|1, Aw|NR_all_20721.10|1, BA|NR_all_97519.74|1, BB|NR_all_42622.74|1, Ba|NR_all_65795.80|1, Bv|NR_all_20721.10|1, Bw|NR_all_20721.10|1"
4V7L,"RNA3DB","AA|NR_all_65795.80|1, AW|NR_all_31819.5|1, AX|NR_all_35542.140|1, AY|NR_all_31819.5|1, BA|NR_all_97519.74|1, BB|NR_all_42622.74|1, CA|NR_all_65795.80|1, CW|NR_all_31819.5|1, CX|NR_all_35542.140|1, CY|NR_all_31819.5|1, DA|NR_all_97519.74|1, DB|NR_all_42622.74|1"
4V7M,"RNA3DB","AA|NR_all_65795.80|1, AW|NR_all_31819.5|1, AX|NR_all_35542.140|1, AY|NR_all_79672.1|1, BA|NR_all_97519.74|1, BB|NR_all_42622.74|1, CA|NR_all_65795.80|1, CW|NR_all_31819.5|1, CX|NR_all_35542.140|1, CY|NR_all_79672.1|1, DA|NR_all_97519.74|1, DB|NR_all_42622.74|1"
4V7P,"RNA3DB","AA|NR_all_65795.80|1, AW|NR_all_35542.140|1, BA|NR_all_97519.74|1, BB|NR_all_42622.74|1, CA|NR_all_97519.74|1, CB|NR_all_42622.74|1, DA|NR_all_65795.80|1, DW|NR_all_35542.140|1"
4V7R,"RNA3DB","A1|NR_all_03510.64|1, B1|NR_all_90506.74|2, B2|NR_all_18586.69|1, B3|NR_all_90506.74|2, C1|NR_all_03510.64|1, D1|NR_all_90506.74|2, D2|NR_all_18586.69|1, D3|NR_all_90506.74|2"
4V7S,"RNA3DB","AA|NR_all_56726.132|1, BA|NR_all_83717.145|1, BB|NR_all_10157.143|1, CA|NR_all_56726.132|1, DA|NR_all_83717.145|1, DB|NR_all_10157.143|1"
4V7T,"RNA3DB","AA|NR_all_56726.132|1, BA|NR_all_83717.145|1, BB|NR_all_10157.143|1, CA|NR_all_56726.132|1, DA|NR_all_83717.145|1, DB|NR_all_10157.143|1"
4V7U,"RNA3DB","AA|NR_all_56726.132|1, BA|NR_all_83717.145|1, BB|NR_all_10157.143|1, CA|NR_all_56726.132|1, DA|NR_all_83717.145|1, DB|NR_all_10157.143|1"
4V7V,"RNA3DB","AA|NR_all_56726.132|1, BA|NR_all_83717.145|1, BB|NR_all_10157.143|1, CA|NR_all_56726.132|1, DA|NR_all_83717.145|1, DB|NR_all_10157.143|1"
4V7W,"RNA3DB","AA|NR_all_65795.80|1, BA|NR_all_97519.74|1, BB|NR_all_42622.74|1, CA|NR_all_65795.80|1, DA|NR_all_97519.74|1, DB|NR_all_42622.74|1"
4V7X,"RNA3DB","AA|NR_all_65795.80|1, BA|NR_all_97519.74|1, BB|NR_all_42622.74|1, CA|NR_all_65795.80|1, DA|NR_all_97519.74|1, DB|NR_all_42622.74|1"
4V7Y,"RNA3DB","AA|NR_all_65795.80|1, BA|NR_all_97519.74|1, BB|NR_all_42622.74|1, CA|NR_all_65795.80|1, DA|NR_all_97519.74|1, DB|NR_all_42622.74|1"
4V7Z,"RNA3DB","AA|NR_all_65795.80|1, BA|NR_all_97519.74|1, BB|NR_all_42622.74|1, CA|NR_all_65795.80|1, DA|NR_all_97519.74|1, DB|NR_all_42622.74|1"
4V83,"RNA3DB","AA|NR_all_65795.80|1, AV|NR_all_71771.1|1, BA|NR_all_97519.74|1, BB|NR_all_42622.74|1, CA|NR_all_65795.80|1, CV|NR_all_71771.1|1, DA|NR_all_97519.74|1, DB|NR_all_42622.74|1"
4V84,"RNA3DB","AA|NR_all_65795.80|1, AV|NR_all_51196.1|1, BA|NR_all_97519.74|1, BB|NR_all_42622.74|1, CA|NR_all_65795.80|1, CV|NR_all_51196.1|1, DA|NR_all_97519.74|1, DB|NR_all_42622.74|1"
4V85,"RNA3DB","AA|NR_all_56726.132|1, AV|NR_all_86129.1|1, BA|NR_all_83717.145|1, BB|NR_all_10157.143|1"
4V87,"RNA3DB","AA|NR_all_97519.74|1, AB|NR_all_42622.74|1, BA|NR_all_65795.80|1, BB|NR_all_22678.1|1, BC|NR_all_35542.140|1, BD|NR_all_35542.140|1, CA|NR_all_65795.80|1, CB|NR_all_22678.1|1, CC|NR_all_35542.140|1, CD|NR_all_35542.140|1, DA|NR_all_97519.74|1, DB|NR_all_42622.74|1"
4V88,"RNA3DB","A1|NR_all_90506.74|2, A2|NR_all_03510.64|1, A3|NR_all_18586.69|1, A4|NR_all_90506.74|2, A5|NR_all_90506.74|2, A6|NR_all_03510.64|1, A7|NR_all_18586.69|1, A8|NR_all_90506.74|2"
4V89,"RNA3DB","AA|NR_all_56726.132|1, AV|NR_all_86129.1|1, BA|NR_all_83717.145|1, BB|NR_all_10157.143|1"
4V8A,"RNA3DB","AA|NR_all_97519.74|1, AB|NR_all_42622.74|1, BA|NR_all_97519.74|1, BB|NR_all_42622.74|1, CA|NR_all_65795.80|1, DA|NR_all_65795.80|1"
4V8B,"RNA3DB","AA|NR_all_65795.80|1, AB|NR_all_73216.6|1, AC|NR_all_35542.140|1, AD|NR_all_35542.140|1, BA|NR_all_97519.74|1, BB|NR_all_42622.74|1, CA|NR_all_65795.80|1, CB|NR_all_73216.6|1, CC|NR_all_35542.140|1, CD|NR_all_35542.140|1, DA|NR_all_97519.74|1, DB|NR_all_42622.74|1"
4V8C,"RNA3DB","AA|NR_all_97519.74|1, AB|NR_all_42622.74|1, BA|NR_all_97519.74|1, BB|NR_all_42622.74|1, CA|NR_all_65795.80|1, CB|NR_all_73216.6|1, CC|NR_all_35542.140|1, CD|NR_all_35542.140|1, DA|NR_all_65795.80|1, DB|NR_all_73216.6|1, DC|NR_all_35542.140|1, DD|NR_all_35542.140|1"
4V8D,"RNA3DB","AA|NR_all_65795.80|1, AB|NR_all_89292.6|1, AC|NR_all_35542.140|1, AD|NR_all_89292.6|1, BA|NR_all_97519.74|1, BB|NR_all_42622.74|1, CA|NR_all_65795.80|1, CB|NR_all_89292.6|1, CC|NR_all_35542.140|1, CD|NR_all_89292.6|1, DA|NR_all_97519.74|1, DB|NR_all_42622.74|1"
4V8E,"RNA3DB","AA|NR_all_97519.74|1, AB|NR_all_42622.74|1, BA|NR_all_65795.80|1, BB|NR_all_89292.6|1, BC|NR_all_35542.140|1, BD|NR_all_89292.6|1, CA|NR_all_97519.74|1, CB|NR_all_42622.74|1, DA|NR_all_65795.80|1, DB|NR_all_89292.6|1, DC|NR_all_35542.140|1, DD|NR_all_89292.6|1"
4V8F,"RNA3DB","AA|NR_all_97519.74|1, AB|NR_all_42622.74|1, BA|NR_all_65795.80|1, BB|NR_all_89292.6|1, BC|NR_all_35542.140|1, BD|NR_all_89292.6|1, CA|NR_all_65795.80|1, CB|NR_all_89292.6|1, CC|NR_all_35542.140|1, CD|NR_all_89292.6|1, DA|NR_all_97519.74|1, DB|NR_all_42622.74|1"
4V8G,"RNA3DB","AA|NR_all_65795.80|1, BA|NR_all_97519.74|1, BB|NR_all_42622.74|1, CA|NR_all_65795.80|1, DA|NR_all_97519.74|1, DB|NR_all_42622.74|1"
4V8H,"RNA3DB","AA|NR_all_65795.80|1, BA|NR_all_97519.74|1, BB|NR_all_42622.74|1, CA|NR_all_65795.80|1, DA|NR_all_97519.74|1, DB|NR_all_42622.74|1"
4V8I,"RNA3DB","AA|NR_all_65795.80|1, BA|NR_all_97519.74|1, BB|NR_all_42622.74|1, CA|NR_all_65795.80|1, DA|NR_all_97519.74|1, DB|NR_all_42622.74|1"
4V8J,"RNA3DB","AA|NR_all_65795.80|1, AV|NR_all_35542.140|1, AW|NR_all_19951.88|1, BA|NR_all_97519.74|1, BB|NR_all_42622.74|1, CA|NR_all_65795.80|1, CV|NR_all_35542.140|1, CW|NR_all_19951.88|1, DA|NR_all_97519.74|1, DB|NR_all_42622.74|1"
4V8M,"RNA3DB","AA|NR_all_25291.1|1, AB|NR_all_55021.1|1, BA|NR_all_53844.1|2, BB|NR_all_61825.2|1, BC|NR_all_53844.1|2, BD|NR_all_16696.1|1, BE|NR_all_34334.1|1, BF|NR_all_18068.1|1, BG|NR_all_78383.1|1, BH|NR_all_18056.1|1"
4V8N,"RNA3DB","AA|NR_all_65795.80|1, AV|NR_all_02142.2|1, AW|NR_all_02142.2|1, AY|NR_all_02142.2|1, BA|NR_all_97519.74|1, BB|NR_all_42622.74|1, CA|NR_all_65795.80|1, CV|NR_all_02142.2|1, CW|NR_all_02142.2|1, CY|NR_all_02142.2|1, DA|NR_all_97519.74|1, DB|NR_all_42622.74|1"
4V8O,"RNA3DB","AA|NR_all_65795.80|1, AV|NR_all_35542.140|1, BA|NR_all_97519.74|1, BB|NR_all_42622.74|1"
4V8P,"RNA3DB","A1|NR_all_13728.1|2, B2|NR_all_13728.1|2, B3|NR_all_42832.1|1, C2|NR_all_13728.1|2, C3|NR_all_42832.1|1, D1|NR_all_13728.1|2, E2|NR_all_13728.1|2, E3|NR_all_42832.1|1, F1|NR_all_13728.1|2, G2|NR_all_13728.1|2, G3|NR_all_42832.1|1, H1|NR_all_13728.1|2"
4V8Q,"RNA3DB","AA|NR_all_97519.74|1, AB|NR_all_42622.74|1, BA|NR_all_65795.80|1, BV|NR_all_35542.140|1, BW|NR_all_35542.140|1, BY|NR_all_45855.1|1"
4V8T,"RNA3DB","1|NR_all_78370.1|1, 5|NR_all_90506.74|2, 7|NR_all_18586.69|1, 8|NR_all_90506.74|2"
4V8U,"RNA3DB","AA|NR_all_65795.80|1, AV|NR_all_95556.6|1, AW|NR_all_20721.10|1, BA|NR_all_97519.74|1, BB|NR_all_42622.74|1, CA|NR_all_65795.80|1, CV|NR_all_95556.6|1, CW|NR_all_20721.10|1, DA|NR_all_97519.74|1, DB|NR_all_42622.74|1"
4V8X,"RNA3DB","AA|NR_all_65795.80|1, AV|NR_all_20721.10|1, AW|NR_all_20721.10|1, BA|NR_all_97519.74|1, BB|NR_all_42622.74|1, CA|NR_all_65795.80|1, CV|NR_all_20721.10|1, CW|NR_all_20721.10|1, DA|NR_all_97519.74|1, DB|NR_all_42622.74|1"
4V8Y,"RNA3DB","B2|NR_all_03510.64|1, B5|NR_all_90506.74|2, B7|NR_all_18586.69|1, B8|NR_all_90506.74|2, CN|NR_all_69172.1|1, CW|NR_all_97575.1|1"
4V8Z,"RNA3DB","B2|NR_all_03510.64|1, B5|NR_all_90506.74|2, B7|NR_all_18586.69|1, B8|NR_all_90506.74|2, CW|NR_all_64525.1|1, CX|NR_all_27835.1|1"
4V90,"RNA3DB","AA|NR_all_65795.80|1, AV|NR_all_92004.1|1, BA|NR_all_97519.74|1, BB|NR_all_42622.74|1"
4V91,"RNA3DB","1|NR_all_57789.1|2, 3|NR_all_71748.2|1, 4|NR_all_57789.1|2"
4V92,"RNA3DB","A2|NR_all_45441.2|1, AZ|NR_all_60005.2|1"
4V95,"RNA3DB","AA|NR_all_65795.80|1, AV|NR_all_20721.10|1, BA|NR_all_97519.74|1, BB|NR_all_42622.74|1, CA|NR_all_65795.80|1, CV|NR_all_20721.10|1, DA|NR_all_97519.74|1, DB|NR_all_42622.74|1"
4V97,"RNA3DB","AA|NR_all_65795.80|1, AV|NR_all_35542.140|1, AW|NR_all_19951.88|1, BA|NR_all_97519.74|1, BB|NR_all_42622.74|1, CA|NR_all_65795.80|1, CV|NR_all_35542.140|1, CW|NR_all_19951.88|1, DA|NR_all_97519.74|1, DB|NR_all_42622.74|1"
4V99,"RNA3DB","A2|NR_all_04268.1|1, A7|NR_all_04268.1|1, AD|NR_all_04268.1|1, AI|NR_all_04268.1|1, AN|NR_all_04268.1|1, AS|NR_all_04268.1|1, AX|NR_all_04268.1|1, Ac|NR_all_04268.1|1, Ah|NR_all_04268.1|1, Am|NR_all_04268.1|1, Ar|NR_all_04268.1|1, Aw|NR_all_04268.1|1, B2|NR_all_04268.1|1, B7|NR_all_04268.1|1, BD|NR_all_04268.1|1, BI|NR_all_04268.1|1, BN|NR_all_04268.1|1, BS|NR_all_04268.1|1, BX|NR_all_04268.1|1, Bc|NR_all_04268.1|1, Bh|NR_all_04268.1|1, Bm|NR_all_04268.1|1, Br|NR_all_04268.1|1, Bw|NR_all_04268.1|1, C2|NR_all_04268.1|1, C7|NR_all_04268.1|1, CD|NR_all_04268.1|1, CI|NR_all_04268.1|1, CN|NR_all_04268.1|1, CS|NR_all_04268.1|1, CX|NR_all_04268.1|1, Cc|NR_all_04268.1|1, Ch|NR_all_04268.1|1, Cm|NR_all_04268.1|1, Cr|NR_all_04268.1|1, Cw|NR_all_04268.1|1, D2|NR_all_04268.1|1, D7|NR_all_04268.1|1, DD|NR_all_04268.1|1, DI|NR_all_04268.1|1, DN|NR_all_04268.1|1, DS|NR_all_04268.1|1, DX|NR_all_04268.1|1, Dc|NR_all_04268.1|1, Dh|NR_all_04268.1|1, Dm|NR_all_04268.1|1, Dr|NR_all_04268.1|1, Dw|NR_all_04268.1|1, E2|NR_all_04268.1|1, E7|NR_all_04268.1|1, ED|NR_all_04268.1|1, EI|NR_all_04268.1|1, EN|NR_all_04268.1|1, ES|NR_all_04268.1|1, EX|NR_all_04268.1|1, Ec|NR_all_04268.1|1, Eh|NR_all_04268.1|1, Em|NR_all_04268.1|1, Er|NR_all_04268.1|1, Ew|NR_all_04268.1|1, F2|NR_all_04268.1|1, F7|NR_all_04268.1|1, FD|NR_all_04268.1|1, FI|NR_all_04268.1|1, FN|NR_all_04268.1|1, FS|NR_all_04268.1|1, FX|NR_all_04268.1|1, Fc|NR_all_04268.1|1, Fh|NR_all_04268.1|1, Fm|NR_all_04268.1|1, Fr|NR_all_04268.1|1, Fw|NR_all_04268.1|1, G2|NR_all_04268.1|1, G7|NR_all_04268.1|1, GD|NR_all_04268.1|1, GI|NR_all_04268.1|1, GN|NR_all_04268.1|1, GS|NR_all_04268.1|1, GX|NR_all_04268.1|1, Gc|NR_all_04268.1|1, Gh|NR_all_04268.1|1, Gm|NR_all_04268.1|1, Gr|NR_all_04268.1|1, Gw|NR_all_04268.1|1, H2|NR_all_04268.1|1, H7|NR_all_04268.1|1, HD|NR_all_04268.1|1, HI|NR_all_04268.1|1, HN|NR_all_04268.1|1, HS|NR_all_04268.1|1, HX|NR_all_04268.1|1, Hc|NR_all_04268.1|1, Hh|NR_all_04268.1|1, Hm|NR_all_04268.1|1, Hr|NR_all_04268.1|1, Hw|NR_all_04268.1|1, I2|NR_all_04268.1|1, I7|NR_all_04268.1|1, ID|NR_all_04268.1|1, II|NR_all_04268.1|1, IN|NR_all_04268.1|1, IS|NR_all_04268.1|1, IX|NR_all_04268.1|1, Ic|NR_all_04268.1|1, Ih|NR_all_04268.1|1, Im|NR_all_04268.1|1, Ir|NR_all_04268.1|1, Iw|NR_all_04268.1|1, J2|NR_all_04268.1|1, J7|NR_all_04268.1|1, JD|NR_all_04268.1|1, JI|NR_all_04268.1|1, JN|NR_all_04268.1|1, JS|NR_all_04268.1|1, JX|NR_all_04268.1|1, Jc|NR_all_04268.1|1, Jh|NR_all_04268.1|1, Jm|NR_all_04268.1|1, Jr|NR_all_04268.1|1, Jw|NR_all_04268.1|1"
4V9A,"RNA3DB","AA|NR_all_65795.80|1, AC|NR_all_20721.10|1, BA|NR_all_97519.74|1, BB|NR_all_42622.74|1, CA|NR_all_65795.80|1, CC|NR_all_20721.10|1, DA|NR_all_97519.74|1, DB|NR_all_42622.74|1"
4V9B,"RNA3DB","AA|NR_all_65795.80|1, AC|NR_all_20721.10|1, AD|NR_all_20721.10|1, BA|NR_all_97519.74|1, BB|NR_all_42622.74|1, CA|NR_all_65795.80|1, CC|NR_all_20721.10|1, CD|NR_all_20721.10|1, DA|NR_all_97519.74|1, DB|NR_all_42622.74|1"
4V9C,"RNA3DB","AA|NR_all_56726.132|1, AV|NR_all_19951.88|1, BA|NR_all_83717.145|1, BB|NR_all_10157.143|1, CA|NR_all_56726.132|1, CV|NR_all_19951.88|1, DA|NR_all_83717.145|1, DB|NR_all_10157.143|1"
4V9D,"RNA3DB","AA|NR_all_56726.132|1, AV|NR_all_19951.88|1, BA|NR_all_56726.132|1, BV|NR_all_19951.88|1, CA|NR_all_83717.145|1, CB|NR_all_10157.143|1, DA|NR_all_83717.145|1, DB|NR_all_10157.143|1"
4V9E,"RNA3DB","Aa|NR_all_78862.1|1, Ag|NR_all_78862.1|1, Am|NR_all_78862.1|1, Ba|NR_all_78862.1|1, Bg|NR_all_78862.1|1, Bm|NR_all_78862.1|1"
4V9F,"RNA3DB","0|NR_all_26150.3|1, 9|NR_all_25303.3|1"
4V9H,"RNA3DB","AA|NR_all_65795.80|1, AV|NR_all_19951.88|1, BA|NR_all_97519.74|1, BB|NR_all_42622.74|1"
4V9I,"RNA3DB","AA|NR_all_65795.80|1, AV|NR_all_35542.140|1, AW|NR_all_19951.88|1, AY|NR_all_40314.1|1, BA|NR_all_97519.74|1, BB|NR_all_42622.74|1, CA|NR_all_65795.80|1, CV|NR_all_35542.140|1, CW|NR_all_19951.88|1, CY|NR_all_40314.1|1, DA|NR_all_97519.74|1, DB|NR_all_42622.74|1"
4V9J,"RNA3DB","AA|NR_all_65795.80|1, AW|NR_all_78233.4|1, BA|NR_all_97519.74|1, BB|NR_all_42622.74|1, CA|NR_all_65795.80|1, CW|NR_all_78233.4|1, DA|NR_all_97519.74|1, DB|NR_all_42622.74|1"
4V9K,"RNA3DB","AA|NR_all_65795.80|1, AW|NR_all_78233.4|1, BA|NR_all_97519.74|1, BB|NR_all_42622.74|1, CA|NR_all_65795.80|1, CW|NR_all_78233.4|1, DA|NR_all_97519.74|1, DB|NR_all_42622.74|1"
4V9L,"RNA3DB","AA|NR_all_65795.80|1, AW|NR_all_78233.4|1, BA|NR_all_97519.74|1, BB|NR_all_42622.74|1, CA|NR_all_65795.80|1, CW|NR_all_78233.4|1, DA|NR_all_97519.74|1, DB|NR_all_42622.74|1"
4V9M,"RNA3DB","AA|NR_all_65795.80|1, AW|NR_all_78233.4|1, BA|NR_all_97519.74|1, BB|NR_all_42622.74|1, CA|NR_all_65795.80|1, CW|NR_all_78233.4|1, DA|NR_all_97519.74|1, DB|NR_all_42622.74|1"
4V9N,"RNA3DB","AA|NR_all_65795.80|1, AW|NR_all_20721.10|1, BA|NR_all_97519.74|1, BB|NR_all_42622.74|1, CA|NR_all_65795.80|1, CW|NR_all_20721.10|1, DA|NR_all_97519.74|1, DB|NR_all_42622.74|1"
4V9O,"RNA3DB","AA|NR_all_83717.145|1, AB|NR_all_10157.143|1, BA|NR_all_56726.132|1, CA|NR_all_83717.145|1, CB|NR_all_10157.143|1, DA|NR_all_56726.132|1, EA|NR_all_83717.145|1, EB|NR_all_10157.143|1, FA|NR_all_56726.132|1, GA|NR_all_83717.145|1, GB|NR_all_10157.143|1, HA|NR_all_56726.132|1"
4V9P,"RNA3DB","AA|NR_all_83717.145|1, AB|NR_all_10157.143|1, BA|NR_all_56726.132|1, CA|NR_all_83717.145|1, CB|NR_all_10157.143|1, DA|NR_all_56726.132|1, EA|NR_all_83717.145|1, EB|NR_all_10157.143|1, FA|NR_all_56726.132|1, GA|NR_all_83717.145|1, GB|NR_all_10157.143|1, HA|NR_all_56726.132|1"
4V9Q,"RNA3DB","AA|NR_all_97519.74|1, AB|NR_all_42622.74|1, BA|NR_all_65795.80|1, BV|NR_all_29909.1|1, BW|NR_all_29909.1|1, CA|NR_all_97519.74|1, CB|NR_all_42622.74|1, DA|NR_all_65795.80|1, DV|NR_all_29909.1|1, DW|NR_all_29909.1|1"
4V9R,"RNA3DB","AA|NR_all_65795.80|1, AX|NR_all_35542.140|1, BA|NR_all_97519.74|1, BB|NR_all_42622.74|1, CA|NR_all_65795.80|1, CX|NR_all_35542.140|1, DA|NR_all_97519.74|1, DB|NR_all_42622.74|1"
4V9S,"RNA3DB","AA|NR_all_65795.80|1, AX|NR_all_35542.140|1, BA|NR_all_97519.74|1, BB|NR_all_42622.74|1, CA|NR_all_65795.80|1, CX|NR_all_35542.140|1, DA|NR_all_97519.74|1, DB|NR_all_42622.74|1"
4W29,"RNA3DB",""
4W2E,"RNA3DB","A|NR_all_97519.74|1, B|NR_all_42622.74|1, a|NR_all_65795.80|1, w|NR_all_19951.88|1, x|NR_all_19951.88|1"
4W2F,"RNA3DB","AA|NR_all_65795.80|1, AW|NR_all_19951.88|1, AX|NR_all_35542.140|1, AY|NR_all_19951.88|1, BA|NR_all_97519.74|1, BB|NR_all_42622.74|1, CA|NR_all_65795.80|1, CW|NR_all_19951.88|1, CX|NR_all_35542.140|1, CY|NR_all_19951.88|1, DA|NR_all_97519.74|1, DB|NR_all_42622.74|1"
4W2G,"RNA3DB","AA|NR_all_65795.80|1, AW|NR_all_19951.88|1, AX|NR_all_35542.140|1, AY|NR_all_19951.88|1, BA|NR_all_97519.74|1, BB|NR_all_42622.74|1, CA|NR_all_65795.80|1, CW|NR_all_19951.88|1, CX|NR_all_35542.140|1, CY|NR_all_19951.88|1, DA|NR_all_97519.74|1, DB|NR_all_42622.74|1"
4W2H,"RNA3DB","AA|NR_all_65795.80|1, AX|NR_all_35542.140|1, AY|NR_all_19951.88|1, BA|NR_all_97519.74|1, BB|NR_all_42622.74|1, CA|NR_all_65795.80|1, CX|NR_all_35542.140|1, CY|NR_all_19951.88|1, DA|NR_all_97519.74|1, DB|NR_all_42622.74|1"
4W2I,"RNA3DB","AA|NR_all_65795.80|1, AW|NR_all_19951.88|1, AX|NR_all_35542.140|1, AY|NR_all_19951.88|1, BA|NR_all_97519.74|1, BB|NR_all_42622.74|1, CA|NR_all_65795.80|1, CW|NR_all_19951.88|1, CX|NR_all_35542.140|1, CY|NR_all_19951.88|1, DA|NR_all_97519.74|1, DB|NR_all_42622.74|1"
4W4G,"RNA3DB","QA|NR_all_65795.80|1, QV|NR_all_35542.140|1, QW|NR_all_35542.140|1, RA|NR_all_97519.74|1, RB|NR_all_42622.74|1, XA|NR_all_65795.80|1, XV|NR_all_35542.140|1, XW|NR_all_35542.140|1, YA|NR_all_97519.74|1, YB|NR_all_42622.74|1"
4W5N,"RNA3DB","B|NR_all_83036.1|1"
4W5O,"RNA3DB","B|NR_all_25585.4|2, D|NR_all_25585.4|2"
4W5Q,"RNA3DB","B|NR_all_25585.4|2, D|NR_all_25585.4|2"
4W5R,"RNA3DB","B|NR_all_25585.4|2, D|NR_all_25585.4|2"
4W5T,"RNA3DB","B|NR_all_25585.4|2, D|NR_all_25585.4|2"
4W90,"RNA3DB","C|NR_all_00626.1|1"
4W92,"RNA3DB","C|NR_all_00626.1|1"
4WAL,"RNA3DB","B|NR_all_94396.3|1"
4WAN,"RNA3DB","B|NR_all_94396.3|1, D|NR_all_94396.3|1, F|NR_all_94396.3|1, H|NR_all_94396.3|1"
4WB3,"RNA3DB",""
4WC2,"RNA3DB","B|NR_all_89906.2|1"
4WC3,"RNA3DB","B|NR_all_89906.2|1"
4WC4,"RNA3DB","B|NR_all_89906.2|1"
4WC5,"RNA3DB","B|NR_all_89906.2|1"
4WC6,"RNA3DB","B|NR_all_89906.2|1"
4WC7,"RNA3DB","B|NR_all_89906.2|1"
4WCE,"RNA3DB","X|NR_all_90633.23|1, Y|NR_all_83891.22|1"
4WF1,"RNA3DB","AA|NR_all_56726.132|1, BA|NR_all_83717.145|1, BB|NR_all_10157.143|1, CA|NR_all_56726.132|1, DA|NR_all_83717.145|1, DB|NR_all_10157.143|1"
4WF9,"RNA3DB","X|NR_all_90633.23|1, Y|NR_all_83891.22|1"
4WFA,"RNA3DB","X|NR_all_90633.23|1, Y|NR_all_83891.22|1"
4WFB,"RNA3DB","X|NR_all_90633.23|1, Y|NR_all_83891.22|1"
4WFL,"2020 RNA, RNA3DB","A|NR_all_27096.1|1"
4WFM,"RNA3DB","A|NR_all_27096.1|1, B|NR_all_27096.1|1"
4WFN,"RNA3DB","X|NR_all_88987.9|1, Y|NR_all_17405.9|1"
4WJ3,"RNA3DB","Q|NR_all_73795.1|1, R|NR_all_73795.1|1, S|NR_all_73795.1|1, T|NR_all_73795.1|1"
4WJ4,"RNA3DB","B|NR_all_91690.1|1"
4WKJ,"RNA3DB","A|NR_all_11791.1|1, C|NR_all_11791.1|1, D|NR_all_11791.1|1, G|NR_all_11791.1|1"
4WKR,"RNA3DB","C|NR_all_16754.1|1, D|NR_all_16754.1|1"
4WOI,"RNA3DB","AA|NR_all_56726.132|1, AX|NR_all_19951.88|1, BA|NR_all_83717.145|1, BB|NR_all_10157.143|1, CA|NR_all_83717.145|1, CB|NR_all_10157.143|1, DA|NR_all_56726.132|1, DW|NR_all_19951.88|1"
4WPO,"RNA3DB","AA|NR_all_97519.74|1, AB|NR_all_42622.74|1, BA|NR_all_65795.80|1, BW|NR_all_19951.88|1, BX|NR_all_35542.140|1, BY|NR_all_19951.88|1, CA|NR_all_97519.74|1, CB|NR_all_42622.74|1, DA|NR_all_65795.80|1, DW|NR_all_19951.88|1, DX|NR_all_35542.140|1, DY|NR_all_19951.88|1"
4WQ1,"RNA3DB","13|NR_all_65795.80|1, 14|NR_all_97519.74|1, 16|NR_all_42622.74|1, 1G|NR_all_65795.80|1, 1H|NR_all_97519.74|1, 1J|NR_all_42622.74|1, 1K|NR_all_89292.6|1, 1L|NR_all_89292.6|1, 2K|NR_all_35542.140|1, 2L|NR_all_35542.140|1, 3K|NR_all_89292.6|1, 3L|NR_all_89292.6|1"
4WQF,"RNA3DB","AA|NR_all_97519.74|1, AB|NR_all_42622.74|1, BA|NR_all_65795.80|1, BW|NR_all_19951.88|1, BY|NR_all_19951.88|1, CA|NR_all_97519.74|1, CB|NR_all_42622.74|1, DA|NR_all_65795.80|1, DW|NR_all_19951.88|1, DY|NR_all_19951.88|1"
4WQR,"RNA3DB","13|NR_all_65795.80|1, 14|NR_all_97519.74|1, 16|NR_all_42622.74|1, 1G|NR_all_65795.80|1, 1H|NR_all_97519.74|1, 1J|NR_all_42622.74|1, 1K|NR_all_19951.88|1, 1L|NR_all_19951.88|1, 2K|NR_all_35542.140|1, 2L|NR_all_35542.140|1, 3K|NR_all_19951.88|1, 3L|NR_all_19951.88|1"
4WQS,"RNA3DB","H|NR_all_98703.1|1, Y|NR_all_82495.1|1"
4WQU,"RNA3DB","AA|NR_all_97519.74|1, AB|NR_all_42622.74|1, BA|NR_all_65795.80|1, BW|NR_all_19951.88|1, BY|NR_all_19951.88|1, CA|NR_all_97519.74|1, CB|NR_all_42622.74|1, DA|NR_all_65795.80|1, DW|NR_all_19951.88|1, DY|NR_all_19951.88|1"
4WQY,"RNA3DB","AA|NR_all_97519.74|1, AB|NR_all_42622.74|1, BA|NR_all_65795.80|1, BX|NR_all_35542.140|1, CA|NR_all_97519.74|1, CB|NR_all_42622.74|1, DA|NR_all_65795.80|1, DX|NR_all_35542.140|1"
4WR6,"RNA3DB","13|NR_all_65795.80|1, 14|NR_all_97519.74|1, 16|NR_all_42622.74|1, 1G|NR_all_65795.80|1, 1H|NR_all_97519.74|1, 1J|NR_all_42622.74|1, 1K|NR_all_89292.6|1, 1L|NR_all_89292.6|1, 2K|NR_all_35542.140|1, 2L|NR_all_35542.140|1, 3K|NR_all_89292.6|1, 3L|NR_all_89292.6|1"
4WRA,"RNA3DB","13|NR_all_65795.80|1, 14|NR_all_97519.74|1, 16|NR_all_42622.74|1, 1G|NR_all_65795.80|1, 1H|NR_all_97519.74|1, 1J|NR_all_42622.74|1, 1K|NR_all_89292.6|1, 1L|NR_all_89292.6|1, 2K|NR_all_35542.140|1, 2L|NR_all_35542.140|1, 3K|NR_all_89292.6|1, 3L|NR_all_89292.6|1"
4WRO,"RNA3DB","13|NR_all_65795.80|1, 14|NR_all_97519.74|1, 16|NR_all_42622.74|1, 1G|NR_all_65795.80|1, 1H|NR_all_97519.74|1, 1J|NR_all_42622.74|1, 1K|NR_all_19951.88|1, 1L|NR_all_19951.88|1, 2K|NR_all_35542.140|1, 2L|NR_all_35542.140|1, 3K|NR_all_19951.88|1, 3L|NR_all_19951.88|1"
4WRT,"RNA3DB","R|NR_all_21055.1|2, V|NR_all_21055.1|2"
4WSA,"RNA3DB","R|NR_all_21055.1|2, V|NR_all_21055.1|2"
4WSB,"RNA3DB","R|NR_all_29002.1|2, V|NR_all_29002.1|2"
4WSD,"RNA3DB","13|NR_all_65795.80|1, 14|NR_all_97519.74|1, 16|NR_all_42622.74|1, 1G|NR_all_65795.80|1, 1H|NR_all_97519.74|1, 1J|NR_all_42622.74|1, 1K|NR_all_19951.88|1, 1L|NR_all_19951.88|1, 2K|NR_all_35542.140|1, 2L|NR_all_35542.140|1, 3K|NR_all_19951.88|1, 3L|NR_all_19951.88|1"
4WSM,"RNA3DB","13|NR_all_65795.80|1, 14|NR_all_97519.74|1, 16|NR_all_42622.74|1, 1G|NR_all_65795.80|1, 1H|NR_all_97519.74|1, 1J|NR_all_42622.74|1, 1K|NR_all_73216.6|1, 1L|NR_all_73216.6|1, 2K|NR_all_73216.6|1, 2L|NR_all_73216.6|1, 3K|NR_all_55925.1|1, 3L|NR_all_55925.1|1"
4WT1,"RNA3DB","13|NR_all_65795.80|1, 14|NR_all_97519.74|1, 16|NR_all_42622.74|1, 1G|NR_all_65795.80|1, 1H|NR_all_97519.74|1, 1J|NR_all_42622.74|1, 1K|NR_all_19951.88|1, 1L|NR_all_19951.88|1, 2K|NR_all_35542.140|1, 2L|NR_all_35542.140|1, 3K|NR_all_19951.88|1, 3L|NR_all_19951.88|1"
4WT8,"RNA3DB","Ab|NR_all_65795.80|1, Bb|NR_all_65795.80|1, C1|NR_all_97519.74|1, C2|NR_all_95556.6|1, C3|NR_all_95556.6|1, C4|NR_all_20721.10|1, Cs|NR_all_42622.74|1, D1|NR_all_97519.74|1, D3|NR_all_95556.6|1, D4|NR_all_47349.1|1, DV|NR_all_02307.1|1, Ds|NR_all_42622.74|1"
4WTA,"RNA3DB","P|NR_all_02127.1|2, T|NR_all_02127.1|2"
4WTC,"RNA3DB","P|NR_all_83415.1|2, T|NR_all_83415.1|2"
4WTD,"RNA3DB","P|NR_all_10172.1|2, T|NR_all_10172.1|2"
4WTE,"RNA3DB","P|NR_all_02402.1|2, T|NR_all_02402.1|2"
4WTF,"RNA3DB","P|NR_all_02127.1|2, T|NR_all_02127.1|2"
4WTG,"RNA3DB","P|NR_all_02127.1|2, T|NR_all_02127.1|2"
4WTI,"RNA3DB","P|NR_all_01782.1|2, T|NR_all_01782.1|2"
4WTJ,"RNA3DB","P|NR_all_98152.1|2, T|NR_all_98152.1|2"
4WTK,"RNA3DB","P|NR_all_61884.1|2, T|NR_all_61884.1|2"
4WTL,"RNA3DB","P|NR_all_82735.1|2, T|NR_all_82735.1|2"
4WTM,"RNA3DB","P|NR_all_70063.1|2, T|NR_all_70063.1|2"
4WU1,"RNA3DB","13|NR_all_65795.80|1, 14|NR_all_97519.74|1, 16|NR_all_42622.74|1, 1G|NR_all_65795.80|1, 1H|NR_all_97519.74|1, 1J|NR_all_42622.74|1, 2K|NR_all_89292.6|1, 2L|NR_all_89292.6|1, 3K|NR_all_89292.6|1, 3L|NR_all_89292.6|1"
4WWW,"RNA3DB","QA|NR_all_56726.132|1, RA|NR_all_83717.145|1, RB|NR_all_10157.143|1, XA|NR_all_56726.132|1, YA|NR_all_83717.145|1, YB|NR_all_10157.143|1"
4WZD,"RNA3DB","13|NR_all_65795.80|1, 14|NR_all_97519.74|1, 16|NR_all_42622.74|1, 1G|NR_all_65795.80|1, 1H|NR_all_97519.74|1, 1J|NR_all_42622.74|1, 2K|NR_all_89292.6|1, 2L|NR_all_89292.6|1, 3K|NR_all_89292.6|1, 3L|NR_all_89292.6|1"
4WZJ,"RNA3DB","VVVV|NR_all_13899.1|1, VVV|NR_all_13899.1|1, VV|NR_all_13899.1|1, V|NR_all_13899.1|1, XXXX|NR_all_13899.1|1, XXX|NR_all_13899.1|1, XX|NR_all_13899.1|1, X|NR_all_13899.1|1, YYYY|NR_all_13899.1|1, YYY|NR_all_13899.1|1, YY|NR_all_13899.1|1, Y|NR_all_13899.1|1"
4WZM,"RNA3DB","B|NR_all_39179.1|2, C|NR_all_39179.1|2"
4WZO,"RNA3DB","13|NR_all_65795.80|1, 14|NR_all_97519.74|1, 16|NR_all_42622.74|1, 1G|NR_all_65795.80|1, 1H|NR_all_97519.74|1, 1J|NR_all_42622.74|1, 1K|NR_all_35542.140|1, 2K|NR_all_35542.140|1, 2L|NR_all_35542.140|1, 3K|NR_all_19951.88|1, 3L|NR_all_19951.88|1"
4WZQ,"RNA3DB","B|NR_all_77778.1|2, C|NR_all_77778.1|2"
4X0A,"RNA3DB","B|NR_all_89906.2|1"
4X0B,"RNA3DB","B|NR_all_89906.2|1"
4X2B,"RNA3DB","B|NR_all_37566.1|2, C|NR_all_37566.1|2"
4X4N,"RNA3DB","B|NR_all_51503.1|1, D|NR_all_51503.1|1, G|NR_all_51503.1|1"
4X4O,"RNA3DB","B|NR_all_51503.1|1, D|NR_all_51503.1|1"
4X4P,"RNA3DB","B|NR_all_51503.1|1, D|NR_all_51503.1|1, F|NR_all_51503.1|1, H|NR_all_51503.1|1"
4X4Q,"RNA3DB","B|NR_all_51503.1|1, D|NR_all_51503.1|1"
4X4R,"RNA3DB","B|NR_all_51503.1|1, D|NR_all_51503.1|1"
4X4S,"RNA3DB","B|NR_all_51503.1|1, D|NR_all_51503.1|1"
4X4T,"RNA3DB","B|NR_all_51503.1|1, D|NR_all_51503.1|1, G|NR_all_51503.1|1"
4X4U,"RNA3DB","B|NR_all_49730.1|1, D|NR_all_49730.1|1, G|NR_all_33059.1|1, H|NR_all_98428.4|1"
4X4V,"RNA3DB","B|NR_all_49730.1|1, D|NR_all_49730.1|1"
4X62,"RNA3DB","A|NR_all_65795.80|1, a|NR_all_61644.1|2, b|NR_all_61644.1|2"
4X64,"RNA3DB","A|NR_all_65795.80|1, a|NR_all_61644.1|2, b|NR_all_61644.1|2"
4X65,"RNA3DB","A|NR_all_65795.80|1, a|NR_all_61644.1|2, b|NR_all_61644.1|2"
4X66,"RNA3DB","A|NR_all_65795.80|1, a|NR_all_61644.1|2, b|NR_all_61644.1|2"
4X67,"RNA3DB","R|NR_all_13985.1|1"
4X6A,"RNA3DB","R|NR_all_05749.1|1"
4X9E,"RNA3DB","G|NR_all_13730.1|1, H|NR_all_13730.1|1"
4XBF,"RNA3DB","D|NR_all_36229.1|1"
4XCO,"RNA3DB","E|NR_all_08831.2|1, M|NR_all_08831.2|1"
4XEJ,"RNA3DB","A16S|NR_all_65795.80|1, A23S|NR_all_97519.74|1, A5S|NR_all_42622.74|1, AIRE|NR_all_69484.1|1, B16S|NR_all_65795.80|1, B23S|NR_all_97519.74|1, B5S|NR_all_42622.74|1, BIRE|NR_all_69484.1|1"
4XJN,"RNA3DB","N|NR_all_26354.1|1"
4XK0,"RNA3DB","A|NR_all_08859.1|1, C|NR_all_84454.1|1"
4XLN,"RNA3DB","Q|NR_all_90795.7|1, T|NR_all_90795.7|1"
4XLR,"RNA3DB","Q|NR_all_90795.7|1, T|NR_all_90795.7|1"
4XNR,"RNA3DB","X|NR_all_94683.1|1"
4XW0,"RNA3DB","A|NR_all_70938.1|2, B|NR_all_70938.1|2"
4XW1,"RNA3DB","C|NR_all_03183.1|1"
4XW7,"RNA Puzzles, RNA3DB","A|NR_all_48352.1|1"
4XWF,"2020 RNA, RNA3DB","A|NR_all_48352.1|1"
4XWW,"RNA3DB","D|NR_all_09504.1|1, E|NR_all_64642.1|1"
4Y1I,"RNA3DB","A|NR_all_18848.1|1, B|NR_all_18848.1|1"
4Y1J,"RNA3DB","A|NR_all_18848.1|1, B|NR_all_18848.1|1"
4Y1M,"RNA3DB","A|NR_all_83641.1|1, B|NR_all_83641.1|1"
4Y1N,"RNA3DB","A|NR_all_35054.6|1, B|NR_all_35054.6|1"
4Y1O,"2020 RNA, RNA3DB","A|NR_all_35054.6|1, B|NR_all_35054.6|1"
4Y27,"RNA3DB","A|NR_all_94729.10|1"
4Y4O,"RNA3DB","1A|NR_all_97519.74|1, 1B|NR_all_42622.74|1, 1a|NR_all_65795.80|1, 2A|NR_all_97519.74|1, 2B|NR_all_42622.74|1, 2a|NR_all_65795.80|1"
4Y4P,"RNA3DB","1A|NR_all_97519.74|1, 1B|NR_all_42622.74|1, 1a|NR_all_65795.80|1, 1w|NR_all_19951.88|1, 1x|NR_all_35542.140|1, 1y|NR_all_19951.88|1, 2A|NR_all_97519.74|1, 2B|NR_all_42622.74|1, 2a|NR_all_65795.80|1, 2w|NR_all_19951.88|1, 2x|NR_all_35542.140|1, 2y|NR_all_19951.88|1"
4Y52,"RNA3DB","R|NR_all_00839.1|1"
4Y7N,"RNA3DB","R|NR_all_00839.1|1"
4Y91,"RNA3DB","N|NR_all_74924.26|1, O|NR_all_74924.26|1"
4YAZ,"2020 RNA, RNA3DB","A|NR_all_31480.1|1, R|NR_all_31480.1|1"
4YB0,"RNA3DB","A|NR_all_31480.1|1, R|NR_all_31480.1|1"
4YB1,"RNA3DB","R|NR_all_12260.3|1"
4YBB,"RNA3DB","AA|NR_all_56726.132|1, BA|NR_all_56726.132|1, CA|NR_all_83717.145|1, CB|NR_all_10157.143|1, DA|NR_all_83717.145|1, DB|NR_all_10157.143|1"
4YCO,"RNA3DB","D|NR_all_19951.88|1, E|NR_all_19951.88|1, F|NR_all_19951.88|1"
4YCP,"RNA3DB","B|NR_all_51962.5|1"
4YHH,"RNA3DB","A|NR_all_65795.80|1"
4YHW,"RNA3DB","C|NR_all_79685.1|2, D|NR_all_24573.1|2, E|NR_all_79685.1|2, F|NR_all_24573.1|2"
4YLN,"RNA3DB","3|NR_all_95963.4|1, 6|NR_all_95963.4|1, 9|NR_all_95963.4|1"
4YLO,"RNA3DB","3|NR_all_95963.4|1, 6|NR_all_95963.4|1, 9|NR_all_12718.1|1"
4YLP,"RNA3DB","3|NR_all_81926.1|1, 6|NR_all_81926.1|1, 9|NR_all_81926.1|1"
4YN6,"RNA3DB","A|NR_all_45159.1|2, B|NR_all_45159.1|2"
4YOE,"RNA3DB","E|NR_all_45187.1|1"
4YPB,"RNA3DB","QA|NR_all_65795.80|1, QV|NR_all_35542.140|1, QW|NR_all_35542.140|1, RA|NR_all_97519.74|1, RB|NR_all_42622.74|1, XA|NR_all_65795.80|1, XV|NR_all_35542.140|1, XW|NR_all_35542.140|1, YA|NR_all_97519.74|1, YB|NR_all_42622.74|1"
4YVI,"RNA3DB","C|NR_all_04935.2|1"
4YVJ,"RNA3DB","C|NR_all_04935.2|1"
4YVK,"RNA3DB","C|NR_all_04935.2|1"
4YY3,"RNA3DB","A|NR_all_65795.80|1"
4YYE,"RNA3DB","C|NR_all_39569.1|1, D|NR_all_39569.1|1"
4YZV,"RNA3DB","QA|NR_all_65795.80|1, QV|NR_all_35542.140|1, RA|NR_all_97519.74|1, RB|NR_all_42622.74|1, XA|NR_all_65795.80|1, XV|NR_all_35542.140|1, YA|NR_all_97519.74|1, YB|NR_all_42622.74|1"
4Z0C,"RNA3DB","B|NR_all_98573.1|1, C|NR_all_98573.1|1"
4Z31,"RNA3DB","C|NR_all_73713.1|2, D|NR_all_73713.1|2, E|NR_all_80882.1|1, F|NR_all_80882.1|1"
4Z3S,"RNA3DB","1A|NR_all_97519.74|1, 1B|NR_all_42622.74|1, 1a|NR_all_65795.80|1, 1w|NR_all_19951.88|1, 1x|NR_all_35542.140|1, 1y|NR_all_19951.88|1, 2A|NR_all_97519.74|1, 2B|NR_all_42622.74|1, 2a|NR_all_65795.80|1, 2w|NR_all_19951.88|1, 2x|NR_all_35542.140|1, 2y|NR_all_19951.88|1"
4Z4C,"RNA3DB","B|NR_all_25585.4|2, D|NR_all_25585.4|2"
4Z4D,"RNA3DB","B|NR_all_25585.4|2, D|NR_all_25585.4|2"
4Z4E,"RNA3DB","B|NR_all_25585.4|2, D|NR_all_25585.4|2"
4Z4F,"RNA3DB","B|NR_all_25585.4|2, D|NR_all_25585.4|2"
4Z4G,"RNA3DB","B|NR_all_25585.4|2, D|NR_all_25585.4|2"
4Z4H,"RNA3DB","B|NR_all_25585.4|2, D|NR_all_25585.4|2"
4Z4I,"RNA3DB","B|NR_all_25585.4|2, D|NR_all_25585.4|2"
4Z7K,"RNA3DB","C|NR_all_08924.1|1"
4Z7L,"RNA3DB","C|NR_all_14903.1|1, F|NR_all_14903.1|1, I|NR_all_14903.1|1"
4Z8C,"RNA3DB","1A|NR_all_97519.74|1, 1B|NR_all_42622.74|1, 1a|NR_all_65795.80|1, 1x|NR_all_35542.140|1, 2A|NR_all_97519.74|1, 2B|NR_all_42622.74|1, 2a|NR_all_65795.80|1, 2x|NR_all_35542.140|1"
4Z92,"RNA3DB","D|NR_all_35406.1|1"
4ZC7,"RNA3DB","A|NR_all_27625.1|2, B|NR_all_27625.1|2, C|NR_all_27625.1|2, D|NR_all_27625.1|2"
4ZDO,"RNA3DB","E|NR_all_90840.6|1"
4ZDP,"RNA3DB","E|NR_all_90840.6|1"
4ZER,"RNA3DB","1A|NR_all_97519.74|1, 1B|NR_all_42622.74|1, 1a|NR_all_65795.80|1, 1x|NR_all_35542.140|1, 2A|NR_all_97519.74|1, 2B|NR_all_42622.74|1, 2a|NR_all_65795.80|1, 2x|NR_all_35542.140|1"
4ZLD,"RNA3DB","B|NR_all_10920.1|1"
4ZLR,"RNA3DB","C|NR_all_20306.1|1"
4ZNP,"RNA3DB","A|NR_all_45659.1|1, B|NR_all_45659.1|1"
4ZSN,"RNA3DB","QA|NR_all_65795.80|1, QV|NR_all_35542.140|1, RA|NR_all_97519.74|1, RB|NR_all_42622.74|1, XA|NR_all_65795.80|1, XV|NR_all_35542.140|1, YA|NR_all_97519.74|1, YB|NR_all_42622.74|1"
4ZT0,"RNA3DB","B|NR_all_54333.1|1, D|NR_all_54333.1|1"
4ZT9,"RNA3DB","B|NR_all_54333.1|1, D|NR_all_54333.1|1"
5A0T,"RNA3DB","E|NR_all_86148.1|1, F|NR_all_86148.1|1"
5A0V,"RNA3DB","E|NR_all_60836.1|1, F|NR_all_60836.1|1"
5A17,"RNA3DB","A|NR_all_23840.1|1"
5A18,"RNA3DB","A|NR_all_23840.1|1"
5A2Q,"RNA3DB","2|NR_all_46995.44|1, 3|NR_all_54508.1|1"
5A2T,"RNA3DB","Z|NR_all_78025.1|1"
5A79,"RNA3DB","R|NR_all_68372.1|1"
5A7A,"RNA3DB","R|NR_all_68372.1|1"
5A8L,"RNA3DB","A|NR_all_65061.34|1, B|NR_all_46995.44|1, P|NR_all_70335.1|1"
5A9Z,"RNA3DB","AA|NR_all_97519.74|1, AB|NR_all_42622.74|1, BA|NR_all_65795.80|1"
5AA0,"RNA3DB","AA|NR_all_97519.74|1, AB|NR_all_42622.74|1, BA|NR_all_65795.80|1, BC|NR_all_95556.6|1, BD|NR_all_95556.6|1, BE|NR_all_95556.6|1"
5ADY,"RNA3DB","A|NR_all_10157.143|1, B|NR_all_83717.145|1"
5AFI,"RNA3DB","A|NR_all_83717.145|1, B|NR_all_10157.143|1, a|NR_all_56726.132|1, v|NR_all_35542.140|1, w|NR_all_35542.140|1, y|NR_all_19951.88|1"
5AH5,"RNA3DB","C|NR_all_09775.1|1, D|NR_all_09775.1|1"
5AJ0,"RNA3DB","A2|NR_all_65061.34|2, A3|NR_all_65061.34|2, A4|NR_all_52752.30|1, B1|NR_all_46995.44|1, Bv|NR_all_83799.1|1, Bw|NR_all_17051.1|1"
5AJ3,"RNA3DB","A|NR_all_19551.7|1"
5AJ4,"RNA3DB","AA|NR_all_19551.7|1, BA|NR_all_24610.3|1"
5AKA,"RNA3DB","7|NR_all_10263.1|1, A|NR_all_10157.143|1, B|NR_all_83717.145|1"
5AMQ,"RNA3DB","B|NR_all_40155.1|2, C|NR_all_66843.1|1, c|NR_all_40155.1|2"
5AMR,"RNA3DB","B|NR_all_40155.1|2, C|NR_all_40155.1|2"
5AN9,"RNA3DB","N|NR_all_15716.2|1"
5ANB,"RNA3DB","N|NR_all_15716.2|1"
5ANC,"RNA3DB","N|NR_all_15716.2|1"
5AOR,"RNA3DB","C|NR_all_31135.1|1, D|NR_all_31135.1|1"
5AOX,"RNA3DB","C|NR_all_59099.1|1, F|NR_all_59099.1|1"
5APN,"RNA3DB","5|NR_all_90506.74|2, 7|NR_all_18586.69|1, 8|NR_all_90506.74|2"
5APO,"RNA3DB","5|NR_all_90506.74|2, 7|NR_all_18586.69|1, 8|NR_all_90506.74|2"
5AWH,"RNA3DB","C|NR_all_43992.1|1, E|NR_all_43992.1|1"
5AXM,"RNA3DB","P|NR_all_83593.5|1"
5AXN,"RNA3DB","P|NR_all_83593.5|1"
5AXW,"RNA3DB","B|NR_all_96162.2|1"
5AY2,"RNA3DB","A|NR_all_49464.2|2, B|NR_all_49464.2|2, C|NR_all_49464.2|2, D|NR_all_49464.2|2"
5AY3,"RNA3DB","A|NR_all_49464.2|2, B|NR_all_49464.2|2"
5AY4,"RNA3DB","A|NR_all_49464.2|2, B|NR_all_49464.2|2"
5B2O,"RNA3DB","B|NR_all_90160.4|1"
5B2P,"RNA3DB","B|NR_all_90160.4|1"
5B2Q,"RNA3DB","B|NR_all_90160.4|1"
5B2R,"RNA3DB","A|NR_all_46651.2|1"
5B2S,"RNA3DB","A|NR_all_46651.2|1"
5B2T,"RNA3DB","A|NR_all_46651.2|1"
5B43,"RNA3DB","B|NR_all_74407.1|1"
5B63,"RNA3DB","B|NR_all_55114.1|1, D|NR_all_55114.1|1"
5BJO,"RNA3DB","E|NR_all_73441.1|1, Y|NR_all_73441.1|1"
5BJP,"RNA3DB","E|NR_all_73441.1|1, Y|NR_all_73441.1|1"
5BKL,"RNA3DB","P|NR_all_37308.1|2, S|NR_all_76723.1|2, TT|NR_all_25170.1|2, T|NR_all_28676.1|2, UU|NR_all_99388.1|2, V|NR_all_80545.1|2, WW|NR_all_80545.1|2, X|NR_all_50007.1|2, Y|NR_all_12757.1|2, a|NR_all_30399.1|1, bb|NR_all_67643.1|2, e|NR_all_37308.1|2, h|NR_all_76723.1|2, i|NR_all_28676.1|2, kk|NR_all_25170.1|2, ll|NR_all_99388.1|2, m|NR_all_50007.1|2, n|NR_all_12757.1|2, qq|NR_all_67643.1|2"
5BKN,"RNA3DB","P|NR_all_41668.2|1, S|NR_all_41668.2|2, TT|NR_all_57097.1|2, T|NR_all_83764.1|2, UU|NR_all_70596.1|2, V|NR_all_60938.1|2, WW|NR_all_60938.1|2, X|NR_all_16683.1|2, Y|NR_all_53989.1|2, a|NR_all_41668.2|1, bb|NR_all_67643.1|2, e|NR_all_02486.1|1, h|NR_all_41668.2|2, i|NR_all_83764.1|2, kk|NR_all_57097.1|2, ll|NR_all_70596.1|2, m|NR_all_16683.1|2, n|NR_all_53989.1|2, qq|NR_all_67643.1|2"
5BR8,"RNA3DB","A|NR_all_65795.80|1"
5BS3,"RNA3DB",""
5BTE,"RNA3DB","C|NR_all_74924.26|1, D|NR_all_74924.26|1"
5BTM,"RNA3DB","A|NR_all_74260.1|1, B|NR_all_74260.1|1"
5BTP,"RNA3DB","A|NR_all_63255.1|1, B|NR_all_63255.1|1"
5BUD,"RNA3DB","D|NR_all_92071.1|1, E|NR_all_79747.1|1"
5BYM,"RNA3DB","C|NR_all_74556.1|1"
5BZ1,"RNA3DB","B|NR_all_08637.1|1"
5BZ5,"RNA3DB","B|NR_all_86160.1|1"
5BZU,"RNA3DB","B|NR_all_85126.1|1"
5BZV,"RNA3DB","B|NR_all_74556.1|1"
5C0W,"RNA3DB","N|NR_all_26454.1|1, R|NR_all_76367.1|1"
5C0X,"RNA3DB","R|NR_all_12719.1|1"
5C0Y,"RNA3DB","C|NR_all_09580.1|1, D|NR_all_19677.1|1"
5C3E,"RNA3DB","R|NR_all_20325.1|1"
5C44,"RNA3DB","R|NR_all_20325.1|1"
5C45,"RNA3DB","X|NR_all_18889.3|2, Y|NR_all_18889.3|2"
5C4A,"RNA3DB","R|NR_all_20325.1|1"
5C4J,"RNA3DB","R|NR_all_20325.1|1"
5C4X,"RNA3DB","R|NR_all_20325.1|1"
5C5W,"RNA3DB","A|NR_all_09579.1|1"
5C7U,"RNA3DB","B|NR_all_89429.6|1"
5C7W,"RNA3DB","C|NR_all_89429.6|1"
5C9H,"RNA3DB","C|NR_all_30196.1|2, D|NR_all_30196.1|2, E|NR_all_77791.1|2, G|NR_all_77791.1|2"
5CCB,"RNA3DB","N|NR_all_72172.1|1"
5CCX,"RNA3DB","N|NR_all_72172.1|1"
5CD1,"RNA3DB","M|NR_all_72172.1|1, N|NR_all_72172.1|1"
5CD4,"RNA3DB","L|NR_all_70313.2|1, X|NR_all_70313.2|1"
5CKI,"RNA3DB","D|NR_all_56975.1|1"
5CKK,"RNA3DB","D|NR_all_56975.1|1"
5CNR,"RNA3DB","A|NR_all_02070.1|2, B|NR_all_02070.1|2, E|NR_all_02070.1|2, F|NR_all_02070.1|2"
5CR2,"RNA3DB",""
5CZP,"RNA3DB","QA|NR_all_65795.80|1, QV|NR_all_35542.140|1, RA|NR_all_97519.74|1, RB|NR_all_42622.74|1, XA|NR_all_65795.80|1, XV|NR_all_35542.140|1, YA|NR_all_97519.74|1, YB|NR_all_42622.74|1"
5CZZ,"RNA3DB","B|NR_all_96162.2|1"
5D0A,"RNA3DB","E|NR_all_25771.1|1, F|NR_all_25771.1|1"
5D0B,"RNA3DB","F|NR_all_90823.1|1"
5D5L,"RNA3DB","A|NR_all_55964.1|1, B|NR_all_55964.1|1, C|NR_all_55964.1|1, D|NR_all_55964.1|1"
5D6G,"RNA3DB","0|NR_all_55817.1|1"
5D8B,"RNA3DB","AD|NR_all_42622.74|1, BD|NR_all_35542.140|1, ED|NR_all_35542.140|1, FD|NR_all_35542.140|1, UC|NR_all_65795.80|1, VC|NR_all_97519.74|1, WC|NR_all_42622.74|1, XC|NR_all_35542.140|1, YC|NR_all_65795.80|1, ZC|NR_all_97519.74|1"
5D8H,"RNA3DB","A|NR_all_55817.1|1"
5D8T,"RNA3DB","A|NR_all_87665.1|2, B|NR_all_87665.1|2"
5D99,"RNA3DB","A|NR_all_94729.10|1"
5DA6,"RNA3DB","A|NR_all_57135.1|1"
5DAR,"RNA3DB","A|NR_all_55817.1|1, D|NR_all_55817.1|1"
5DAT,"RNA3DB","1|NR_all_90506.74|2, 2|NR_all_03510.64|1, 3|NR_all_18586.69|1, 4|NR_all_90506.74|2, 5|NR_all_90506.74|2, 6|NR_all_03510.64|1, 7|NR_all_18586.69|1, 8|NR_all_90506.74|2"
5DC3,"RNA3DB","1|NR_all_90506.74|2, 2|NR_all_03510.64|1, 3|NR_all_18586.69|1, 4|NR_all_90506.74|2, 5|NR_all_90506.74|2, 6|NR_all_03510.64|1, 7|NR_all_18586.69|1, 8|NR_all_90506.74|2"
5DCV,"RNA3DB","B|NR_all_67474.1|1, D|NR_all_67474.1|1"
5DDO,"RNA Puzzles, RNA3DB","A|NR_all_69350.1|1, B|NR_all_04601.1|1"
5DDP,"RNA3DB","A|NR_all_46720.3|1, B|NR_all_46720.3|1"
5DDQ,"RNA3DB","A|NR_all_46720.3|1, B|NR_all_46720.3|1"
5DDR,"RNA3DB","A|NR_all_46720.3|1, B|NR_all_46720.3|1"
5DE5,"RNA3DB","A|NR_all_70098.1|1, C|NR_all_02963.1|1"
5DE8,"RNA3DB","A|NR_all_70098.1|1, C|NR_all_02963.1|1"
5DEA,"RNA3DB","A|NR_all_70098.1|1, C|NR_all_02963.1|1"
5DEK,"RNA3DB",""
5DER,"RNA3DB","A|NR_all_87665.1|2, B|NR_all_87665.1|2, C|NR_all_87665.1|2, D|NR_all_87665.1|2"
5DET,"RNA3DB","P|NR_all_89128.1|1, Q|NR_all_45166.1|1"
5DFE,"RNA3DB","QA|NR_all_65795.80|1, QV|NR_all_35542.140|1, RA|NR_all_97519.74|1, RB|NR_all_42622.74|1, XA|NR_all_65795.80|1, XV|NR_all_35542.140|1, YA|NR_all_97519.74|1, YB|NR_all_42622.74|1"
5DGE,"RNA3DB","1|NR_all_90506.74|2, 2|NR_all_03510.64|1, 3|NR_all_18586.69|1, 4|NR_all_90506.74|2, 5|NR_all_90506.74|2, 6|NR_all_03510.64|1, 7|NR_all_18586.69|1, 8|NR_all_90506.74|2"
5DGF,"RNA3DB","1|NR_all_90506.74|2, 2|NR_all_03510.64|1, 3|NR_all_18586.69|1, 4|NR_all_90506.74|2, 5|NR_all_90506.74|2, 6|NR_all_03510.64|1, 7|NR_all_18586.69|1, 8|NR_all_90506.74|2"
5DGV,"RNA3DB","1|NR_all_90506.74|2, 2|NR_all_03510.64|1, 3|NR_all_18586.69|1, 4|NR_all_90506.74|2, 5|NR_all_90506.74|2, 6|NR_all_03510.64|1, 7|NR_all_18586.69|1, 8|NR_all_90506.74|2"
5DH6,"RNA3DB","A|NR_all_29795.1|2, B|NR_all_29795.1|2"
5DH7,"RNA3DB","A|NR_all_29795.1|2, B|NR_all_29795.1|2"
5DH8,"RNA3DB","A|NR_all_29795.1|2, B|NR_all_29795.1|2"
5DHB,"RNA3DB","A|NR_all_84026.2|2, B|NR_all_84026.2|2, C|NR_all_84026.2|2, D|NR_all_84026.2|2"
5DHC,"RNA3DB","A|NR_all_49339.2|2, B|NR_all_49339.2|2, C|NR_all_49339.2|2, D|NR_all_49339.2|2"
5DI2,"RNA3DB","A|NR_all_29795.1|2, B|NR_all_29795.1|2"
5DI4,"RNA Puzzles, RNA3DB","A|NR_all_29795.1|2, B|NR_all_29795.1|2"
5DM6,"RNA3DB","X|NR_all_88987.9|1, Y|NR_all_17405.9|1"
5DM7,"RNA3DB","X|NR_all_88987.9|1, Y|NR_all_17405.9|1"
5DNO,"RNA3DB","B|NR_all_63343.1|1"
5DO4,"RNA3DB","A|NR_all_25700.1|1"
5DO5,"RNA3DB","A|NR_all_81257.1|1"
5DOX,"RNA3DB","1A|NR_all_97519.74|1, 1B|NR_all_42622.74|1, 1a|NR_all_65795.80|1, 2A|NR_all_97519.74|1, 2B|NR_all_42622.74|1, 2a|NR_all_65795.80|1"
5DOY,"RNA3DB","1A|NR_all_97519.74|1, 1B|NR_all_42622.74|1, 1a|NR_all_65795.80|1, 1w|NR_all_19951.88|1, 1x|NR_all_35542.140|1, 1y|NR_all_19951.88|1, 2A|NR_all_97519.74|1, 2B|NR_all_42622.74|1, 2a|NR_all_65795.80|1, 2w|NR_all_19951.88|1, 2x|NR_all_35542.140|1, 2y|NR_all_19951.88|1"
5DQK,"RNA3DB","A|NR_all_29795.1|2, B|NR_all_29795.1|2"
5DTO,"RNA3DB","B|NR_all_38685.1|1"
5DUN,"2020 RNA, RNA3DB","A|NR_all_19502.2|1"
5DV7,"RNA3DB","A|NR_all_83715.1|2, B|NR_all_83715.1|2"
5E02,"RNA3DB","C|NR_all_64918.25|1"
5E08,"RNA3DB","N|NR_all_37335.1|1"
5E17,"RNA3DB","I|NR_all_09717.1|1"
5E18,"RNA3DB","I|NR_all_09717.1|1"
5E3H,"RNA3DB","B|NR_all_72830.1|2, C|NR_all_72830.1|2"
5E54,"RNA3DB","A|NR_all_56345.1|1, B|NR_all_56345.1|1"
5E6M,"RNA3DB","C|NR_all_06496.1|1, E|NR_all_06496.1|1"
5E7K,"RNA3DB","13|NR_all_65795.80|1, 14|NR_all_97519.74|1, 16|NR_all_42622.74|1, 1G|NR_all_65795.80|1, 1H|NR_all_97519.74|1, 1J|NR_all_42622.74|1, 1K|NR_all_76703.9|1, 1L|NR_all_76703.9|1, 2K|NR_all_35542.140|1, 2L|NR_all_35542.140|1, 3K|NR_all_07733.2|1, 3L|NR_all_07733.2|1"
5E81,"RNA3DB","13|NR_all_65795.80|1, 14|NR_all_97519.74|1, 16|NR_all_42622.74|1, 1G|NR_all_65795.80|1, 1H|NR_all_97519.74|1, 1J|NR_all_42622.74|1, 1K|NR_all_76703.9|1, 1L|NR_all_76703.9|1, 2K|NR_all_20721.10|1, 2L|NR_all_20721.10|1, 3K|NR_all_32332.1|1, 3L|NR_all_32332.1|1"
5EAO,"RNA3DB","A|NR_all_29795.1|2, B|NR_all_29795.1|2"
5EAQ,"RNA3DB","A|NR_all_29795.1|2, B|NR_all_29795.1|2"
5EBI,"RNA3DB","A|NR_all_23362.2|1, B|NR_all_23362.2|1, C|NR_all_23362.2|1, D|NR_all_23362.2|1, E|NR_all_23362.2|1, F|NR_all_63204.1|1, G|NR_all_23362.2|1, H|NR_all_85393.1|1"
5ED1,"RNA3DB","B|NR_all_54107.1|2, C|NR_all_54107.1|2"
5ED2,"RNA3DB","B|NR_all_45605.1|2, C|NR_all_45605.1|2, E|NR_all_45605.1|2, F|NR_all_45605.1|2"
5EEU,"RNA3DB","W|NR_all_62528.1|1"
5EEV,"RNA3DB","W|NR_all_62528.1|1"
5EEW,"RNA3DB","W|NR_all_62528.1|1"
5EEX,"RNA3DB","W|NR_all_62528.1|1"
5EEY,"RNA3DB","W|NR_all_62528.1|1"
5EEZ,"RNA3DB","W|NR_all_62528.1|1"
5EF0,"RNA3DB","W|NR_all_62528.1|1"
5EF1,"RNA3DB","W|NR_all_62528.1|1"
5EF2,"RNA3DB","W|NR_all_62528.1|1"
5EF3,"RNA3DB","W|NR_all_62528.1|1"
5EIM,"RNA3DB","C|NR_all_00179.1|1, D|NR_all_00179.1|1"
5EL4,"RNA3DB","13|NR_all_65795.80|1, 14|NR_all_97519.74|1, 16|NR_all_42622.74|1, 1G|NR_all_65795.80|1, 1H|NR_all_97519.74|1, 1J|NR_all_42622.74|1, 1K|NR_all_76703.9|1, 1L|NR_all_76703.9|1, 2K|NR_all_35542.140|1, 2L|NR_all_35542.140|1, 3K|NR_all_07733.2|1, 3L|NR_all_07733.2|1"
5EL5,"RNA3DB","13|NR_all_65795.80|1, 14|NR_all_97519.74|1, 16|NR_all_42622.74|1, 1G|NR_all_65795.80|1, 1H|NR_all_97519.74|1, 1J|NR_all_42622.74|1, 1K|NR_all_76703.9|1, 1L|NR_all_76703.9|1, 2K|NR_all_35542.140|1, 2L|NR_all_35542.140|1, 3K|NR_all_07733.2|1, 3L|NR_all_07733.2|1"
5EL6,"RNA3DB","13|NR_all_65795.80|1, 14|NR_all_97519.74|1, 16|NR_all_42622.74|1, 1G|NR_all_65795.80|1, 1H|NR_all_97519.74|1, 1J|NR_all_42622.74|1, 1K|NR_all_76703.9|1, 1L|NR_all_76703.9|1, 2K|NR_all_35542.140|1, 2L|NR_all_35542.140|1, 3K|NR_all_07733.2|1, 3L|NR_all_07733.2|1"
5EL7,"RNA3DB","13|NR_all_65795.80|1, 14|NR_all_97519.74|1, 16|NR_all_42622.74|1, 1G|NR_all_65795.80|1, 1H|NR_all_97519.74|1, 1J|NR_all_42622.74|1, 1K|NR_all_76703.9|1, 1L|NR_all_76703.9|1, 2K|NR_all_35542.140|1, 2L|NR_all_35542.140|1, 3K|NR_all_07733.2|1, 3L|NR_all_07733.2|1"
5ELH,"RNA3DB","R|NR_all_40750.1|1"
5ELK,"RNA3DB","R|NR_all_55334.1|1"
5ELR,"RNA3DB","B|NR_all_98212.1|1"
5ELS,"RNA3DB","H|NR_all_51148.1|1, I|NR_all_26105.1|1"
5ELT,"RNA3DB","E|NR_all_09020.1|1, F|NR_all_09020.1|1"
5ELX,"RNA3DB","B|NR_all_74924.26|1"
5EME,"RNA3DB","A|NR_all_54156.1|1"
5EMF,"RNA3DB","A|NR_all_43988.1|1"
5EMO,"RNA3DB","E|NR_all_94252.1|1, F|NR_all_18857.1|1"
5EN1,"RNA3DB","B|NR_all_15161.1|1"
5EPI,"RNA3DB","D|NR_all_04536.2|1, H|NR_all_04536.2|1, L|NR_all_04536.2|1, P|NR_all_04536.2|1, T|NR_all_04536.2|1, X|NR_all_04536.2|1"
5EV1,"RNA3DB","B|NR_all_62764.1|1"
5EV2,"RNA3DB","B|NR_all_41357.1|1"
5EV3,"RNA3DB","B|NR_all_41357.1|1"
5EV4,"RNA3DB","B|NR_all_18481.1|1"
5EW4,"RNA3DB","A|NR_all_30433.1|2, B|NR_all_30433.1|2"
5EW7,"RNA3DB","A|NR_all_30433.1|2, B|NR_all_30433.1|2"
5EX7,"RNA3DB","B|NR_all_28023.1|1"
5F0Q,"RNA3DB","C|NR_all_08138.1|1, E|NR_all_08138.1|1"
5F0S,"RNA3DB","C|NR_all_08138.1|1, E|NR_all_08138.1|1"
5F5F,"RNA3DB","B|NR_all_16758.1|1, D|NR_all_16758.1|1, F|NR_all_39506.1|1, H|NR_all_16758.1|1"
5F5H,"RNA3DB","C|NR_all_89230.1|1, D|NR_all_58991.1|1"
5F6C,"RNA3DB","C|NR_all_78372.5|1, E|NR_all_58041.1|1"
5F8G,"RNA3DB","B|NR_all_20758.2|2, C|NR_all_20758.2|2"
5F8H,"RNA3DB","B|NR_all_20758.2|2, C|NR_all_20758.2|2"
5F8I,"RNA3DB","B|NR_all_20758.2|2, C|NR_all_20758.2|2"
5F8J,"RNA3DB","B|NR_all_20758.2|2, C|NR_all_20758.2|2"
5F8K,"RNA3DB","1A|NR_all_97519.74|1, 1B|NR_all_42622.74|1, 1a|NR_all_65795.80|1, 1x|NR_all_35542.140|1, 2A|NR_all_97519.74|1, 2B|NR_all_42622.74|1, 2a|NR_all_65795.80|1, 2x|NR_all_35542.140|1"
5F8L,"RNA3DB","B|NR_all_67574.1|2, C|NR_all_67574.1|2"
5F8M,"RNA3DB","B|NR_all_67574.1|2, C|NR_all_67574.1|2"
5F8N,"RNA3DB","B|NR_all_67574.1|2, C|NR_all_67574.1|2"
5F98,"RNA3DB","B|NR_all_67726.2|1, D|NR_all_67726.2|1, F|NR_all_67726.2|1, H|NR_all_67726.2|1, J|NR_all_67726.2|1, L|NR_all_67726.2|1"
5F9F,"RNA3DB","B|NR_all_67726.2|1, D|NR_all_67726.2|1, F|NR_all_67726.2|1, H|NR_all_67726.2|1, J|NR_all_67726.2|1, L|NR_all_67726.2|1"
5F9H,"RNA3DB","B|NR_all_67726.2|1, D|NR_all_67726.2|1, F|NR_all_67726.2|1, H|NR_all_67726.2|1, J|NR_all_67726.2|1, L|NR_all_67726.2|1"
5F9R,"RNA3DB","A|NR_all_22325.1|1"
5FCI,"RNA3DB","1|NR_all_90506.74|2, 2|NR_all_03510.64|1, 3|NR_all_18586.69|1, 4|NR_all_90506.74|2, 5|NR_all_90506.74|2, 6|NR_all_03510.64|1, 7|NR_all_18586.69|1, 8|NR_all_90506.74|2"
5FCJ,"RNA3DB","1|NR_all_90506.74|2, 2|NR_all_03510.64|1, 3|NR_all_18586.69|1, 4|NR_all_90506.74|2, 5|NR_all_90506.74|2, 6|NR_all_03510.64|1, 7|NR_all_18586.69|1, 8|NR_all_90506.74|2"
5FDU,"RNA3DB","1A|NR_all_97519.74|1, 1B|NR_all_42622.74|1, 1a|NR_all_65795.80|1, 2A|NR_all_97519.74|1, 2B|NR_all_42622.74|1, 2a|NR_all_65795.80|1"
5FDV,"RNA3DB","1A|NR_all_97519.74|1, 1B|NR_all_42622.74|1, 1a|NR_all_65795.80|1, 2A|NR_all_97519.74|1, 2B|NR_all_42622.74|1, 2a|NR_all_65795.80|1"
5FJ0,"RNA3DB","A|NR_all_88815.1|2, B|NR_all_88815.1|2, C|NR_all_88815.1|1"
5FJ1,"RNA3DB","A|NR_all_26836.2|1, B|NR_all_26836.2|1, C|NR_all_26836.2|1, D|NR_all_26836.2|1, E|NR_all_26836.2|1, F|NR_all_26836.2|1, G|NR_all_26836.2|1, H|NR_all_26836.2|1"
5FJ4,"RNA3DB","D|NR_all_70895.1|1, H|NR_all_70895.1|1"
5FJ8,"RNA3DB","T|NR_all_29999.1|1"
5FJC,"RNA3DB","A|NR_all_84517.1|1"
5FK1,"RNA3DB","A|NR_all_84517.1|1"
5FK2,"RNA3DB","A|NR_all_84517.1|1"
5FK3,"RNA3DB","A|NR_all_84517.1|1"
5FK4,"RNA3DB","A|NR_all_84517.1|1"
5FK5,"RNA3DB","A|NR_all_84517.1|1"
5FK6,"RNA3DB","A|NR_all_84517.1|1"
5FKD,"RNA3DB","A|NR_all_84517.1|1"
5FKE,"RNA3DB","A|NR_all_84517.1|1"
5FKF,"RNA3DB","A|NR_all_84517.1|1"
5FKG,"RNA3DB","A|NR_all_84517.1|1"
5FKH,"RNA3DB","A|NR_all_84517.1|1"
5FLM,"RNA3DB","P|NR_all_03629.1|1"
5FLX,"RNA3DB","1|NR_all_21280.33|1, z|NR_all_54508.1|1"
5FMZ,"RNA3DB","H|NR_all_78714.1|1, V|NR_all_78714.1|1"
5FN1,"RNA3DB","B|NR_all_76085.1|1"
5FQ5,"RNA3DB","A|NR_all_80577.1|1"
5FVC,"RNA3DB","K|NR_all_99841.1|1"
5FW1,"RNA3DB","A|NR_all_80577.1|1"
5FW2,"RNA3DB","A|NR_all_80577.1|1"
5FW3,"RNA3DB","A|NR_all_80577.1|1"
5G2X,"RNA3DB","A|NR_all_28269.1|1"
5G2Y,"RNA3DB","A|NR_all_28269.1|1"
5G4T,"RNA3DB","A|NR_all_16594.1|2, B|NR_all_16594.1|2"
5G4U,"RNA3DB","A|NR_all_64208.1|2, B|NR_all_64208.1|2, E|NR_all_64208.1|2, F|NR_all_64208.1|2, I|NR_all_64208.1|2, J|NR_all_64208.1|2"
5G4V,"RNA3DB","A|NR_all_64208.1|2, B|NR_all_64208.1|2, E|NR_all_64208.1|2, F|NR_all_64208.1|2"
5GAD,"RNA3DB","1|NR_all_51660.3|1, A|NR_all_83717.145|1, B|NR_all_10157.143|1"
5GAE,"RNA3DB","A|NR_all_83717.145|1, B|NR_all_10157.143|1"
5GAF,"RNA3DB","1|NR_all_51660.3|1, A|NR_all_83717.145|1, B|NR_all_10157.143|1"
5GAG,"RNA3DB","1|NR_all_51660.3|1, A|NR_all_83717.145|1, B|NR_all_10157.143|1"
5GAH,"RNA3DB","1|NR_all_51660.3|1, A|NR_all_83717.145|1, B|NR_all_10157.143|1"
5GAK,"RNA3DB","1|NR_all_90506.74|2, 3|NR_all_18586.69|1, 4|NR_all_90506.74|2, A|NR_all_45609.6|1, B|NR_all_32990.2|1"
5GAM,"RNA3DB","U|NR_all_32006.1|1, W|NR_all_89190.1|1"
5GAN,"RNA3DB","U|NR_all_32006.1|1, V|NR_all_07902.3|2, W|NR_all_07902.3|2"
5GAO,"RNA3DB","V|NR_all_07902.3|1"
5GAP,"RNA3DB","V|NR_all_89185.1|1"
5GIN,"RNA3DB","G|NR_all_83671.1|4, H|NR_all_83671.1|4, I|NR_all_83671.1|4, J|NR_all_83671.1|4, N|NR_all_83671.1|2, O|NR_all_83671.1|2"
5GIO,"RNA3DB","G|NR_all_83671.1|4, H|NR_all_83671.1|4, I|NR_all_83671.1|4, J|NR_all_83671.1|4, N|NR_all_83671.1|2, O|NR_all_83671.1|2"
5GIP,"RNA3DB","G|NR_all_83671.1|4, H|NR_all_83671.1|4, I|NR_all_83671.1|4, J|NR_all_83671.1|4, Q|NR_all_83671.1|4, R|NR_all_83671.1|4, S|NR_all_83671.1|4, T|NR_all_83671.1|4"
5GJB,"RNA3DB","B|NR_all_48507.1|1"
5GM6,"RNA3DB","D|NR_all_38286.2|1, E|NR_all_08356.2|2, L|NR_all_08356.2|2, M|NR_all_63515.1|1, N|NR_all_93593.1|1"
5GMF,"RNA3DB","E|NR_all_96683.7|1, F|NR_all_96683.7|1, G|NR_all_96683.7|1, H|NR_all_96683.7|1"
5GMG,"RNA3DB","C|NR_all_96683.7|1, D|NR_all_96683.7|1"
5GMK,"RNA3DB","D|NR_all_38286.2|1, E|NR_all_08356.2|2, L|NR_all_08356.2|2"
5GUH,"RNA3DB","B|NR_all_83946.1|1"
5GXH,"RNA3DB","B|NR_all_05778.1|1"
5GXI,"RNA3DB","B|NR_all_24908.1|1"
5H0R,"RNA3DB","H|NR_all_93255.1|2, I|NR_all_93255.1|2"
5H1K,"RNA3DB","C|NR_all_69774.1|2, D|NR_all_69774.1|2"
5H1L,"RNA3DB","B|NR_all_67036.1|1"
5H1S,"RNA3DB","A|NR_all_20305.5|1, B|NR_all_50314.5|1, C|NR_all_05530.5|1"
5H3U,"RNA3DB","C|NR_all_20024.1|1"
5H4P,"RNA3DB","1|NR_all_90506.74|2, 3|NR_all_18586.69|1, 4|NR_all_90506.74|2"
5H5U,"RNA3DB","5|NR_all_35542.140|1, A|NR_all_83717.145|1, B|NR_all_10157.143|1, h|NR_all_56726.132|1"
5H9E,"RNA3DB","L|NR_all_70313.2|1"
5H9F,"RNA3DB","L|NR_all_70313.2|1"
5HAB,"RNA3DB","C|NR_all_59694.1|1, D|NR_all_59694.1|1"
5HAU,"RNA3DB","1A|NR_all_97519.74|1, 1B|NR_all_42622.74|1, 1a|NR_all_65795.80|1, 1w|NR_all_35542.140|1, 2A|NR_all_97519.74|1, 2B|NR_all_42622.74|1, 2a|NR_all_65795.80|1, 2w|NR_all_35542.140|1"
5HBW,"RNA3DB","A|NR_all_84026.2|2, B|NR_all_84026.2|2"
5HBX,"RNA3DB","A|NR_all_49339.2|2, B|NR_all_49339.2|2, C|NR_all_49339.2|2, D|NR_all_49339.2|2"
5HBY,"RNA3DB","A|NR_all_23118.1|1"
5HC9,"RNA3DB","C|NR_all_89906.2|1, D|NR_all_89906.2|1"
5HCP,"RNA3DB","1A|NR_all_97519.74|1, 1B|NR_all_42622.74|1, 1a|NR_all_65795.80|1, 1x|NR_all_35542.140|1, 2A|NR_all_97519.74|1, 2B|NR_all_42622.74|1, 2a|NR_all_65795.80|1, 2x|NR_all_35542.140|1"
5HCQ,"RNA3DB","1A|NR_all_97519.74|1, 1B|NR_all_42622.74|1, 1a|NR_all_65795.80|1, 1x|NR_all_35542.140|1, 2A|NR_all_97519.74|1, 2B|NR_all_42622.74|1, 2a|NR_all_65795.80|1, 2x|NR_all_35542.140|1"
5HCR,"RNA3DB","1A|NR_all_97519.74|1, 1B|NR_all_42622.74|1, 1a|NR_all_65795.80|1, 1x|NR_all_35542.140|1, 2A|NR_all_97519.74|1, 2B|NR_all_42622.74|1, 2a|NR_all_65795.80|1, 2x|NR_all_35542.140|1"
5HD1,"RNA3DB","1A|NR_all_97519.74|1, 1B|NR_all_42622.74|1, 1a|NR_all_65795.80|1, 1x|NR_all_35542.140|1, 2A|NR_all_97519.74|1, 2B|NR_all_42622.74|1, 2a|NR_all_65795.80|1, 2x|NR_all_35542.140|1"
5HJZ,"RNA3DB","C|NR_all_20856.1|1"
5HK0,"RNA3DB","E|NR_all_91027.1|1, F|NR_all_91027.1|1"
5HKC,"RNA3DB","C|NR_all_84831.1|1"
5HKV,"RNA3DB","X|NR_all_90633.23|1, Y|NR_all_83891.22|1"
5HL7,"RNA3DB","X|NR_all_90633.23|1, Y|NR_all_83891.22|1"
5HN2,"RNA3DB","A|NR_all_19539.1|2, B|NR_all_19539.1|2, C|NR_all_19539.1|2, D|NR_all_19539.1|2, E|NR_all_19539.1|2, F|NR_all_19539.1|2"
5HNJ,"RNA3DB","A|NR_all_19539.1|2, B|NR_all_19539.1|2, C|NR_all_19539.1|2, D|NR_all_19539.1|2, E|NR_all_19539.1|2, F|NR_all_19539.1|2"
5HNQ,"RNA3DB","A|NR_all_19539.1|2, B|NR_all_19539.1|2, C|NR_all_19539.1|2, D|NR_all_19539.1|2, E|NR_all_19539.1|2, F|NR_all_19539.1|2, G|NR_all_19539.1|2, H|NR_all_19539.1|2, I|NR_all_19539.1|2, J|NR_all_19539.1|2, K|NR_all_19539.1|2, L|NR_all_19539.1|2, M|NR_all_19539.1|1"
5HO4,"RNA3DB","B|NR_all_14212.1|1"
5HP2,"RNA3DB","B|NR_all_54107.1|2, C|NR_all_54107.1|2"
5HP3,"RNA3DB","B|NR_all_54107.1|2, C|NR_all_54107.1|2"
5HR6,"RNA3DB","C|NR_all_65615.1|1, D|NR_all_65615.1|1"
5HR7,"RNA3DB","C|NR_all_42502.1|1, D|NR_all_42502.1|1"
5HSW,"RNA3DB","B|NR_all_91999.1|1"
5I2D,"RNA3DB","K|NR_all_10372.1|1, V|NR_all_10372.1|1"
5I4A,"RNA3DB","B|NR_all_56203.1|1, D|NR_all_56203.1|1"
5I4L,"RNA3DB","1|NR_all_90506.74|2, 2|NR_all_03510.64|1, 3|NR_all_18586.69|1, 4|NR_all_90506.74|2, 5|NR_all_90506.74|2, 6|NR_all_03510.64|1, 7|NR_all_18586.69|1, 8|NR_all_90506.74|2"
5I8Q,"RNA3DB","C|NR_all_30037.1|1, F|NR_all_05054.1|1"
5I9D,"RNA3DB","B|NR_all_38769.1|1"
5I9F,"RNA3DB","F|NR_all_66760.1|1"
5I9G,"RNA3DB","A|NR_all_00518.1|1"
5I9H,"RNA3DB","B|NR_all_36938.1|1"
5IB7,"RNA3DB","13|NR_all_65795.80|1, 14|NR_all_97519.74|1, 16|NR_all_42622.74|1, 1G|NR_all_65795.80|1, 1H|NR_all_97519.74|1, 1J|NR_all_42622.74|1, 1K|NR_all_76703.9|1, 1L|NR_all_76703.9|1, 2K|NR_all_35542.140|1, 2L|NR_all_35542.140|1, 3K|NR_all_07733.2|1, 3L|NR_all_07733.2|1"
5IB8,"RNA3DB","13|NR_all_65795.80|1, 14|NR_all_97519.74|1, 16|NR_all_42622.74|1, 1G|NR_all_65795.80|1, 1H|NR_all_97519.74|1, 1J|NR_all_42622.74|1, 1K|NR_all_76703.9|1, 1L|NR_all_08854.1|1, 2K|NR_all_35542.140|1, 2L|NR_all_35542.140|1, 3K|NR_all_07733.2|1, 3L|NR_all_07733.2|1"
5IBB,"RNA3DB","13|NR_all_65795.80|1, 14|NR_all_97519.74|1, 16|NR_all_42622.74|1, 1G|NR_all_65795.80|1, 1H|NR_all_97519.74|1, 1J|NR_all_42622.74|1, 1K|NR_all_69813.13|1, 1L|NR_all_61479.1|1, 2K|NR_all_35542.140|1, 2L|NR_all_35542.140|1, 3K|NR_all_69813.13|1, 3L|NR_all_69813.13|1"
5ID6,"RNA3DB","G|NR_all_63335.1|1"
5IEM,"RNA Puzzles, RNA3DB","A|NR_all_20840.1|1"
5IMQ,"RNA3DB","4|NR_all_12494.1|1, 5|NR_all_04887.1|1, A|NR_all_65795.80|1, D|NR_all_97519.74|1, E|NR_all_42622.74|1"
5IMR,"RNA3DB","4|NR_all_12494.1|1, 5|NR_all_04887.1|1, A|NR_all_65795.80|1, D|NR_all_97519.74|1, E|NR_all_42622.74|1"
5IP2,"RNA3DB","D|NR_all_92489.3|1, E|NR_all_08048.1|1, F|NR_all_02935.1|1"
5IPL,"RNA3DB","3|NR_all_95963.4|1"
5IPM,"RNA3DB","3|NR_all_95963.4|1"
5IPN,"RNA3DB","3|NR_all_95963.4|1"
5IQR,"RNA3DB","1|NR_all_83717.145|1, 2|NR_all_56726.132|1, 3|NR_all_10157.143|1, 4|NR_all_19951.88|1, 5|NR_all_35542.140|1, 6|NR_all_19951.88|1"
5IT7,"RNA3DB","2|NR_all_45441.2|1, 7|NR_all_71748.2|1, 8|NR_all_19532.1|1"
5IT8,"RNA3DB","AA|NR_all_56726.132|1, BA|NR_all_56726.132|1, CA|NR_all_83717.145|1, CB|NR_all_10157.143|1, DA|NR_all_83717.145|1, DB|NR_all_10157.143|1"
5IT9,"RNA3DB","2|NR_all_45441.2|1, i|NR_all_96438.2|1"
5IWA,"RNA3DB","A|NR_all_65795.80|1"
5IY9,"RNA3DB","Z|NR_all_15997.1|1"
5IYD,"RNA3DB","Z|NR_all_15997.1|1"
5J01,"RNA3DB","A|NR_all_35054.6|1"
5J02,"RNA3DB","A|NR_all_35054.6|1"
5J0M,"RNA3DB","B|NR_all_33015.1|1"
5J1O,"RNA3DB","B|NR_all_89498.1|1"
5J2W,"RNA3DB","B|NR_all_50423.1|1"
5J30,"RNA3DB","QA|NR_all_65795.80|1, QV|NR_all_35542.140|1, RA|NR_all_97519.74|1, RB|NR_all_42622.74|1, XA|NR_all_65795.80|1, XV|NR_all_35542.140|1, YA|NR_all_97519.74|1, YB|NR_all_42622.74|1"
5J3C,"RNA3DB","QA|NR_all_65795.80|1, QV|NR_all_35542.140|1, RA|NR_all_97519.74|1, RB|NR_all_42622.74|1, XA|NR_all_65795.80|1, XV|NR_all_35542.140|1, YA|NR_all_97519.74|1, YB|NR_all_42622.74|1"
5J4B,"RNA3DB","1A|NR_all_97519.74|1, 1B|NR_all_42622.74|1, 1a|NR_all_65795.80|1, 1w|NR_all_19951.88|1, 1x|NR_all_35542.140|1, 1y|NR_all_19951.88|1, 2A|NR_all_97519.74|1, 2B|NR_all_42622.74|1, 2a|NR_all_65795.80|1, 2w|NR_all_19951.88|1, 2x|NR_all_35542.140|1, 2y|NR_all_19951.88|1"
5J4C,"RNA3DB","1A|NR_all_97519.74|1, 1B|NR_all_42622.74|1, 1a|NR_all_65795.80|1, 1w|NR_all_19951.88|1, 1x|NR_all_35542.140|1, 1y|NR_all_19951.88|1, 2A|NR_all_97519.74|1, 2B|NR_all_42622.74|1, 2a|NR_all_65795.80|1, 2w|NR_all_19951.88|1, 2x|NR_all_35542.140|1, 2y|NR_all_19951.88|1"
5J4D,"RNA3DB","B|NR_all_97519.74|1, C|NR_all_42622.74|1, D|NR_all_35542.140|1, GB|NR_all_97519.74|1, HB|NR_all_42622.74|1, IA|NR_all_35542.140|1, IB|NR_all_35542.140|1, NC|NR_all_35542.140|1"
5J5B,"RNA3DB","AA|NR_all_56726.132|1, BA|NR_all_56726.132|1, CA|NR_all_83717.145|1, CB|NR_all_10157.143|1, DA|NR_all_83717.145|1, DB|NR_all_10157.143|1"
5J7L,"RNA3DB","AA|NR_all_56726.132|1, BA|NR_all_56726.132|1, CA|NR_all_83717.145|1, CB|NR_all_10157.143|1, DA|NR_all_83717.145|1, DB|NR_all_10157.143|1"
5J88,"RNA3DB","AA|NR_all_56726.132|1, BA|NR_all_56726.132|1, CA|NR_all_83717.145|1, CB|NR_all_10157.143|1, DA|NR_all_83717.145|1, DB|NR_all_10157.143|1"
5J8A,"RNA3DB","AA|NR_all_56726.132|1, BA|NR_all_56726.132|1, CA|NR_all_83717.145|1, CB|NR_all_10157.143|1, DA|NR_all_83717.145|1, DB|NR_all_10157.143|1"
5J8B,"RNA3DB","A|NR_all_97519.74|1, B|NR_all_42622.74|1, a|NR_all_65795.80|1, w|NR_all_69379.1|1, x|NR_all_20721.10|1, y|NR_all_92004.1|1"
5J91,"RNA3DB","AA|NR_all_56726.132|1, BA|NR_all_56726.132|1, CA|NR_all_83717.145|1, CB|NR_all_10157.143|1, DA|NR_all_83717.145|1, DB|NR_all_10157.143|1"
5JAJ,"RNA3DB","X|NR_all_19209.1|2, Y|NR_all_19209.1|2"
5JB2,"RNA3DB","X|NR_all_19209.1|2, Y|NR_all_19209.1|2"
5JB3,"RNA3DB","2|NR_all_40313.5|1, 4|NR_all_35542.140|1"
5JBG,"RNA3DB","X|NR_all_53856.1|1"
5JBH,"RNA3DB","2|NR_all_40313.5|1, 4|NR_all_35542.140|1"
5JBJ,"RNA3DB","X|NR_all_60222.1|2, Y|NR_all_60222.1|2"
5JC3,"RNA3DB","C|NR_all_87852.1|2, D|NR_all_87852.1|2, X|NR_all_87852.1|2, Y|NR_all_87852.1|2"
5JC7,"RNA3DB","X|NR_all_52870.1|2, Y|NR_all_52870.1|2"
5JC9,"RNA3DB","AA|NR_all_56726.132|1, BA|NR_all_56726.132|1, CA|NR_all_83717.145|1, CB|NR_all_10157.143|1, DA|NR_all_83717.145|1, DB|NR_all_10157.143|1"
5JCF,"RNA3DB","C|NR_all_87852.1|2, D|NR_all_87852.1|2, X|NR_all_16377.1|2, Y|NR_all_16377.1|2"
5JCH,"RNA3DB","U|NR_all_87852.1|2, V|NR_all_87852.1|2, X|NR_all_87852.1|2, Y|NR_all_87852.1|2"
5JCS,"RNA3DB","x|NR_all_90506.74|1, y|NR_all_13071.5|1, z|NR_all_18586.69|1"
5JEA,"RNA3DB","R|NR_all_40777.1|1"
5JJI,"RNA3DB","G|NR_all_78605.1|1"
5JJK,"RNA3DB","G|NR_all_88451.1|1"
5JJL,"RNA3DB","G|NR_all_31449.1|1"
5JJU,"RNA3DB","C|NR_all_53003.3|1"
5JPQ,"RNA3DB","2|NR_all_26758.1|1, 3|NR_all_16704.1|1"
5JRC,"RNA3DB","E|NR_all_89476.1|1"
5JS1,"RNA3DB","B|NR_all_26975.1|1"
5JS2,"RNA3DB",""
5JTE,"RNA3DB","AA|NR_all_56726.132|1, AW|NR_all_76703.9|1, AX|NR_all_28277.1|1, AY|NR_all_83999.1|1, BA|NR_all_83717.145|1, BB|NR_all_10157.143|1"
5JU8,"RNA3DB","AA|NR_all_56726.132|1, AX|NR_all_28277.1|1, AY|NR_all_83999.1|1, BA|NR_all_83717.145|1, BB|NR_all_10157.143|1"
5JUO,"RNA3DB","A|NR_all_03510.64|1, B|NR_all_90506.74|2, C|NR_all_90506.74|2, D|NR_all_18586.69|1, EC|NR_all_04576.2|1"
5JUP,"RNA3DB","A|NR_all_03510.64|1, B|NR_all_90506.74|2, C|NR_all_90506.74|2, D|NR_all_18586.69|1, EC|NR_all_04576.2|1"
5JUS,"RNA3DB","A|NR_all_03510.64|1, B|NR_all_90506.74|2, C|NR_all_90506.74|2, D|NR_all_18586.69|1, EC|NR_all_04576.2|1"
5JUT,"RNA3DB","A|NR_all_03510.64|1, B|NR_all_90506.74|2, C|NR_all_90506.74|2, D|NR_all_18586.69|1, EC|NR_all_04576.2|1"
5JUU,"RNA3DB","A|NR_all_03510.64|1, B|NR_all_90506.74|2, C|NR_all_90506.74|2, D|NR_all_18586.69|1, EC|NR_all_04576.2|1"
5JVG,"RNA3DB","X|NR_all_88987.9|1, Y|NR_all_17405.9|1"
5JVH,"RNA3DB","X|NR_all_88987.9|1, Y|NR_all_17405.9|1"
5JXS,"RNA3DB","B|NR_all_55504.1|2, C|NR_all_55504.1|2"
5K0Y,"RNA3DB","A|NR_all_21280.33|1, N|NR_all_77343.4|1"
5K36,"RNA3DB","L|NR_all_70040.1|1, M|NR_all_38498.1|1"
5K77,"RNA3DB","V|NR_all_00967.1|1, W|NR_all_51078.1|1, X|NR_all_51078.1|1, Y|NR_all_51078.1|1, Z|NR_all_00967.1|1, v|NR_all_78372.5|1, w|NR_all_78372.5|1, x|NR_all_78372.5|1, y|NR_all_78372.5|1, z|NR_all_78372.5|1"
5K78,"RNA3DB","X|NR_all_28661.1|1, Y|NR_all_25155.1|1, x|NR_all_33619.1|1, y|NR_all_33619.1|1"
5K7C,"RNA Puzzles, RNA3DB","A|NR_all_08278.1|2, B|NR_all_08278.1|2"
5K7D,"2020 RNA, RNA3DB","A|NR_all_08278.1|2, B|NR_all_08278.1|2"
5K7E,"RNA3DB","A|NR_all_08278.1|2, B|NR_all_08278.1|2"
5K8H,"RNA3DB","A|NR_all_46370.1|1"
5KAL,"RNA3DB","Y|NR_all_21736.7|1, Z|NR_all_21736.7|1"
5KCR,"RNA3DB","1A|NR_all_83717.145|1, 1B|NR_all_10157.143|1, 1a|NR_all_56726.132|1, 1x|NR_all_73216.6|1"
5KCS,"RNA3DB","1A|NR_all_83717.145|1, 1B|NR_all_10157.143|1, 1a|NR_all_56726.132|1, 1x|NR_all_49241.1|1"
5KGV,"RNA3DB",""
5KH8,"RNA3DB","A|NR_all_36148.1|1"
5KI6,"RNA3DB","B|NR_all_70012.2|1"
5KI7,"RNA3DB",""
5KIB,"RNA3DB",""
5KIE,"RNA3DB",""
5KIF,"RNA3DB",""
5KIH,"RNA3DB",""
5KK5,"RNA3DB","B|NR_all_14866.1|1"
5KL1,"RNA3DB","C|NR_all_03624.1|1"
5KL8,"RNA3DB","C|NR_all_65457.1|1"
5KLA,"RNA3DB","B|NR_all_11837.1|1"
5KMZ,"RNA3DB","A|NR_all_71864.1|1"
5KPS,"RNA3DB","27|NR_all_56726.132|1, 28|NR_all_83717.145|1, 29|NR_all_10157.143|1, 31|NR_all_35542.140|1, 32|NR_all_35542.140|1"
5KPV,"RNA3DB","26|NR_all_56726.132|1, 27|NR_all_83717.145|1, 28|NR_all_10157.143|1, 30|NR_all_19951.88|1, 31|NR_all_35542.140|1, 32|NR_all_35542.140|1"
5KPW,"RNA3DB","26|NR_all_56726.132|1, 27|NR_all_83717.145|1, 28|NR_all_10157.143|1, 30|NR_all_19951.88|1, 31|NR_all_35542.140|1, 32|NR_all_35542.140|1"
5KPX,"RNA3DB","26|NR_all_56726.132|1, 27|NR_all_83717.145|1, 28|NR_all_10157.143|1, 30|NR_all_19951.88|1, 31|NR_all_35542.140|1, 32|NR_all_35542.140|1"
5KPY,"2020 RNA, RNA Puzzles, RNA3DB","A|NR_all_74174.1|1"
5KQE,"RNA3DB","A|NR_all_65000.1|1"
5KRG,"RNA3DB","A|NR_all_16232.4|2, B|NR_all_16232.4|2, C|NR_all_16232.4|2, D|NR_all_16232.4|2"
5KTJ,"RNA3DB","A|NR_all_97305.1|2, B|NR_all_97305.1|2, C|NR_all_97305.1|2, D|NR_all_97305.1|2"
5KVJ,"RNA3DB","A|NR_all_43598.1|2, B|NR_all_43598.1|2"
5KW1,"RNA3DB",""
5KX9,"RNA3DB","X|NR_all_18889.3|2, Y|NR_all_18889.3|2"
5L00,"RNA3DB","A|NR_all_16232.4|2, B|NR_all_16232.4|2, C|NR_all_16232.4|2, D|NR_all_16232.4|2"
5L1Z,"RNA3DB","N|NR_all_85979.1|1"
5L2L,"RNA3DB","C|NR_all_73988.1|1, D|NR_all_73988.1|1, G|NR_all_73988.1|1, H|NR_all_73988.1|1"
5L3P,"RNA3DB","A|NR_all_83717.145|1, B|NR_all_10157.143|1, a|NR_all_56726.132|1, x|NR_all_35542.140|1, y|NR_all_34846.1|1"
5L4O,"RNA3DB","A|NR_all_35542.140|1"
5LI0,"RNA3DB","A|NR_all_90633.23|1, B|NR_all_83891.22|1, a|NR_all_74023.13|1"
5LJ3,"RNA3DB","U|NR_all_38286.2|1, V|NR_all_01315.2|2, Z|NR_all_01315.2|2"
5LJ5,"RNA3DB","U|NR_all_38286.2|1, V|NR_all_01315.2|2, Z|NR_all_01315.2|2"
5LKS,"RNA3DB","L5|NR_all_65061.34|2, L7|NR_all_52752.30|1, L8|NR_all_65061.34|2, S2|NR_all_46995.44|1"
5LL6,"RNA3DB","2|NR_all_03510.64|1"
5LM7,"RNA3DB","G|NR_all_10362.1|1, R|NR_all_10362.1|1"
5LMN,"RNA3DB","A|NR_all_65795.80|1"
5LMO,"RNA3DB","A|NR_all_65795.80|1"
5LMP,"RNA3DB","A|NR_all_65795.80|1"
5LMQ,"RNA3DB","A|NR_all_65795.80|1, Z|NR_all_35542.140|1"
5LMR,"RNA3DB","A|NR_all_65795.80|1, Z|NR_all_20721.10|1"
5LMS,"RNA3DB","A|NR_all_65795.80|1, Z|NR_all_35542.140|1"
5LMT,"RNA3DB","A|NR_all_65795.80|1, Z|NR_all_20721.10|1"
5LMU,"RNA3DB","A|NR_all_65795.80|1, Z|NR_all_35542.140|1"
5LMV,"RNA3DB","A|NR_all_65795.80|1, Z|NR_all_35542.140|1"
5LQO,"RNA3DB","A|NR_all_30489.1|2, B|NR_all_30489.1|2"
5LQT,"RNA3DB","A|NR_all_49696.1|2, B|NR_all_49696.1|2"
5LQW,"RNA3DB","2|NR_all_94479.1|2, 5|NR_all_32006.1|1, 6|NR_all_94479.1|2"
5LR3,"RNA3DB","A|NR_all_72319.1|2, B|NR_all_72319.1|2"
5LR4,"RNA3DB","A|NR_all_86088.1|2, B|NR_all_86088.1|2, C|NR_all_86088.1|2, D|NR_all_86088.1|2"
5LR5,"RNA3DB","A|NR_all_96413.1|2, B|NR_all_96413.1|2, C|NR_all_96413.1|2, D|NR_all_96413.1|2"
5LSN,"RNA3DB","A|NR_all_92938.1|1"
5LTA,"RNA3DB","E|NR_all_08929.1|1"
5LWJ,"RNA3DB","A|NR_all_93087.1|1"
5LYB,"RNA3DB","1|NR_all_90506.74|2, 2|NR_all_03510.64|1, 3|NR_all_18586.69|1, 4|NR_all_90506.74|2, 5|NR_all_90506.74|2, 6|NR_all_03510.64|1, 7|NR_all_18586.69|1, 8|NR_all_90506.74|2"
5LYS,"2020 RNA, RNA Puzzles, RNA3DB","A|NR_all_33278.1|1, B|NR_all_33278.1|1"
5LYU,"RNA Puzzles, RNA3DB","A|NR_all_33278.1|1, B|NR_all_33278.1|1"
5LYV,"RNA Puzzles, RNA3DB","A|NR_all_33278.1|1, B|NR_all_33278.1|1"
5LZA,"RNA3DB","A|NR_all_83717.145|1, B|NR_all_10157.143|1, a|NR_all_56726.132|1, v|NR_all_35542.140|1"
5LZB,"RNA3DB","A|NR_all_83717.145|1, B|NR_all_10157.143|1, a|NR_all_56726.132|1, v|NR_all_35542.140|1, w|NR_all_60049.5|1, x|NR_all_83636.2|1, y|NR_all_76892.2|1"
5LZC,"RNA3DB","A|NR_all_83717.145|1, B|NR_all_10157.143|1, a|NR_all_56726.132|1, v|NR_all_35542.140|1, w|NR_all_60049.5|1, x|NR_all_83636.2|1, y|NR_all_76892.2|1"
5LZD,"RNA3DB","A|NR_all_83717.145|1, B|NR_all_10157.143|1, a|NR_all_56726.132|1, v|NR_all_35542.140|1, w|NR_all_60049.5|1, x|NR_all_97393.1|1, y|NR_all_76892.2|1"
5LZE,"RNA3DB","A|NR_all_83717.145|1, B|NR_all_10157.143|1, a|NR_all_56726.132|4, v|NR_all_56726.132|4, w|NR_all_60049.5|1, x|NR_all_56726.132|4, y|NR_all_56726.132|4"
5LZF,"RNA3DB","A|NR_all_83717.145|1, B|NR_all_10157.143|1, a|NR_all_56726.132|1, v|NR_all_35542.140|1, y|NR_all_18367.1|1"
5LZS,"RNA3DB","2|NR_all_68467.12|1, 3|NR_all_36843.3|1, 5|NR_all_06650.37|2, 7|NR_all_10255.37|1, 8|NR_all_06650.37|2, 9|NR_all_21280.33|1, ii|NR_all_34284.1|1"
5LZT,"RNA3DB","2|NR_all_68467.12|1, 3|NR_all_36843.3|1, 5|NR_all_06650.37|2, 7|NR_all_10255.37|1, 8|NR_all_06650.37|2, 9|NR_all_21280.33|1"
5LZU,"RNA3DB","2|NR_all_68467.12|1, 3|NR_all_36843.3|1, 5|NR_all_06650.37|2, 7|NR_all_10255.37|1, 8|NR_all_06650.37|2, 9|NR_all_21280.33|1"
5LZV,"RNA3DB","2|NR_all_68467.12|1, 3|NR_all_36843.3|1, 5|NR_all_06650.37|2, 7|NR_all_10255.37|1, 8|NR_all_06650.37|2, 9|NR_all_21280.33|1"
5LZW,"RNA3DB","2|NR_all_68467.12|1, 3|NR_all_36843.3|1, 5|NR_all_06650.37|2, 7|NR_all_10255.37|1, 8|NR_all_06650.37|2, 9|NR_all_21280.33|1"
5LZX,"RNA3DB","2|NR_all_68467.12|1, 3|NR_all_36843.3|1, 5|NR_all_06650.37|2, 7|NR_all_10255.37|1, 8|NR_all_06650.37|2, 9|NR_all_21280.33|1"
5LZY,"RNA3DB","2|NR_all_36843.3|1, 3|NR_all_36843.3|1, 5|NR_all_06650.37|2, 7|NR_all_10255.37|1, 8|NR_all_06650.37|2, 9|NR_all_21280.33|1, hh|NR_all_41668.2|1"
5LZZ,"RNA3DB","2|NR_all_68467.12|1, 3|NR_all_36843.3|1, 5|NR_all_06650.37|2, 7|NR_all_10255.37|1, 8|NR_all_06650.37|2, 9|NR_all_21280.33|1"
5M0H,"2020 RNA, RNA3DB","A|NR_all_66328.1|1"
5M0I,"RNA3DB","E|NR_all_90603.1|1, F|NR_all_86202.1|1"
5M0J,"RNA3DB","E|NR_all_57646.1|1, F|NR_all_78625.1|1"
5M1J,"RNA3DB","14|NR_all_90506.74|2, 22|NR_all_03510.64|1, 34|NR_all_18586.69|1, 44|NR_all_90506.74|2, A3|NR_all_83593.5|1"
5M3F,"RNA3DB","R|NR_all_37091.1|1"
5M3H,"RNA3DB","R|NR_all_19377.2|2, V|NR_all_19377.2|2"
5M3J,"RNA3DB","R|NR_all_21055.1|2, V|NR_all_21055.1|2"
5M5X,"RNA3DB","R|NR_all_37091.1|1"
5M5Y,"RNA3DB","R|NR_all_32983.1|1"
5M64,"RNA3DB","R|NR_all_32983.1|1"
5M73,"RNA3DB","A|NR_all_37229.3|1, E|NR_all_37229.3|1"
5M8I,"RNA3DB","B|NR_all_22030.1|1"
5MC6,"RNA3DB","2|NR_all_03510.64|1, BQ|NR_all_90506.74|2, BR|NR_all_18586.69|1, BS|NR_all_90506.74|2, m|NR_all_45609.6|1, n|NR_all_32990.2|1"
5MDV,"RNA3DB","1|NR_all_83717.145|1, 2|NR_all_56726.132|1, 3|NR_all_10157.143|1, 5|NR_all_35542.140|1"
5MDW,"RNA3DB","1|NR_all_83717.145|1, 2|NR_all_56726.132|1, 3|NR_all_10157.143|1, 5|NR_all_35542.140|1"
5MDY,"RNA3DB","1|NR_all_83717.145|1, 2|NR_all_56726.132|1, 3|NR_all_10157.143|1, 5|NR_all_35542.140|1"
5MDZ,"RNA3DB","1|NR_all_83717.145|1, 2|NR_all_56726.132|1, 3|NR_all_10157.143|1, 5|NR_all_35542.140|1"
5ME0,"RNA3DB","A|NR_all_56726.132|1, X|NR_all_35542.140|1"
5ME1,"RNA3DB","A|NR_all_56726.132|1, X|NR_all_35542.140|1"
5MEI,"RNA3DB","1|NR_all_90506.74|2, 3|NR_all_18586.69|1, 4|NR_all_90506.74|2, 6|NR_all_03510.64|1, AR|NR_all_90506.74|2, AS|NR_all_18586.69|1, AT|NR_all_90506.74|2, A|NR_all_03510.64|1"
5MFX,"RNA3DB","B|NR_all_38180.1|1"
5MGA,"RNA3DB","B|NR_all_36746.1|1"
5MGP,"RNA3DB","A|NR_all_83717.145|1, B|NR_all_10157.143|1, a|NR_all_56726.132|1, x|NR_all_56101.4|1"
5MJV,"RNA3DB","D|NR_all_71483.1|1"
5ML7,"RNA3DB","A|NR_all_52614.1|1, B|NR_all_52614.1|1"
5MLC,"RNA3DB","A|NR_all_20305.5|1, B|NR_all_50314.5|1, C|NR_all_05530.5|1"
5MMI,"RNA3DB","A|NR_all_20305.5|1, B|NR_all_50314.5|1, W|NR_all_05530.5|1, z|NR_all_60206.1|1"
5MMJ,"RNA3DB","a|NR_all_96354.4|1"
5MMM,"RNA3DB","A|NR_all_20305.5|1, B|NR_all_50314.5|1, W|NR_all_05530.5|1, a|NR_all_96354.4|1, z|NR_all_12290.1|1"
5MPG,"RNA3DB","B|NR_all_85298.1|1"
5MPL,"RNA3DB","B|NR_all_23931.1|1"
5MPS,"RNA3DB","5|NR_all_38286.2|1, 6|NR_all_08356.2|1"
5MQ0,"RNA3DB","2|NR_all_10510.1|2, 3|NR_all_24680.1|1, 5|NR_all_38286.2|1, 6|NR_all_10510.1|2"
5MQF,"RNA3DB","2|NR_all_73426.10|2, 5|NR_all_73286.27|1, 6|NR_all_73426.10|2"
5MRC,"RNA3DB","A|NR_all_08470.1|1, aa|NR_all_67193.4|1, bb|NR_all_25652.1|1"
5MRE,"RNA3DB","A|NR_all_08470.1|1, aa|NR_all_67193.4|1, bb|NR_all_25652.1|1"
5MRF,"RNA3DB","A|NR_all_08470.1|1, aa|NR_all_67193.4|1, bb|NR_all_25652.1|1"
5MRX,"RNA3DB","A|NR_all_94729.10|1"
5MS0,"RNA3DB","H|NR_all_14347.1|1, R|NR_all_03275.1|1"
5MSF,"RNA3DB","R|NR_all_72335.1|1, S|NR_all_72335.1|1"
5MSG,"RNA3DB","M|NR_all_66736.1|1, R|NR_all_21055.1|2, V|NR_all_21055.1|2"
5MWI,"RNA3DB","A|NR_all_21041.1|1"
5MY1,"RNA3DB","A|NR_all_56726.132|1"
5MYJ,"RNA3DB","AA|NR_all_88887.1|1, BA|NR_all_59982.1|1, BB|NR_all_79308.1|1"
5N5C,"RNA3DB","A|NR_all_59396.1|1"
5N61,"RNA3DB","S|NR_all_17501.1|1"
5N8L,"RNA3DB","B|NR_all_25711.1|2, C|NR_all_25711.1|2"
5N8M,"RNA3DB","B|NR_all_25711.1|2, C|NR_all_25711.1|2"
5N94,"RNA3DB","C|NR_all_57114.1|1, D|NR_all_57114.1|1"
5N9G,"RNA3DB",""
5NCO,"RNA3DB","1|NR_all_51660.3|1, A|NR_all_83717.145|1, B|NR_all_10157.143|1"
5ND8,"RNA3DB","A|NR_all_90633.23|1, B|NR_all_83891.22|1, a|NR_all_74023.13|1"
5ND9,"RNA3DB","A|NR_all_90633.23|1, B|NR_all_83891.22|1, a|NR_all_74023.13|1"
5NDG,"RNA3DB","1|NR_all_90506.74|2, 2|NR_all_03510.64|1, 3|NR_all_18586.69|1, 4|NR_all_90506.74|2, 5|NR_all_90506.74|2, 6|NR_all_03510.64|1, 7|NR_all_18586.69|1, 8|NR_all_90506.74|2"
5NDH,"RNA3DB","A|NR_all_77294.1|1, B|NR_all_77294.1|1, C|NR_all_77294.1|1, D|NR_all_77294.1|1"
5NDI,"RNA3DB","A|NR_all_66896.1|1, B|NR_all_66896.1|1, C|NR_all_66896.1|1, D|NR_all_66896.1|1"
5NDJ,"RNA3DB","13|NR_all_65795.80|1, 14|NR_all_97519.74|1, 16|NR_all_42622.74|1, 1G|NR_all_65795.80|1, 1H|NR_all_97519.74|1, 1J|NR_all_42622.74|1, V1|NR_all_19951.88|1, V4|NR_all_19951.88|1, W1|NR_all_19951.88|1, W4|NR_all_19951.88|1, X1|NR_all_19951.88|1, X4|NR_all_19951.88|1"
5NDK,"RNA3DB","13|NR_all_65795.80|1, 14|NR_all_97519.74|1, 16|NR_all_42622.74|1, 1G|NR_all_65795.80|1, 1H|NR_all_97519.74|1, 1J|NR_all_42622.74|1, V1|NR_all_19951.88|1, V4|NR_all_19951.88|1, W1|NR_all_19951.88|1, W4|NR_all_19951.88|1, X1|NR_all_19951.88|1, X4|NR_all_19951.88|1"
5NDV,"RNA3DB","1|NR_all_90506.74|2, 2|NR_all_03510.64|1, 3|NR_all_18586.69|1, 4|NR_all_90506.74|2, 5|NR_all_90506.74|2, 6|NR_all_03510.64|1, 7|NR_all_18586.69|1, 8|NR_all_90506.74|2"
5NDW,"RNA3DB","1|NR_all_90506.74|2, 2|NR_all_03510.64|1, 3|NR_all_18586.69|1, 4|NR_all_90506.74|2, 5|NR_all_90506.74|2, 6|NR_all_03510.64|1, 7|NR_all_18586.69|1, 8|NR_all_90506.74|2"
5NEF,"RNA3DB","A|NR_all_91124.3|1"
5NEO,"RNA3DB","A|NR_all_91124.3|1"
5NEP,"RNA3DB","A|NR_all_91124.3|1"
5NEQ,"RNA3DB","A|NR_all_91124.3|1"
5NEW,"RNA3DB","C|NR_all_21736.7|1, H|NR_all_56199.1|1"
5NEX,"RNA3DB","A|NR_all_91124.3|1"
5NFV,"RNA3DB","B|NR_all_88747.1|1"
5NG6,"RNA3DB","B|NR_all_88747.1|1, D|NR_all_88747.1|1, F|NR_all_88747.1|1, H|NR_all_88747.1|1"
5NGM,"RNA3DB","AA|NR_all_90633.23|1, AB|NR_all_83891.22|1, Aa|NR_all_74023.13|1"
5NJT,"RNA3DB","A|NR_all_94066.10|1, U|NR_all_41610.20|1, V|NR_all_97435.16|1"
5NO2,"RNA3DB","A|NR_all_56726.132|1"
5NO3,"RNA3DB","A|NR_all_56726.132|1"
5NO4,"RNA3DB","A|NR_all_56726.132|1"
5NOM,"RNA3DB","A|NR_all_91124.3|1"
5NP6,"RNA3DB","B|NR_all_56633.6|1, D|NR_all_56726.132|1, Y|NR_all_83717.145|1, Z|NR_all_10157.143|1"
5NPM,"RNA3DB","B|NR_all_73731.2|1"
5NQI,"RNA3DB","A|NR_all_94729.10|1"
5NRG,"RNA3DB","X|NR_all_90633.23|1, Y|NR_all_83891.22|1"
5NRL,"RNA3DB","2|NR_all_55865.1|3, 4|NR_all_55865.1|3, 5|NR_all_06389.1|1, 6|NR_all_55865.1|3"
5NS3,"RNA3DB","C|NR_all_09715.1|1, D|NR_all_09715.1|1"
5NS4,"RNA3DB","C|NR_all_09715.1|1, D|NR_all_09715.1|1"
5NWQ,"2020 RNA, RNA Puzzles, RNA3DB","A|NR_all_01073.1|1, B|NR_all_01073.1|1"
5NWY,"RNA3DB","0|NR_all_56726.132|1, M|NR_all_31819.5|1, N|NR_all_83717.145|1, O|NR_all_10157.143|1"
5NXT,"RNA3DB","U|NR_all_53005.1|1"
5NY8,"RNA3DB","A|NR_all_01073.1|1, B|NR_all_01073.1|1"
5NZ3,"RNA3DB","A|NR_all_01073.1|1, B|NR_all_01073.1|1"
5NZ6,"RNA Puzzles, RNA3DB","A|NR_all_01073.1|1"
5NZD,"RNA3DB","A|NR_all_01073.1|1, B|NR_all_01073.1|1"
5O1Y,"RNA3DB","B|NR_all_11028.1|1"
5O1Z,"RNA3DB","B|NR_all_20497.1|1"
5O20,"RNA3DB","B|NR_all_78007.1|1"
5O2R,"RNA3DB","A|NR_all_83717.145|1, B|NR_all_10157.143|1, a|NR_all_56726.132|1, x|NR_all_49241.1|1"
5O3J,"RNA3DB","B|NR_all_58433.1|1"
5O58,"RNA3DB","B|NR_all_81965.2|1"
5O5J,"RNA3DB","A|NR_all_97539.6|1, W|NR_all_83196.1|1"
5O60,"RNA3DB","A|NR_all_76090.9|1, B|NR_all_89181.3|1"
5O61,"RNA3DB","A|NR_all_76090.9|1, BA|NR_all_97539.6|1, BW|NR_all_44672.1|1, B|NR_all_89181.3|1"
5O62,"RNA3DB","A|NR_all_01073.1|1, B|NR_all_01073.1|1"
5O69,"RNA3DB","A|NR_all_01073.1|1, B|NR_all_01073.1|1"
5O6U,"RNA3DB","A|NR_all_23975.1|1"
5O7H,"RNA3DB","A|NR_all_23975.1|1"
5O9Z,"RNA3DB","2|NR_all_18569.1|3, 4|NR_all_18569.1|3, 5|NR_all_73286.27|1, 6|NR_all_18569.1|3"
5OA3,"RNA3DB","1|NR_all_81815.1|1, 2|NR_all_46995.44|1, 3|NR_all_54508.1|1"
5OB3,"2020 RNA, RNA3DB","A|NR_all_57264.1|1"
5OBM,"RNA3DB","1|NR_all_90506.74|2, 2|NR_all_03510.64|1, 3|NR_all_18586.69|1, 4|NR_all_90506.74|2, 5|NR_all_90506.74|2, 6|NR_all_03510.64|1, 7|NR_all_18586.69|1, 8|NR_all_90506.74|2"
5OC6,"RNA3DB","B|NR_all_44326.1|2, C|NR_all_44326.1|2"
5ODV,"RNA3DB","a|NR_all_43562.1|1, b|NR_all_43562.1|1, c|NR_all_43562.1|1, d|NR_all_43562.1|1, e|NR_all_43562.1|1, f|NR_all_43562.1|1, g|NR_all_43562.1|1, h|NR_all_43562.1|1, i|NR_all_43562.1|1, j|NR_all_43562.1|1, k|NR_all_43562.1|1, l|NR_all_43562.1|1, m|NR_all_43562.1|1, n|NR_all_43562.1|1, o|NR_all_43562.1|1, p|NR_all_43562.1|1, q|NR_all_43562.1|1, r|NR_all_43562.1|1, s|NR_all_43562.1|1, t|NR_all_43562.1|1, u|NR_all_43562.1|1, v|NR_all_43562.1|1, w|NR_all_43562.1|1, x|NR_all_43562.1|1"
5OIK,"RNA3DB","P|NR_all_53912.1|1"
5OLA,"RNA3DB","H|NR_all_61301.1|1, R|NR_all_61301.1|1"
5OMW,"RNA3DB","B|NR_all_11709.2|1, E|NR_all_11709.2|1"
5ON2,"RNA3DB","B|NR_all_11709.2|1, E|NR_all_11709.2|1"
5ON3,"RNA3DB","B|NR_all_11709.2|1, E|NR_all_11709.2|1"
5ON6,"RNA3DB","1|NR_all_90506.74|2, 3|NR_all_18586.69|1, 4|NR_all_90506.74|2, 6|NR_all_03510.64|1, AR|NR_all_90506.74|2, AS|NR_all_18586.69|1, AT|NR_all_90506.74|2, A|NR_all_03510.64|1"
5ONH,"RNA3DB","B|NR_all_11709.2|1, E|NR_all_11709.2|1"
5OOL,"RNA3DB","A|NR_all_12763.29|1, B|NR_all_73428.23|1"
5OOM,"RNA3DB","A|NR_all_12763.29|1, B|NR_all_73428.23|1"
5OPT,"RNA3DB","E|NR_all_49738.1|1"
5OQL,"RNA3DB","1|NR_all_59155.1|2, 2|NR_all_59155.1|2"
5OR0,"RNA3DB","A|NR_all_01039.2|2, B|NR_all_01039.2|2"
5OSG,"RNA3DB","2|NR_all_12772.1|1"
5OT2,"RNA3DB","P|NR_all_98642.1|1"
5OT7,"RNA3DB","1|NR_all_65795.80|1, 2|NR_all_19951.88|1, 3|NR_all_60942.1|1, 4|NR_all_97519.74|1, 5|NR_all_42622.74|1"
5SUP,"RNA3DB","D|NR_all_76779.1|1, E|NR_all_76779.1|1, F|NR_all_76779.1|1"
5SWD,"RNA3DB","A|NR_all_56345.1|1, B|NR_all_56345.1|1"
5SWE,"RNA3DB","X|NR_all_94683.1|1"
5SWM,"RNA3DB",""
5SZE,"RNA3DB","C|NR_all_74924.26|1"
5T16,"RNA3DB","G|NR_all_42653.1|1, H|NR_all_42653.1|1, O|NR_all_42653.1|1, P|NR_all_42653.1|1"
5T2A,"RNA3DB","2|NR_all_12772.1|1, A|NR_all_51168.1|2, B|NR_all_45128.1|1, C|NR_all_51168.1|2, D|NR_all_24244.1|1, E|NR_all_99100.1|1, F|NR_all_15150.1|1, G|NR_all_24549.1|1, H|NR_all_82286.1|1"
5T2C,"RNA3DB","AA|NR_all_46995.44|1, An|NR_all_83098.3|1, A|NR_all_65061.34|2, B|NR_all_52752.30|1, C|NR_all_65061.34|2"
5T3K,"RNA3DB","A|NR_all_83745.1|2, B|NR_all_83745.1|2, C|NR_all_83745.1|2, D|NR_all_83745.1|2"
5T5A,"2020 RNA, RNA Puzzles, RNA3DB","A|NR_all_48748.1|1"
5T5H,"RNA3DB","A|NR_all_25467.1|2, B|NR_all_97060.1|1, C|NR_all_25467.1|2, D|NR_all_54575.1|1, E|NR_all_26892.1|1, G|NR_all_90150.1|1, H|NR_all_79575.1|1"
5T62,"RNA3DB","A|NR_all_90506.74|2, B|NR_all_18586.69|1, C|NR_all_90506.74|2"
5T6R,"RNA3DB","A|NR_all_90506.74|2, B|NR_all_18586.69|1, C|NR_all_90506.74|2"
5T7B,"RNA3DB","R|NR_all_30259.1|1"
5T7V,"RNA3DB","A|NR_all_74023.13|1, B|NR_all_90633.23|1, C|NR_all_83891.22|1, D|NR_all_98299.1|1"
5T83,"2020 RNA, RNA3DB","A|NR_all_91539.1|1"
5T8Y,"RNA3DB","X|NR_all_25771.1|1"
5TBW,"RNA3DB","1|NR_all_90506.74|2, 3|NR_all_18586.69|1, 4|NR_all_90506.74|2, AR|NR_all_90506.74|2, AS|NR_all_18586.69|1, AT|NR_all_90506.74|2, A|NR_all_03510.64|1, sR|NR_all_03510.64|1"
5TC1,"RNA3DB","R|NR_all_14458.1|1"
5TCU,"RNA3DB","A|NR_all_74023.13|1, B|NR_all_90633.23|1, C|NR_all_83891.22|1, D|NR_all_74018.1|1, E|NR_all_74018.1|1"
5TDJ,"RNA3DB","A|NR_all_71188.3|1, B|NR_all_71188.3|1"
5TDK,"RNA3DB","A|NR_all_71188.3|2, B|NR_all_71188.3|2"
5TF6,"RNA3DB","B|NR_all_60469.1|1, D|NR_all_60469.1|1"
5TGA,"RNA3DB","1|NR_all_90506.74|2, 2|NR_all_03510.64|1, 3|NR_all_18586.69|1, 4|NR_all_90506.74|2, 5|NR_all_90506.74|2, 6|NR_all_03510.64|1, 7|NR_all_18586.69|1, 8|NR_all_90506.74|2"
5TGG,"RNA3DB",""
5TGM,"RNA3DB","1|NR_all_90506.74|2, 2|NR_all_03510.64|1, 3|NR_all_18586.69|1, 4|NR_all_90506.74|2, 5|NR_all_90506.74|2, 6|NR_all_03510.64|1, 7|NR_all_18586.69|1, 8|NR_all_90506.74|2"
5TGP,"RNA3DB",""
5THE,"RNA3DB","B|NR_all_34681.1|1, D|NR_all_34681.1|1, F|NR_all_34681.1|1, H|NR_all_34681.1|1"
5TKO,"RNA3DB","A|NR_all_98138.1|2, B|NR_all_98138.1|2, C|NR_all_98138.1|2, D|NR_all_98138.1|2"
5TPY,"RNA Puzzles, RNA3DB","A|NR_all_01439.1|1"
5TSN,"RNA3DB","P|NR_all_34246.1|2, T|NR_all_34246.1|2"
5TWS,"RNA3DB",""
5TZS,"RNA3DB","1|NR_all_03510.64|1, 2|NR_all_75087.1|1"
5U07,"RNA3DB","K|NR_all_38581.2|1"
5U0A,"RNA3DB","K|NR_all_38581.2|1"
5U0Q,"RNA3DB","A|NR_all_33332.1|2, B|NR_all_33332.1|2, C|NR_all_33332.1|2, D|NR_all_33332.1|2"
5U30,"RNA3DB","B|NR_all_50424.1|1"
5U31,"RNA3DB","B|NR_all_50424.1|1"
5U33,"RNA3DB","B|NR_all_50424.1|1"
5U34,"RNA3DB","B|NR_all_50424.1|1"
5U3G,"2020 RNA, RNA3DB","B|NR_all_04754.1|1"
5U4I,"RNA3DB","A|NR_all_83717.145|1, B|NR_all_10157.143|1, a|NR_all_56726.132|1, x|NR_all_35542.140|1, y|NR_all_35542.140|1"
5U4J,"RNA3DB","A|NR_all_83717.145|1, a|NR_all_56726.132|1, x|NR_all_35542.140|2, z|NR_all_35542.140|2"
5U9B,"RNA3DB","B|NR_all_77106.1|1"
5U9F,"RNA3DB","01|NR_all_83717.145|1, 02|NR_all_10157.143|1, A|NR_all_56726.132|1, W|NR_all_35542.140|1, X|NR_all_35542.140|1"
5U9G,"RNA3DB","01|NR_all_83717.145|1, 02|NR_all_10157.143|1, A|NR_all_56726.132|1, W|NR_all_35542.140|1, X|NR_all_35542.140|1"
5UD5,"RNA3DB","C|NR_all_93427.2|1, D|NR_all_93427.2|1"
5UDI,"RNA3DB","B|NR_all_88047.3|1"
5UDJ,"RNA3DB","B|NR_all_88047.3|1"
5UDK,"RNA3DB","B|NR_all_88047.3|1"
5UDL,"RNA3DB","B|NR_all_88047.3|1"
5UDZ,"RNA3DB","V|NR_all_93599.1|1, W|NR_all_93599.1|1"
5UED,"RNA3DB","A|NR_all_01949.5|2, B|NR_all_01949.5|2"
5UEE,"RNA3DB","A|NR_all_01949.5|2, B|NR_all_01949.5|2"
5UEF,"RNA3DB","A|NR_all_01949.5|2, B|NR_all_01949.5|2, C|NR_all_98428.4|1, D|NR_all_98428.4|1"
5UEG,"RNA3DB","A|NR_all_01949.5|2, B|NR_all_01949.5|2, C|NR_all_01949.5|2, D|NR_all_01949.5|2"
5UF3,"RNA3DB","A|NR_all_77764.1|1"
5UH5,"RNA3DB","I|NR_all_16019.1|1"
5UH6,"RNA3DB","I|NR_all_04288.4|1"
5UH8,"RNA3DB","I|NR_all_88394.1|1"
5UH9,"RNA3DB","I|NR_all_04288.4|1"
5UHC,"RNA3DB","I|NR_all_18284.1|1"
5UJ2,"RNA3DB","P|NR_all_41858.1|2, T|NR_all_41858.1|2"
5UK4,"RNA3DB","u|NR_all_38259.2|1, v|NR_all_38259.2|1, w|NR_all_38259.2|1, x|NR_all_38259.2|1"
5UKB,"RNA3DB","R|NR_all_10203.2|1"
5UMD,"RNA3DB","A|NR_all_95755.3|2, B|NR_all_17605.3|1, C|NR_all_95755.3|2"
5UNE,"RNA3DB","A|NR_all_68259.1|2, B|NR_all_68259.1|2"
5UQ7,"RNA3DB","A|NR_all_97519.74|1, B|NR_all_42622.74|1, a|NR_all_65795.80|2, x|NR_all_65795.80|2, y|NR_all_35542.140|1, z|NR_all_19951.88|1"
5UQ8,"RNA3DB","A|NR_all_97519.74|1, B|NR_all_42622.74|1, a|NR_all_65795.80|2, x|NR_all_65795.80|2, y|NR_all_35542.140|1, z|NR_all_19951.88|1"
5US2,"RNA3DB","B|NR_all_09880.4|1"
5USA,"RNA3DB","B|NR_all_09880.4|1"
5USB,"RNA3DB",""
5USE,"RNA3DB","B|NR_all_09880.4|1"
5USG,"RNA3DB","B|NR_all_09880.4|1"
5USN,"RNA3DB",""
5USO,"RNA3DB",""
5UX0,"RNA3DB","B|NR_all_42417.1|1, E|NR_all_42417.1|1"
5UX3,"RNA3DB","A|NR_all_38698.1|2, B|NR_all_38698.1|2"
5UYK,"RNA3DB","01|NR_all_83717.145|1, 02|NR_all_10157.143|1, A|NR_all_56726.132|1, W|NR_all_35542.140|1, X|NR_all_35542.140|1, Y|NR_all_19951.88|1"
5UYL,"RNA3DB","01|NR_all_83717.145|1, 02|NR_all_10157.143|1, A|NR_all_56726.132|1, W|NR_all_35542.140|1, X|NR_all_35542.140|1, Y|NR_all_19951.88|1"
5UYM,"RNA3DB","01|NR_all_83717.145|1, 02|NR_all_10157.143|1, A|NR_all_56726.132|1, W|NR_all_35542.140|1, X|NR_all_35542.140|1, Y|NR_all_19951.88|1"
5UYN,"RNA3DB","01|NR_all_83717.145|1, 02|NR_all_10157.143|1, A|NR_all_56726.132|1, W|NR_all_35542.140|1, X|NR_all_35542.140|1, Y|NR_all_76703.9|1"
5UYP,"RNA3DB","01|NR_all_83717.145|1, 02|NR_all_10157.143|1, A|NR_all_56726.132|1, W|NR_all_35542.140|1, X|NR_all_35542.140|1, Y|NR_all_76703.9|1"
5UYQ,"RNA3DB","01|NR_all_83717.145|1, 02|NR_all_10157.143|1, A|NR_all_56726.132|1, W|NR_all_35542.140|1, X|NR_all_35542.140|1, Y|NR_all_76703.9|1"
5UZ4,"RNA3DB","A|NR_all_56726.132|1"
5UZ6,"RNA3DB","A|NR_all_38698.1|2, B|NR_all_38698.1|2, C|NR_all_38698.1|2, D|NR_all_38698.1|2, E|NR_all_38698.1|2, F|NR_all_38698.1|2"
5UZ9,"RNA3DB","M|NR_all_94467.7|1"
5UZA,"RNA3DB","X|NR_all_94683.1|1"
5UZT,"RNA3DB","A|NR_all_43617.1|1"
5UZZ,"RNA3DB","A|NR_all_47899.1|1"
5V0H,"RNA3DB","A|NR_all_16232.4|2, B|NR_all_16232.4|2"
5V0J,"RNA3DB","A|NR_all_49339.2|2, B|NR_all_49339.2|2"
5V0K,"RNA3DB","A|NR_all_23118.1|1"
5V0O,"RNA3DB","A|NR_all_38698.1|2, B|NR_all_38698.1|2"
5V16,"RNA3DB","A|NR_all_40870.1|1"
5V17,"RNA3DB","A|NR_all_71100.1|1"
5V1K,"RNA3DB","A|NR_all_30079.1|2, B|NR_all_30079.1|2"
5V1L,"RNA3DB",""
5V2H,"RNA3DB",""
5V2R,"RNA3DB","A|NR_all_82429.1|2, B|NR_all_82429.1|2"
5V3F,"RNA3DB","A|NR_all_93701.1|1, B|NR_all_93701.1|1"
5V3I,"RNA3DB","A|NR_all_33922.2|1"
5V6X,"RNA3DB","C|NR_all_93427.2|1, D|NR_all_93427.2|1"
5V7C,"RNA3DB","C|NR_all_74928.1|1"
5V7Q,"RNA3DB","A|NR_all_35677.3|1, B|NR_all_54145.1|1"
5V8I,"RNA3DB","1A|NR_all_97519.74|1, 1B|NR_all_42622.74|1, 1a|NR_all_65795.80|1, 2A|NR_all_97519.74|1, 2B|NR_all_42622.74|1, 2a|NR_all_65795.80|1"
5V93,"RNA3DB","A|NR_all_35677.3|1, B|NR_all_54145.1|1, a|NR_all_32787.1|1"
5V9Z,"RNA3DB","A|NR_all_38698.1|2, B|NR_all_38698.1|2"
5VAJ,"RNA3DB","C|NR_all_20857.1|1"
5VCF,"RNA3DB","A|NR_all_95948.1|2, B|NR_all_95948.1|2"
5VCI,"RNA3DB","A|NR_all_95948.1|2, B|NR_all_95948.1|2"
5VGW,"RNA3DB","A|NR_all_95948.1|2, B|NR_all_95948.1|2"
5VH7,"RNA3DB","A|NR_all_78890.1|2, B|NR_all_78890.1|2"
5VH8,"RNA3DB","A|NR_all_44402.1|2, B|NR_all_44402.1|2"
5VI5,"RNA3DB","Q|NR_all_90795.7|1"
5VJ9,"RNA3DB","A|NR_all_27657.1|1, B|NR_all_27657.1|1, C|NR_all_27657.1|1, D|NR_all_27657.1|1"
5VJB,"RNA3DB","A|NR_all_27657.1|1, B|NR_all_27657.1|1, C|NR_all_27657.1|1, D|NR_all_27657.1|1"
5VM9,"RNA3DB","B|NR_all_71246.1|1, D|NR_all_32430.1|1"
5VO8,"RNA3DB","I|NR_all_57614.1|1"
5VOE,"RNA3DB","A|NR_all_73803.1|1"
5VOF,"RNA3DB","A|NR_all_73803.1|1"
5VP2,"RNA3DB","1A|NR_all_97519.74|1, 1B|NR_all_42622.74|1, 1a|NR_all_65795.80|1, 1w|NR_all_19951.88|1, 1x|NR_all_35542.140|1, 1y|NR_all_19951.88|1, 2A|NR_all_97519.74|1, 2B|NR_all_42622.74|1, 2a|NR_all_65795.80|1, 2w|NR_all_19951.88|1, 2x|NR_all_35542.140|1, 2y|NR_all_19951.88|1"
5VPO,"RNA3DB","QA|NR_all_65795.80|1, QV|NR_all_45251.1|1, RA|NR_all_97519.74|1, RB|NR_all_42622.74|1, XA|NR_all_65795.80|1, XV|NR_all_45251.1|1, YA|NR_all_97519.74|1, YB|NR_all_42622.74|1"
5VPP,"RNA3DB","QA|NR_all_65795.80|1, QV|NR_all_75816.1|1, RA|NR_all_97519.74|1, RB|NR_all_42622.74|1, XA|NR_all_65795.80|1, XV|NR_all_75816.1|1, YA|NR_all_97519.74|1, YB|NR_all_42622.74|1"
5VR4,"RNA3DB","A|NR_all_87665.1|2, B|NR_all_87665.1|2, C|NR_all_87665.1|2, D|NR_all_87665.1|2"
5VSU,"RNA3DB","I|NR_all_72237.1|1"
5VT0,"RNA3DB","R|NR_all_05181.1|1"
5VVR,"RNA3DB","R|NR_all_34359.12|1"
5VVS,"RNA3DB","R|NR_all_34359.12|1"
5VW1,"RNA3DB","C|NR_all_43299.1|1"
5VXQ,"RNA3DB","A|NR_all_09810.1|1, B|NR_all_09810.1|1"
5VYC,"RNA3DB","i1|NR_all_46995.44|1, i2|NR_all_46995.44|1, i3|NR_all_46995.44|1, i4|NR_all_46995.44|1, i5|NR_all_46995.44|1, i6|NR_all_46995.44|1"
5VZ8,"RNA3DB",""
5VZB,"RNA3DB",""
5VZE,"RNA3DB",""
5VZH,"RNA3DB",""
5VZJ,"RNA3DB","M|NR_all_64827.1|1, N|NR_all_02729.1|1"
5VZL,"RNA3DB","B|NR_all_15683.2|1"
5W0M,"RNA3DB","H|NR_all_84318.1|1, I|NR_all_84318.1|1, J|NR_all_84318.1|1"
5W0O,"RNA3DB","C|NR_all_19387.1|2, D|NR_all_19387.1|2"
5W1H,"RNA3DB","B|NR_all_85536.1|1"
5W1I,"RNA3DB","B|NR_all_85536.1|1, D|NR_all_85536.1|1"
5W3V,"RNA3DB","E|NR_all_73760.1|2, F|NR_all_73760.1|2, G|NR_all_27133.1|2, H|NR_all_27133.1|2"
5W4K,"RNA3DB","1A|NR_all_97519.74|1, 1B|NR_all_42622.74|1, 1a|NR_all_65795.80|1, 1w|NR_all_19951.88|1, 1x|NR_all_35542.140|1, 1y|NR_all_19951.88|1, 2A|NR_all_97519.74|1, 2B|NR_all_42622.74|1, 2a|NR_all_65795.80|1, 2w|NR_all_19951.88|1, 2x|NR_all_35542.140|1, 2y|NR_all_19951.88|1"
5W4U,"RNA3DB","R|NR_all_97440.1|1"
5W51,"RNA3DB","R|NR_all_97440.1|1"
5W5H,"RNA3DB","B|NR_all_88047.3|1, D|NR_all_88047.3|1"
5W5I,"RNA3DB","B|NR_all_88047.3|1, D|NR_all_88047.3|1"
5W5Y,"RNA3DB","R|NR_all_23929.3|1"
5W64,"RNA3DB","R|NR_all_07034.1|1"
5W65,"RNA3DB","R|NR_all_23929.3|1"
5W66,"RNA3DB","R|NR_all_23929.3|1"
5W6V,"RNA3DB","R|NR_all_80035.1|1"
5W7N,"RNA3DB","B|NR_all_09880.4|1"
5W7O,"RNA3DB","B|NR_all_09880.4|1"
5WDT,"RNA3DB","A|NR_all_83717.145|1, B|NR_all_10157.143|1, a|NR_all_56726.132|1, v|NR_all_35542.140|1, w|NR_all_35542.140|1, y|NR_all_19951.88|1"
5WE4,"RNA3DB","A|NR_all_83717.145|1, B|NR_all_10157.143|1, a|NR_all_56726.132|1, v|NR_all_35542.140|1, w|NR_all_35542.140|1, y|NR_all_19951.88|1"
5WE6,"RNA3DB","A|NR_all_83717.145|1, B|NR_all_10157.143|1, a|NR_all_56726.132|1, v|NR_all_35542.140|1, w|NR_all_35542.140|1, y|NR_all_19951.88|1"
5WEA,"RNA3DB","B|NR_all_17334.1|1"
5WF0,"RNA3DB","A|NR_all_83717.145|1, B|NR_all_10157.143|1, a|NR_all_56726.132|1, v|NR_all_35542.140|1, w|NR_all_35542.140|1, y|NR_all_19951.88|1"
5WFK,"RNA3DB","A|NR_all_83717.145|1, B|NR_all_10157.143|1, a|NR_all_56726.132|1, v|NR_all_35542.140|1, w|NR_all_35542.140|1, y|NR_all_19951.88|1"
5WFS,"RNA3DB","A|NR_all_83717.145|1, B|NR_all_10157.143|1, a|NR_all_56726.132|1, v|NR_all_35542.140|1, w|NR_all_35542.140|1, y|NR_all_19951.88|1"
5WIS,"RNA3DB","1A|NR_all_97519.74|1, 1B|NR_all_42622.74|1, 1a|NR_all_65795.80|1, 1w|NR_all_19951.88|1, 1x|NR_all_35542.140|1, 1y|NR_all_19951.88|1, 2A|NR_all_97519.74|1, 2B|NR_all_42622.74|1, 2a|NR_all_65795.80|1, 2w|NR_all_19951.88|1, 2x|NR_all_35542.140|1, 2y|NR_all_19951.88|1"
5WIT,"RNA3DB","1A|NR_all_97519.74|1, 1B|NR_all_42622.74|1, 1a|NR_all_65795.80|1, 1w|NR_all_19951.88|1, 1x|NR_all_35542.140|1, 1y|NR_all_19951.88|1, 2A|NR_all_97519.74|1, 2B|NR_all_42622.74|1, 2a|NR_all_65795.80|1, 2w|NR_all_19951.88|1, 2x|NR_all_35542.140|1, 2y|NR_all_19951.88|1"
5WJR,"RNA3DB","B|NR_all_09880.4|1"
5WLC,"RNA3DB","L0|NR_all_03510.64|3, L1|NR_all_03510.64|3, L2|NR_all_03510.64|3"
5WLH,"RNA3DB","B|NR_all_40386.1|1"
5WNP,"RNA3DB","A|NR_all_65795.80|1, a|NR_all_27039.1|2, b|NR_all_27039.1|2"
5WNQ,"RNA3DB","A|NR_all_65795.80|1"
5WNR,"RNA3DB","A|NR_all_65795.80|1"
5WNS,"RNA3DB","A|NR_all_65795.80|1"
5WNT,"RNA3DB","A|NR_all_65795.80|1, a|NR_all_93152.1|2, b|NR_all_93152.1|2"
5WNU,"RNA3DB","A|NR_all_65795.80|1, a|NR_all_49764.1|2, b|NR_all_49764.1|2"
5WNV,"RNA3DB","A|NR_all_65795.80|1, a|NR_all_27039.1|2, b|NR_all_27039.1|2"
5WQ1,"RNA3DB","A|NR_all_43908.1|1"
5WQE,"RNA3DB","B|NR_all_50424.1|1"
5WS2,"RNA3DB","C|NR_all_39327.1|1, D|NR_all_39327.1|1"
5WSG,"RNA3DB","D|NR_all_38286.2|1, E|NR_all_08356.2|1, b|NR_all_95531.1|1"
5WT1,"RNA3DB","C|NR_all_27778.1|1, F|NR_all_27778.1|1"
5WT3,"RNA3DB","C|NR_all_27778.1|1"
5WTI,"RNA3DB","B|NR_all_51824.1|1"
5WTK,"RNA3DB","B|NR_all_90696.1|1"
5WTY,"RNA3DB","C|NR_all_66547.1|1, D|NR_all_63837.1|1"
5WWE,"RNA3DB","B|NR_all_43595.1|1"
5WWF,"RNA3DB","B|NR_all_84932.1|1, D|NR_all_84932.1|1"
5WWG,"RNA3DB","B|NR_all_19056.1|1"
5WWR,"RNA3DB","C|NR_all_99471.1|1, D|NR_all_99471.1|1"
5WWS,"RNA3DB","C|NR_all_99471.1|1, D|NR_all_99471.1|1"
5WWT,"RNA3DB","C|NR_all_99471.1|1, D|NR_all_99471.1|1"
5WWW,"RNA3DB","B|NR_all_29370.1|1"
5WWX,"RNA3DB","C|NR_all_14761.1|1"
5WYJ,"RNA3DB","3A|NR_all_03510.64|3, 5A|NR_all_03510.64|3, SA|NR_all_03510.64|3"
5WYK,"RNA3DB","3A|NR_all_03510.64|3, 5A|NR_all_03510.64|3, SA|NR_all_03510.64|3"
5WZG,"RNA3DB","B|NR_all_73303.1|1"
5WZH,"RNA3DB","B|NR_all_42548.1|1"
5WZI,"RNA3DB","B|NR_all_42883.1|1"
5WZJ,"RNA3DB","B|NR_all_90371.1|1"
5WZK,"RNA3DB","B|NR_all_13543.1|1"
5X21,"RNA3DB","I|NR_all_04288.4|1"
5X22,"RNA3DB","I|NR_all_04288.4|1, S|NR_all_04288.4|1"
5X2G,"RNA3DB","B|NR_all_60079.1|1"
5X2H,"RNA3DB","B|NR_all_60079.1|1"
5X3Z,"RNA3DB","B|NR_all_73925.1|1"
5X6B,"RNA3DB","P|NR_all_10787.1|1"
5X70,"RNA3DB","E|NR_all_10013.1|1, G|NR_all_10013.1|1"
5X8P,"RNA3DB","A|NR_all_20305.5|1, B|NR_all_50314.5|1, W|NR_all_05530.5|1, a|NR_all_96354.4|1"
5X8R,"RNA3DB","a|NR_all_96354.4|1"
5X8T,"RNA3DB","A|NR_all_20305.5|1, B|NR_all_50314.5|1, W|NR_all_05530.5|1"
5XBL,"RNA3DB","B|NR_all_46651.2|1"
5XC6,"RNA3DB","C|NR_all_17090.1|1, D|NR_all_17090.1|1"
5XH6,"RNA3DB","B|NR_all_74407.1|1"
5XH7,"RNA3DB","B|NR_all_74407.1|1"
5XI1,"RNA3DB","A|NR_all_83514.1|2, S|NR_all_83514.1|2"
5XJ2,"RNA3DB","G|NR_all_07550.1|1"
5XJC,"RNA3DB","B|NR_all_73286.27|1, F|NR_all_17578.3|2, H|NR_all_17578.3|2"
5XLO,"RNA3DB","K|NR_all_73836.1|1"
5XLP,"RNA3DB","K|NR_all_58228.1|1"
5XMA,"RNA3DB",""
5XN0,"RNA3DB",""
5XN2,"RNA3DB",""
5XOG,"RNA3DB","P|NR_all_88000.1|1"
5XON,"RNA3DB","P|NR_all_08625.1|1"
5XOW,"RNA3DB","G|NR_all_54314.1|1"
5XPA,"RNA3DB","D|NR_all_14992.1|1"
5XPG,"RNA3DB","G|NR_all_54314.1|1"
5XTM,"RNA3DB","B|NR_all_23835.1|1, D|NR_all_37028.1|1"
5XUS,"RNA3DB","B|NR_all_22777.1|1"
5XUT,"RNA3DB","B|NR_all_22777.1|1"
5XUU,"RNA3DB","B|NR_all_22777.1|1"
5XUZ,"RNA3DB","B|NR_all_22777.1|1, F|NR_all_22777.1|1"
5XWG,"RNA3DB","A|NR_all_37454.1|1"
5XWP,"RNA3DB","C|NR_all_97956.1|2, D|NR_all_97956.1|2, E|NR_all_97956.1|2, F|NR_all_97956.1|2"
5XWY,"RNA3DB","B|NR_all_36591.1|1"
5XXB,"RNA3DB","1|NR_all_75645.1|2, 3|NR_all_17436.1|1, 4|NR_all_75645.1|2"
5XXU,"RNA3DB","2|NR_all_48721.1|1"
5XY3,"RNA3DB","1|NR_all_94750.1|2, 3|NR_all_46024.1|1, 4|NR_all_94750.1|2"
5XYI,"RNA3DB","2|NR_all_67394.1|1"
5XYM,"RNA3DB","A|NR_all_76090.9|1, B|NR_all_89181.3|1"
5XYU,"RNA3DB","A|NR_all_97539.6|1"
5XZ1,"RNA3DB","A|NR_all_71199.5|2, B|NR_all_71199.5|2, C|NR_all_71199.5|2, D|NR_all_71199.5|2"
5Y36,"RNA3DB","B|NR_all_79669.1|1"
5Y58,"RNA3DB","X|NR_all_83665.1|1, Y|NR_all_83665.1|1, Z|NR_all_83665.1|1"
5Y6Z,"RNA3DB","B|NR_all_13312.1|2, C|NR_all_13312.1|2, F|NR_all_13312.1|2, G|NR_all_13312.1|2"
5Y7M,"RNA3DB","B|NR_all_02553.1|1, D|NR_all_02553.1|1"
5Y85,"RNA Puzzles, RNA3DB","A|NR_all_60364.1|2, B|NR_all_60364.1|2, C|NR_all_60364.1|2, D|NR_all_60364.1|2"
5Y87,"RNA Puzzles, RNA3DB","A|NR_all_60364.1|2, B|NR_all_60364.1|2, C|NR_all_60364.1|2, D|NR_all_60364.1|2"
5Y88,"RNA3DB","B|NR_all_38286.2|1, D|NR_all_08356.2|1, x|NR_all_04353.1|1"
5YDT,"RNA3DB","5A|NR_all_10277.1|1, SA|NR_all_61114.1|1"
5YKI,"RNA3DB","C|NR_all_49071.1|1"
5YLZ,"RNA3DB","B|NR_all_38286.2|1, D|NR_all_08356.2|1"
5YTS,"RNA3DB","B|NR_all_32973.1|1"
5YTT,"RNA3DB","B|NR_all_50496.1|1"
5YTV,"RNA3DB","B|NR_all_97456.1|1"
5YTX,"RNA3DB","B|NR_all_82993.1|1"
5YYN,"RNA3DB","B|NR_all_55114.1|1, D|NR_all_55114.1|1"
5YZG,"RNA3DB","B|NR_all_73286.27|1, F|NR_all_86308.1|2, H|NR_all_86308.1|2"
5Z1H,"RNA3DB","A|NR_all_71199.5|2, B|NR_all_71199.5|2"
5Z1I,"RNA3DB","A|NR_all_71199.5|1"
5Z3G,"RNA3DB","A|NR_all_90506.74|2, B|NR_all_90506.74|2, C|NR_all_18489.10|1"
5Z4A,"RNA3DB","B|NR_all_35335.1|1"
5Z4D,"RNA3DB","B|NR_all_83260.1|1"
5Z4J,"RNA3DB","B|NR_all_96683.7|1"
5Z56,"RNA3DB","B|NR_all_73286.27|1, F|NR_all_73426.10|2, H|NR_all_73426.10|2"
5Z57,"RNA3DB","B|NR_all_73286.27|1, F|NR_all_73426.10|2, H|NR_all_73426.10|2"
5Z58,"RNA3DB","B|NR_all_73286.27|1, F|NR_all_73426.10|2, H|NR_all_73426.10|2"
5Z71,"RNA3DB","A|NR_all_71199.5|2, B|NR_all_71199.5|2"
5Z98,"RNA3DB","C|NR_all_30582.1|1, D|NR_all_85489.1|1"
5Z9W,"RNA3DB","R|NR_all_74924.26|1"
5Z9X,"RNA3DB","R|NR_all_56860.1|1"
5ZAL,"RNA3DB","C|NR_all_50752.1|1"
5ZAM,"RNA3DB","C|NR_all_62436.1|1"
5ZC9,"RNA3DB","B|NR_all_14757.1|1"
5ZEB,"RNA3DB","A|NR_all_76090.9|1, B|NR_all_83043.1|1, a|NR_all_97539.6|1, v|NR_all_35542.140|1"
5ZEG,"RNA3DB","A|NR_all_71199.5|3, B|NR_all_71199.5|3, C|NR_all_71199.5|3"
5ZEI,"RNA3DB","A|NR_all_71199.5|2, B|NR_all_71199.5|2"
5ZEJ,"RNA3DB","A|NR_all_71199.5|2, B|NR_all_71199.5|2"
5ZEM,"RNA3DB","A|NR_all_71199.5|2, B|NR_all_71199.5|2"
5ZEP,"RNA3DB","A|NR_all_76090.9|1, B|NR_all_83043.1|1, a|NR_all_97539.6|1, w|NR_all_35542.140|1"
5ZET,"RNA3DB","A|NR_all_76090.9|1, B|NR_all_83043.1|1"
5ZEU,"RNA3DB","a|NR_all_97539.6|1, v|NR_all_35542.140|1"
5ZEY,"RNA3DB","A|NR_all_19166.1|1, B|NR_all_35542.140|1"
5ZKJ,"RNA3DB","C|NR_all_17854.1|1, E|NR_all_17854.1|1"
5ZLU,"RNA3DB","DD|NR_all_29074.1|1, G|NR_all_65795.80|1, V|NR_all_97519.74|1, X|NR_all_42622.74|1"
5ZQ0,"RNA3DB","B|NR_all_00121.1|1"
5ZQ1,"RNA3DB","B|NR_all_21975.1|1"
5ZQ8,"RNA3DB","C|NR_all_33499.1|1, D|NR_all_33499.1|1"
5ZQF,"RNA3DB",""
5ZRF,"RNA3DB",""
5ZSA,"RNA3DB","C|NR_all_74924.26|1, D|NR_all_74924.26|1"
5ZSB,"RNA3DB","C|NR_all_84195.1|1, D|NR_all_84195.1|1"
5ZSC,"RNA3DB","C|NR_all_37135.1|1, D|NR_all_37135.1|1"
5ZSD,"RNA3DB","C|NR_all_40848.1|1, D|NR_all_11898.1|1"
5ZSE,"RNA3DB","C|NR_all_12865.1|1, D|NR_all_12865.1|1"
5ZSL,"RNA3DB","D|NR_all_40848.1|1, E|NR_all_11898.1|1"
5ZSM,"RNA3DB","D|NR_all_12865.1|1, E|NR_all_12865.1|1"
5ZSN,"RNA3DB","D|NR_all_84195.1|1, E|NR_all_84195.1|1"
5ZTH,"RNA3DB","B|NR_all_21975.1|1"
5ZTM,"RNA3DB","C|NR_all_31040.1|1"
5ZUU,"RNA3DB","E|NR_all_03325.1|2, F|NR_all_03325.1|2, G|NR_all_02657.1|1, I|NR_all_02657.1|1"
5ZW4,"RNA3DB","D|NR_all_75931.1|1"
5ZWM,"RNA3DB","B|NR_all_06389.1|1, F|NR_all_36828.1|3, H|NR_all_36828.1|3, I|NR_all_36828.1|3"
5ZWN,"RNA3DB","P|NR_all_34961.4|1"
5ZWO,"RNA3DB","B|NR_all_06389.1|1, F|NR_all_99228.1|3, H|NR_all_99228.1|3, I|NR_all_99228.1|3"
5ZX2,"RNA3DB","I|NR_all_84795.1|1"
5ZZM,"RNA3DB","M|NR_all_10157.143|1, N|NR_all_83717.145|1"
6A4E,"RNA3DB","B|NR_all_84318.1|1, D|NR_all_84318.1|1"
6A5L,"RNA3DB","P|NR_all_18808.1|1"
6A5O,"RNA3DB","P|NR_all_49768.1|1"
6A5P,"RNA3DB","P|NR_all_52476.1|1"
6A5R,"RNA3DB","P|NR_all_82019.1|1"
6A5T,"RNA3DB","P|NR_all_18808.1|1"
6A5U,"RNA3DB","P|NR_all_18808.1|1"
6A6J,"RNA3DB","B|NR_all_65220.1|1, D|NR_all_65220.1|1"
6A6L,"RNA3DB","D|NR_all_65220.1|1"
6AAS,"RNA3DB","A|NR_all_75878.1|1"
6AAU,"RNA3DB","A|NR_all_01077.1|1"
6AAX,"RNA3DB","B|NR_all_18914.1|1, D|NR_all_18914.1|1"
6AAY,"RNA3DB","B|NR_all_04979.1|1"
6AEB,"RNA3DB","A|NR_all_14386.1|1, E|NR_all_14386.1|1"
6AEG,"RNA3DB","A|NR_all_14386.1|1"
6AGB,"RNA3DB","A|NR_all_27991.1|1"
6AH0,"RNA3DB","B|NR_all_73286.27|1, F|NR_all_18569.1|3, H|NR_all_18569.1|3, I|NR_all_18569.1|3"
6AH3,"RNA3DB","A|NR_all_27991.1|1, T|NR_all_02825.1|1"
6AHD,"RNA3DB","B|NR_all_73286.27|1, F|NR_all_18569.1|3, H|NR_all_18569.1|3, I|NR_all_18569.1|3"
6AHR,"RNA3DB","A|NR_all_24457.1|1"
6AHU,"RNA3DB","A|NR_all_24457.1|1, T|NR_all_62804.1|1"
6AI6,"RNA3DB","B|NR_all_46651.2|1"
6AJK,"RNA3DB","B|NR_all_44743.1|1"
6ALF,"RNA3DB","R|NR_all_00306.1|1"
6ALG,"RNA3DB","R|NR_all_00306.1|1"
6ALH,"RNA3DB","R|NR_all_68860.1|1"
6AR1,"RNA3DB","C|NR_all_80768.1|1, F|NR_all_80768.1|1"
6AR3,"RNA3DB","C|NR_all_80768.1|1, F|NR_all_80768.1|1"
6AR5,"RNA3DB","B|NR_all_58168.1|1"
6ASO,"RNA3DB","I|NR_all_48328.1|1"
6ASX,"RNA3DB","R|NR_all_09148.2|1"
6AWB,"RNA3DB","A|NR_all_56726.132|1"
6AWC,"RNA3DB","A|NR_all_56726.132|1"
6AWD,"RNA3DB","A|NR_all_56726.132|1"
6AZ1,"RNA3DB","1|NR_all_12772.1|1, 2|NR_all_19951.88|1, 3|NR_all_35542.140|1, 4|NR_all_19951.88|1"
6AZ3,"RNA3DB","1|NR_all_51168.1|2, 2|NR_all_35456.1|1, 3|NR_all_99100.1|1, 4|NR_all_24549.1|1, 5|NR_all_82286.1|1, 6|NR_all_15150.1|1, 7|NR_all_51168.1|2, 8|NR_all_24244.1|1"
6AZ4,"RNA3DB","A|NR_all_96856.1|2, B|NR_all_96856.1|2"
6B0B,"RNA3DB","B|NR_all_11246.1|2, C|NR_all_11246.1|2, F|NR_all_11246.1|2, G|NR_all_11246.1|2"
6B14,"RNA3DB","R|NR_all_27557.2|1"
6B19,"RNA3DB","C|NR_all_98766.1|2, D|NR_all_98766.1|2"
6B3K,"RNA3DB","R|NR_all_27557.2|1"
6B44,"RNA3DB","M|NR_all_74932.1|1"
6B45,"RNA3DB","M|NR_all_94467.7|1"
6B46,"RNA3DB","M|NR_all_94467.7|1"
6B47,"RNA3DB","M|NR_all_94467.7|1"
6B48,"RNA3DB","M|NR_all_94467.7|1"
6B4V,"RNA3DB","A|NR_all_65795.80|1, B|NR_all_97519.74|1, C|NR_all_42622.74|1, D|NR_all_35542.140|1, EB|NR_all_65795.80|1, FB|NR_all_97519.74|1, GB|NR_all_42622.74|1, HB|NR_all_35542.140|1, IA|NR_all_35542.140|1, MC|NR_all_35542.140|1"
6B6H,"RNA3DB","3|NR_all_01665.1|1"
6BBO,"RNA3DB","B|NR_all_93070.1|2, C|NR_all_93070.1|2, F|NR_all_93070.1|2, G|NR_all_93070.1|2"
6BFB,"RNA3DB","X|NR_all_75133.1|2, Y|NR_all_75133.1|2"
6BG9,"RNA3DB","A|NR_all_00301.1|2, B|NR_all_00301.1|2"
6BGB,"RNA3DB","A|NR_all_29253.1|2, B|NR_all_29253.1|2, C|NR_all_29253.1|1"
6BHJ,"RNA3DB","E|NR_all_29537.1|1, F|NR_all_29537.1|1"
6BJG,"RNA3DB","C|NR_all_95559.1|1, D|NR_all_99773.1|1"
6BJH,"RNA3DB","C|NR_all_95559.1|1, D|NR_all_99773.1|1"
6BJS,"RNA3DB","R|NR_all_09148.2|1"
6BJV,"RNA3DB","C|NR_all_95559.1|1, D|NR_all_99773.1|1"
6BJX,"RNA3DB","A|NR_all_39627.5|1, B|NR_all_39627.5|1"
6BJY,"RNA3DB","R|NR_all_10203.2|1"
6BK8,"RNA3DB","2|NR_all_10510.1|3, 5|NR_all_38286.2|1, 6|NR_all_10510.1|3, i|NR_all_10510.1|3"
6BLO,"RNA3DB","R|NR_all_45110.1|1"
6BLP,"RNA3DB","R|NR_all_45110.1|1"
6BM2,"RNA3DB","R|NR_all_84294.1|1"
6BM4,"RNA3DB","R|NR_all_84294.1|1"
6BMD,"RNA3DB","A|NR_all_38698.1|2, B|NR_all_38698.1|2, C|NR_all_38698.1|2, D|NR_all_38698.1|2, E|NR_all_38698.1|2, F|NR_all_38698.1|2"
6BOH,"RNA3DB","A|NR_all_65795.80|1, B|NR_all_97519.74|1, C|NR_all_42622.74|1, D|NR_all_35542.140|1, FB|NR_all_65795.80|1, GB|NR_all_97519.74|1, HB|NR_all_42622.74|1, IA|NR_all_35542.140|1, IB|NR_all_35542.140|1, NC|NR_all_35542.140|1"
6BOK,"RNA3DB","A|NR_all_65795.80|1, B|NR_all_97519.74|1, C|NR_all_42622.74|1, DB|NR_all_65795.80|1, D|NR_all_20721.10|1, EB|NR_all_97519.74|1, FB|NR_all_42622.74|1, GB|NR_all_20721.10|1, IA|NR_all_20721.10|1, LC|NR_all_20721.10|1"
6BQF,"RNA3DB","R|NR_all_84294.1|1"
6BSG,"RNA3DB","R|NR_all_29415.1|1"
6BSH,"RNA3DB","R|NR_all_29415.1|1"
6BSI,"RNA3DB","R|NR_all_84568.1|1"
6BSJ,"RNA3DB","R|NR_all_29415.1|1"
6BU8,"RNA3DB","01|NR_all_83717.145|1, 02|NR_all_10157.143|1, A|NR_all_56726.132|1, W|NR_all_35542.140|1, X|NR_all_35542.140|1, Y|NR_all_19951.88|1"
6BU9,"RNA3DB","B|NR_all_61819.1|2, C|NR_all_61819.1|2"
6BUW,"RNA3DB","QA|NR_all_65795.80|1, QV|NR_all_35542.140|1, RA|NR_all_97519.74|1, RB|NR_all_42622.74|1, XA|NR_all_65795.80|1, XV|NR_all_35542.140|1, YA|NR_all_97519.74|1, YB|NR_all_42622.74|1"
6BY1,"RNA3DB","AA|NR_all_56726.132|1, AV|NR_all_69813.13|1, AW|NR_all_69813.13|1, AY|NR_all_69813.13|1, BA|NR_all_56726.132|1, BV|NR_all_69813.13|1, BW|NR_all_69813.13|1, CA|NR_all_83717.145|1, CB|NR_all_10157.143|1, DA|NR_all_83717.145|1, DB|NR_all_10157.143|1"
6BY4,"RNA3DB","A|NR_all_36960.1|1"
6BY5,"RNA3DB","A|NR_all_36960.1|1"
6BZ6,"RNA3DB","QA|NR_all_65795.80|1, QV|NR_all_35542.140|1, RA|NR_all_97519.74|1, RB|NR_all_42622.74|1, XA|NR_all_65795.80|1, XV|NR_all_35542.140|1, YA|NR_all_97519.74|1, YB|NR_all_42622.74|1"
6BZ7,"RNA3DB","QA|NR_all_65795.80|1, QV|NR_all_35542.140|1, QW|NR_all_35542.140|1, RA|NR_all_97519.74|1, RB|NR_all_42622.74|1, XA|NR_all_65795.80|1, XV|NR_all_35542.140|1, XW|NR_all_35542.140|1, YA|NR_all_97519.74|1, YB|NR_all_42622.74|1"
6BZ8,"RNA3DB","QA|NR_all_65795.80|1, QV|NR_all_35542.140|1, QW|NR_all_35542.140|1, RA|NR_all_97519.74|1, RB|NR_all_42622.74|1, XA|NR_all_65795.80|1, XV|NR_all_35542.140|1, XW|NR_all_35542.140|1, YA|NR_all_97519.74|1, YB|NR_all_42622.74|1"
6C0F,"RNA3DB","1|NR_all_90506.74|2, 2|NR_all_90506.74|2, 6|NR_all_18489.10|1"
6C27,"RNA3DB","A|NR_all_86306.1|1, B|NR_all_86306.1|1"
6C4H,"RNA3DB","A|NR_all_83717.145|1"
6C4I,"RNA3DB","A|NR_all_83717.145|1, B|NR_all_10157.143|1, a|NR_all_56726.132|1, x|NR_all_35542.140|1, y|NR_all_35542.140|1"
6C5L,"RNA3DB","AA|NR_all_65795.80|1, AV|NR_all_19951.88|1, AW|NR_all_19951.88|1, BA|NR_all_97519.74|1, BB|NR_all_42622.74|1, CA|NR_all_65795.80|1, CV|NR_all_19951.88|1, CW|NR_all_19951.88|1, DA|NR_all_97519.74|1, DB|NR_all_42622.74|1"
6C63,"RNA3DB","A|NR_all_15443.1|1, B|NR_all_15443.1|1, C|NR_all_15443.1|1"
6C64,"RNA3DB","A|NR_all_15443.1|1, B|NR_all_15443.1|1, D|NR_all_15443.1|1"
6C65,"RNA3DB","A|NR_all_15443.1|1, B|NR_all_15443.1|1, C|NR_all_15443.1|1"
6C66,"RNA3DB","J|NR_all_38581.2|1"
6C6K,"RNA3DB","E|NR_all_06388.1|1, F|NR_all_06388.1|1"
6C6S,"RNA3DB","R|NR_all_71960.1|1"
6C6T,"RNA3DB","R|NR_all_71960.1|1"
6C6U,"RNA3DB","R|NR_all_71960.1|1"
6C8D,"RNA3DB","A|NR_all_01949.5|2, B|NR_all_01949.5|2"
6C8E,"RNA3DB","A|NR_all_01949.5|2, B|NR_all_01949.5|2"
6C8I,"RNA3DB","A|NR_all_01949.5|2, B|NR_all_01949.5|2"
6C8J,"RNA3DB","A|NR_all_01949.5|2, B|NR_all_01949.5|2"
6C8K,"RNA3DB","A|NR_all_01949.5|2, B|NR_all_01949.5|2"
6C8L,"RNA3DB","A|NR_all_01949.5|2, B|NR_all_01949.5|2"
6C8M,"RNA3DB","A|NR_all_16232.4|2, B|NR_all_16232.4|2"
6C8N,"RNA3DB","A|NR_all_16232.4|2, B|NR_all_16232.4|2"
6C8O,"RNA3DB","A|NR_all_16232.4|2, B|NR_all_16232.4|2"
6CAB,"RNA3DB","A|NR_all_01949.5|2, B|NR_all_01949.5|2"
6CAE,"RNA3DB","1A|NR_all_97519.74|1, 1B|NR_all_42622.74|1, 1a|NR_all_65795.80|1, 1w|NR_all_69813.13|1, 1x|NR_all_35542.140|1, 1y|NR_all_69813.13|1, 2A|NR_all_97519.74|1, 2B|NR_all_42622.74|1, 2a|NR_all_65795.80|1, 2w|NR_all_69813.13|1, 2x|NR_all_35542.140|1, 2y|NR_all_69813.13|1"
6CAO,"RNA3DB","A|NR_all_65795.80|1, W|NR_all_45930.3|2, Y|NR_all_45930.3|2"
6CAP,"RNA3DB","A|NR_all_65795.80|1, W|NR_all_45930.3|2, Y|NR_all_45930.3|2"
6CAQ,"RNA3DB","A|NR_all_65795.80|1, W|NR_all_45930.3|2, Y|NR_all_45930.3|2"
6CAR,"RNA3DB","A|NR_all_65795.80|1, W|NR_all_45930.3|2, Y|NR_all_45930.3|2"
6CAS,"RNA3DB","A|NR_all_65795.80|1, W|NR_all_45930.3|2, Y|NR_all_45930.3|2"
6CB1,"RNA3DB","1|NR_all_90506.74|2, 2|NR_all_90506.74|2, 6|NR_all_18489.10|1"
6CB3,"2020 RNA, RNA3DB","A|NR_all_18848.1|1, B|NR_all_18848.1|1"
6CBD,"RNA3DB","B|NR_all_27698.1|2, C|NR_all_27698.1|2"
6CC1,"RNA3DB","A|NR_all_18848.1|1, B|NR_all_18848.1|1"
6CC3,"RNA3DB","A|NR_all_18848.1|1, B|NR_all_18848.1|1"
6CF2,"RNA3DB","G|NR_all_25919.1|1"
6CFJ,"RNA3DB","1A|NR_all_97519.74|1, 1B|NR_all_42622.74|1, 1a|NR_all_65795.80|1, 1w|NR_all_19951.88|1, 1x|NR_all_12494.1|1, 1y|NR_all_19951.88|1, 2A|NR_all_97519.74|1, 2B|NR_all_42622.74|1, 2a|NR_all_65795.80|1, 2w|NR_all_19951.88|1, 2x|NR_all_12494.1|1, 2y|NR_all_19951.88|1"
6CFK,"RNA3DB","1A|NR_all_97519.74|1, 1B|NR_all_42622.74|1, 1a|NR_all_65795.80|1, 2A|NR_all_97519.74|1, 2B|NR_all_42622.74|1, 2a|NR_all_65795.80|1"
6CFL,"RNA3DB","1A|NR_all_97519.74|1, 1B|NR_all_42622.74|1, 1a|NR_all_65795.80|1, 2A|NR_all_97519.74|1, 2B|NR_all_42622.74|1, 2a|NR_all_65795.80|1"
6CHR,"RNA3DB","A|NR_all_18903.1|1"
6CIH,"RNA3DB","A|NR_all_18903.1|1"
6CK4,"RNA3DB","A|NR_all_40570.1|1, B|NR_all_40570.1|1, C|NR_all_40570.1|1, D|NR_all_40570.1|1"
6CK5,"2020 RNA, RNA3DB","A|NR_all_40570.1|1, B|NR_all_40570.1|1"
6CMN,"RNA3DB","D|NR_all_32738.1|1"
6CU1,"2020 RNA, RNA3DB","A|NR_all_75310.1|1"
6CVO,"RNA3DB",""
6CVP,"RNA3DB",""
6CVQ,"RNA3DB",""
6CVR,"RNA3DB",""
6CVT,"RNA3DB",""
6CXZ,"RNA3DB","A|NR_all_87665.1|2, B|NR_all_87665.1|2"
6CY0,"RNA3DB","A|NR_all_87665.1|2, B|NR_all_87665.1|2, C|NR_all_87665.1|2, D|NR_all_87665.1|2, E|NR_all_87665.1|2, F|NR_all_87665.1|2, G|NR_all_87665.1|2, H|NR_all_87665.1|2"
6CY2,"RNA3DB","A|NR_all_87665.1|2, B|NR_all_87665.1|2"
6CY4,"RNA3DB","A|NR_all_87665.1|2, B|NR_all_87665.1|2, C|NR_all_87665.1|2, D|NR_all_87665.1|2, E|NR_all_87665.1|2, F|NR_all_87665.1|2, G|NR_all_87665.1|2, H|NR_all_87665.1|2"
6CYT,"RNA3DB","N|NR_all_18349.1|1"
6CZR,"RNA3DB","1A|NR_all_97519.74|1, 1B|NR_all_42622.74|1, 1a|NR_all_98268.1|1, 2A|NR_all_97519.74|1, 2B|NR_all_42622.74|1, 2a|NR_all_98268.1|1"
6D06,"RNA3DB","B|NR_all_01901.1|2, C|NR_all_01901.1|2"
6D12,"RNA3DB","C|NR_all_79100.1|1"
6D1V,"RNA3DB","C|NR_all_77810.2|1"
6D2U,"RNA3DB","B|NR_all_87910.1|1"
6D2Z,"RNA3DB","C|NR_all_65802.1|1"
6D30,"RNA3DB","C|NR_all_21736.7|1"
6D3P,"RNA3DB","A|NR_all_56742.1|1"
6D6Q,"RNA3DB","N|NR_all_08389.1|1"
6D6R,"RNA3DB","N|NR_all_08389.1|1"
6D6V,"RNA3DB","B|NR_all_61875.1|1"
6D8A,"RNA3DB","C|NR_all_12111.2|1, H|NR_all_12111.2|1"
6D8F,"RNA3DB","C|NR_all_12111.2|1, H|NR_all_12111.2|1"
6D8L,"RNA3DB","A|NR_all_39627.5|1, B|NR_all_39627.5|1"
6D8M,"RNA3DB","A|NR_all_39627.5|1, B|NR_all_39627.5|1"
6D8N,"RNA3DB","A|NR_all_39627.5|1, B|NR_all_39627.5|1"
6D8O,"RNA3DB","A|NR_all_39627.5|1, B|NR_all_39627.5|1"
6D8P,"RNA3DB","C|NR_all_12111.2|1, E|NR_all_12111.2|1"
6D90,"RNA3DB","2|NR_all_21280.33|1, 3|NR_all_73216.6|1, 4|NR_all_84648.1|1, 5|NR_all_06650.37|2, 7|NR_all_10255.37|1, 8|NR_all_06650.37|2"
6D92,"RNA3DB","C|NR_all_12111.2|1, H|NR_all_12111.2|1"
6D95,"RNA3DB","B|NR_all_12111.2|1, H|NR_all_12111.2|1"
6D9J,"RNA3DB","2|NR_all_21280.33|1, 3|NR_all_73216.6|1, 4|NR_all_32696.1|1, 5|NR_all_06650.37|2, 7|NR_all_10255.37|1, 8|NR_all_06650.37|2"
6D9K,"RNA3DB","C|NR_all_12111.2|1, H|NR_all_12111.2|1"
6D9L,"RNA3DB","C|NR_all_05919.1|1, H|NR_all_05919.1|1"
6DB8,"RNA3DB","R|NR_all_59317.1|1"
6DB9,"RNA3DB","R|NR_all_59317.1|1"
6DCB,"RNA3DB","B|NR_all_14959.1|1"
6DCC,"RNA3DB","B|NR_all_14959.1|1"
6DCL,"RNA3DB","C|NR_all_38306.1|1, D|NR_all_86033.1|1"
6DDD,"RNA3DB","1|NR_all_90633.23|1, 2|NR_all_51377.2|1"
6DDG,"RNA3DB","1|NR_all_90633.23|1, 2|NR_all_51377.2|1"
6DLQ,"RNA3DB","A|NR_all_98802.1|1"
6DLR,"RNA3DB","A|NR_all_98802.1|1"
6DLS,"RNA3DB","A|NR_all_98802.1|1"
6DLT,"RNA3DB","A|NR_all_98802.1|1"
6DMC,"RNA3DB","A|NR_all_86427.1|1, B|NR_all_86427.1|1"
6DMD,"RNA3DB","A|NR_all_86427.1|1, B|NR_all_86427.1|1"
6DME,"RNA3DB","A|NR_all_86427.1|1"
6DMN,"RNA3DB","B|NR_all_92430.1|1, b|NR_all_87799.1|1"
6DMV,"RNA3DB","B|NR_all_92430.1|1, b|NR_all_87799.1|1"
6DN1,"RNA3DB","X|NR_all_75133.1|2, Z|NR_all_75133.1|2"
6DN2,"RNA3DB","X|NR_all_75133.1|2, Y|NR_all_75133.1|2"
6DN3,"RNA3DB","X|NR_all_75133.1|2, Y|NR_all_75133.1|2"
6DNC,"RNA3DB","A|NR_all_56726.132|1, B|NR_all_83717.145|1, C|NR_all_10157.143|1, D|NR_all_35542.140|1, LA|NR_all_35542.140|1"
6DNH,"RNA3DB","E|NR_all_85531.1|1"
6DNR,"2020 RNA, RNA3DB","A|NR_all_98802.1|1"
6DO8,"RNA3DB","B|NR_all_23205.4|1, b|NR_all_08576.4|1"
6DO9,"RNA3DB","B|NR_all_41450.1|1, b|NR_all_71957.1|1"
6DOA,"RNA3DB","B|NR_all_23205.4|1, b|NR_all_08576.4|1"
6DOB,"RNA3DB","B|NR_all_23205.4|1, b|NR_all_08576.4|1"
6DOC,"RNA3DB","B|NR_all_92430.1|1, b|NR_all_87799.1|1"
6DOD,"RNA3DB","B|NR_all_23205.4|1, b|NR_all_08576.4|1"
6DOE,"RNA3DB","B|NR_all_23205.4|1, b|NR_all_08576.4|1"
6DOF,"RNA3DB","B|NR_all_23205.4|1, b|NR_all_08576.4|1"
6DOG,"RNA3DB","B|NR_all_23205.4|1, b|NR_all_08576.4|1"
6DOH,"RNA3DB","B|NR_all_41450.1|1, b|NR_all_71957.1|1"
6DOI,"RNA3DB","B|NR_all_41450.1|1, b|NR_all_71957.1|1"
6DOJ,"RNA3DB","B|NR_all_23205.4|1, b|NR_all_08576.4|1"
6DOK,"RNA3DB","B|NR_all_23205.4|1, b|NR_all_08576.4|1"
6DOL,"RNA3DB","B|NR_all_23205.4|1, b|NR_all_08576.4|1"
6DOM,"RNA3DB","B|NR_all_23205.4|1, b|NR_all_08576.4|1"
6DON,"RNA3DB","B|NR_all_23205.4|1, b|NR_all_08576.4|1"
6DOO,"RNA3DB","B|NR_all_23205.4|1, b|NR_all_08576.4|1"
6DOP,"RNA3DB","B|NR_all_23205.4|1, b|NR_all_08576.4|1"
6DOQ,"RNA3DB","B|NR_all_23205.4|1, b|NR_all_08576.4|1"
6DOR,"RNA3DB","B|NR_all_23205.4|1, b|NR_all_08576.4|1"
6DOS,"RNA3DB","B|NR_all_23205.4|1, b|NR_all_08576.4|1"
6DOT,"RNA3DB","B|NR_all_23205.4|1, b|NR_all_08576.4|1"
6DOU,"RNA3DB","B|NR_all_23205.4|1, b|NR_all_08576.4|1"
6DOV,"RNA3DB","B|NR_all_23205.4|1, b|NR_all_08576.4|1"
6DOW,"RNA3DB","B|NR_all_23205.4|1, b|NR_all_08576.4|1"
6DOX,"RNA3DB","B|NR_all_23205.4|1, b|NR_all_08576.4|1"
6DOY,"RNA3DB","B|NR_all_41745.1|1"
6DOZ,"RNA3DB","B|NR_all_23205.4|1, b|NR_all_08576.4|1"
6DP0,"RNA3DB","B|NR_all_23205.4|1, b|NR_all_08576.4|1"
6DP1,"RNA3DB","B|NR_all_23205.4|1, b|NR_all_08576.4|1"
6DP2,"RNA3DB","B|NR_all_23205.4|1, b|NR_all_08576.4|1"
6DP3,"RNA3DB","B|NR_all_23205.4|1, b|NR_all_08576.4|1"
6DP4,"RNA3DB","B|NR_all_23205.4|1, b|NR_all_08576.4|1"
6DP5,"RNA3DB","B|NR_all_23205.4|1, b|NR_all_08576.4|1"
6DP6,"RNA3DB","B|NR_all_23205.4|1, b|NR_all_08576.4|1"
6DP7,"RNA3DB","B|NR_all_23205.4|1, b|NR_all_08576.4|1"
6DP8,"RNA3DB","B|NR_all_43515.1|1, b|NR_all_08576.4|1"
6DP9,"RNA3DB","B|NR_all_23205.4|1, b|NR_all_08576.4|1"
6DPA,"RNA3DB","B|NR_all_23205.4|1, b|NR_all_08576.4|1"
6DPB,"RNA3DB","B|NR_all_23205.4|1, b|NR_all_08576.4|1"
6DPC,"RNA3DB","B|NR_all_23205.4|1, b|NR_all_08576.4|1"
6DPD,"RNA3DB","B|NR_all_23205.4|1, b|NR_all_08576.4|1"
6DPE,"RNA3DB","B|NR_all_23205.4|1, b|NR_all_08576.4|1"
6DPF,"RNA3DB","B|NR_all_23205.4|1, b|NR_all_08576.4|1"
6DPG,"RNA3DB","B|NR_all_23205.4|1, b|NR_all_08576.4|1"
6DPH,"RNA3DB","B|NR_all_23205.4|1, b|NR_all_08576.4|1"
6DPI,"RNA3DB","B|NR_all_23205.4|1, b|NR_all_08576.4|1"
6DPJ,"RNA3DB","B|NR_all_23205.4|1, b|NR_all_08576.4|1"
6DPK,"RNA3DB","B|NR_all_23205.4|1, b|NR_all_08576.4|1"
6DPL,"RNA3DB","B|NR_all_23205.4|1, b|NR_all_08576.4|1"
6DPM,"RNA3DB","B|NR_all_23205.4|1, b|NR_all_08576.4|1"
6DPN,"RNA3DB","B|NR_all_23205.4|1, b|NR_all_08576.4|1"
6DPO,"RNA3DB","B|NR_all_23205.4|1, b|NR_all_08576.4|1"
6DPP,"RNA3DB","B|NR_all_23205.4|1, b|NR_all_08576.4|1"
6DT8,"RNA3DB","D|NR_all_99552.1|1"
6DTA,"RNA3DB","D|NR_all_23462.1|1"
6DTD,"RNA3DB","C|NR_all_41425.1|1"
6DTI,"RNA3DB","A|NR_all_65795.80|1, W|NR_all_63494.1|2, X|NR_all_63494.1|2"
6DU4,"RNA3DB","B|NR_all_51124.1|1"
6DU5,"RNA3DB","B|NR_all_34039.1|1"
6DUQ,"RNA3DB","Y|NR_all_78605.1|1, Z|NR_all_78605.1|1"
6DV9,"RNA3DB","I|NR_all_57915.1|1"
6DVB,"RNA3DB","I|NR_all_57915.1|1"
6DVC,"RNA3DB","I|NR_all_57915.1|1"
6DVK,"RNA3DB","H|NR_all_89968.1|1"
6DZI,"RNA3DB","A|NR_all_76090.9|1, B|NR_all_89181.3|1, h|NR_all_97539.6|1"
6DZK,"RNA3DB","A|NR_all_97539.6|1"
6DZP,"RNA3DB","A|NR_all_76090.9|1, B|NR_all_89181.3|1"
6E0O,"RNA3DB","B|NR_all_00478.1|1, C|NR_all_00478.1|1"
6E1S,"RNA3DB","A|NR_all_80276.4|1"
6E1T,"RNA3DB","A|NR_all_80276.4|1"
6E1U,"RNA3DB","A|NR_all_80276.4|1"
6E1V,"RNA3DB","A|NR_all_80276.4|1"
6E1W,"RNA3DB","A|NR_all_80276.4|1"
6E4P,"RNA3DB","J|NR_all_96683.7|1, K|NR_all_96683.7|1"
6E53,"RNA3DB",""
6E7L,"RNA3DB","A|NR_all_81112.1|1"
6E80,"RNA3DB","A|NR_all_73441.1|1"
6E81,"RNA3DB","A|NR_all_73441.1|1"
6E82,"RNA3DB","A|NR_all_73441.1|1"
6E84,"RNA3DB","A|NR_all_73441.1|1"
6E8S,"RNA3DB","A|NR_all_08239.1|1, B|NR_all_08239.1|1"
6E8T,"RNA3DB","A|NR_all_30516.1|1, B|NR_all_30516.1|1, C|NR_all_30516.1|1, D|NR_all_14315.1|1"
6E8U,"RNA Puzzles, RNA3DB","B|NR_all_30516.1|1"
6E9E,"RNA3DB","B|NR_all_27521.1|1"
6E9F,"RNA3DB","B|NR_all_70511.1|2, C|NR_all_70511.1|2"
6EEN,"RNA3DB","F|NR_all_07366.1|1, G|NR_all_85397.1|1, H|NR_all_18559.1|1, I|NR_all_06759.1|1"
6ELZ,"RNA3DB","1|NR_all_90506.74|2, 2|NR_all_90506.74|2, 6|NR_all_18489.10|1"
6EM1,"RNA3DB","1|NR_all_90506.74|2, 2|NR_all_90506.74|2, 6|NR_all_18489.10|1"
6EM3,"RNA3DB","1|NR_all_90506.74|1, 2|NR_all_13071.5|1, 6|NR_all_18489.10|1"
6EM4,"RNA3DB","1|NR_all_90506.74|1, 2|NR_all_13071.5|1, 6|NR_all_18489.10|1"
6EM5,"RNA3DB","1|NR_all_90506.74|1, 2|NR_all_13071.5|1, 6|NR_all_18489.10|1"
6EML,"RNA3DB","2|NR_all_03510.64|1"
6ENF,"RNA3DB","A|NR_all_83717.145|1, B|NR_all_10157.143|1, a|NR_all_56726.132|1, x|NR_all_56101.4|1"
6ENJ,"RNA3DB","9|NR_all_56101.4|1, A|NR_all_83717.145|1, B|NR_all_10157.143|1, a|NR_all_56726.132|1, x|NR_all_56101.4|1"
6ENU,"RNA3DB","A|NR_all_83717.145|1, B|NR_all_10157.143|1, a|NR_all_56726.132|1, x|NR_all_56101.4|1"
6ERI,"RNA3DB","AA|NR_all_20305.5|1, AB|NR_all_05530.5|1, Ax|NR_all_50314.5|1, BA|NR_all_96354.4|1"
6EVJ,"RNA3DB","M|NR_all_32411.1|1, N|NR_all_32411.1|1, R|NR_all_19377.2|2, S|NR_all_19377.2|2, U|NR_all_19377.2|2, V|NR_all_19377.2|2"
6EVK,"RNA3DB","R|NR_all_19377.2|2, V|NR_all_19377.2|2"
6EXN,"RNA3DB","2|NR_all_01643.1|2, 5|NR_all_38286.2|1, 6|NR_all_01643.1|2"
6EXV,"RNA3DB","P|NR_all_03629.1|1"
6EZ0,"RNA3DB","A|NR_all_36773.1|1"
6F3H,"RNA3DB","C|NR_all_24223.1|1, D|NR_all_81482.1|1"
6F41,"RNA3DB","R|NR_all_34035.1|1"
6F4A,"RNA3DB","C|NR_all_24223.1|1"
6F4G,"RNA3DB","C|NR_all_81641.1|1, F|NR_all_81641.1|1"
6F4H,"RNA3DB","B|NR_all_56099.1|1, D|NR_all_64766.1|1, F|NR_all_56099.1|1"
6F5O,"RNA3DB","R|NR_all_21055.1|2, V|NR_all_21055.1|2"
6FAI,"RNA3DB","2|NR_all_03510.64|1"
6FEC,"RNA3DB","A|NR_all_46995.44|1, N|NR_all_83098.3|1"
6FF4,"RNA3DB","5|NR_all_73286.27|1, 6|NR_all_57834.4|1"
6FF7,"RNA3DB","5|NR_all_73286.27|1, 6|NR_all_57834.4|1"
6FFR,"RNA3DB",""
6FHH,"RNA3DB","R|NR_all_19377.2|2, V|NR_all_19377.2|2"
6FHI,"RNA3DB","R|NR_all_19377.2|2, V|NR_all_19377.2|2"
6FKR,"RNA3DB","1A|NR_all_97519.74|1, 1B|NR_all_42622.74|1, 1a|NR_all_65795.80|1, 2A|NR_all_97519.74|1, 2B|NR_all_42622.74|1, 2a|NR_all_65795.80|1"
6FLP,"RNA3DB","R|NR_all_75525.1|1"
6FLQ,"RNA3DB","R|NR_all_45153.1|1"
6FPQ,"RNA3DB","B|NR_all_03690.1|1"
6FPX,"RNA3DB","B|NR_all_63322.1|1, D|NR_all_48333.1|1, F|NR_all_63322.1|1"
6FQ3,"RNA3DB","B|NR_all_66418.1|1"
6FQL,"RNA3DB","B|NR_all_26209.1|1"
6FQR,"RNA3DB","C|NR_all_19855.1|1"
6FRK,"RNA3DB","1|NR_all_34771.1|1, 2|NR_all_68467.12|1, 5|NR_all_06650.37|2, 7|NR_all_10255.37|1, 8|NR_all_06650.37|2"
6FSZ,"RNA3DB","2|NR_all_31816.1|1"
6FT6,"RNA3DB","1|NR_all_90506.74|2, 2|NR_all_90506.74|2, 3|NR_all_18586.69|1"
6FTG,"RNA3DB","u|NR_all_06650.37|2, v|NR_all_10255.37|1, w|NR_all_06650.37|2"
6FTI,"RNA3DB","q|NR_all_68467.12|1, u|NR_all_06650.37|2, v|NR_all_10255.37|1, w|NR_all_06650.37|2"
6FTJ,"RNA3DB","u|NR_all_06650.37|2, v|NR_all_10255.37|1, w|NR_all_06650.37|2"
6FUW,"RNA3DB","D|NR_all_59005.1|1"
6FXC,"RNA3DB","AA|NR_all_90633.23|1, AB|NR_all_83891.22|1, Aa|NR_all_74023.13|1, BA|NR_all_90633.23|1, BB|NR_all_83891.22|1, Ba|NR_all_74023.13|1"
6FYX,"RNA3DB","1|NR_all_81815.1|1, 2|NR_all_45441.2|1"
6FYY,"RNA3DB","1|NR_all_81815.1|1, 2|NR_all_45441.2|1"
6FZ0,"2020 RNA, RNA3DB","A|NR_all_44868.1|1"
6G18,"RNA3DB","2|NR_all_46995.44|1"
6G19,"RNA3DB","X|NR_all_33534.2|2, Y|NR_all_33534.2|2"
6G1S,"RNA3DB","X|NR_all_36248.2|2, Y|NR_all_36248.2|2"
6G1X,"RNA3DB","X|NR_all_36248.2|2, Y|NR_all_36248.2|2"
6G2K,"RNA3DB","R|NR_all_74924.26|1"
6G3B,"RNA3DB","C|NR_all_86801.1|1"
6G4S,"RNA3DB","2|NR_all_46995.44|1"
6G4W,"RNA3DB","2|NR_all_46995.44|1"
6G51,"RNA3DB","2|NR_all_46995.44|1"
6G53,"RNA3DB","2|NR_all_46995.44|1"
6G5H,"RNA3DB","2|NR_all_46995.44|1"
6G5I,"RNA3DB","2|NR_all_46995.44|1"
6G63,"RNA3DB","B|NR_all_58839.1|1"
6G7Z,"RNA3DB","A|NR_all_57460.4|2, B|NR_all_57460.4|2"
6G90,"RNA3DB","1|NR_all_64405.1|1, 2|NR_all_90613.1|1"
6G99,"RNA3DB","A|NR_all_64411.1|1"
6GAW,"RNA3DB","AA|NR_all_19551.7|1, AV|NR_all_65635.4|1, BA|NR_all_24610.3|1, BB|NR_all_33675.3|1"
6GAZ,"RNA3DB","AA|NR_all_19551.7|1, AV|NR_all_65635.4|1"
6GB2,"RNA3DB","AV|NR_all_65635.4|1, BA|NR_all_24610.3|1, BB|NR_all_33675.3|1"
6GBM,"RNA3DB","A|NR_all_29527.1|1"
6GBZ,"RNA3DB","A|NR_all_83717.145|1, B|NR_all_10157.143|1"
6GC0,"RNA3DB","A|NR_all_83717.145|1, B|NR_all_10157.143|1"
6GC4,"RNA3DB","A|NR_all_83717.145|1, B|NR_all_10157.143|1"
6GC5,"RNA3DB","E|NR_all_48702.2|1, F|NR_all_48702.2|1, G|NR_all_82184.1|1, H|NR_all_48702.2|1"
6GC6,"RNA3DB","A|NR_all_83717.145|1"
6GC7,"RNA3DB","A|NR_all_83717.145|1"
6GC8,"RNA3DB","A|NR_all_83717.145|1, B|NR_all_10157.143|1"
6GD2,"RNA3DB","D|NR_all_45842.1|1"
6GD3,"RNA3DB","P|NR_all_57261.1|1"
6GE1,"RNA3DB","A|NR_all_41309.1|1, B|NR_all_41309.1|1, C|NR_all_41309.1|1, D|NR_all_41309.1|1"
6GFW,"RNA3DB","R|NR_all_45934.1|1"
6GJZ,"RNA3DB","X|NR_all_33534.2|2, Y|NR_all_33534.2|2"
6GKH,"RNA3DB","X|NR_all_42093.1|2, Y|NR_all_42093.1|2"
6GKM,"RNA3DB","X|NR_all_33534.2|2, Y|NR_all_33534.2|2"
6GMH,"RNA3DB","P|NR_all_98839.1|1"
6GML,"RNA3DB","P|NR_all_93158.1|1"
6GMY,"RNA3DB","B|NR_all_75675.1|1"
6GOV,"RNA3DB","R|NR_all_24952.1|1"
6GPG,"RNA3DB","B|NR_all_72830.1|2, C|NR_all_72830.1|2"
6GQ1,"RNA3DB","1|NR_all_90506.74|2, 2|NR_all_03510.64|1, 3|NR_all_18586.69|1, 4|NR_all_90506.74|2, AX|NR_all_83593.5|1"
6GQB,"RNA3DB","1|NR_all_90506.74|2, 2|NR_all_03510.64|1, 3|NR_all_18586.69|1, 4|NR_all_90506.74|2, AX|NR_all_83593.5|1"
6GQV,"RNA3DB","1|NR_all_90506.74|2, 2|NR_all_03510.64|1, 3|NR_all_18586.69|1, 4|NR_all_90506.74|2, AY|NR_all_83593.5|1"
6GSJ,"RNA3DB","13|NR_all_65795.80|1, 14|NR_all_97519.74|1, 16|NR_all_42622.74|1, 1G|NR_all_65795.80|1, 1H|NR_all_97519.74|1, 1J|NR_all_42622.74|1, 1K|NR_all_65561.1|1, 1L|NR_all_65561.1|1, 2K|NR_all_35542.140|1, 2L|NR_all_35542.140|1, 3K|NR_all_61171.1|1, 3L|NR_all_61171.1|1"
6GSK,"RNA3DB","13|NR_all_65795.80|1, 14|NR_all_97519.74|1, 16|NR_all_42622.74|1, 1G|NR_all_65795.80|1, 1H|NR_all_97519.74|1, 1J|NR_all_42622.74|1, 1K|NR_all_65561.1|1, 1L|NR_all_65561.1|1, 2K|NR_all_35542.140|1, 2L|NR_all_35542.140|1, 3K|NR_all_61171.1|1, 3L|NR_all_61171.1|1"
6GSL,"RNA3DB","13|NR_all_65795.80|1, 14|NR_all_97519.74|1, 16|NR_all_42622.74|1, 1G|NR_all_65795.80|1, 1H|NR_all_97519.74|1, 1J|NR_all_42622.74|1, 1K|NR_all_24890.5|1, 1L|NR_all_24890.5|1, 2K|NR_all_35542.140|1, 2L|NR_all_35542.140|1, 3K|NR_all_12548.1|1, 3L|NR_all_12548.1|1"
6GSM,"RNA3DB","1|NR_all_81815.1|1, 2|NR_all_45441.2|1"
6GSN,"RNA3DB","1|NR_all_81815.1|1, 2|NR_all_45441.2|1"
6GTC,"RNA3DB","B|NR_all_36746.1|1"
6GTD,"RNA3DB","B|NR_all_36746.1|1"
6GTE,"RNA3DB","B|NR_all_36746.1|1"
6GTF,"RNA3DB","B|NR_all_36746.1|1"
6GTG,"RNA3DB","B|NR_all_36746.1|1"
6GV4,"RNA3DB","D|NR_all_98595.1|1"
6GVY,"RNA3DB","B|NR_all_63291.1|2, C|NR_all_63291.1|2"
6GWT,"RNA3DB","A|NR_all_83717.145|1, B|NR_all_10157.143|1, a|NR_all_56726.132|1, x|NR_all_35542.140|1"
6GX6,"RNA3DB","B|NR_all_98524.1|1"
6GXM,"RNA3DB","A|NR_all_83717.145|1, B|NR_all_10157.143|1, a|NR_all_56726.132|1, x|NR_all_35542.140|1"
6GXN,"RNA3DB","A|NR_all_83717.145|1, B|NR_all_10157.143|1, a|NR_all_56726.132|1, x|NR_all_35542.140|1"
6GXO,"RNA3DB","A|NR_all_83717.145|1, B|NR_all_10157.143|1, a|NR_all_56726.132|1, x|NR_all_35542.140|1"
6GXP,"RNA3DB","A|NR_all_83717.145|1, B|NR_all_10157.143|1, a|NR_all_56726.132|1"
6GYV,"RNA3DB","A|NR_all_57460.4|1"
6GZ3,"RNA3DB","A2|NR_all_06650.37|2, A3|NR_all_06650.37|2, A4|NR_all_10255.37|1, B1|NR_all_21280.33|1, Bv|NR_all_68467.12|1, Bw|NR_all_83593.5|1"
6GZ4,"RNA3DB","A2|NR_all_06650.37|2, A3|NR_all_06650.37|2, A4|NR_all_10255.37|1, B1|NR_all_21280.33|1, Bv|NR_all_68467.12|1, Bw|NR_all_01147.1|1"
6GZ5,"RNA3DB","A2|NR_all_06650.37|2, A3|NR_all_06650.37|2, A4|NR_all_10255.37|1, B1|NR_all_21280.33|1, Bv|NR_all_68467.12|1, Bw|NR_all_83593.5|1"
6GZK,"RNA3DB","A|NR_all_56431.1|1"
6GZQ,"RNA3DB","A1|NR_all_97519.74|1, A2|NR_all_65795.80|1, B1|NR_all_42622.74|1"
6GZR,"RNA3DB","A|NR_all_56431.1|1"
6GZX,"RNA3DB","A1|NR_all_97519.74|1, A2|NR_all_97519.74|1, A3|NR_all_65795.80|1, A4|NR_all_65795.80|1, B1|NR_all_42622.74|1, B2|NR_all_42622.74|1"
6GZZ,"RNA3DB","A1|NR_all_97519.74|1, A2|NR_all_97519.74|1, A3|NR_all_65795.80|1, A4|NR_all_65795.80|1, B1|NR_all_42622.74|1, B2|NR_all_42622.74|1"
6H0R,"RNA3DB","A|NR_all_13447.1|1, B|NR_all_13447.1|1"
6H25,"RNA3DB","R|NR_all_84781.1|1"
6H4N,"RNA3DB","A|NR_all_83717.145|1, B|NR_all_10157.143|1, I|NR_all_66381.1|1, a|NR_all_56726.132|1, w|NR_all_35542.140|1"
6H58,"RNA3DB","AA|NR_all_83717.145|1, A|NR_all_83717.145|1, BB|NR_all_10157.143|1, B|NR_all_10157.143|1, aa|NR_all_56726.132|1, a|NR_all_56726.132|1, ww|NR_all_35542.140|1, w|NR_all_35542.140|1"
6H5Q,"RNA3DB","R|NR_all_60226.1|1"
6H5S,"RNA3DB","E|NR_all_92073.1|1"
6H61,"RNA3DB","X|NR_all_36248.2|2, Y|NR_all_36248.2|2"
6H66,"RNA3DB","X|NR_all_36248.2|2, Y|NR_all_36248.2|2"
6H67,"RNA3DB","R|NR_all_34359.12|1"
6H68,"RNA3DB","R|NR_all_34359.12|1"
6H9H,"RNA3DB","D|NR_all_52030.1|1, E|NR_all_36664.1|1"
6H9I,"RNA3DB","C|NR_all_52030.1|1, E|NR_all_52030.1|1"
6HA1,"RNA3DB","A|NR_all_41610.20|1, B|NR_all_97435.16|1, a|NR_all_94066.10|1, x|NR_all_73216.6|1"
6HA8,"RNA3DB","A|NR_all_41610.20|1, B|NR_all_97435.16|1, a|NR_all_94066.10|1, x|NR_all_57792.1|1"
6HAG,"RNA3DB","A|NR_all_53123.1|1"
6HAK,"RNA3DB","E|NR_all_63549.1|2, F|NR_all_63549.1|2, P|NR_all_63549.1|2, T|NR_all_63549.1|2"
6HAU,"RNA3DB","D|NR_all_05648.1|1"
6HBC,"Casp15",""
6HBT,"RNA3DB","A|NR_all_91124.3|1"
6HBX,"RNA3DB","A|NR_all_91124.3|1"
6HC5,"RNA3DB","A|NR_all_91124.3|1"
6HCF,"RNA3DB","23|NR_all_68467.12|1, 52|NR_all_06650.37|2, 72|NR_all_10255.37|1, 82|NR_all_06650.37|2, A1|NR_all_21280.33|1"
6HCJ,"RNA3DB","33|NR_all_77343.4|1, 51|NR_all_06650.37|2, 71|NR_all_10255.37|1, 81|NR_all_06650.37|2, A2|NR_all_21280.33|1, q3|NR_all_22323.3|1"
6HCM,"RNA3DB","23|NR_all_68467.12|1, 52|NR_all_06650.37|2, 72|NR_all_10255.37|1, 82|NR_all_06650.37|2, A1|NR_all_21280.33|1"
6HCQ,"RNA3DB","33|NR_all_77343.4|1, 51|NR_all_06650.37|2, 71|NR_all_10255.37|1, 81|NR_all_06650.37|2, A2|NR_all_21280.33|1, q3|NR_all_22323.3|1"
6HCT,"RNA3DB","A|NR_all_07301.1|2, B|NR_all_07301.1|2, E|NR_all_02956.1|2, F|NR_all_02956.1|2"
6HD7,"RNA3DB","1|NR_all_90506.74|2, 3|NR_all_18586.69|1, 4|NR_all_90506.74|2, A|NR_all_45609.6|1, B|NR_all_32990.2|1"
6HHQ,"RNA3DB","1|NR_all_90506.74|2, 3|NR_all_18586.69|1, 4|NR_all_90506.74|2, AR|NR_all_90506.74|2, AS|NR_all_18586.69|1, AT|NR_all_90506.74|2, A|NR_all_03510.64|1, sR|NR_all_03510.64|1"
6HIV,"RNA3DB","AA|NR_all_42813.3|1, CA|NR_all_60828.6|1"
6HIW,"RNA3DB","CA|NR_all_60828.6|1"
6HIX,"RNA3DB","AA|NR_all_42813.3|1"
6HIY,"RNA3DB","CA|NR_all_60828.6|1"
6HIZ,"RNA3DB","CA|NR_all_60828.6|1"
6HKO,"RNA3DB","R|NR_all_37091.1|1"
6HLQ,"RNA3DB","R|NR_all_37091.1|1"
6HLR,"RNA3DB","R|NR_all_37091.1|1"
6HMA,"RNA3DB","A|NR_all_90633.23|1, B|NR_all_83891.22|1"
6HMI,"RNA3DB","A|NR_all_01039.2|2, B|NR_all_01039.2|2"
6HMO,"RNA3DB","A|NR_all_01039.2|2, B|NR_all_01039.2|2"
6HPJ,"RNA3DB","A|NR_all_58013.1|1"
6HRM,"RNA3DB","1|NR_all_83717.145|1, 3|NR_all_10157.143|1"
6HTQ,"RNA3DB","A|NR_all_41610.20|1, B|NR_all_97435.16|1, a|NR_all_94066.10|1, u|NR_all_75020.1|1, v|NR_all_59793.1|1, w|NR_all_19333.1|1"
6HTU,"RNA3DB","D|NR_all_37848.1|2, F|NR_all_37848.1|2"
6HU6,"RNA3DB","A|NR_all_37848.1|2, B|NR_all_07634.1|2, E|NR_all_37848.1|2, F|NR_all_07634.1|2"
6HXX,"RNA3DB","Aa|NR_all_97731.1|1, Ab|NR_all_97731.1|1, Ac|NR_all_97731.1|1, Ad|NR_all_97731.1|1, Ae|NR_all_97731.1|1, Af|NR_all_97731.1|1, Ag|NR_all_97731.1|1, Ah|NR_all_97731.1|1, Ai|NR_all_97731.1|1, Aj|NR_all_97731.1|1, Ak|NR_all_97731.1|1, Al|NR_all_97731.1|1, Am|NR_all_97731.1|1, An|NR_all_97731.1|1, Ao|NR_all_97731.1|1, Ap|NR_all_97731.1|1, Aq|NR_all_97731.1|1, Ar|NR_all_97731.1|1, As|NR_all_97731.1|1, At|NR_all_97731.1|1, Au|NR_all_97731.1|1, Av|NR_all_97731.1|1, Aw|NR_all_97731.1|1, Ax|NR_all_97731.1|1, Ay|NR_all_97731.1|1, Az|NR_all_97731.1|1, Ba|NR_all_97731.1|1, Bb|NR_all_97731.1|1, Bc|NR_all_97731.1|1, Bd|NR_all_97731.1|1, Be|NR_all_97731.1|1, Bf|NR_all_97731.1|1, Bg|NR_all_97731.1|1, Bh|NR_all_97731.1|1, Bi|NR_all_97731.1|1"
6HYK,"RNA3DB","A|NR_all_06460.1|1"
6HYU,"RNA3DB","B|NR_all_68616.1|1, D|NR_all_65223.11|1"
6I0T,"RNA3DB","B|NR_all_78372.5|1"
6I0U,"RNA3DB","B|NR_all_74924.26|1"
6I0V,"RNA3DB","B|NR_all_47295.1|1"
6I0Y,"RNA3DB","A|NR_all_83717.145|1, B|NR_all_10157.143|1, V|NR_all_56633.6|1"
6I1K,"RNA3DB","B|NR_all_88747.1|1"
6I1L,"RNA3DB","B|NR_all_88747.1|1, E|NR_all_88747.1|1"
6I1V,"RNA3DB","A|NR_all_16609.1|2, B|NR_all_16609.1|2"
6I1W,"RNA3DB","A|NR_all_05252.1|2, B|NR_all_05252.1|2"
6I2N,"RNA3DB","U|NR_all_92489.3|1"
6I3P,"RNA3DB","E|NR_all_58324.1|1, F|NR_all_58324.1|1, G|NR_all_58324.1|1, H|NR_all_58324.1|1"
6I7O,"RNA3DB","2b|NR_all_03510.64|1, 2|NR_all_03510.64|1, BQ|NR_all_90506.74|1, BR|NR_all_18586.69|1, BS|NR_all_13071.5|1, YQ|NR_all_90506.74|1, YR|NR_all_18586.69|1, YS|NR_all_13071.5|1, l|NR_all_57578.1|1, mb|NR_all_11689.6|1, m|NR_all_96274.2|1, nb|NR_all_38961.4|1, n|NR_all_60125.5|1"
6I7V,"RNA3DB","AA|NR_all_56726.132|1, BA|NR_all_56726.132|1, CA|NR_all_83717.145|1, CB|NR_all_10157.143|1, DA|NR_all_83717.145|1, DB|NR_all_10157.143|1"
6I84,"RNA3DB","P|NR_all_55630.1|1"
6I9R,"RNA3DB","A|NR_all_12763.29|1, B|NR_all_73428.23|1"
6IA2,"RNA3DB","A|NR_all_15094.1|2, B|NR_all_15094.1|2"
6IBQ,"RNA3DB","A|NR_all_73255.1|2, B|NR_all_73255.1|2"
6ICZ,"RNA3DB","B|NR_all_73286.27|1, F|NR_all_17578.3|2, H|NR_all_17578.3|2"
6ID0,"RNA3DB","B|NR_all_73286.27|1, F|NR_all_57834.4|2, H|NR_all_57834.4|2"
6ID1,"RNA3DB","B|NR_all_73286.27|1, F|NR_all_56135.1|2, H|NR_all_56135.1|2"
6IFK,"RNA3DB","J|NR_all_81676.1|2, N|NR_all_81676.1|2"
6IFL,"RNA3DB","I|NR_all_76225.1|2, J|NR_all_76225.1|2"
6IFN,"RNA3DB","N|NR_all_80808.1|1"
6IFO,"RNA3DB","C|NR_all_46651.2|1, D|NR_all_46651.2|1"
6IFR,"RNA3DB","J|NR_all_76225.1|2, N|NR_all_76225.1|2"
6IFU,"RNA3DB","I|NR_all_81676.1|2, J|NR_all_81676.1|2"
6IFY,"RNA3DB","I|NR_all_81676.1|2, J|NR_all_81676.1|2"
6IFZ,"RNA3DB","I|NR_all_81676.1|2, J|NR_all_81676.1|2"
6IG0,"RNA3DB","J|NR_all_81676.1|2, N|NR_all_81676.1|2"
6IID,"RNA3DB",""
6IJ2,"RNA3DB","E|NR_all_98428.4|1, F|NR_all_98428.4|1, G|NR_all_98428.4|1, H|NR_all_98428.4|1"
6INQ,"RNA3DB","P|NR_all_91940.1|1"
6IP5,"RNA3DB","1A|NR_all_65061.34|2, 1B|NR_all_52752.30|1, 1C|NR_all_65061.34|2, 2m|NR_all_46995.44|1, zu|NR_all_23520.1|1, zy|NR_all_23520.1|1"
6IP6,"RNA3DB","1A|NR_all_65061.34|2, 1B|NR_all_52752.30|1, 1C|NR_all_65061.34|2, 2m|NR_all_46995.44|1, zy|NR_all_23520.1|1, zz|NR_all_81584.1|1"
6IP8,"RNA3DB","1A|NR_all_65061.34|2, 1B|NR_all_52752.30|1, 1C|NR_all_65061.34|2, 2m|NR_all_46995.44|1, zy|NR_all_23520.1|1, zz|NR_all_81584.1|1"
6IQW,"RNA3DB","I|NR_all_68474.1|1"
6IR9,"RNA3DB","P|NR_all_21999.1|1"
6IS0,"RNA3DB","C|NR_all_23607.1|1"
6IV6,"RNA3DB","G|NR_all_74739.1|1"
6IV8,"RNA3DB","B|NR_all_65403.1|1, D|NR_all_65403.1|1"
6IV9,"RNA3DB","B|NR_all_65403.1|1"
6IZP,"RNA3DB","A|NR_all_51853.1|1"
6J4W,"RNA3DB","P|NR_all_71588.1|1"
6J4X,"RNA3DB","P|NR_all_34948.2|1"
6J4Y,"RNA3DB","P|NR_all_34948.2|1"
6J4Z,"RNA3DB","P|NR_all_21999.1|1"
6J50,"RNA3DB","P|NR_all_21999.1|1"
6J51,"RNA3DB","P|NR_all_34948.2|1"
6J6G,"RNA3DB","D|NR_all_38286.2|1, E|NR_all_01315.2|2, L|NR_all_01315.2|2"
6J6H,"RNA3DB","D|NR_all_38286.2|1, E|NR_all_01315.2|2, L|NR_all_01315.2|2"
6J6N,"RNA3DB","D|NR_all_38286.2|1, E|NR_all_01315.2|2, L|NR_all_01315.2|2"
6J6Q,"RNA3DB","D|NR_all_38286.2|1, E|NR_all_01315.2|2, L|NR_all_01315.2|2"
6J7Z,"RNA3DB","C|NR_all_21736.7|1"
6J9E,"RNA3DB","I|NR_all_39521.1|1"
6J9F,"RNA3DB","I|NR_all_39521.1|1"
6JBF,"RNA3DB","A|NR_all_71199.5|2, B|NR_all_71199.5|2, C|NR_all_71199.5|2, D|NR_all_71199.5|2"
6JBG,"RNA3DB","A|NR_all_71199.5|2, B|NR_all_71199.5|2, C|NR_all_71199.5|2, D|NR_all_71199.5|2"
6JBQ,"RNA3DB","I|NR_all_33189.1|1"
6JC3,"RNA3DB","N|NR_all_74924.26|1"
6JCX,"RNA3DB","I|NR_all_68486.2|1"
6JCY,"RNA3DB","I|NR_all_68486.2|1"
6JDQ,"RNA3DB","B|NR_all_38966.4|1"
6JDV,"RNA3DB","B|NR_all_38966.4|1"
6JE3,"RNA3DB","B|NR_all_38966.4|1"
6JE4,"RNA3DB","B|NR_all_38966.4|1, F|NR_all_38966.4|1, L|NR_all_38966.4|1, P|NR_all_38966.4|1"
6JE9,"RNA3DB","B|NR_all_38966.4|1, D|NR_all_38966.4|1"
6JFU,"RNA3DB","B|NR_all_38966.4|1"
6JIM,"RNA3DB","C|NR_all_60948.1|1, D|NR_all_60948.1|1"
6JJH,"RNA3DB","B|NR_all_07071.1|1"
6JJI,"RNA3DB","B|NR_all_28332.1|1"
6JNX,"RNA3DB","R|NR_all_55443.1|1"
6JOO,"RNA3DB","B|NR_all_62361.1|1"
6JQ5,"RNA Puzzles, RNA3DB","A|NR_all_18859.1|2, B|NR_all_18859.1|2"
6JQ6,"RNA Puzzles, RNA3DB","U|NR_all_85745.1|1"
6JVX,"RNA3DB","B|NR_all_97043.1|1"
6JXM,"RNA3DB","B|NR_all_62996.1|1"
6K0A,"RNA3DB","X|NR_all_52299.1|1, Y|NR_all_52299.1|1"
6K0B,"RNA3DB","U|NR_all_17762.1|1, V|NR_all_17762.1|1, X|NR_all_52299.1|1, Y|NR_all_52299.1|1"
6K32,"RNA3DB","p|NR_all_64976.1|2, t|NR_all_64976.1|2"
6K3K,"RNA3DB",""
6K3Z,"RNA3DB","A|NR_all_14386.1|1"
6K4P,"RNA3DB","A|NR_all_14386.1|1"
6K4Q,"RNA3DB","A|NR_all_14386.1|1"
6K4S,"RNA3DB","A|NR_all_14386.1|1"
6K4U,"RNA3DB","A|NR_all_14386.1|1"
6K57,"RNA3DB","A|NR_all_14386.1|1"
6K84,"RNA3DB","A|NR_all_50218.1|1"
6KC7,"RNA3DB","B|NR_all_38966.4|1"
6KC8,"RNA3DB","B|NR_all_38966.4|1"
6KE6,"RNA3DB","3A|NR_all_03510.64|3, 5A|NR_all_03510.64|3, SA|NR_all_03510.64|3"
6KJ6,"RNA3DB","I|NR_all_33189.1|1"
6KL9,"RNA3DB","G|NR_all_86183.1|1"
6KLB,"RNA3DB","E|NR_all_86183.1|1, G|NR_all_86183.1|1"
6KLE,"RNA3DB","B|NR_all_33615.1|1"
6KLH,"RNA3DB","B|NR_all_33615.1|1, D|NR_all_33615.1|1"
6KON,"RNA3DB","I|NR_all_33189.1|1"
6KOO,"RNA3DB","I|NR_all_84795.1|1"
6KOP,"RNA3DB","I|NR_all_20490.1|1"
6KOQ,"RNA3DB","I|NR_all_90532.1|1"
6KQD,"RNA3DB","I|NR_all_79699.2|1, S|NR_all_79699.2|1"
6KQE,"RNA3DB","I|NR_all_90795.7|1"
6KQF,"RNA3DB","I|NR_all_33189.1|1"
6KQG,"RNA3DB","I|NR_all_68486.2|1"
6KQH,"RNA3DB","I|NR_all_84795.1|1"
6KQL,"RNA3DB","I|NR_all_89748.1|1"
6KQM,"RNA3DB","I|NR_all_20925.1|1"
6KQN,"RNA3DB","I|NR_all_21296.1|1"
6KR6,"RNA3DB","B|NR_all_67557.1|1"
6KTC,"RNA3DB","V|NR_all_78647.1|1"
6KUG,"RNA3DB","B|NR_all_78647.1|1"
6KUJ,"RNA3DB","R|NR_all_01428.1|2, V|NR_all_01428.1|2"
6KUK,"RNA3DB","R|NR_all_56002.1|2, V|NR_all_56002.1|2"
6KUP,"RNA3DB","R|NR_all_56002.1|2, V|NR_all_56002.1|2"
6KUR,"RNA3DB","R|NR_all_04437.1|2, V|NR_all_04437.1|2"
6KUT,"RNA3DB","R|NR_all_04437.1|2, V|NR_all_04437.1|2"
6KUU,"RNA3DB","R|NR_all_04437.1|2, V|NR_all_04437.1|2"
6KUV,"RNA3DB","R|NR_all_58872.1|2, V|NR_all_58872.1|2"
6KWQ,"RNA3DB","B|NR_all_93820.1|2, C|NR_all_93820.1|2"
6KWR,"RNA3DB","B|NR_all_03163.1|2, C|NR_all_03163.1|2"
6KYV,"RNA3DB","A|NR_all_01689.1|1, C|NR_all_01689.1|1, E|NR_all_01689.1|1, G|NR_all_01689.1|1, I|NR_all_01689.1|1, K|NR_all_01689.1|1"
6L0Y,"RNA3DB","A|NR_all_70696.1|1, B|NR_all_70696.1|1"
6L1W,"RNA3DB","C|NR_all_28499.1|1"
6L5N,"RNA3DB","C|NR_all_76549.1|1, D|NR_all_51514.1|1"
6L74,"RNA3DB","I|NR_all_04288.4|1"
6LAS,"RNA3DB","A|NR_all_47836.1|1, B|NR_all_47836.1|1"
6LAU,"RNA3DB","A|NR_all_47836.1|1, B|NR_all_47836.1|1"
6LAX,"RNA3DB","A|NR_all_47836.1|1, B|NR_all_47836.1|1"
6LAZ,"RNA3DB","A|NR_all_47836.1|1, B|NR_all_47836.1|1"
6LDI,"RNA3DB","3|NR_all_33189.1|1"
6LKQ,"RNA3DB","s|NR_all_56726.132|1, t|NR_all_83717.145|1, u|NR_all_10157.143|1, w|NR_all_35284.1|1"
6LLB,"RNA3DB","C|NR_all_81754.1|1, D|NR_all_25498.1|1"
6LNB,"RNA3DB","M|NR_all_11167.1|1"
6LNC,"RNA3DB","M|NR_all_11167.1|1"
6LQM,"RNA3DB","2|NR_all_65061.34|2, 5|NR_all_52752.30|1, 8|NR_all_65061.34|2"
6LQP,"RNA3DB","3A|NR_all_03510.64|3, 5A|NR_all_03510.64|3, SA|NR_all_03510.64|3"
6LQQ,"RNA3DB","3A|NR_all_03510.64|3, 5A|NR_all_03510.64|3, SA|NR_all_03510.64|3"
6LQR,"RNA3DB","3A|NR_all_03510.64|3, 5A|NR_all_03510.64|3, SA|NR_all_03510.64|3"
6LQS,"RNA3DB","3A|NR_all_47865.1|2, 5A|NR_all_47865.1|2, SA|NR_all_03510.64|1"
6LQT,"RNA3DB","3A|NR_all_03510.64|3, 5A|NR_all_03510.64|3, SA|NR_all_03510.64|3"
6LQU,"RNA3DB","3A|NR_all_03510.64|3, 5A|NR_all_03510.64|3, SA|NR_all_03510.64|3"
6LQV,"RNA3DB","3A|NR_all_03510.64|3, 5A|NR_all_03510.64|3, SA|NR_all_03510.64|3"
6LSE,"RNA3DB","B|NR_all_49195.1|2, C|NR_all_49195.1|2"
6LSF,"RNA3DB","B|NR_all_07714.1|2, C|NR_all_07714.1|2"
6LSG,"RNA3DB","B|NR_all_45731.1|2, C|NR_all_45731.1|2"
6LSH,"RNA3DB","B|NR_all_09807.1|2, C|NR_all_09807.1|2"
6LSR,"RNA3DB","2|NR_all_65061.34|2, 5|NR_all_52752.30|1, 8|NR_all_65061.34|2"
6LSS,"RNA3DB","2|NR_all_65061.34|2, 5|NR_all_52752.30|1, 8|NR_all_65061.34|2"
6LT7,"RNA3DB","C|NR_all_25335.1|1, F|NR_all_25335.1|1"
6LTP,"RNA3DB","B|NR_all_26368.1|1, H|NR_all_26368.1|1"
6LTR,"RNA3DB","B|NR_all_26368.1|1"
6LTU,"RNA3DB","B|NR_all_26368.1|1"
6LU0,"RNA3DB","B|NR_all_26368.1|1"
6LU8,"RNA3DB","2|NR_all_65061.34|2, 5|NR_all_52752.30|1, 8|NR_all_65061.34|2"
6LVR,"RNA3DB","B|NR_all_83593.5|1, D|NR_all_83593.5|1"
6LXD,"RNA3DB","D|NR_all_88542.1|1"
6M0V,"RNA3DB","B|NR_all_59327.1|1"
6M0W,"RNA3DB","B|NR_all_59327.1|1"
6M0X,"RNA3DB","B|NR_all_59327.1|1"
6M62,"RNA3DB","1|NR_all_90506.74|2, 2|NR_all_90506.74|2, 3|NR_all_18586.69|1, 6|NR_all_18489.10|1"
6M6C,"RNA3DB","R|NR_all_90848.1|1"
6M6R,"RNA3DB","B|NR_all_71389.1|1"
6M6S,"RNA3DB","C|NR_all_37536.1|2, D|NR_all_37536.1|2"
6M6V,"RNA3DB","E|NR_all_65223.11|1, F|NR_all_65223.11|1, G|NR_all_65223.11|1"
6M7D,"RNA3DB","B|NR_all_74924.26|1"
6M7K,"RNA3DB","B|NR_all_78109.1|1"
6MCB,"RNA3DB","B|NR_all_15683.2|1"
6MCC,"RNA3DB","B|NR_all_15683.2|1"
6MCE,"RNA3DB","A|NR_all_07356.1|1"
6MCF,"RNA3DB","A|NR_all_88023.1|1"
6MCI,"RNA3DB","A|NR_all_88023.1|1"
6MDZ,"RNA3DB","C|NR_all_94871.2|2, D|NR_all_94871.2|2, E|NR_all_94871.2|2, F|NR_all_94871.2|2"
6ME0,"RNA3DB","A|NR_all_26496.2|1"
6MEC,"RNA3DB","A|NR_all_26496.2|1"
6MFN,"RNA3DB","C|NR_all_18726.1|2, E|NR_all_18726.1|2"
6MFR,"RNA3DB","C|NR_all_94871.2|2, D|NR_all_94871.2|2, E|NR_all_94871.2|2, F|NR_all_94871.2|2"
6MJ0,"RNA3DB","A|NR_all_79426.1|1, B|NR_all_79426.1|1"
6MKN,"RNA3DB","A|NR_all_65795.80|1, W|NR_all_35459.1|2, X|NR_all_35459.1|2"
6MPF,"RNA3DB","A|NR_all_65795.80|1, W|NR_all_78414.1|2, X|NR_all_78414.1|2"
6MPI,"RNA3DB","A|NR_all_65795.80|1, W|NR_all_66570.1|2, X|NR_all_66570.1|2"
6MSF,"RNA3DB","R|NR_all_31286.1|1, S|NR_all_11942.1|1"
6MTB,"RNA3DB","2|NR_all_68467.12|1, 4|NR_all_33997.1|1, 5|NR_all_06650.37|2, 7|NR_all_10255.37|1, 8|NR_all_06650.37|2, 9|NR_all_21280.33|1"
6MTC,"RNA3DB","4|NR_all_33997.1|1, 5|NR_all_06650.37|2, 7|NR_all_10255.37|1, 8|NR_all_06650.37|2, 9|NR_all_21280.33|1"
6MTD,"RNA3DB","5|NR_all_06650.37|2, 7|NR_all_10255.37|1, 8|NR_all_06650.37|2, 9|NR_all_21280.33|1"
6MTE,"RNA3DB","5|NR_all_06650.37|2, 7|NR_all_10255.37|1, 8|NR_all_06650.37|2, 9|NR_all_21280.33|1"
6MUR,"RNA3DB","G|NR_all_20773.1|2, H|NR_all_20773.1|2"
6MUS,"RNA3DB","G|NR_all_20773.1|2, H|NR_all_20773.1|2"
6MUT,"RNA3DB","G|NR_all_20773.1|2, H|NR_all_20773.1|2"
6MUU,"RNA3DB","G|NR_all_20773.1|1"
6MWN,"RNA3DB","A|NR_all_60628.1|1, B|NR_all_60628.1|1"
6MXQ,"RNA3DB","A|NR_all_66956.1|1"
6N1D,"RNA3DB","A16S|NR_all_65795.80|1, A23S|NR_all_97519.74|1, A5S|NR_all_42622.74|1, APTN|NR_all_69813.13|1, B16S|NR_all_65795.80|1, B23S|NR_all_97519.74|1, B5S|NR_all_42622.74|1, BATN|NR_all_89292.6|1, BPTN|NR_all_69813.13|1"
6N2V,"RNA3DB","A|NR_all_70719.1|1, B|NR_all_70719.1|1"
6N4O,"RNA3DB","C|NR_all_97675.1|2, D|NR_all_97675.1|2"
6N5K,"RNA3DB","A|NR_all_94866.2|1"
6N5N,"RNA3DB","A|NR_all_94866.2|1"
6N5O,"RNA3DB","A|NR_all_94866.2|1"
6N5P,"RNA3DB","A|NR_all_94866.2|1"
6N5Q,"RNA3DB","A|NR_all_94866.2|1"
6N5S,"RNA3DB","A|NR_all_94866.2|1"
6N5T,"RNA3DB","A|NR_all_94866.2|1"
6N6A,"RNA3DB","D|NR_all_98428.4|1"
6N6C,"RNA3DB","D|NR_all_53003.3|1"
6N6D,"RNA3DB","D|NR_all_81965.2|1"
6N6E,"RNA3DB","D|NR_all_04288.4|1"
6N6F,"RNA3DB","D|NR_all_65789.2|1"
6N6G,"RNA3DB","D|NR_all_08576.4|1"
6N6H,"RNA3DB","D|NR_all_25419.1|1"
6N6I,"RNA3DB","C|NR_all_98428.4|1, D|NR_all_98428.4|1"
6N6J,"RNA3DB","C|NR_all_53003.3|1, D|NR_all_53003.3|1"
6N6K,"RNA3DB","C|NR_all_81965.2|1, D|NR_all_81965.2|1"
6N7P,"RNA3DB","R|NR_all_34961.4|1"
6N7R,"RNA3DB","R|NR_all_34961.4|1"
6N7X,"RNA3DB","R|NR_all_34961.4|1"
6N8F,"RNA3DB","A|NR_all_77812.1|2, B|NR_all_77812.1|2"
6N8H,"RNA3DB","A|NR_all_66016.1|2, B|NR_all_66016.1|2"
6N8I,"RNA3DB","A|NR_all_86437.1|2, B|NR_all_86437.1|2"
6N8J,"RNA3DB","1|NR_all_90506.74|2, 2|NR_all_18586.69|1, 3|NR_all_90506.74|2"
6N8K,"RNA3DB","1|NR_all_90506.74|2, 2|NR_all_18586.69|1, 3|NR_all_90506.74|2"
6N8L,"RNA3DB","1|NR_all_90506.74|2, 2|NR_all_18586.69|1, 3|NR_all_90506.74|2"
6N8M,"RNA3DB","A|NR_all_90506.74|2, B|NR_all_18586.69|1, C|NR_all_90506.74|2"
6N8N,"RNA3DB","A|NR_all_90506.74|2, B|NR_all_18586.69|1, C|NR_all_90506.74|2"
6N8O,"RNA3DB","A|NR_all_90506.74|2, B|NR_all_18586.69|1, C|NR_all_90506.74|2"
6N9E,"RNA3DB","1A|NR_all_97519.74|1, 1B|NR_all_42622.74|1, 1a|NR_all_65795.80|1, 1x|NR_all_35542.140|1, 2A|NR_all_97519.74|1, 2B|NR_all_42622.74|1, 2a|NR_all_65795.80|1, 2w|NR_all_60049.5|1, 2x|NR_all_35542.140|1"
6N9F,"RNA3DB","1A|NR_all_97519.74|1, 1B|NR_all_42622.74|1, 1a|NR_all_65795.80|1, 1x|NR_all_35542.140|1, 2A|NR_all_97519.74|1, 2B|NR_all_42622.74|1, 2a|NR_all_65795.80|1, 2x|NR_all_35542.140|1"
6N9U,"RNA3DB","P|NR_all_11911.1|1"
6N9V,"RNA3DB","P|NR_all_11911.1|1"
6N9W,"RNA3DB","P|NR_all_11911.1|1"
6N9X,"RNA3DB","P|NR_all_11911.1|1"
6NBJ,"RNA3DB","C|NR_all_65848.1|1"
6ND4,"RNA3DB","0|NR_all_72470.1|2, 2|NR_all_72470.1|2"
6ND5,"RNA3DB","1A|NR_all_97519.74|1, 1B|NR_all_42622.74|1, 1a|NR_all_65795.80|1, 1w|NR_all_19951.88|1, 1x|NR_all_35542.140|1, 1y|NR_all_19951.88|1, 2A|NR_all_97519.74|1, 2B|NR_all_42622.74|1, 2a|NR_all_65795.80|1, 2w|NR_all_19951.88|1, 2x|NR_all_35542.140|1, 2y|NR_all_19951.88|1"
6ND6,"RNA3DB","1A|NR_all_97519.74|1, 1B|NR_all_42622.74|1, 1a|NR_all_65795.80|1, 1w|NR_all_69813.13|1, 1x|NR_all_35542.140|1, 1y|NR_all_69813.13|1, 2A|NR_all_97519.74|1, 2B|NR_all_42622.74|1, 2a|NR_all_65795.80|1, 2w|NR_all_69813.13|1, 2x|NR_all_35542.140|1, 2y|NR_all_69813.13|1"
6NDK,"RNA3DB","QA|NR_all_65795.80|1, QV|NR_all_35542.140|1, RA|NR_all_97519.74|1, RB|NR_all_42622.74|1, XA|NR_all_65795.80|1, XV|NR_all_35542.140|1, YA|NR_all_97519.74|1, YB|NR_all_42622.74|1"
6NE0,"RNA3DB","M|NR_all_11200.1|1"
6NEQ,"RNA3DB","A|NR_all_79353.1|1"
6NF8,"RNA3DB","A|NR_all_79353.1|1"
6NIT,"RNA3DB","C|NR_all_41844.1|2, D|NR_all_41844.1|2, E|NR_all_41844.1|2, F|NR_all_41844.1|2"
6NM9,"RNA3DB","E|NR_all_44580.1|1, G|NR_all_44580.1|1"
6NMA,"RNA3DB","G|NR_all_44580.1|1"
6NMC,"RNA3DB","G|NR_all_44580.1|1"
6NMD,"RNA3DB","G|NR_all_44580.1|1"
6NME,"RNA3DB","G|NR_all_44580.1|1"
6NOA,"RNA3DB","A|NR_all_40944.1|1"
6NOC,"RNA3DB","B|NR_all_24114.1|1"
6NOD,"RNA3DB","D|NR_all_51454.1|1, E|NR_all_51454.1|1, F|NR_all_51454.1|1"
6NOF,"RNA3DB","B|NR_all_24114.1|1"
6NOH,"RNA3DB","B|NR_all_24114.1|1"
6NQB,"RNA3DB","A|NR_all_56726.132|1"
6NSH,"RNA3DB","QA|NR_all_65795.80|1, QV|NR_all_52787.1|2, QX|NR_all_52787.1|2, RA|NR_all_97519.74|1, RB|NR_all_42622.74|1, XA|NR_all_65795.80|1, YA|NR_all_97519.74|1, YB|NR_all_42622.74|1"
6NTA,"RNA3DB","QA|NR_all_65795.80|1, QV|NR_all_52787.1|1, RA|NR_all_97519.74|1, RB|NR_all_42622.74|1, XA|NR_all_65795.80|1, XV|NR_all_52787.1|2, XX|NR_all_52787.1|2, YA|NR_all_97519.74|1, YB|NR_all_42622.74|1"
6NU2,"RNA3DB","AA|NR_all_93855.17|1, A|NR_all_12763.29|1, B|NR_all_46354.1|1, u|NR_all_19793.1|1"
6NU3,"RNA3DB","AA|NR_all_93855.17|1, A|NR_all_12763.29|1, B|NR_all_46354.1|1, u|NR_all_19793.1|1"
6NUD,"RNA3DB","H|NR_all_79722.1|2, U|NR_all_79722.1|2"
6NUE,"RNA3DB","H|NR_all_79722.1|1"
6NUO,"RNA3DB","QA|NR_all_65795.80|1, QV|NR_all_56101.4|1, RA|NR_all_97519.74|1, RB|NR_all_42622.74|1, XA|NR_all_65795.80|1, XV|NR_all_56101.4|1, YA|NR_all_97519.74|1, YB|NR_all_42622.74|1"
6NUT,"RNA3DB","D|NR_all_61996.1|1"
6NWY,"RNA3DB","QA|NR_all_65795.80|1, QV|NR_all_75816.1|1, RA|NR_all_97519.74|1, RB|NR_all_42622.74|1, XA|NR_all_65795.80|1, XV|NR_all_75816.1|1, YA|NR_all_97519.74|1, YB|NR_all_42622.74|1"
6NY1,"RNA3DB","B|NR_all_67927.1|1"
6NY2,"RNA3DB","B|NR_all_96115.1|1"
6NY3,"RNA3DB","B|NR_all_96115.1|1"
6NY5,"RNA3DB","C|NR_all_12115.1|1"
6NY6,"RNA3DB","A|NR_all_65795.80|1"
6O0X,"RNA3DB","B|NR_all_20965.3|1"
6O0Y,"RNA3DB","B|NR_all_20965.3|1"
6O0Z,"RNA3DB","B|NR_all_20965.3|1"
6O16,"RNA3DB","C|NR_all_58704.1|1, D|NR_all_58704.1|1"
6O1K,"RNA3DB","O|NR_all_86185.1|1, P|NR_all_86185.1|1"
6O1L,"RNA3DB","O|NR_all_86185.1|1, P|NR_all_86185.1|1"
6O1M,"RNA3DB","O|NR_all_86185.1|1, P|NR_all_86185.1|1"
6O1O,"RNA3DB","M|NR_all_22049.1|2, N|NR_all_22049.1|2"
6O3M,"RNA3DB","QA|NR_all_65795.80|1, QV|NR_all_56101.4|1, RA|NR_all_97519.74|1, RB|NR_all_42622.74|1, XA|NR_all_65795.80|1, XV|NR_all_56101.4|1, YA|NR_all_97519.74|1, YB|NR_all_42622.74|1"
6O5F,"RNA3DB","C|NR_all_94767.1|2, D|NR_all_94767.1|2"
6O6C,"RNA3DB","K|NR_all_33912.6|1"
6O6V,"RNA3DB","C|NR_all_64918.25|1, D|NR_all_64918.25|1"
6O6X,"RNA3DB","C|NR_all_64918.25|1, D|NR_all_64918.25|1"
6O75,"RNA3DB","C|NR_all_12827.1|1, D|NR_all_12827.1|1"
6O78,"RNA3DB","E|NR_all_65380.1|1"
6O79,"RNA3DB","C|NR_all_65223.11|1"
6O7B,"RNA3DB","C|NR_all_64918.25|1, D|NR_all_64918.25|1"
6O7E,"RNA3DB","G|NR_all_20773.1|2, H|NR_all_20773.1|2"
6O7H,"RNA3DB","G|NR_all_20773.1|2, H|NR_all_20773.1|2, K|NR_all_64918.25|1"
6O7I,"RNA3DB","G|NR_all_20773.1|2, H|NR_all_20773.1|2, I|NR_all_64918.25|1"
6O7K,"RNA3DB","g|NR_all_56726.132|1, v|NR_all_35542.140|1"
6O8W,"RNA3DB","A|NR_all_98632.6|1, B|NR_all_12971.6|1, a|NR_all_66687.6|1, u|NR_all_45742.1|1"
6O8X,"RNA3DB","A|NR_all_98632.6|1, B|NR_all_12971.6|1, a|NR_all_66687.6|1"
6O8Y,"RNA3DB","A|NR_all_98632.6|1, B|NR_all_12971.6|1, a|NR_all_66687.6|1"
6O8Z,"RNA3DB","A|NR_all_98632.6|1, B|NR_all_12971.6|1, a|NR_all_66687.6|1"
6O90,"RNA3DB","A|NR_all_98632.6|1, B|NR_all_12971.6|1, a|NR_all_66687.6|1"
6O97,"RNA3DB","1A|NR_all_97519.74|1, 1B|NR_all_42622.74|1, 1a|NR_all_65795.80|1, 1w|NR_all_69813.13|1, 1x|NR_all_35542.140|1, 1y|NR_all_69813.13|1, 2A|NR_all_97519.74|1, 2B|NR_all_42622.74|1, 2a|NR_all_65795.80|1, 2w|NR_all_69813.13|1, 2x|NR_all_35542.140|1, 2y|NR_all_69813.13|1"
6O9J,"RNA3DB","A|NR_all_10157.143|1, B|NR_all_83717.145|1, a|NR_all_56726.132|1, v|NR_all_19951.88|1"
6O9K,"RNA3DB","A|NR_all_83717.145|1, X|NR_all_10157.143|1, a|NR_all_56726.132|1, y|NR_all_35542.140|1"
6OD9,"RNA3DB","A|NR_all_72776.2|1, B|NR_all_72776.2|1"
6OF1,"RNA3DB","1A|NR_all_97519.74|1, 1B|NR_all_42622.74|1, 1a|NR_all_65795.80|1, 1w|NR_all_69813.13|1, 1x|NR_all_35542.140|1, 1y|NR_all_69813.13|1, 2A|NR_all_97519.74|1, 2B|NR_all_42622.74|1, 2a|NR_all_65795.80|1, 2w|NR_all_69813.13|1, 2x|NR_all_35542.140|1, 2y|NR_all_69813.13|1"
6OF6,"RNA3DB","QA|NR_all_65795.80|1, QV|NR_all_35542.140|1, QW|NR_all_20585.3|1, QY|NR_all_20585.3|1, RA|NR_all_97519.74|1, RB|NR_all_42622.74|1, XA|NR_all_65795.80|1, XV|NR_all_35542.140|1, XW|NR_all_20585.3|1, XY|NR_all_20585.3|1, YA|NR_all_97519.74|1, YB|NR_all_42622.74|1"
6OFX,"RNA3DB","1|NR_all_83717.145|1, 2|NR_all_10157.143|1, 3|NR_all_56726.132|1, 5|NR_all_35542.140|1"
6OG7,"RNA3DB","1|NR_all_83717.145|1, 2|NR_all_10157.143|1, 3|NR_all_56726.132|1, 5|NR_all_35542.140|1"
6OGF,"RNA3DB","1|NR_all_83717.145|1, 2|NR_all_10157.143|1, 3|NR_all_56726.132|1, 5|NR_all_35542.140|1"
6OGG,"RNA3DB","1|NR_all_83717.145|1, 2|NR_all_10157.143|1, 3|NR_all_56726.132|1, 5|NR_all_35542.140|1"
6OGI,"RNA3DB","1|NR_all_83717.145|1, 2|NR_all_10157.143|1, 3|NR_all_56726.132|1, 5|NR_all_35542.140|1"
6OGY,"RNA3DB","M|NR_all_45734.1|1, N|NR_all_73186.1|1"
6OGZ,"RNA3DB","B|NR_all_30784.1|2, C|NR_all_30784.1|2"
6OIG,"RNA3DB","5|NR_all_90506.74|2, 7|NR_all_18586.69|1, 8|NR_all_90506.74|2"
6OJ2,"RNA3DB","QA|NR_all_65795.80|1, QV|NR_all_35542.140|1, QW|NR_all_20585.3|1, QY|NR_all_20585.3|1, RA|NR_all_97519.74|1, RB|NR_all_42622.74|1, XA|NR_all_65795.80|1, XV|NR_all_35542.140|1, XW|NR_all_20585.3|1, XY|NR_all_20585.3|1, YA|NR_all_97519.74|1, YB|NR_all_42622.74|1"
6OJ6,"RNA3DB","T|NR_all_43127.1|2, U|NR_all_43127.1|2"
6OKK,"RNA3DB","A|NR_all_45231.2|1, g|NR_all_50753.2|1"
6OL3,"RNA Puzzles, RNA3DB","C|NR_all_80225.1|1"
6OLE,"RNA3DB","D|NR_all_65061.34|2, E|NR_all_52752.30|1, S2|NR_all_46995.44|1, t|NR_all_65061.34|2, u|NR_all_17351.3|1, v|NR_all_28207.3|1"
6OLF,"RNA3DB","D|NR_all_65061.34|2, E|NR_all_52752.30|1, S2|NR_all_46995.44|1, t|NR_all_65061.34|2, u|NR_all_17351.3|1, v|NR_all_28207.3|1"
6OLG,"RNA3DB","A2|NR_all_65061.34|2, A3|NR_all_65061.34|2, A4|NR_all_52752.30|1, B1|NR_all_46995.44|1, Bv|NR_all_17351.3|1"
6OLI,"RNA3DB","D|NR_all_65061.34|2, E|NR_all_52752.30|1, S2|NR_all_46995.44|1, t|NR_all_65061.34|2, u|NR_all_17351.3|1, v|NR_all_28207.3|1"
6OLZ,"RNA3DB","A2|NR_all_65061.34|2, A3|NR_all_65061.34|2, A4|NR_all_52752.30|1, B1|NR_all_46995.44|1, Bv|NR_all_17351.3|1"
6OM0,"RNA3DB","D|NR_all_65061.34|2, E|NR_all_52752.30|1, S2|NR_all_46995.44|1, t|NR_all_65061.34|2, u|NR_all_17351.3|1, v|NR_all_28207.3|1"
6OM6,"RNA3DB","1|NR_all_83717.145|1, 2|NR_all_56726.132|1, 3|NR_all_10157.143|1, 5|NR_all_05887.2|1"
6OM7,"RNA3DB","D|NR_all_65061.34|2, E|NR_all_52752.30|1, S2|NR_all_46995.44|1, t|NR_all_65061.34|2, u|NR_all_17351.3|1, v|NR_all_28207.3|1"
6OMV,"RNA3DB","G|NR_all_44580.1|1"
6OON,"RNA3DB","B|NR_all_83188.1|1"
6OPE,"RNA3DB","QA|NR_all_65795.80|1, QV|NR_all_35542.140|1, QY|NR_all_20585.3|1, RA|NR_all_97519.74|1, RB|NR_all_42622.74|1, XA|NR_all_65795.80|1, XV|NR_all_35542.140|1, XY|NR_all_20585.3|1, YA|NR_all_97519.74|1, YB|NR_all_42622.74|1"
6ORD,"RNA3DB","QA|NR_all_65795.80|1, QV|NR_all_35542.140|1, QY|NR_all_20585.3|1, RA|NR_all_97519.74|1, RB|NR_all_42622.74|1, XA|NR_all_65795.80|1, XV|NR_all_35542.140|1, XY|NR_all_20585.3|1, YA|NR_all_97519.74|1, YB|NR_all_42622.74|1"
6ORE,"RNA3DB","1|NR_all_83717.145|1, 2|NR_all_56726.132|1, 3|NR_all_10157.143|1, 5|NR_all_35542.140|1"
6ORL,"RNA3DB","1|NR_all_83717.145|1, 2|NR_all_56726.132|1, 3|NR_all_10157.143|1, 5|NR_all_35542.140|1"
6OSI,"RNA3DB","QA|NR_all_65795.80|1, QV|NR_all_95053.1|1, RA|NR_all_97519.74|1, RB|NR_all_42622.74|1, XA|NR_all_65795.80|1, XV|NR_all_95053.1|1, YA|NR_all_97519.74|1, YB|NR_all_42622.74|1"
6OSK,"RNA3DB","1|NR_all_83717.145|1, 2|NR_all_56726.132|1, 3|NR_all_10157.143|1, 5|NR_all_35542.140|1"
6OSQ,"RNA3DB","1|NR_all_83717.145|1, 2|NR_all_56726.132|1, 3|NR_all_10157.143|1, 5|NR_all_35542.140|1"
6OST,"RNA3DB","1|NR_all_83717.145|1, 2|NR_all_56726.132|1, 3|NR_all_10157.143|1, 5|NR_all_35542.140|1"
6OT3,"RNA3DB","1|NR_all_83717.145|1, 2|NR_all_56726.132|1, 3|NR_all_10157.143|1, 5|NR_all_35542.140|1"
6OTR,"RNA3DB","QA|NR_all_65795.80|1, QV|NR_all_35542.140|1, QW|NR_all_35542.140|1, RA|NR_all_97519.74|1, RB|NR_all_42622.74|1, XA|NR_all_65795.80|1, XV|NR_all_35542.140|1, XW|NR_all_35542.140|1, YA|NR_all_97519.74|1, YB|NR_all_42622.74|1"
6OUO,"RNA3DB","1|NR_all_83717.145|1, 2|NR_all_56726.132|1, 3|NR_all_10157.143|1, 5|NR_all_35542.140|1"
6OV0,"RNA3DB","E|NR_all_64918.25|1, F|NR_all_64918.25|1, G|NR_all_64918.25|1, H|NR_all_64918.25|1"
6OVR,"RNA3DB","I|NR_all_57614.1|1"
6OVY,"RNA3DB","I|NR_all_32986.3|1"
6OW3,"RNA3DB","I|NR_all_32986.3|1"
6OWL,"RNA3DB","A|NR_all_01949.5|1, B|NR_all_98428.4|1, C|NR_all_98428.4|1"
6OXA,"RNA3DB","QA|NR_all_65795.80|1, QV|NR_all_35542.140|1, QW|NR_all_35542.140|1, RA|NR_all_97519.74|1, RB|NR_all_42622.74|1, XA|NR_all_65795.80|1, XV|NR_all_35542.140|1, XW|NR_all_35542.140|1, YA|NR_all_97519.74|1, YB|NR_all_42622.74|1"
6OXI,"RNA3DB","QA|NR_all_65795.80|1, QV|NR_all_35542.140|1, RA|NR_all_97519.74|1, RB|NR_all_42622.74|1, XA|NR_all_65795.80|1, XV|NR_all_35542.140|1, YA|NR_all_97519.74|1, YB|NR_all_42622.74|1"
6OY5,"RNA3DB","I|NR_all_98428.4|1"
6OY6,"RNA3DB","I|NR_all_32986.3|1"
6OY7,"RNA3DB","I|NR_all_00732.1|1"
6OZF,"RNA3DB",""
6OZG,"RNA3DB",""
6OZH,"RNA3DB",""
6OZI,"RNA3DB",""
6OZJ,"RNA3DB","C|NR_all_99000.2|2, D|NR_all_99000.2|2"
6OZK,"RNA3DB","C|NR_all_99000.2|2, D|NR_all_99000.2|2"
6OZL,"RNA3DB","C|NR_all_99000.2|2, D|NR_all_99000.2|2"
6OZM,"RNA3DB","C|NR_all_99000.2|2, D|NR_all_99000.2|2"
6OZN,"RNA3DB","C|NR_all_99000.2|2, D|NR_all_99000.2|2"
6OZO,"RNA3DB","C|NR_all_99000.2|2, D|NR_all_99000.2|2"
6OZP,"RNA3DB","C|NR_all_37706.1|2, D|NR_all_37706.1|2, c|NR_all_97453.1|1, d|NR_all_97453.1|1"
6OZQ,"RNA3DB","C|NR_all_99000.2|2, D|NR_all_99000.2|2"
6OZR,"RNA3DB","C|NR_all_99000.2|2, D|NR_all_99000.2|2"
6OZS,"RNA3DB","C|NR_all_37706.1|2, D|NR_all_37706.1|2, c|NR_all_97453.1|1, d|NR_all_97453.1|1"
6P18,"RNA3DB","R|NR_all_55512.1|1"
6P19,"RNA3DB","R|NR_all_83369.1|1"
6P1S,"RNA3DB",""
6P1U,"RNA3DB",""
6P2H,"RNA Puzzles, RNA3DB","A|NR_all_23920.1|1"
6P4G,"RNA3DB","1|NR_all_04836.1|1, 2|NR_all_21280.33|1"
6P4H,"RNA3DB","1|NR_all_04836.1|1, 2|NR_all_21280.33|1"
6P5I,"RNA3DB","1|NR_all_04836.1|1, 2|NR_all_21280.33|1, 5|NR_all_06650.37|2, 7|NR_all_10255.37|1, 8|NR_all_06650.37|2"
6P5J,"RNA3DB","1|NR_all_04836.1|1, 2|NR_all_21280.33|1, 5|NR_all_06650.37|2, 7|NR_all_10255.37|1, 8|NR_all_06650.37|2"
6P5K,"RNA3DB","1|NR_all_04836.1|1, 2|NR_all_21280.33|1, 5|NR_all_06650.37|2, 7|NR_all_10255.37|1, 8|NR_all_06650.37|2"
6P5N,"RNA3DB","1|NR_all_78250.1|1, 2|NR_all_21280.33|1, 5|NR_all_06650.37|2, 7|NR_all_10255.37|1, 8|NR_all_06650.37|2"
6P71,"RNA3DB","I|NR_all_05788.1|1"
6P7M,"RNA3DB","B|NR_all_67137.1|1"
6P7N,"RNA3DB","B|NR_all_67137.1|1, F|NR_all_67137.1|1"
6P7P,"RNA3DB","D|NR_all_65223.11|1, E|NR_all_65223.11|1, F|NR_all_65223.11|1"
6P7Q,"RNA3DB","D|NR_all_53003.3|1, E|NR_all_53003.3|1, F|NR_all_53003.3|1"
6PB4,"RNA3DB","3|NR_all_01665.1|1"
6PC5,"RNA3DB","I|NR_all_83717.145|1, J|NR_all_10157.143|1"
6PC6,"RNA3DB","I|NR_all_83717.145|1, J|NR_all_10157.143|1"
6PC7,"RNA3DB","I|NR_all_83717.145|1, J|NR_all_10157.143|1"
6PC8,"RNA3DB","I|NR_all_83717.145|1, J|NR_all_10157.143|1"
6PCH,"RNA3DB","I|NR_all_83717.145|1, J|NR_all_10157.143|1"
6PCQ,"RNA3DB","I|NR_all_83717.145|1, J|NR_all_10157.143|1"
6PCR,"RNA3DB","I|NR_all_83717.145|1, J|NR_all_10157.143|1"
6PCS,"RNA3DB","I|NR_all_83717.145|1, J|NR_all_10157.143|1"
6PCT,"RNA3DB","I|NR_all_83717.145|1, J|NR_all_10157.143|1"
6PIF,"RNA3DB","1|NR_all_70662.1|1"
6PIG,"RNA3DB","1|NR_all_70662.1|1"
6PIJ,"RNA3DB","1|NR_all_70662.1|1"
6PJ6,"RNA3DB","I|NR_all_83717.145|1, J|NR_all_10157.143|1"
6PK9,"RNA3DB","A|NR_all_91640.1|1"
6PMI,"RNA3DB","3|NR_all_03509.1|1"
6PMJ,"RNA3DB","3|NR_all_03509.1|1"
6PMO,"RNA Puzzles, RNA3DB","A|NR_all_68144.1|1, B|NR_all_04298.1|1"
6POM,"RNA Puzzles, RNA3DB","A|NR_all_93447.1|1, B|NR_all_31699.2|1"
6PPF,"RNA3DB","A|NR_all_41610.20|1, B|NR_all_97435.16|1"
6PPK,"RNA3DB","A|NR_all_41610.20|1, B|NR_all_97435.16|1"
6PPN,"RNA3DB","A|NR_all_74924.26|1, I|NR_all_74924.26|1"
6PPP,"RNA3DB","A|NR_all_24721.1|1, I|NR_all_24721.1|1"
6PPQ,"RNA3DB","H|NR_all_18600.1|1"
6PPV,"RNA3DB","H|NR_all_81682.1|1"
6PQ7,"RNA3DB","C|NR_all_30516.1|1"
6PRV,"RNA3DB","A|NR_all_25376.1|1, B|NR_all_25376.1|1, C|NR_all_25376.1|1, D|NR_all_25376.1|1"
6PUN,"RNA3DB","B|NR_all_97847.1|1, D|NR_all_97847.1|1"
6PVK,"RNA3DB","A|NR_all_41610.20|1"
6PZQ,"RNA3DB","I|NR_all_08084.1|2, J|NR_all_08084.1|2"
6Q1H,"RNA3DB","D|NR_all_65223.11|1, H|NR_all_65223.11|1"
6Q57,"RNA3DB","A|NR_all_78797.5|1"
6Q8U,"RNA3DB","A|NR_all_60163.1|2, B|NR_all_60163.1|2"
6Q8V,"RNA3DB","A|NR_all_63269.1|1"
6Q8Y,"RNA3DB","2|NR_all_03510.64|1, BQ|NR_all_90506.74|2, BR|NR_all_18586.69|1, BS|NR_all_90506.74|2, m|NR_all_96274.2|1, n|NR_all_60125.5|1"
6Q95,"RNA3DB","1|NR_all_97519.74|1, 2|NR_all_65795.80|1, 3|NR_all_42622.74|1, 4|NR_all_97269.1|1, 7|NR_all_35542.140|1, 8|NR_all_19951.88|1"
6Q97,"RNA3DB","1|NR_all_83717.145|1, 2|NR_all_56726.132|1, 3|NR_all_10157.143|1, 4|NR_all_00075.1|1, 7|NR_all_35945.1|1, 8|NR_all_54715.1|1"
6Q98,"RNA3DB","1|NR_all_83717.145|1, 2|NR_all_56726.132|1, 3|NR_all_10157.143|1, 4|NR_all_23849.2|1"
6Q9A,"RNA3DB","1|NR_all_83717.145|1, 2|NR_all_56726.132|1, 3|NR_all_10157.143|1, 4|NR_all_08930.1|1, 7|NR_all_97621.1|1"
6QCS,"RNA3DB","M|NR_all_79079.1|1, R|NR_all_21055.1|2, V|NR_all_21055.1|2"
6QCT,"RNA3DB","M|NR_all_27149.1|2, R|NR_all_27149.1|2, V|NR_all_21055.1|1"
6QCV,"RNA3DB","M|NR_all_96051.1|3, R|NR_all_96051.1|3, V|NR_all_96051.1|3"
6QCW,"RNA3DB","M|NR_all_96051.1|3, R|NR_all_96051.1|3, V|NR_all_96051.1|3"
6QCX,"RNA3DB","M|NR_all_96051.1|3, R|NR_all_96051.1|3, V|NR_all_96051.1|3"
6QDV,"RNA3DB","2|NR_all_17578.3|2, 5|NR_all_73286.27|1, 6|NR_all_17578.3|2"
6QDW,"RNA3DB","a|NR_all_10157.143|1, b|NR_all_83717.145|1, v|NR_all_70416.1|1"
6QIC,"RNA3DB","E|NR_all_46052.1|1, F|NR_all_46052.1|1, G|NR_all_46052.1|1, H|NR_all_46052.1|1"
6QIK,"RNA3DB","A|NR_all_90506.74|2, x|NR_all_18586.69|1, y|NR_all_90506.74|2"
6QIQ,"RNA3DB","A|NR_all_99409.1|2, B|NR_all_99409.1|2"
6QIR,"RNA3DB","A|NR_all_99409.1|2, B|NR_all_99409.1|2, C|NR_all_99409.1|2, D|NR_all_99409.1|2"
6QIS,"RNA3DB","A|NR_all_99409.1|4, B|NR_all_99409.1|4, C|NR_all_99409.1|4, D|NR_all_99409.1|4, E|NR_all_99409.1|2, F|NR_all_99409.1|2, G|NR_all_99409.1|2, H|NR_all_99409.1|2"
6QIT,"RNA3DB","A|NR_all_99409.1|2, B|NR_all_99409.1|2, C|NR_all_99409.1|2, D|NR_all_99409.1|2"
6QIV,"RNA3DB","A|NR_all_99409.1|1"
6QKL,"RNA3DB","N|NR_all_15716.2|1"
6QN3,"RNA3DB","A|NR_all_12561.1|2, B|NR_all_12561.1|2"
6QNQ,"RNA3DB","13|NR_all_65795.80|1, 14|NR_all_97519.74|1, 16|NR_all_42622.74|1, 1G|NR_all_65795.80|1, 1H|NR_all_97519.74|1, 1J|NR_all_42622.74|1, 1K|NR_all_35542.140|1, 2K|NR_all_35542.140|1, 2L|NR_all_35542.140|1, 3K|NR_all_35542.140|1, 3L|NR_all_35542.140|1"
6QNR,"RNA3DB","13|NR_all_65795.80|1, 14|NR_all_97519.74|1, 16|NR_all_42622.74|1, 1G|NR_all_65795.80|1, 1H|NR_all_97519.74|1, 1J|NR_all_42622.74|1, 1K|NR_all_19951.88|1, 1L|NR_all_19951.88|1, 2K|NR_all_19951.88|1, 2L|NR_all_19951.88|1, 3K|NR_all_19951.88|1, 3L|NR_all_19951.88|1, 5K|NR_all_19951.88|1"
6QT0,"RNA3DB","A|NR_all_90506.74|2, x|NR_all_18586.69|1, y|NR_all_90506.74|2"
6QTZ,"RNA3DB","A|NR_all_90506.74|2, x|NR_all_18586.69|1, y|NR_all_90506.74|2"
6QUL,"RNA3DB","A|NR_all_83717.145|1, B|NR_all_10157.143|1"
6QW6,"RNA3DB","4|NR_all_18569.1|1, 5|NR_all_73286.27|1"
6QWL,"RNA3DB","T|NR_all_30499.1|2, W|NR_all_30499.1|2"
6QX3,"RNA3DB","G|NR_all_43614.1|1"
6QX8,"RNA3DB",""
6QX9,"RNA3DB","1|NR_all_33460.5|1, 2|NR_all_73426.10|1, 4|NR_all_18569.1|1, 5|NR_all_73286.27|1"
6QXE,"RNA3DB",""
6QYZ,"RNA3DB","A|NR_all_78635.1|1, B|NR_all_78635.1|1, C|NR_all_78635.1|1, D|NR_all_78635.1|1, E|NR_all_78635.1|1"
6QZP,"RNA3DB","L5|NR_all_65061.34|2, L7|NR_all_52752.30|1, L8|NR_all_65061.34|2, S2|NR_all_46995.44|1, S6|NR_all_83098.3|1"
6R47,"RNA3DB","A|NR_all_57924.1|2, B|NR_all_57924.1|2"
6R5K,"RNA3DB","E|NR_all_15463.1|1"
6R5Q,"RNA3DB","2|NR_all_73703.1|1, 3|NR_all_24366.1|1, 5|NR_all_06650.37|2, 7|NR_all_10255.37|1, 8|NR_all_06650.37|2, K|NR_all_21280.33|1"
6R6G,"RNA3DB","2|NR_all_73703.1|1, 3|NR_all_24366.1|1, 5|NR_all_06650.37|2, 7|NR_all_10255.37|1, 8|NR_all_06650.37|2, AF|NR_all_34771.1|1, K|NR_all_21280.33|1"
6R6P,"RNA3DB","2|NR_all_73703.1|1, 3|NR_all_24366.1|1, 5|NR_all_06650.37|2, 7|NR_all_10255.37|1, 8|NR_all_06650.37|2, K|NR_all_21280.33|1"
6R7B,"RNA3DB","D|NR_all_64918.25|1, E|NR_all_64918.25|1"
6R7G,"RNA3DB","R|NR_all_93101.1|1"
6R7Q,"RNA3DB","2|NR_all_73703.1|1, 3|NR_all_24366.1|1, 5|NR_all_06650.37|2, 7|NR_all_10255.37|1, 8|NR_all_06650.37|2, K|NR_all_21280.33|1"
6R84,"RNA3DB","1|NR_all_90506.74|2, 3|NR_all_18586.69|1, 4|NR_all_90506.74|2, B|NR_all_53745.2|1"
6R86,"RNA3DB","1|NR_all_90506.74|2, 3|NR_all_18586.69|1, 4|NR_all_90506.74|2"
6R87,"RNA3DB","1|NR_all_90506.74|2, 3|NR_all_18586.69|1, 4|NR_all_90506.74|2, B|NR_all_53745.2|1"
6R9J,"RNA3DB","B|NR_all_98950.1|1"
6R9M,"RNA3DB","B|NR_all_67948.1|1"
6R9O,"RNA3DB","B|NR_all_28508.1|1"
6R9P,"RNA3DB","B|NR_all_19332.1|1"
6R9Q,"RNA3DB","B|NR_all_18267.1|1"
6R9R,"RNA3DB","D|NR_all_64918.25|1, E|NR_all_64918.25|1"
6RA4,"RNA3DB","L|NR_all_71760.1|2, M|NR_all_71760.1|2"
6RBD,"RNA3DB","2|NR_all_03510.64|1"
6RBE,"RNA3DB","2|NR_all_03510.64|1"
6RCL,"RNA3DB","C|NR_all_53003.3|1"
6RFL,"RNA3DB","U|NR_all_05934.1|1"
6RH3,"RNA3DB","R|NR_all_11651.1|1"
6RI5,"RNA3DB","A|NR_all_90506.74|2, x|NR_all_18586.69|1, y|NR_all_90506.74|2"
6RI7,"RNA3DB","R|NR_all_11651.1|1"
6RI9,"RNA3DB","R|NR_all_65166.1|1"
6RID,"RNA3DB","P|NR_all_70244.1|1"
6RIE,"RNA3DB","P|NR_all_70244.1|1"
6RIN,"RNA3DB","R|NR_all_42919.1|1"
6RIP,"RNA3DB","R|NR_all_65166.1|1"
6RJ9,"RNA3DB","D|NR_all_12697.1|1"
6RJA,"RNA3DB","D|NR_all_12697.1|1, G|NR_all_12697.1|1"
6RJD,"RNA3DB","D|NR_all_12697.1|1"
6RJG,"RNA3DB","D|NR_all_12697.1|1"
6RLP,"RNA3DB","R|NR_all_36308.1|1, Z|NR_all_36308.1|1, a|NR_all_36308.1|1, b|NR_all_36308.1|1, c|NR_all_36308.1|1, d|NR_all_36308.1|1, e|NR_all_36308.1|1, f|NR_all_36308.1|1, g|NR_all_36308.1|1, h|NR_all_36308.1|1, i|NR_all_36308.1|1, j|NR_all_36308.1|1, k|NR_all_36308.1|1, l|NR_all_36308.1|1, m|NR_all_36308.1|1, n|NR_all_36308.1|1, o|NR_all_36308.1|1, p|NR_all_36308.1|1, q|NR_all_36308.1|1, r|NR_all_36308.1|1, s|NR_all_36308.1|1, t|NR_all_36308.1|1, u|NR_all_36308.1|1, v|NR_all_36308.1|1"
6RM3,"RNA3DB","L50|NR_all_20129.1|1, L70|NR_all_77670.1|1, S60|NR_all_04427.1|1"
6RR7,"RNA3DB","D|NR_all_41012.3|2, E|NR_all_41012.3|2, F|NR_all_77521.1|1"
6RT4,"RNA3DB","C|NR_all_63313.1|1, D|NR_all_63313.1|1"
6RT5,"RNA3DB","A|NR_all_33222.1|1, E|NR_all_33222.1|1"
6RT6,"RNA3DB","A|NR_all_19822.1|1, E|NR_all_19822.1|1"
6RT7,"RNA3DB","A|NR_all_10291.1|1, E|NR_all_10291.1|1"
6RTI,"RNA3DB","X|NR_all_89953.1|1"
6RW4,"RNA3DB","A|NR_all_93855.17|1"
6RW5,"RNA3DB","A|NR_all_93855.17|1"
6RXT,"RNA3DB","C1|NR_all_59155.1|2, C2|NR_all_59155.1|2"
6RXU,"RNA3DB","C1|NR_all_59155.1|2, C2|NR_all_59155.1|2"
6RXV,"RNA3DB","C1|NR_all_59155.1|2, C2|NR_all_59155.1|2"
6RXX,"RNA3DB","C1|NR_all_70280.1|2, C2|NR_all_70280.1|2"
6RXY,"RNA3DB","C1|NR_all_59155.1|2, C2|NR_all_59155.1|2"
6RXZ,"RNA3DB","C1|NR_all_59155.1|2, C2|NR_all_59155.1|2"
6RZZ,"RNA3DB","A|NR_all_90506.74|2, x|NR_all_18586.69|1, y|NR_all_90506.74|2"
6S05,"RNA3DB","A|NR_all_90506.74|2, x|NR_all_18586.69|1, y|NR_all_90506.74|2"
6S0K,"RNA3DB","A|NR_all_83717.145|1, B|NR_all_10157.143|1"
6S0M,"RNA3DB","C|NR_all_98428.4|1"
6S0X,"RNA3DB","A|NR_all_90633.23|1, B|NR_all_83891.22|1, a|NR_all_74023.13|1"
6S0Z,"RNA3DB","A|NR_all_90633.23|1, B|NR_all_83891.22|1"
6S12,"RNA3DB","A|NR_all_90633.23|1, B|NR_all_83891.22|1"
6S13,"RNA3DB","A|NR_all_90633.23|1, B|NR_all_83891.22|1, a|NR_all_74023.13|1"
6S47,"RNA3DB","AA|NR_all_90506.74|2, AB|NR_all_18586.69|1, AC|NR_all_90506.74|2, BA|NR_all_03510.64|1"
6S6B,"RNA3DB","V|NR_all_91756.1|1"
6S8B,"RNA3DB","U|NR_all_91756.1|2, V|NR_all_91756.1|2"
6S8E,"RNA3DB","U|NR_all_91756.1|2, V|NR_all_91756.1|2"
6S91,"RNA3DB","U|NR_all_91756.1|2, V|NR_all_91756.1|2"
6SAE,"RNA3DB","R|NR_all_36308.1|1"
6SAG,"RNA3DB","R|NR_all_36308.1|1"
6SCE,"RNA3DB","B|NR_all_64918.25|1"
6SCF,"RNA3DB","I|NR_all_64918.25|1, K|NR_all_64918.25|1, L|NR_all_64918.25|1, M|NR_all_64918.25|1"
6SDW,"RNA3DB","B|NR_all_54922.1|1"
6SDY,"RNA3DB","B|NR_all_94180.1|1"
6SG9,"RNA3DB","CA|NR_all_99955.1|1"
6SGA,"RNA3DB","CA|NR_all_75086.1|1"
6SGB,"RNA3DB","CA|NR_all_99955.1|1"
6SGC,"RNA3DB","23|NR_all_36843.3|1, 33|NR_all_36843.3|1, 54|NR_all_06650.37|2, 74|NR_all_10255.37|1, 84|NR_all_06650.37|2, A1|NR_all_21280.33|1"
6SH8,"RNA3DB","U|NR_all_91756.1|2, V|NR_all_91756.1|2"
6SHB,"RNA3DB","U|NR_all_91756.1|2, V|NR_all_91756.1|2"
6SIC,"RNA3DB","U|NR_all_91756.1|2, V|NR_all_91756.1|2"
6SJ6,"RNA3DB","A|NR_all_90633.23|1, B|NR_all_83891.22|1"
6SJD,"RNA3DB","D|NR_all_06055.1|1"
6SKF,"RNA3DB","Aa|NR_all_95657.1|1, BA|NR_all_55002.1|1, BB|NR_all_26197.1|1"
6SKG,"RNA3DB","Aa|NR_all_95657.1|1, BA|NR_all_55002.1|1, BB|NR_all_26197.1|1"
6SNJ,"RNA3DB","B|NR_all_11925.1|1"
6SNT,"RNA3DB","1|NR_all_90506.74|2, 2|NR_all_03510.64|1, 3|NR_all_90506.74|2, 4|NR_all_18586.69|1, 6|NR_all_60125.5|1"
6SO9,"RNA3DB","B|NR_all_36061.1|1"
6SPB,"RNA3DB","A|NR_all_08417.2|1, B|NR_all_64727.2|1"
6SPC,"RNA3DB","a|NR_all_65669.2|1"
6SPD,"RNA3DB","A|NR_all_08417.2|1, B|NR_all_64727.2|1"
6SPE,"RNA3DB","a|NR_all_65669.2|1"
6SPF,"RNA3DB","A|NR_all_08417.2|1, B|NR_all_64727.2|1, a|NR_all_65669.2|1"
6SPG,"RNA3DB","A|NR_all_08417.2|1, B|NR_all_64727.2|1, a|NR_all_65669.2|1"
6SQN,"RNA3DB","X|NR_all_41649.1|1, Y|NR_all_41649.1|1, Z|NR_all_41649.1|1"
6SQQ,"RNA3DB","XXX|NR_all_41649.1|1, YYY|NR_all_41649.1|1, ZZZ|NR_all_41649.1|1"
6STY,"RNA3DB","C|NR_all_44617.1|1, F|NR_all_44617.1|1"
6SV4,"RNA3DB","2b|NR_all_03510.64|1, 2c|NR_all_03510.64|1, 2|NR_all_03510.64|1, BQ|NR_all_90506.74|2, BR|NR_all_18586.69|1, BS|NR_all_90506.74|2, YQ|NR_all_90506.74|2, YR|NR_all_18586.69|1, YS|NR_all_90506.74|2, ZQ|NR_all_90506.74|2, ZR|NR_all_18586.69|1, ZS|NR_all_90506.74|2, mb|NR_all_11689.6|1, mc|NR_all_11689.6|1, nb|NR_all_38961.4|1, nc|NR_all_38961.4|1, n|NR_all_60125.5|1"
6SVS,"RNA3DB","A|NR_all_70863.1|1, B|NR_all_70863.1|1"
6SW9,"RNA3DB","2|NR_all_40313.5|1, 4|NR_all_35542.140|1"
6SWA,"RNA3DB","q|NR_all_96091.1|2, r|NR_all_96091.1|2, s|NR_all_21609.1|1"
6SWC,"RNA3DB","2|NR_all_40313.5|1, 4|NR_all_35542.140|1"
6SWD,"RNA3DB","2|NR_all_18881.1|1"
6SWE,"RNA3DB","2|NR_all_43894.1|1, 4|NR_all_15937.1|1"
6SX0,"RNA3DB","C|NR_all_48564.1|2, D|NR_all_48564.1|2"
6SX2,"RNA3DB","C|NR_all_48564.1|2, D|NR_all_48564.1|2"
6SXO,"RNA3DB","L5|NR_all_65061.34|1, L8|NR_all_91171.6|1"
6SY4,"RNA3DB","C|NR_all_00338.1|1"
6SY6,"RNA3DB","D|NR_all_65081.1|1"
6SZS,"RNA3DB","A|NR_all_83717.145|1, B|NR_all_10157.143|1, a|NR_all_56726.132|1, x|NR_all_56101.4|1"
6SZU,"RNA3DB","M|NR_all_30539.1|2, V|NR_all_30539.1|2"
6SZV,"RNA3DB","M|NR_all_21738.1|2, R|NR_all_21738.1|2, V|NR_all_21055.1|1"
6T0N,"RNA3DB","R|NR_all_21055.1|2, V|NR_all_21055.1|2"
6T0R,"RNA3DB","V|NR_all_76379.1|1"
6T0S,"RNA3DB","M|NR_all_96736.1|2, V|NR_all_96736.1|2"
6T0U,"RNA3DB","V|NR_all_05808.1|1"
6T0V,"RNA3DB","M|NR_all_01522.1|2, R|NR_all_01522.1|2, V|NR_all_87822.1|1"
6T0W,"RNA3DB","V|NR_all_40309.1|1"
6T2C,"RNA3DB","V|NR_all_40309.1|1"
6T34,"RNA3DB","a|NR_all_49959.1|1, b|NR_all_49959.1|1, c|NR_all_49959.1|1, d|NR_all_49959.1|1, e|NR_all_49959.1|1, f|NR_all_49959.1|1, g|NR_all_49959.1|1, h|NR_all_49959.1|1, i|NR_all_49959.1|1, j|NR_all_49959.1|1, k|NR_all_49959.1|1, l|NR_all_49959.1|1, m|NR_all_49959.1|1, n|NR_all_49959.1|1, o|NR_all_49959.1|1, p|NR_all_49959.1|1, q|NR_all_49959.1|1, r|NR_all_49959.1|1, s|NR_all_49959.1|1"
6T3K,"RNA3DB","A|NR_all_35054.6|1"
6T3N,"RNA3DB","A|NR_all_35054.6|1"
6T3R,"RNA3DB","A|NR_all_35054.6|1"
6T3S,"RNA3DB","A|NR_all_35054.6|1"
6T4Q,"RNA3DB","6|NR_all_60125.5|1, 7|NR_all_96274.2|1, C1|NR_all_90506.74|2, C2|NR_all_03510.64|1, C3|NR_all_90506.74|2, C4|NR_all_18586.69|1"
6T59,"RNA3DB","23|NR_all_68467.12|1, 54|NR_all_06650.37|2, 74|NR_all_10255.37|1, 84|NR_all_06650.37|2"
6T7I,"RNA3DB","6|NR_all_60125.5|1, 7|NR_all_96274.2|1, C1|NR_all_90506.74|2, C2|NR_all_03510.64|1, C3|NR_all_90506.74|2, C4|NR_all_18586.69|1"
6T7T,"RNA3DB","6|NR_all_40788.1|1, 7|NR_all_40788.1|1, C1|NR_all_90506.74|2, C2|NR_all_03510.64|1, C3|NR_all_90506.74|2, C4|NR_all_18586.69|1"
6T83,"RNA3DB","1b|NR_all_90506.74|2, 2b|NR_all_03510.64|1, 3b|NR_all_90506.74|2, 4b|NR_all_18586.69|1, 6b|NR_all_40788.1|1, 8|NR_all_40788.1|1, Aa|NR_all_90506.74|2, Bb|NR_all_18586.69|1, Ca|NR_all_90506.74|2, a|NR_all_03510.64|1"
6TB3,"RNA3DB","2|NR_all_03510.64|1, BQ|NR_all_90506.74|2, BR|NR_all_18586.69|1, BS|NR_all_90506.74|2, n|NR_all_81815.1|1"
6TB7,"RNA Puzzles, RNA3DB","A|NR_all_80360.2|1"
6TBV,"RNA3DB","05S1|NR_all_10157.143|1, 16S1|NR_all_56726.132|1, 23S1|NR_all_83717.145|1, PTR1|NR_all_24890.5|1"
6TC3,"RNA3DB","05S1|NR_all_10157.143|1, 16S1|NR_all_56726.132|1, 23S1|NR_all_83717.145|1, PTR1|NR_all_24890.5|1"
6TED,"RNA3DB","P|NR_all_98839.1|1"
6TF0,"RNA3DB","A|NR_all_80360.2|1"
6TF1,"RNA3DB","A|NR_all_80360.2|1"
6TF2,"RNA3DB","A|NR_all_80360.2|1"
6TF3,"RNA3DB","A|NR_all_80360.2|1"
6TFE,"RNA3DB","A|NR_all_80360.2|1"
6TFF,"RNA3DB","A|NR_all_80360.2|1"
6TFG,"RNA3DB","A|NR_all_80360.2|1"
6TFH,"RNA3DB","A|NR_all_80360.2|1"
6TH6,"RNA3DB","Aa|NR_all_95657.1|1, BA|NR_all_55002.1|1, BB|NR_all_26197.1|1"
6THN,"RNA3DB","A|NR_all_21434.1|1"
6TMF,"RNA3DB","A|NR_all_79284.1|1"
6TNA,"RNA3DB","A|NR_all_83593.5|1"
6TNN,"RNA3DB","U|NR_all_41610.20|1, V|NR_all_97435.16|1"
6TNU,"RNA3DB","2|NR_all_03510.64|1, BQ|NR_all_90506.74|2, BR|NR_all_18586.69|1, BS|NR_all_90506.74|2, m|NR_all_45609.6|1, n|NR_all_81815.1|1"
6TPH,"RNA3DB","B|NR_all_85249.1|1"
6TPQ,"RNA3DB","U|NR_all_41610.20|1, V|NR_all_97435.16|1"
6TQA,"RNA3DB","E|NR_all_24985.1|1, F|NR_all_24985.1|1, G|NR_all_24985.1|1, H|NR_all_24985.1|1"
6TQB,"RNA3DB","B|NR_all_50760.1|1"
6TQN,"RNA3DB","R|NR_all_60644.1|1"
6TQO,"RNA3DB","R|NR_all_60644.1|1"
6TW1,"RNA3DB","M|NR_all_03282.1|2, V|NR_all_03282.1|2"
6TY9,"RNA3DB","M|NR_all_81965.2|1, N|NR_all_24846.1|2, T|NR_all_24846.1|2"
6TYE,"RNA3DB","I|NR_all_57915.1|1"
6TYF,"RNA3DB","I|NR_all_17670.1|1"
6TYG,"RNA3DB","I|NR_all_01839.1|1"
6TZ1,"RNA3DB","M|NR_all_87226.1|2, N|NR_all_39338.1|1, T|NR_all_87226.1|2"
6TZ2,"RNA3DB","M|NR_all_22144.1|3, N|NR_all_22144.1|3, T|NR_all_22144.1|3"
6U48,"RNA3DB","CA|NR_all_83717.145|1, CB|NR_all_10157.143|1"
6U6J,"RNA3DB","A|NR_all_16232.4|2, B|NR_all_16232.4|2"
6U6Y,"RNA3DB","E|NR_all_84250.1|1, F|NR_all_08270.1|1, G|NR_all_05533.1|1, H|NR_all_67009.1|1"
6U79,"RNA3DB","A|NR_all_78082.1|1"
6U7Y,"RNA3DB","A|NR_all_95948.1|2, B|NR_all_95948.1|2"
6U7Z,"RNA3DB","A|NR_all_95948.1|2, B|NR_all_95948.1|2"
6U89,"RNA3DB","A|NR_all_84026.2|2, B|NR_all_84026.2|2"
6U8D,"RNA3DB","A|NR_all_20951.1|1"
6U8F,"RNA3DB","A|NR_all_95948.1|2, B|NR_all_95948.1|2"
6U8K,"RNA3DB","A|NR_all_20951.1|1, B|NR_all_20951.1|1, C|NR_all_20951.1|1"
6U8U,"RNA3DB","A|NR_all_01949.5|2, B|NR_all_01949.5|2"
6U9X,"RNA3DB","H|NR_all_30330.1|1, K|NR_all_30330.1|1"
6UBU,"RNA3DB","B|NR_all_89429.6|1"
6UC7,"RNA3DB","B|NR_all_89429.6|1"
6UC8,"RNA3DB","B|NR_all_89429.6|1"
6UC9,"RNA3DB","B|NR_all_89429.6|1"
6UCQ,"RNA3DB","1A|NR_all_97519.74|1, 1B|NR_all_42622.74|1, 1a|NR_all_65795.80|1, 1x|NR_all_19951.88|1, 1y|NR_all_19951.88|1, 2A|NR_all_97519.74|1, 2B|NR_all_42622.74|1, 2a|NR_all_65795.80|1, 2x|NR_all_19951.88|1, 2y|NR_all_19951.88|1"
6UEJ,"RNA3DB","B|NR_all_75659.1|1"
6UES,"RNA3DB","A|NR_all_74364.1|1"
6UET,"RNA3DB","A|NR_all_74364.1|1"
6UEY,"RNA3DB","A|NR_all_14365.1|2, B|NR_all_14365.1|2, C|NR_all_14365.1|2, D|NR_all_14365.1|2"
6UF1,"RNA3DB","A|NR_all_14365.1|2, B|NR_all_14365.1|2, C|NR_all_14365.1|2, D|NR_all_14365.1|2"
6UFG,"RNA3DB","A|NR_all_70717.1|1, B|NR_all_11374.1|1"
6UFH,"RNA3DB","A|NR_all_20272.1|1, B|NR_all_11374.1|1"
6UFJ,"RNA3DB","A|NR_all_84513.1|3, B|NR_all_84513.1|3, C|NR_all_84513.1|3, D|NR_all_84513.1|3, E|NR_all_84513.1|3, F|NR_all_84513.1|3"
6UFK,"RNA3DB","A|NR_all_84513.1|3, B|NR_all_84513.1|3, C|NR_all_84513.1|3, D|NR_all_84513.1|3, E|NR_all_84513.1|3, F|NR_all_84513.1|3"
6UFM,"RNA Puzzles, RNA3DB","A|NR_all_44698.1|1, B|NR_all_03365.1|1"
6UGG,"RNA3DB","A|NR_all_56204.1|1, B|NR_all_56204.1|1"
6UGI,"RNA3DB","A|NR_all_92029.1|1"
6UGJ,"RNA3DB","A|NR_all_92029.1|1"
6UO1,"RNA3DB","1A|NR_all_97519.74|1, 1B|NR_all_42622.74|1, 1a|NR_all_65795.80|1, 1w|NR_all_19951.88|1, 1x|NR_all_35542.140|1, 1y|NR_all_19951.88|1, 2A|NR_all_97519.74|1, 2B|NR_all_42622.74|1, 2a|NR_all_65795.80|1, 2w|NR_all_19951.88|1, 2x|NR_all_35542.140|1, 2y|NR_all_19951.88|1"
6UP0,"RNA3DB","C|NR_all_08239.1|1, D|NR_all_08239.1|1"
6UPX,"RNA3DB","R|NR_all_33912.6|1"
6UPY,"RNA3DB","R|NR_all_33912.6|1"
6UPZ,"RNA3DB","R|NR_all_34359.12|1"
6UQ0,"RNA3DB","R|NR_all_34359.12|1"
6UQ1,"RNA3DB","R|NR_all_65602.1|1"
6UQ2,"RNA3DB","R|NR_all_33912.6|1"
6UQ3,"RNA3DB","R|NR_all_05337.1|1"
6URO,"RNA3DB","D|NR_all_83142.1|1"
6USO,"RNA3DB",""
6USP,"RNA3DB",""
6USQ,"RNA3DB",""
6USR,"RNA3DB",""
6UTV,"RNA3DB","333|NR_all_75510.1|1"
6UTW,"RNA3DB","333|NR_all_95963.4|1"
6UTZ,"RNA3DB","333|NR_all_75510.1|1"
6UU0,"RNA3DB","333|NR_all_37438.1|1"
6UU1,"RNA3DB","333|NR_all_08809.1|1"
6UU2,"RNA3DB","333|NR_all_37438.1|1"
6UU3,"RNA3DB","333|NR_all_08809.1|1"
6UU4,"RNA3DB","333|NR_all_37438.1|1"
6UU5,"RNA3DB","333|NR_all_75510.1|1"
6UU6,"RNA3DB","333|NR_all_82877.1|1"
6UU7,"RNA3DB","333|NR_all_29211.1|1"
6UU8,"RNA3DB","333|NR_all_88909.1|1"
6UU9,"RNA3DB","333|NR_all_52942.1|1"
6UUC,"RNA3DB","333|NR_all_37438.1|1"
6UV1,"RNA3DB","C|NR_all_43929.1|1, D|NR_all_20040.1|1"
6UV2,"RNA3DB","C|NR_all_16093.1|1"
6UV3,"RNA3DB","B|NR_all_82332.1|1"
6UV4,"RNA3DB","C|NR_all_73160.1|1"
6UVN,"RNA3DB","M|NR_all_23423.1|1"
6UZ7,"RNA3DB","2|NR_all_45441.2|1, 3|NR_all_97575.1|1, 5|NR_all_57789.1|2, 7|NR_all_71748.2|1, 8|NR_all_57789.1|2"
6V39,"RNA3DB","AN1|NR_all_96169.3|1, B|NR_all_67384.3|1, sN1|NR_all_43481.4|1, v|NR_all_24187.1|1"
6V3A,"RNA3DB","AN1|NR_all_96169.3|1, B|NR_all_67384.3|1, sN1|NR_all_43481.4|1, v|NR_all_24187.1|1"
6V3B,"RNA3DB","AN1|NR_all_96169.3|1, B|NR_all_67384.3|1, sN1|NR_all_43481.4|1"
6V3D,"RNA3DB","AN1|NR_all_96169.3|1, B|NR_all_67384.3|1"
6V3E,"RNA3DB","sN1|NR_all_43481.4|1"
6V4X,"RNA3DB","Y|NR_all_02872.1|2, Z|NR_all_02872.1|2"
6V5B,"RNA3DB","D|NR_all_20722.1|1"
6V5C,"RNA3DB","D|NR_all_20722.1|1"
6V9B,"RNA3DB","B|NR_all_14193.1|2, D|NR_all_14193.1|2"
6V9D,"RNA3DB","B|NR_all_14193.1|2, E|NR_all_14193.1|2"
6V9Q,"RNA3DB","K|NR_all_70662.1|1"
6VA1,"RNA3DB","A|NR_all_03518.1|2, B|NR_all_03518.1|2"
6VA2,"RNA3DB","A|NR_all_16834.1|2, B|NR_all_16834.1|2"
6VA3,"RNA3DB","A|NR_all_75319.1|2, B|NR_all_75319.1|2"
6VA4,"RNA3DB","A|NR_all_91904.1|2, B|NR_all_91904.1|2"
6VAR,"RNA3DB","A|NR_all_39208.1|1"
6VBW,"RNA3DB","K|NR_all_70662.1|1"
6VEM,"RNA3DB","A|NR_all_99259.1|2, B|NR_all_99259.1|2"
6VFF,"RNA3DB","C|NR_all_55306.1|2, D|NR_all_55306.1|2"
6VLZ,"RNA3DB","AA|NR_all_93855.17|1, A|NR_all_12763.29|1, B|NR_all_73428.23|1"
6VM6,"RNA3DB","G|NR_all_65223.11|1, H|NR_all_65223.11|1, I|NR_all_65223.11|1, J|NR_all_65223.11|1, K|NR_all_65223.11|1"
6VMI,"RNA3DB","AA|NR_all_93855.17|1, A|NR_all_12763.29|1, B|NR_all_73428.23|1"
6VMY,"RNA3DB","A|NR_all_27764.1|1"
6VPC,"RNA3DB","A|NR_all_47294.1|1"
6VQV,"RNA3DB","L|NR_all_94467.7|1"
6VQW,"RNA3DB","K|NR_all_94467.7|1"
6VQX,"RNA3DB","K|NR_all_94467.7|1"
6VRB,"RNA3DB","B|NR_all_31462.1|1"
6VRC,"RNA3DB","B|NR_all_39499.1|1"
6VRD,"RNA3DB","B|NR_all_07415.2|1"
6VU1,"RNA3DB","A|NR_all_21826.1|1"
6VU3,"RNA3DB","A|NR_all_35542.140|1, B|NR_all_35542.140|1, D|NR_all_56726.132|1, a|NR_all_83717.145|1, d|NR_all_10157.143|1"
6VUH,"RNA3DB","A|NR_all_80276.4|1"
6VUI,"RNA3DB","A|NR_all_80276.4|1"
6VVJ,"RNA3DB","A|NR_all_50291.1|1"
6VWL,"RNA3DB","1|NR_all_56726.132|1, 2|NR_all_83717.145|1, 3|NR_all_10157.143|1, 4|NR_all_34877.1|1, 5|NR_all_19951.88|1"
6VWM,"RNA3DB","1|NR_all_56726.132|1, 2|NR_all_83717.145|1, 3|NR_all_10157.143|1, 4|NR_all_34877.1|1, 5|NR_all_19951.88|1"
6VWN,"RNA3DB","1|NR_all_56726.132|1, 2|NR_all_83717.145|1, 3|NR_all_10157.143|1, 4|NR_all_34877.1|1, 5|NR_all_19951.88|1"
6VWT,"RNA3DB","A|NR_all_94683.1|1, B|NR_all_94683.1|1"
6VWV,"RNA3DB","A|NR_all_94683.1|1, B|NR_all_94683.1|1"
6VYQ,"RNA3DB","A|NR_all_35542.140|1, B|NR_all_35542.140|1, D|NR_all_56726.132|1, a|NR_all_83717.145|1, d|NR_all_10157.143|1"
6VYR,"RNA3DB","A|NR_all_35542.140|1, B|NR_all_35542.140|1, D|NR_all_56726.132|1, a|NR_all_83717.145|1, d|NR_all_10157.143|1"
6VYS,"RNA3DB","A|NR_all_35542.140|1, B|NR_all_35542.140|1, D|NR_all_56726.132|1, a|NR_all_83717.145|1, d|NR_all_10157.143|1"
6VYT,"RNA3DB","7|NR_all_24334.1|1, A|NR_all_35542.140|1, B|NR_all_35542.140|1, D|NR_all_56726.132|1, Y|NR_all_64549.1|1, a|NR_all_83717.145|1, d|NR_all_10157.143|1"
6VYU,"RNA3DB","7|NR_all_40453.1|1, A|NR_all_35542.140|1, B|NR_all_35542.140|1, D|NR_all_56726.132|1, Y|NR_all_64549.1|1, a|NR_all_83717.145|1, d|NR_all_10157.143|1"
6VYW,"RNA3DB","7|NR_all_40453.1|1, A|NR_all_35542.140|1, B|NR_all_35542.140|1, D|NR_all_56726.132|1, Y|NR_all_64549.1|1, a|NR_all_83717.145|1, d|NR_all_10157.143|1"
6VYX,"RNA3DB","7|NR_all_40453.1|1, A|NR_all_35542.140|1, B|NR_all_35542.140|1, D|NR_all_56726.132|1, Y|NR_all_25897.1|1, a|NR_all_83717.145|1, d|NR_all_10157.143|1"
6VYY,"RNA3DB","7|NR_all_40453.1|1, A|NR_all_35542.140|1, B|NR_all_35542.140|1, D|NR_all_56726.132|1, Y|NR_all_64549.1|1, a|NR_all_83717.145|1, d|NR_all_10157.143|1"
6VYZ,"RNA3DB","7|NR_all_01361.1|1, A|NR_all_35542.140|1, B|NR_all_35542.140|1, D|NR_all_56726.132|1, Y|NR_all_64549.1|1, a|NR_all_83717.145|1, d|NR_all_10157.143|1"
6VZ2,"RNA3DB","7|NR_all_04192.1|1, A|NR_all_35542.140|1, B|NR_all_35542.140|1, D|NR_all_56726.132|1, Y|NR_all_92489.3|1, a|NR_all_83717.145|1, d|NR_all_10157.143|1"
6VZ3,"RNA3DB","7|NR_all_40453.1|1, A|NR_all_35542.140|1, B|NR_all_35542.140|1, D|NR_all_56726.132|1, Y|NR_all_92489.3|1, a|NR_all_83717.145|1, d|NR_all_10157.143|1"
6VZ5,"RNA3DB","7|NR_all_70577.1|1, A|NR_all_35542.140|1, B|NR_all_35542.140|1, D|NR_all_56726.132|1, Y|NR_all_92489.3|1, a|NR_all_83717.145|1, d|NR_all_10157.143|1"
6VZ7,"RNA3DB","7|NR_all_40453.1|1, A|NR_all_35542.140|1, B|NR_all_35542.140|1, D|NR_all_56726.132|1, Y|NR_all_64549.1|1, a|NR_all_83717.145|1, d|NR_all_10157.143|1"
6VZC,"RNA3DB","A|NR_all_86477.1|1"
6VZJ,"RNA3DB","A|NR_all_35542.140|1, B|NR_all_35542.140|1, D|NR_all_56726.132|1, a|NR_all_83717.145|1, d|NR_all_10157.143|1"
6W11,"RNA3DB","C|NR_all_66339.1|1"
6W1X,"RNA3DB","M|NR_all_94467.7|1"
6W2S,"RNA3DB","0|NR_all_29604.1|1, A|NR_all_21280.33|1"
6W2T,"RNA3DB","A|NR_all_29604.1|1, a|NR_all_21280.33|1"
6W3M,"RNA3DB","A|NR_all_43471.1|1"
6W5C,"RNA3DB","B|NR_all_15699.1|1"
6W62,"RNA3DB","B|NR_all_31329.1|1"
6W64,"RNA3DB","B|NR_all_47453.1|1"
6W6K,"RNA3DB","A|NR_all_56726.132|1"
6W6L,"RNA3DB","D|NR_all_65061.34|2, E|NR_all_52752.30|1, t|NR_all_65061.34|2, u|NR_all_17351.3|1, v|NR_all_28207.3|1"
6W6P,"RNA3DB","A|NR_all_98632.6|1, B|NR_all_12971.6|1, a|NR_all_66687.6|1"
6W6V,"RNA3DB","A|NR_all_64006.2|1"
6W77,"RNA3DB","A|NR_all_56726.132|1"
6W7M,"RNA3DB","A|NR_all_56726.132|1"
6W7N,"RNA3DB","A|NR_all_56726.132|1"
6W7W,"RNA3DB","2|NR_all_56726.132|1"
6WAN,"RNA3DB","G|NR_all_65223.11|1, H|NR_all_65223.11|1, I|NR_all_65223.11|1, J|NR_all_65223.11|1, K|NR_all_65223.11|1, L|NR_all_65223.11|1"
6WAZ,"RNA3DB","C|NR_all_54622.1|2, D|NR_all_54622.1|2"
6WB0,"RNA3DB",""
6WB1,"RNA3DB",""
6WB2,"RNA3DB",""
6WBR,"RNA3DB","B|NR_all_94952.1|1"
6WC0,"RNA3DB","B|NR_all_94952.1|1"
6WD0,"RNA3DB","1|NR_all_83717.145|1, 2|NR_all_10157.143|1, 3|NR_all_56726.132|1, 5|NR_all_35542.140|1, 6|NR_all_35542.140|1"
6WD1,"RNA3DB","1|NR_all_83717.145|1, 2|NR_all_10157.143|1, 3|NR_all_56726.132|1, 5|NR_all_35542.140|1"
6WD2,"RNA3DB","1|NR_all_83717.145|1, 2|NR_all_10157.143|1, 3|NR_all_56726.132|1, 5|NR_all_35542.140|1, 6|NR_all_35542.140|1, 7|NR_all_19951.88|1"
6WD3,"RNA3DB","1|NR_all_83717.145|1, 2|NR_all_10157.143|1, 3|NR_all_56726.132|1, 5|NR_all_35542.140|1, 6|NR_all_35542.140|1, 7|NR_all_19951.88|1"
6WD4,"RNA3DB","1|NR_all_83717.145|1, 2|NR_all_10157.143|1, 3|NR_all_56726.132|1, 5|NR_all_35542.140|1, 6|NR_all_35542.140|1, 7|NR_all_19951.88|1"
6WD5,"RNA3DB","1|NR_all_83717.145|1, 2|NR_all_10157.143|1, 3|NR_all_56726.132|1, 5|NR_all_35542.140|1, 6|NR_all_35542.140|1, 7|NR_all_19951.88|1"
6WD6,"RNA3DB","1|NR_all_83717.145|1, 2|NR_all_10157.143|1, 3|NR_all_56726.132|1, 5|NR_all_35542.140|1, 6|NR_all_35542.140|1, 7|NR_all_19951.88|1"
6WD7,"RNA3DB","1|NR_all_83717.145|1, 2|NR_all_10157.143|1, 3|NR_all_56726.132|1, 5|NR_all_35542.140|1, 6|NR_all_35542.140|1, 7|NR_all_19951.88|1"
6WD8,"RNA3DB","1|NR_all_83717.145|1, 2|NR_all_10157.143|1, 3|NR_all_56726.132|1, 5|NR_all_35542.140|1, 6|NR_all_35542.140|1, 7|NR_all_19951.88|1"
6WD9,"RNA3DB","1|NR_all_83717.145|1, 2|NR_all_10157.143|1, 3|NR_all_56726.132|1, 5|NR_all_35542.140|1, 6|NR_all_35542.140|1, 7|NR_all_19951.88|1"
6WDA,"RNA3DB","1|NR_all_83717.145|1, 2|NR_all_10157.143|1, 3|NR_all_56726.132|1, 5|NR_all_35542.140|1, 6|NR_all_35542.140|1, 7|NR_all_19951.88|1"
6WDB,"RNA3DB","1|NR_all_83717.145|1, 2|NR_all_10157.143|1, 3|NR_all_56726.132|1, 5|NR_all_35542.140|1, 6|NR_all_35542.140|1, 7|NR_all_19951.88|1"
6WDC,"RNA3DB","1|NR_all_83717.145|1, 2|NR_all_10157.143|1, 3|NR_all_56726.132|1, 5|NR_all_35542.140|1, 6|NR_all_35542.140|1, 7|NR_all_19951.88|1"
6WDD,"RNA3DB","1|NR_all_83717.145|1, 2|NR_all_10157.143|1, 3|NR_all_56726.132|1, 5|NR_all_35542.140|1, 6|NR_all_35542.140|1, 7|NR_all_19951.88|1"
6WDE,"RNA3DB","1|NR_all_83717.145|1, 2|NR_all_10157.143|1, 3|NR_all_56726.132|1, 5|NR_all_35542.140|1, 6|NR_all_35542.140|1, 7|NR_all_19951.88|1"
6WDF,"RNA3DB","1|NR_all_83717.145|1, 2|NR_all_10157.143|1, 3|NR_all_56726.132|1, 5|NR_all_35542.140|1, 7|NR_all_19951.88|1"
6WDG,"RNA3DB","1|NR_all_83717.145|1, 2|NR_all_10157.143|1, 3|NR_all_56726.132|1, 5|NR_all_35542.140|1, 7|NR_all_19951.88|1"
6WDH,"RNA3DB","1|NR_all_83717.145|1, 2|NR_all_10157.143|1, 3|NR_all_56726.132|1, 5|NR_all_35542.140|1, 6|NR_all_35542.140|1, 7|NR_all_19951.88|1"
6WDI,"RNA3DB","1|NR_all_83717.145|1, 2|NR_all_10157.143|1, 3|NR_all_56726.132|1, 5|NR_all_35542.140|1, 6|NR_all_35542.140|1, 7|NR_all_19951.88|1"
6WDJ,"RNA3DB","1|NR_all_83717.145|1, 2|NR_all_10157.143|1, 3|NR_all_56726.132|1, 5|NR_all_35542.140|1, 6|NR_all_35542.140|1, 7|NR_all_19951.88|1"
6WDK,"RNA3DB","1|NR_all_83717.145|1, 2|NR_all_10157.143|1, 3|NR_all_56726.132|1, 5|NR_all_35542.140|1, 6|NR_all_35542.140|1, 7|NR_all_19951.88|1"
6WDL,"RNA3DB","1|NR_all_83717.145|1, 2|NR_all_10157.143|1, 3|NR_all_56726.132|1, 5|NR_all_35542.140|1, 6|NR_all_35542.140|1, 7|NR_all_19951.88|1"
6WDM,"RNA3DB","1|NR_all_83717.145|1, 2|NR_all_10157.143|1, 3|NR_all_56726.132|1, 5|NR_all_35542.140|1, 6|NR_all_35542.140|1, 7|NR_all_19951.88|1"
6WDR,"RNA3DB","2|NR_all_69769.1|1"
6WHI,"RNA3DB","M|NR_all_94467.7|1"
6WJR,"RNA3DB","X|NR_all_47203.2|1"
6WJS,"RNA3DB","X|NR_all_47203.2|1"
6WLH,"RNA3DB","B|NR_all_53524.1|1"
6WLJ,"RNA3DB","A|NR_all_01451.1|1"
6WLK,"RNA3DB","A|NR_all_01451.1|1"
6WLL,"RNA3DB","A|NR_all_57146.1|1"
6WLM,"RNA3DB","A|NR_all_57146.1|1"
6WLN,"RNA3DB","A|NR_all_48784.1|1"
6WLO,"RNA3DB","A|NR_all_48784.1|1"
6WLQ,"RNA3DB","A|NR_all_61138.1|1"
6WLR,"RNA3DB","A|NR_all_61138.1|1"
6WLS,"RNA3DB","A|NR_all_69141.4|1"
6WLT,"RNA3DB","A|NR_all_26074.1|1"
6WLU,"RNA3DB","A|NR_all_26074.1|1"
6WMP,"RNA3DB","R|NR_all_93033.1|1"
6WNT,"RNA3DB","4|NR_all_83717.145|1"
6WNV,"RNA3DB","3|NR_all_56726.132|1, 4|NR_all_83717.145|1"
6WNW,"RNA3DB","3|NR_all_56726.132|1, 4|NR_all_83717.145|1, 5|NR_all_35542.140|1, 7|NR_all_19951.88|1"
6WOO,"RNA3DB","2|NR_all_03510.64|1, 3|NR_all_37355.1|1, 5|NR_all_90506.74|2, 7|NR_all_18586.69|1, 8|NR_all_90506.74|2"
6WOX,"RNA3DB","I|NR_all_93869.1|1"
6WOY,"RNA3DB","I|NR_all_93869.1|1"
6WPI,"RNA3DB","B|NR_all_14978.1|1, C|NR_all_14978.1|1"
6WQN,"RNA3DB","1|NR_all_90633.23|1, 2|NR_all_51377.2|1"
6WQQ,"RNA3DB","1|NR_all_90633.23|1, 2|NR_all_51377.2|1"
6WRE,"RNA3DB","D|NR_all_74924.26|1"
6WRS,"RNA3DB","1|NR_all_90633.23|1, 2|NR_all_51377.2|1"
6WRU,"RNA3DB","1|NR_all_90633.23|1, 2|NR_all_51377.2|1"
6WTL,"RNA3DB","A|NR_all_94866.2|1"
6WTR,"RNA3DB","A|NR_all_94866.2|1"
6WU9,"RNA3DB","A|NR_all_98632.6|1, B|NR_all_12971.6|1"
6WUA,"RNA3DB","a|NR_all_66687.6|1"
6WUB,"RNA3DB","a|NR_all_66687.6|1"
6WVJ,"RNA3DB","R|NR_all_77704.1|1"
6WW6,"RNA3DB","C|NR_all_90670.1|1, D|NR_all_24584.1|1, E|NR_all_90670.1|1, F|NR_all_24584.1|1"
6WXQ,"RNA3DB","E|NR_all_64918.25|1"
6WXX,"RNA3DB","X|NR_all_64918.25|1, Y|NR_all_64918.25|1"
6WXY,"RNA3DB","A|NR_all_00429.1|1"
6WY2,"RNA3DB","A|NR_all_71188.3|1, B|NR_all_71188.3|2, C|NR_all_71188.3|2, D|NR_all_71188.3|2, E|NR_all_71188.3|2"
6WY3,"RNA3DB","A|NR_all_71188.3|2, B|NR_all_71188.3|2, C|NR_all_71188.3|2, D|NR_all_71188.3|2"
6WYB,"RNA3DB","B|NR_all_07342.1|1"
6WYV,"RNA3DB","I|NR_all_83717.145|1, J|NR_all_10157.143|1"
6WZR,"RNA3DB","A|NR_all_72776.2|1, B|NR_all_72776.2|1"
6WZS,"RNA3DB","A|NR_all_72776.2|1, B|NR_all_72776.2|1"
6X1B,"RNA3DB","D|NR_all_78372.5|1, F|NR_all_78372.5|1"
6X26,"RNA3DB","R|NR_all_71960.1|1"
6X2F,"RNA3DB","R|NR_all_71960.1|1"
6X2N,"RNA3DB","R|NR_all_71960.1|1"
6X43,"RNA3DB","R|NR_all_71960.1|1"
6X4W,"RNA3DB","R|NR_all_71960.1|1"
6X4Y,"RNA3DB","R|NR_all_71960.1|1"
6X50,"RNA3DB","R|NR_all_71960.1|1"
6X5M,"RNA3DB","A|NR_all_40929.1|2, R|NR_all_40929.1|2, a|NR_all_40929.1|2, r|NR_all_40929.1|2"
6X5N,"RNA3DB","A|NR_all_40929.1|2, R|NR_all_40929.1|2, a|NR_all_40929.1|2, r|NR_all_40929.1|2"
6X6T,"RNA3DB","A|NR_all_35542.140|1, B|NR_all_35542.140|1, D|NR_all_56726.132|1, a|NR_all_83717.145|1, d|NR_all_10157.143|1"
6X7F,"RNA3DB","A|NR_all_35542.140|1, B|NR_all_35542.140|1, D|NR_all_56726.132|1, a|NR_all_83717.145|1, d|NR_all_10157.143|1"
6X7K,"RNA3DB","A|NR_all_35542.140|1, B|NR_all_35542.140|1, D|NR_all_56726.132|1, a|NR_all_83717.145|1, d|NR_all_10157.143|1"
6X9Q,"RNA3DB","A|NR_all_35542.140|1, B|NR_all_35542.140|1, D|NR_all_56726.132|1, a|NR_all_83717.145|1, d|NR_all_10157.143|1"
6XA1,"RNA3DB","Bv|NR_all_10909.1|1, L5|NR_all_65061.34|2, L7|NR_all_52752.30|1, L8|NR_all_65061.34|2, S2|NR_all_46995.44|1"
6XAS,"RNA3DB","R|NR_all_59627.1|1"
6XAV,"RNA3DB","R|NR_all_31125.1|1"
6XB7,"RNA3DB","A|NR_all_39508.1|1"
6XBU,"RNA3DB","E|NR_all_83974.1|1"
6XDQ,"RNA3DB","A|NR_all_35542.140|1, B|NR_all_35542.140|1, D|NR_all_56726.132|1, a|NR_all_83717.145|1, d|NR_all_10157.143|1"
6XDR,"RNA3DB","A|NR_all_35542.140|1, B|NR_all_35542.140|1, D|NR_all_56726.132|1, a|NR_all_83717.145|1, d|NR_all_10157.143|1"
6XE0,"RNA3DB","W|NR_all_56726.132|1"
6XEZ,"RNA3DB","P|NR_all_83778.1|2, T|NR_all_83778.1|2"
6XGF,"RNA3DB","A|NR_all_35542.140|1, B|NR_all_35542.140|1, D|NR_all_56726.132|1, a|NR_all_83717.145|1, d|NR_all_10157.143|1"
6XH0,"RNA3DB","D|NR_all_32738.1|1"
6XH1,"RNA3DB","D|NR_all_32738.1|1"
6XH2,"RNA3DB","D|NR_all_32738.1|1"
6XH3,"RNA3DB","D|NR_all_32738.1|1"
6XH8,"RNA3DB","3|NR_all_01665.1|1"
6XHV,"RNA3DB","1A|NR_all_97519.74|1, 1B|NR_all_42622.74|1, 1a|NR_all_65795.80|1, 1w|NR_all_19951.88|1, 1x|NR_all_35542.140|1, 1y|NR_all_19951.88|1, 2A|NR_all_97519.74|1, 2B|NR_all_42622.74|1, 2a|NR_all_65795.80|1, 2w|NR_all_19951.88|1, 2x|NR_all_35542.140|1, 2y|NR_all_19951.88|1"
6XHW,"RNA3DB","1A|NR_all_97519.74|1, 1B|NR_all_42622.74|1, 1a|NR_all_65795.80|1, 1w|NR_all_19951.88|1, 1x|NR_all_35542.140|1, 1y|NR_all_19951.88|1, 2A|NR_all_97519.74|1, 2B|NR_all_42622.74|1, 2a|NR_all_65795.80|1, 2w|NR_all_19951.88|1, 2x|NR_all_35542.140|1, 2y|NR_all_19951.88|1"
6XHX,"RNA3DB","1A|NR_all_97519.74|1, 1B|NR_all_42622.74|1, 1a|NR_all_65795.80|1, 2A|NR_all_97519.74|1, 2B|NR_all_42622.74|1, 2a|NR_all_65795.80|1"
6XHY,"RNA3DB","1A|NR_all_97519.74|1, 1B|NR_all_42622.74|1, 1a|NR_all_65795.80|1, 1w|NR_all_19951.88|1, 1x|NR_all_35542.140|1, 1y|NR_all_19951.88|1, 2A|NR_all_97519.74|1, 2B|NR_all_42622.74|1, 2a|NR_all_65795.80|1, 2w|NR_all_19951.88|1, 2x|NR_all_35542.140|1, 2y|NR_all_19951.88|1"
6XII,"RNA3DB","A|NR_all_35542.140|1, B|NR_all_35542.140|1, D|NR_all_56726.132|1, a|NR_all_83717.145|1, d|NR_all_10157.143|1"
6XIJ,"RNA3DB","A|NR_all_35542.140|1, B|NR_all_35542.140|1, D|NR_all_56726.132|1, a|NR_all_83717.145|1, d|NR_all_10157.143|1"
6XIQ,"RNA3DB","1|NR_all_90506.74|2, 2|NR_all_03510.64|1, 3|NR_all_18586.69|1, 4|NR_all_90506.74|2, AX|NR_all_83593.5|1, AY|NR_all_21571.1|1, AZ|NR_all_83593.5|1"
6XIR,"RNA3DB","1|NR_all_90506.74|2, 2|NR_all_03510.64|1, 3|NR_all_18586.69|1, 4|NR_all_90506.74|2, AX|NR_all_83593.5|1, AZ|NR_all_83593.5|1"
6XJQ,"RNA3DB","A|NR_all_49161.1|1, B|NR_all_49161.1|1"
6XJW,"RNA3DB","A|NR_all_49161.1|1, B|NR_all_49161.1|1"
6XJY,"RNA3DB","A|NR_all_49161.1|1, B|NR_all_49161.1|1"
6XJZ,"RNA3DB","A|NR_all_49161.1|1, B|NR_all_49161.1|1"
6XKI,"RNA3DB","B|NR_all_14757.1|1"
6XKN,"RNA3DB","A|NR_all_63567.3|1"
6XKO,"RNA3DB","A|NR_all_63567.3|1"
6XL1,"RNA3DB","C|NR_all_64918.25|1"
6XL9,"RNA3DB","R|NR_all_01665.1|1"
6XLJ,"RNA3DB","R|NR_all_84308.1|1"
6XLL,"RNA3DB","R|NR_all_75761.1|1"
6XLM,"RNA3DB","R|NR_all_86840.1|1"
6XLN,"RNA3DB","R|NR_all_86840.1|1"
6XLV,"RNA3DB","B|NR_all_94195.1|1"
6XLW,"RNA3DB","B|NR_all_94195.1|1"
6XLX,"RNA3DB","B|NR_all_94195.1|1"
6XMF,"RNA3DB","C|NR_all_74101.1|1"
6XMG,"RNA3DB","C|NR_all_74101.1|1"
6XN3,"RNA3DB","R|NR_all_61960.1|2, T|NR_all_61960.1|2"
6XN4,"RNA3DB","R|NR_all_47956.1|2, T|NR_all_47956.1|2"
6XN5,"RNA3DB","R|NR_all_88832.1|1"
6XN7,"RNA3DB","R|NR_all_61960.1|2, T|NR_all_61960.1|2"
6XQB,"RNA3DB","E|NR_all_53861.1|2, F|NR_all_53861.1|2"
6XQD,"RNA3DB","1A|NR_all_97519.74|1, 1B|NR_all_42622.74|1, 1a|NR_all_65795.80|1, 1x|NR_all_35542.140|1, 2A|NR_all_97519.74|1, 2B|NR_all_42622.74|1, 2a|NR_all_65795.80|1, 2x|NR_all_35542.140|1"
6XQE,"RNA3DB","1A|NR_all_97519.74|1, 1B|NR_all_42622.74|1, 1a|NR_all_65795.80|1, 1x|NR_all_35542.140|1, 2A|NR_all_97519.74|1, 2B|NR_all_42622.74|1, 2a|NR_all_65795.80|1, 2x|NR_all_35542.140|1"
6XRQ,"RNA3DB","A|NR_all_55576.1|1, B|NR_all_82754.1|1"
6XRZ,"RNA3DB","A|NR_all_20232.1|1"
6XU6,"RNA3DB","A5|NR_all_08591.1|2, A7|NR_all_42467.1|1, A8|NR_all_08591.1|2, B2|NR_all_51645.1|1"
6XU7,"RNA3DB","A5|NR_all_08591.1|2, A7|NR_all_42467.1|1, A8|NR_all_08591.1|2, B2|NR_all_51645.1|1, B|NR_all_31301.1|1"
6XU8,"RNA3DB","A5|NR_all_08591.1|2, A7|NR_all_42467.1|1, A8|NR_all_08591.1|2, B2|NR_all_51645.1|1"
6XUR,"RNA3DB","A|NR_all_24936.2|1"
6XUS,"RNA3DB","A|NR_all_24936.2|1"
6XWJ,"RNA3DB","A|NR_all_73734.1|1"
6XWW,"RNA3DB","A|NR_all_43031.1|1"
6XXA,"RNA3DB","A|NR_all_14075.1|1"
6XXB,"RNA3DB","A|NR_all_95527.1|1"
6XYW,"RNA3DB","1|NR_all_15780.1|1, 2|NR_all_73142.1|1, 3|NR_all_63930.1|1"
6XZ7,"RNA3DB","A|NR_all_83717.145|1, B|NR_all_10157.143|1, f|NR_all_35542.140|1, g|NR_all_83593.5|1"
6XZA,"RNA3DB","A1|NR_all_56726.132|1, A2|NR_all_83717.145|1, B2|NR_all_10157.143|1, f2|NR_all_35542.140|1"
6XZB,"RNA3DB","A1|NR_all_56726.132|1, A2|NR_all_83717.145|1, B2|NR_all_10157.143|1, f2|NR_all_35542.140|1, g2|NR_all_83593.5|1"
6XZD,"RNA3DB","IN1|NR_all_67400.3|1"
6XZG,"RNA3DB","IN1|NR_all_67400.3|1"
6XZP,"RNA3DB","IN1|NR_all_67400.3|1"
6XZQ,"RNA3DB","I|NR_all_67400.3|1"
6XZR,"RNA3DB","IN1|NR_all_67400.3|1"
6Y0C,"RNA3DB","IN1|NR_all_54992.1|1"
6Y0G,"RNA3DB","B4|NR_all_17351.3|1, D4|NR_all_17351.3|1, L5|NR_all_65061.34|2, L7|NR_all_52752.30|1, L8|NR_all_65061.34|2, S2|NR_all_46995.44|1"
6Y0T,"RNA Puzzles, RNA3DB","A|NR_all_94729.10|1, B|NR_all_94729.10|1"
6Y0Y,"RNA Puzzles, RNA3DB","A|NR_all_94729.10|1"
6Y2L,"RNA3DB","B4|NR_all_17351.3|1, L5|NR_all_65061.34|2, L7|NR_all_52752.30|1, L8|NR_all_65061.34|2, S2|NR_all_46995.44|1"
6Y3G,"RNA3DB","F|NR_all_19951.88|1"
6Y4B,"RNA3DB","F|NR_all_19951.88|1"
6Y50,"RNA3DB","2|NR_all_73426.10|1"
6Y53,"RNA3DB","2|NR_all_73426.10|1"
6Y57,"RNA3DB","B4|NR_all_83098.3|1, D4|NR_all_17351.3|1, L5|NR_all_65061.34|2, L7|NR_all_52752.30|1, L8|NR_all_65061.34|2, S2|NR_all_46995.44|1"
6Y5Q,"RNA3DB","2|NR_all_73426.10|1"
6Y69,"RNA3DB","A|NR_all_83717.145|1, B|NR_all_10157.143|1, a|NR_all_56726.132|1, w|NR_all_35542.140|1"
6Y6X,"RNA3DB","L5|NR_all_65061.34|2, L7|NR_all_52752.30|1, L8|NR_all_65061.34|2"
6Y7C,"RNA3DB","2|NR_all_03510.64|1"
6YAL,"RNA3DB","1|NR_all_19534.1|1, 2|NR_all_21280.33|1"
6YAM,"RNA3DB","1|NR_all_19534.1|1, 2|NR_all_21280.33|1"
6YAN,"RNA3DB","1|NR_all_19534.1|1, 2|NR_all_21280.33|1"
6YBS,"RNA3DB",""
6YBV,"RNA3DB","k|NR_all_65223.11|1, w|NR_all_49851.1|1"
6YBW,"RNA3DB","7|NR_all_35582.1|1, A|NR_all_46995.44|1"
6YDP,"RNA3DB","AA|NR_all_52597.1|1, AV|NR_all_64798.1|1, BA|NR_all_50188.1|1, BB|NR_all_33675.3|1"
6YDW,"RNA3DB","AA|NR_all_52597.1|1, AV|NR_all_64798.1|1, AY|NR_all_82075.1|1, BA|NR_all_50188.1|1, BB|NR_all_33675.3|1"
6YEF,"RNA3DB","A|NR_all_90633.23|1, B|NR_all_83891.22|1, a|NR_all_74023.13|1, x|NR_all_35542.140|1"
6YFT,"RNA3DB","RA|NR_all_16664.1|1, RB|NR_all_16664.1|1, RC|NR_all_16664.1|1, RD|NR_all_16664.1|1, RE|NR_all_16664.1|1, RF|NR_all_16664.1|1, RG|NR_all_16664.1|1, RH|NR_all_16664.1|1, RI|NR_all_16664.1|1, RJ|NR_all_16664.1|1, RK|NR_all_16664.1|1, RL|NR_all_16664.1|1, RM|NR_all_16664.1|1, RN|NR_all_16664.1|1, RO|NR_all_16664.1|1, RP|NR_all_16664.1|1, RQ|NR_all_16664.1|1, RR|NR_all_16664.1|1, RS|NR_all_16664.1|1, RT|NR_all_16664.1|1, RU|NR_all_16664.1|1, RV|NR_all_16664.1|1, RW|NR_all_16664.1|1, RX|NR_all_16664.1|1, RY|NR_all_16664.1|1, RZ|NR_all_16664.1|1, SA|NR_all_16664.1|1, SB|NR_all_16664.1|1, SC|NR_all_16664.1|1, SD|NR_all_16664.1|1, SE|NR_all_16664.1|1, SF|NR_all_16664.1|1, SG|NR_all_16664.1|1, SH|NR_all_16664.1|1, SI|NR_all_16664.1|1, SJ|NR_all_16664.1|1, SK|NR_all_16664.1|1, SL|NR_all_16664.1|1, SM|NR_all_16664.1|1, SN|NR_all_16664.1|1, SO|NR_all_16664.1|1, SP|NR_all_16664.1|1, SQ|NR_all_16664.1|1, SR|NR_all_16664.1|1, SS|NR_all_16664.1|1, ST|NR_all_16664.1|1, SU|NR_all_16664.1|1, SV|NR_all_16664.1|1, SW|NR_all_16664.1|1, SX|NR_all_16664.1|1, SY|NR_all_16664.1|1, SZ|NR_all_16664.1|1, TA|NR_all_16664.1|1, TB|NR_all_16664.1|1, TC|NR_all_16664.1|1, TD|NR_all_16664.1|1, TE|NR_all_16664.1|1, TF|NR_all_16664.1|1, TG|NR_all_16664.1|1, TH|NR_all_16664.1|1"
6YHS,"RNA3DB","1|NR_all_96169.3|1, 5|NR_all_67384.3|1, 6|NR_all_74766.1|2, 8|NR_all_74766.1|2"
6YL5,"RNA3DB","A|NR_all_60157.1|2, B|NR_all_60157.1|2, C|NR_all_60157.1|2, D|NR_all_60157.1|2, E|NR_all_60157.1|2, F|NR_all_60157.1|2, G|NR_all_60157.1|2, H|NR_all_60157.1|2, I|NR_all_60157.1|2, J|NR_all_60157.1|2, K|NR_all_60157.1|2, L|NR_all_60157.1|2"
6YLB,"RNA3DB","A|NR_all_57046.1|2, B|NR_all_57046.1|2, C|NR_all_57046.1|2, D|NR_all_57046.1|2, F|NR_all_57046.1|2, G|NR_all_57046.1|2, I|NR_all_57046.1|2, J|NR_all_57046.1|2, M|NR_all_57046.1|2, N|NR_all_57046.1|2, O|NR_all_57046.1|2, P|NR_all_57046.1|2"
6YLG,"RNA3DB","1|NR_all_90506.74|2, 2|NR_all_90506.74|2, 3|NR_all_18586.69|1"
6YLH,"RNA3DB","1|NR_all_90506.74|2, 2|NR_all_90506.74|2, 3|NR_all_18586.69|1"
6YLX,"RNA3DB","1|NR_all_90506.74|2, 2|NR_all_90506.74|2, 6|NR_all_18489.10|1"
6YLY,"RNA3DB","1|NR_all_90506.74|2, 3|NR_all_90506.74|2, 6|NR_all_18489.10|1"
6YMC,"RNA3DB","A|NR_all_04166.1|1, B|NR_all_04166.1|1"
6YMI,"RNA3DB","A|NR_all_57046.1|2, B|NR_all_57046.1|2, C|NR_all_57046.1|2, D|NR_all_57046.1|2, F|NR_all_57046.1|2, G|NR_all_57046.1|2, I|NR_all_57046.1|2, J|NR_all_57046.1|2, M|NR_all_57046.1|2, N|NR_all_57046.1|2, O|NR_all_57046.1|2, P|NR_all_57046.1|2"
6YMJ,"RNA3DB","A|NR_all_57046.1|2, B|NR_all_57046.1|2, C|NR_all_57046.1|2, D|NR_all_57046.1|2, F|NR_all_57046.1|2, G|NR_all_57046.1|2, I|NR_all_57046.1|2, J|NR_all_57046.1|2, M|NR_all_57046.1|2, N|NR_all_57046.1|2, O|NR_all_57046.1|2, P|NR_all_57046.1|2"
6YMK,"RNA3DB","A|NR_all_57046.1|2, B|NR_all_57046.1|2, C|NR_all_57046.1|2, D|NR_all_57046.1|2, F|NR_all_57046.1|2, G|NR_all_57046.1|2, I|NR_all_57046.1|2, J|NR_all_57046.1|2, M|NR_all_57046.1|2, N|NR_all_57046.1|2, O|NR_all_57046.1|2, P|NR_all_57046.1|2"
6YML,"RNA3DB","A|NR_all_57046.1|2, B|NR_all_57046.1|2, C|NR_all_57046.1|2, D|NR_all_57046.1|2"
6YMM,"RNA3DB","A|NR_all_57046.1|2, B|NR_all_57046.1|2, C|NR_all_57046.1|2, D|NR_all_57046.1|2"
6YMW,"RNA3DB","C|NR_all_98428.4|1"
6YPU,"RNA3DB","2|NR_all_43481.4|1, 4|NR_all_43481.4|1"
6YRB,"RNA3DB","C|NR_all_65417.1|1, D|NR_all_65417.1|1"
6YRQ,"RNA3DB","E|NR_all_65417.1|1, F|NR_all_65417.1|1, G|NR_all_65417.1|1, H|NR_all_65417.1|1"
6YS3,"RNA3DB","a|NR_all_10157.143|1, b|NR_all_83717.145|1, v|NR_all_70416.1|1"
6YS5,"RNA3DB","3|NR_all_43481.4|1, 7|NR_all_98434.1|1"
6YSI,"RNA3DB","1|NR_all_96169.3|1, 5|NR_all_67384.3|1, 6|NR_all_36850.1|2, 8|NR_all_36850.1|2"
6YSR,"RNA3DB","A|NR_all_83717.145|1, B|NR_all_10157.143|1, a|NR_all_56726.132|1, w|NR_all_19951.88|1"
6YSS,"RNA3DB","A|NR_all_83717.145|1, B|NR_all_10157.143|1, a|NR_all_56726.132|1, w|NR_all_19951.88|1"
6YST,"RNA3DB","A|NR_all_83717.145|1, B|NR_all_10157.143|1, a|NR_all_56726.132|1, w|NR_all_19951.88|1"
6YSU,"RNA3DB","A|NR_all_83717.145|1, B|NR_all_10157.143|1, a|NR_all_56726.132|1, w|NR_all_19951.88|1"
6YT9,"RNA3DB","2|NR_all_43481.4|1, 4|NR_all_43481.4|1"
6YTF,"RNA3DB","3|NR_all_43481.4|1, 7|NR_all_98434.1|1"
6YUD,"RNA3DB","K|NR_all_64918.25|1, M|NR_all_64918.25|1, O|NR_all_64918.25|1, P|NR_all_64918.25|1, Q|NR_all_64918.25|1"
6YW5,"RNA3DB","aa|NR_all_45705.1|1"
6YWE,"RNA3DB","A|NR_all_72592.1|1, aa|NR_all_45705.1|1, bb|NR_all_99566.1|1"
6YWO,"RNA3DB","E|NR_all_65223.11|1, F|NR_all_65223.11|1, I|NR_all_65223.11|1, K|NR_all_65223.11|1"
6YWS,"RNA3DB","A|NR_all_72592.1|1"
6YWV,"RNA3DB","A|NR_all_72592.1|1"
6YWX,"RNA3DB","A|NR_all_72592.1|1, aa|NR_all_45705.1|1, bb|NR_all_87724.1|1"
6YWY,"RNA3DB","A|NR_all_72592.1|1, aa|NR_all_45705.1|1, bb|NR_all_01551.1|1"
6YXX,"RNA3DB","AA|NR_all_06835.1|1"
6YXY,"RNA3DB","AA|NR_all_42813.3|1"
6YYM,"RNA3DB","B|NR_all_04435.1|1"
6YYT,"RNA3DB","P|NR_all_82338.1|4, Q|NR_all_82338.1|4, T|NR_all_82338.1|4, U|NR_all_82338.1|4"
6Z18,"RNA3DB","A|NR_all_71188.3|2, B|NR_all_71188.3|2"
6Z1P,"RNA3DB","Aa|NR_all_08125.1|2, Ab|NR_all_08125.1|2, Ba|NR_all_27244.1|2, Bb|NR_all_27244.1|2"
6Z6B,"RNA3DB","BBB|NR_all_08043.1|1, CCC|NR_all_05610.1|2, DDD|NR_all_05610.1|2, HHH|NR_all_05610.1|2, UUU|NR_all_08043.1|1, XXX|NR_all_05610.1|2"
6Z6G,"RNA3DB","H|NR_all_40155.1|2, U|NR_all_08043.1|1, X|NR_all_40155.1|2"
6Z6J,"RNA3DB","C1|NR_all_90506.74|2, C2|NR_all_03510.64|1, C3|NR_all_90506.74|2, C4|NR_all_18586.69|1"
6Z6K,"RNA3DB","C1|NR_all_90506.74|2, C2|NR_all_03510.64|1, C3|NR_all_90506.74|2, C4|NR_all_18586.69|1"
6Z6L,"RNA3DB","CC|NR_all_71217.5|1, L5|NR_all_65061.34|2, L7|NR_all_52752.30|1, L8|NR_all_65061.34|2, S2|NR_all_46995.44|1"
6Z6M,"RNA3DB","CC|NR_all_69011.1|1, L5|NR_all_65061.34|2, L7|NR_all_52752.30|1, L8|NR_all_65061.34|2, S2|NR_all_46995.44|1"
6Z6N,"RNA3DB","CC|NR_all_71217.5|1, L5|NR_all_65061.34|2, L7|NR_all_52752.30|1, L8|NR_all_65061.34|2, S2|NR_all_46995.44|1"
6Z8K,"RNA3DB","C|NR_all_08043.1|1, H|NR_all_40155.1|2, P|NR_all_66417.1|2, T|NR_all_66417.1|2, X|NR_all_40155.1|2"
6Z9P,"RNA3DB","R|NR_all_03741.2|1"
6Z9Q,"RNA3DB","R|NR_all_03741.2|1"
6Z9R,"RNA3DB","R|NR_all_03741.2|1"
6Z9S,"RNA3DB","R|NR_all_03741.2|1"
6Z9T,"RNA3DB","R|NR_all_03741.2|1"
6ZCE,"RNA3DB","A|NR_all_03510.64|1"
6ZDP,"RNA3DB","B|NR_all_49839.1|1"
6ZDQ,"RNA3DB","C|NR_all_03921.1|1"
6ZDU,"RNA3DB","C|NR_all_03921.1|1, D|NR_all_03921.1|1"
6ZJ3,"RNA3DB","LA|NR_all_54580.1|3, LB|NR_all_54580.1|3, LC|NR_all_54580.1|3, LD|NR_all_68504.1|1, LE|NR_all_36360.1|1, LF|NR_all_41145.1|1, LG|NR_all_90326.1|2, LH|NR_all_90326.1|2, LI|NR_all_39845.1|1, LJ|NR_all_08919.1|1, LK|NR_all_00321.1|1, LL|NR_all_32401.1|1, LN|NR_all_90146.1|1, LO|NR_all_79566.1|1, S1|NR_all_06563.1|1, S2|NR_all_96610.1|1, S3|NR_all_96610.1|1, S4|NR_all_50080.1|1"
6ZLC,"RNA3DB","C|NR_all_21658.1|2, D|NR_all_21658.1|2"
6ZLW,"RNA3DB","2|NR_all_46995.44|1"
6ZM2,"RNA3DB","B|NR_all_34318.1|1"
6ZM5,"RNA3DB","AA|NR_all_93855.17|1, A|NR_all_12763.29|1, B|NR_all_73428.23|1, w|NR_all_04000.4|1, x|NR_all_83618.1|1"
6ZM6,"RNA3DB","AA|NR_all_93855.17|1, A|NR_all_12763.29|1, B|NR_all_73428.23|1, w|NR_all_04000.4|1, x|NR_all_83618.1|1"
6ZM7,"RNA3DB","CC|NR_all_71217.5|1, L5|NR_all_65061.34|2, L7|NR_all_52752.30|1, L8|NR_all_65061.34|2, S2|NR_all_46995.44|1"
6ZME,"RNA3DB","CC|NR_all_71217.5|1, L5|NR_all_65061.34|2, L7|NR_all_52752.30|1, L8|NR_all_65061.34|2, S2|NR_all_46995.44|1"
6ZMI,"RNA3DB","CC|NR_all_71217.5|1, L5|NR_all_65061.34|2, L7|NR_all_52752.30|1, L8|NR_all_65061.34|2, S2|NR_all_46995.44|1"
6ZMO,"RNA3DB","CB|NR_all_93290.1|1, CC|NR_all_71217.5|1, L5|NR_all_65061.34|2, L7|NR_all_52752.30|1, L8|NR_all_65061.34|2, S2|NR_all_46995.44|1"
6ZMT,"RNA3DB","2|NR_all_46995.44|1"
6ZMW,"RNA3DB","7|NR_all_35582.1|1, A|NR_all_46995.44|1, w|NR_all_49851.1|1"
6ZN5,"RNA3DB","2|NR_all_46995.44|1"
6ZOJ,"RNA3DB","2|NR_all_46995.44|1"
6ZOK,"RNA3DB","2|NR_all_46995.44|1"
6ZOL,"RNA3DB","2|NR_all_46995.44|1"
6ZON,"RNA3DB","2|NR_all_46995.44|1"
6ZOT,"RNA3DB","C|NR_all_40394.1|1"
6ZP4,"RNA3DB","1|NR_all_83098.3|1, 2|NR_all_46995.44|1"
6ZPF,"RNA3DB","K|NR_all_86909.1|2, L|NR_all_86909.1|2"
6ZQ9,"RNA3DB","K|NR_all_86909.1|2, L|NR_all_86909.1|2"
6ZQA,"RNA3DB","D2|NR_all_53336.1|3, D3|NR_all_53336.1|3, D4|NR_all_53336.1|3"
6ZQB,"RNA3DB","D2|NR_all_03510.64|3, D3|NR_all_03510.64|3, D4|NR_all_03510.64|3"
6ZQC,"RNA3DB","D2|NR_all_62396.2|1, D3|NR_all_03510.64|1, D4|NR_all_47865.1|1"
6ZQD,"RNA3DB","D2|NR_all_07561.2|2, D3|NR_all_03510.64|1, D4|NR_all_07561.2|2"
6ZQE,"RNA3DB","D2|NR_all_07561.2|2, D3|NR_all_03510.64|1, D4|NR_all_07561.2|2"
6ZQF,"RNA3DB","D3|NR_all_03510.64|1"
6ZQG,"RNA3DB","D3|NR_all_03510.64|1, D5|NR_all_72651.1|1"
6ZR1,"RNA3DB","K|NR_all_86909.1|2, L|NR_all_86909.1|2"
6ZRL,"RNA3DB","M|NR_all_86909.1|2, N|NR_all_86909.1|2"
6ZRS,"RNA3DB","K|NR_all_86909.1|2, L|NR_all_86909.1|2"
6ZS9,"RNA3DB","AA|NR_all_93855.17|1, XA|NR_all_12763.29|1, XB|NR_all_73428.23|1"
6ZSA,"RNA3DB","AA|NR_all_93855.17|1, XA|NR_all_12763.29|1, XB|NR_all_73428.23|1"
6ZSB,"RNA3DB","AA|NR_all_93855.17|1, XA|NR_all_12763.29|1, XB|NR_all_73428.23|1"
6ZSC,"RNA3DB","AA|NR_all_93855.17|1, XA|NR_all_12763.29|1, XB|NR_all_73428.23|1"
6ZSD,"RNA3DB","AA|NR_all_93855.17|1, XA|NR_all_12763.29|1, XB|NR_all_73428.23|1"
6ZSE,"RNA3DB","AA|NR_all_93855.17|1, XA|NR_all_12763.29|1, XB|NR_all_73428.23|1"
6ZSG,"RNA3DB","AA|NR_all_93855.17|1, XA|NR_all_12763.29|1, XB|NR_all_73428.23|1"
6ZTJ,"RNA3DB","AA|NR_all_56726.132|1, AW|NR_all_35542.140|1, AX|NR_all_19951.88|1, BA|NR_all_83717.145|1, BB|NR_all_10157.143|1"
6ZTL,"RNA3DB","AA|NR_all_56726.132|1, AW|NR_all_35542.140|1, AX|NR_all_19951.88|1, BA|NR_all_83717.145|1, BB|NR_all_10157.143|1"
6ZTM,"RNA3DB","AA|NR_all_56726.132|1, AW|NR_all_35542.140|1, AX|NR_all_19951.88|1, BA|NR_all_83717.145|1, BB|NR_all_10157.143|1"
6ZTN,"RNA3DB","AA|NR_all_56726.132|1, AW|NR_all_35542.140|1, AX|NR_all_19951.88|1, AZ|NR_all_19951.88|1, BA|NR_all_83717.145|1, BB|NR_all_10157.143|1"
6ZTO,"RNA3DB","AA|NR_all_56726.132|1, AW|NR_all_35542.140|1, AX|NR_all_19951.88|1, BA|NR_all_83717.145|1, BB|NR_all_10157.143|1"
6ZTP,"RNA3DB","AA|NR_all_56726.132|1, AW|NR_all_35542.140|1, AX|NR_all_19951.88|1, BA|NR_all_83717.145|1, BB|NR_all_10157.143|1"
6ZU1,"RNA3DB","AA|NR_all_56726.132|1, AW|NR_all_35542.140|1, AX|NR_all_19951.88|1, BA|NR_all_83717.145|1, BB|NR_all_10157.143|1"
6ZU5,"RNA3DB","L50|NR_all_56778.1|1, L70|NR_all_51489.1|1, S60|NR_all_82907.1|1"
6ZU9,"RNA3DB","1|NR_all_81815.1|1, 2|NR_all_03510.64|1"
6ZUO,"RNA3DB","2|NR_all_46995.44|1"
6ZV6,"RNA3DB","2|NR_all_46995.44|1"
6ZVH,"RNA3DB","2|NR_all_46995.44|1, x|NR_all_71217.5|1"
6ZVI,"RNA3DB","d|NR_all_38961.4|1, e|NR_all_11689.6|1, h|NR_all_03510.64|1"
6ZVJ,"RNA3DB","2|NR_all_46995.44|1"
6ZVK,"RNA3DB","E1|NR_all_28858.1|1, K3|NR_all_21280.33|1, d2|NR_all_10255.37|1, e2|NR_all_06650.37|2, h2|NR_all_06650.37|2"
6ZW3,"RNA3DB","M|NR_all_86909.1|2, N|NR_all_86909.1|2"
6ZWU,"RNA3DB","M|NR_all_86909.1|2, N|NR_all_86909.1|2"
6ZWW,"RNA3DB","B|NR_all_88533.1|1, D|NR_all_60024.1|1, F|NR_all_97995.1|1, H|NR_all_12236.1|1"
6ZX5,"RNA3DB","K|NR_all_86909.1|2, L|NR_all_86909.1|2"
6ZX8,"RNA3DB","K|NR_all_86909.1|2, L|NR_all_86909.1|2"
6ZXD,"RNA3DB","2|NR_all_46995.44|1"
6ZXE,"RNA3DB","2|NR_all_46995.44|1"
6ZXF,"RNA3DB","2|NR_all_46995.44|1"
6ZXG,"RNA3DB","2|NR_all_46995.44|1"
6ZXH,"RNA3DB","2|NR_all_46995.44|1"
6ZXZ,"RNA3DB","A|NR_all_94729.10|1, B|NR_all_94729.10|1, C|NR_all_94729.10|1"
6ZYB,"RNA3DB","A|NR_all_94729.10|1"
6ZYM,"RNA3DB","5|NR_all_73286.27|1, 6|NR_all_34349.1|1"
7A01,"RNA3DB","E1|NR_all_32878.1|1, K3|NR_all_21280.33|1, d2|NR_all_10255.37|1, e2|NR_all_06650.37|2, h2|NR_all_06650.37|2"
7A09,"RNA3DB","2|NR_all_46995.44|1, f|NR_all_83098.3|1"
7A0R,"RNA3DB","X|NR_all_88987.9|1, Y|NR_all_17405.9|1"
7A0S,"RNA3DB","X|NR_all_88987.9|1, Y|NR_all_17405.9|1"
7A18,"RNA3DB","X|NR_all_88987.9|1, Y|NR_all_17405.9|1"
7A1G,"RNA3DB","2|NR_all_03510.64|1"
7A3Y,"RNA3DB","A|NR_all_22270.1|2, B|NR_all_22270.1|2"
7A5F,"RNA3DB","24|NR_all_80025.2|1, A3|NR_all_12763.29|1, A6|NR_all_93855.17|1, B3|NR_all_73428.23|1, C|NR_all_80025.2|1"
7A5G,"RNA3DB","24|NR_all_80025.2|1, A3|NR_all_12763.29|1, A6|NR_all_93855.17|1, B3|NR_all_73428.23|1, C|NR_all_80025.2|1, j|NR_all_38810.1|1, u3|NR_all_19793.1|1"
7A5H,"RNA3DB","24|NR_all_80025.2|1, A|NR_all_12763.29|1, B|NR_all_73428.23|1"
7A5I,"RNA3DB","94|NR_all_80025.2|1, 99|NR_all_80025.2|1, A3|NR_all_12763.29|1, A6|NR_all_93855.17|1, B3|NR_all_73428.23|1, X|NR_all_80025.2|1"
7A5J,"RNA3DB","A|NR_all_12763.29|1, B|NR_all_73428.23|1, G|NR_all_80025.2|1, x|NR_all_80025.2|1"
7A5K,"RNA3DB","24|NR_all_80025.2|1, A3|NR_all_12763.29|1, A6|NR_all_93855.17|1, B3|NR_all_73428.23|1, FE|NR_all_80025.2|1, u3|NR_all_19793.1|1"
7A5P,"RNA3DB","2|NR_all_40001.1|1, 5|NR_all_73286.27|1, Y|NR_all_13520.1|1"
7A9L,"RNA3DB","M|NR_all_86909.1|2, N|NR_all_86909.1|2"
7A9N,"RNA3DB","K|NR_all_86909.1|2, L|NR_all_86909.1|2"
7A9O,"RNA3DB","K|NR_all_86909.1|2, L|NR_all_86909.1|2"
7A9P,"RNA3DB","M|NR_all_86909.1|2, N|NR_all_86909.1|2"
7A9Q,"RNA3DB","K|NR_all_86909.1|2, L|NR_all_86909.1|2"
7A9R,"RNA3DB","M|NR_all_86909.1|2, N|NR_all_86909.1|2"
7A9S,"RNA3DB","K|NR_all_86909.1|2, L|NR_all_86909.1|2"
7A9T,"RNA3DB","K|NR_all_86909.1|2, L|NR_all_86909.1|2"
7A9W,"RNA3DB","B|NR_all_38607.1|1"
7A9X,"RNA3DB","B|NR_all_97545.1|1"
7AAP,"RNA3DB","P|NR_all_59092.1|2, T|NR_all_59092.1|2"
7AAV,"RNA3DB","5|NR_all_73286.27|1, 6|NR_all_57834.4|1"
7ABF,"RNA3DB","5|NR_all_73286.27|1, 6|NR_all_57834.4|1"
7ABG,"RNA3DB","2|NR_all_78169.1|2, 5|NR_all_73286.27|1, 6|NR_all_78169.1|2"
7ABH,"RNA3DB","2|NR_all_73426.10|2, Z|NR_all_73426.10|2"
7ABI,"RNA3DB","2|NR_all_73426.10|2, 5|NR_all_73286.27|1, 6|NR_all_73426.10|2"
7ABZ,"RNA3DB","1|NR_all_83717.145|1, 2|NR_all_56726.132|1, 3|NR_all_10157.143|1, 4|NR_all_22035.1|1, 7|NR_all_19951.88|1"
7AC7,"RNA3DB","1|NR_all_83717.145|1, 2|NR_all_56726.132|1, 3|NR_all_10157.143|1, 4|NR_all_00075.1|1, 7|NR_all_19951.88|1"
7ACJ,"RNA3DB","1|NR_all_83717.145|1, 2|NR_all_56726.132|1, 3|NR_all_10157.143|1, 4|NR_all_23849.2|1"
7ACR,"RNA3DB","1|NR_all_83717.145|1, 2|NR_all_56726.132|1, 3|NR_all_10157.143|1, 4|NR_all_23849.2|1"
7ACS,"RNA3DB","B|NR_all_21752.1|2, C|NR_all_21752.1|2"
7ACT,"RNA3DB","B|NR_all_47525.1|1"
7ADB,"RNA3DB","R|NR_all_03741.2|1"
7ADC,"RNA3DB","R|NR_all_03741.2|1"
7ADD,"RNA3DB","R|NR_all_03741.2|1"
7ADE,"RNA3DB","R|NR_all_03741.2|1"
7AE1,"RNA3DB","R|NR_all_83261.1|1"
7AE3,"RNA3DB","R|NR_all_83261.1|1"
7AEA,"RNA3DB","R|NR_all_83261.1|1"
7AF3,"RNA3DB","1|NR_all_56726.132|1"
7AF5,"RNA3DB","1|NR_all_56726.132|1"
7AF8,"RNA3DB","1|NR_all_56726.132|1"
7AFA,"RNA3DB","1|NR_all_56726.132|1"
7AFD,"RNA3DB","1|NR_all_56726.132|1"
7AFH,"RNA3DB","1|NR_all_56726.132|1"
7AFI,"RNA3DB","A|NR_all_56726.132|1"
7AFK,"RNA3DB","1|NR_all_56726.132|1"
7AFL,"RNA3DB","A|NR_all_56726.132|1"
7AFN,"RNA3DB","1|NR_all_56726.132|1"
7AFO,"RNA3DB","A|NR_all_56726.132|1"
7AIH,"RNA3DB","1|NR_all_42738.1|1"
7AJT,"RNA3DB","D2|NR_all_62396.2|1, D3|NR_all_03510.64|1, D4|NR_all_47865.1|1, EA|NR_all_31816.1|1"
7AJU,"RNA3DB","D2|NR_all_07561.2|2, D3|NR_all_03510.64|1, D4|NR_all_07561.2|2, EA|NR_all_31816.1|1"
7AM2,"RNA3DB","1|NR_all_35349.1|1, R1|NR_all_69305.1|1, R2|NR_all_40133.1|2, R5|NR_all_40133.1|2"
7ANE,"RNA3DB","1|NR_all_93407.1|1, 2|NR_all_42139.1|1"
7AOE,"RNA3DB","R|NR_all_03629.1|1"
7AOH,"RNA3DB","P|NR_all_01773.1|1"
7AOI,"RNA3DB","AA|NR_all_42813.3|1"
7AOR,"RNA3DB","2|NR_all_70878.1|1, A|NR_all_53658.1|1"
7AOZ,"RNA3DB","P|NR_all_09823.1|1"
7AP8,"RNA3DB","P|NR_all_09823.1|1"
7AP9,"RNA3DB","P|NR_all_09823.1|1"
7AQC,"RNA3DB","A|NR_all_41610.20|1, B|NR_all_97435.16|1, P|NR_all_92412.1|1, T|NR_all_92412.1|1"
7AQD,"RNA3DB","A|NR_all_41610.20|1, B|NR_all_97435.16|1, T|NR_all_92412.1|1"
7AS8,"RNA3DB","2|NR_all_92412.1|1, A|NR_all_41610.20|1, B|NR_all_97435.16|1"
7AS9,"RNA3DB","2|NR_all_92412.1|1, A|NR_all_41610.20|1, B|NR_all_97435.16|1"
7ASA,"RNA3DB","2|NR_all_92412.1|1, A|NR_all_41610.20|1"
7ASE,"RNA3DB","0|NR_all_49738.1|1, 1|NR_all_79129.1|1"
7ASM,"RNA3DB","A|NR_all_90633.23|1, B|NR_all_83891.22|1"
7ASN,"RNA3DB","A|NR_all_90633.23|1, B|NR_all_83891.22|1"
7ASO,"RNA3DB","C|NR_all_83891.22|1, X|NR_all_74023.13|1, Y|NR_all_90633.23|1"
7ASP,"RNA3DB","3|NR_all_83891.22|1, X|NR_all_74023.13|1, Y|NR_all_90633.23|1"
7AZO,"RNA3DB","16SA|NR_all_65795.80|1, 16SB|NR_all_65795.80|1, 23SA|NR_all_97519.74|1, 23SB|NR_all_97519.74|1, 5SA|NR_all_42622.74|1, 5SB|NR_all_42622.74|1, ASIA|NR_all_19951.88|1, ASIB|NR_all_19951.88|1, ESIA|NR_all_19951.88|1, ESIB|NR_all_19951.88|1, PSIA|NR_all_19951.88|1, PSIB|NR_all_19951.88|1, TRNA|NR_all_19951.88|1"
7AZS,"RNA3DB","16SA|NR_all_65795.80|1, 16SB|NR_all_65795.80|1, 23SA|NR_all_97519.74|1, 23SB|NR_all_97519.74|1, 5SA|NR_all_42622.74|1, 5SB|NR_all_42622.74|1, ASIA|NR_all_19951.88|1, ASIB|NR_all_19951.88|1, ESIA|NR_all_19951.88|1, ESIB|NR_all_19951.88|1, PSIA|NR_all_19951.88|1, PSIB|NR_all_19951.88|1, TRNA|NR_all_19951.88|1"
7AZY,"RNA3DB","E|NR_all_90506.74|2, F|NR_all_18586.69|1, G|NR_all_90506.74|2"
7B0Y,"RNA3DB","a|NR_all_33460.5|1"
7B3B,"RNA3DB","P|NR_all_29032.1|2, T|NR_all_29032.1|2"
7B3C,"RNA3DB","P|NR_all_31915.1|2, T|NR_all_31915.1|2"
7B3D,"RNA3DB","P|NR_all_29032.1|2, T|NR_all_29032.1|2"
7B5K,"RNA3DB","9|NR_all_69813.13|1, A|NR_all_83717.145|1, B|NR_all_10157.143|1, a|NR_all_56726.132|1, x|NR_all_49241.1|1, z|NR_all_20230.1|1"
7B7D,"RNA3DB","2|NR_all_03510.64|1, LA|NR_all_90506.74|2, LB|NR_all_18586.69|1, LC|NR_all_90506.74|2, Sm|NR_all_81815.1|1, Sn|NR_all_81815.1|1"
7B9V,"RNA3DB","2|NR_all_01315.2|2, 5|NR_all_38286.2|1, 6|NR_all_01315.2|2"
7BAH,"RNA3DB","C|NR_all_22038.1|2, D|NR_all_22038.1|2"
7BAI,"RNA3DB","C|NR_all_22038.1|2, D|NR_all_22038.1|2, V|NR_all_22038.1|1"
7BDV,"RNA3DB","F|NR_all_64918.25|1, H|NR_all_64918.25|1"
7BG6,"RNA3DB","C|NR_all_12110.1|1"
7BG9,"RNA Puzzles, RNA3DB","B|NR_all_92345.1|1"
7BGB,"RNA3DB","B|NR_all_83333.1|1"
7BGD,"RNA3DB","A|NR_all_95786.1|1, a|NR_all_74023.13|1"
7BGE,"RNA3DB","a|NR_all_74023.13|1"
7BHP,"RNA3DB","B|NR_all_68756.1|1, L5|NR_all_65061.34|2, L7|NR_all_52752.30|1, L8|NR_all_65061.34|2"
7BKP,"RNA3DB","X|NR_all_33534.2|2, Z|NR_all_33534.2|2"
7BKQ,"RNA3DB","X|NR_all_36248.2|2, Y|NR_all_36248.2|2"
7BL2,"RNA3DB","A|NR_all_83717.145|1, B|NR_all_10157.143|1"
7BL3,"RNA3DB","A|NR_all_83717.145|1, B|NR_all_10157.143|1"
7BL4,"RNA3DB","A|NR_all_83717.145|1, B|NR_all_10157.143|1"
7BL5,"RNA3DB","A|NR_all_83717.145|1, B|NR_all_10157.143|1"
7BL6,"RNA3DB","A|NR_all_83717.145|1, B|NR_all_10157.143|1"
7BOD,"RNA3DB","A|NR_all_56726.132|1"
7BOE,"RNA3DB","A|NR_all_56726.132|1"
7BOF,"RNA3DB","A|NR_all_56726.132|1"
7BOG,"RNA3DB","A|NR_all_56726.132|1"
7BOH,"RNA3DB","A|NR_all_56726.132|1"
7BOI,"RNA3DB","A|NR_all_56726.132|1"
7BPF,"RNA3DB","A|NR_all_49675.1|1, B|NR_all_49675.1|1"
7BPG,"RNA3DB","A|NR_all_75428.1|1, C|NR_all_75428.1|1, E|NR_all_75428.1|1, G|NR_all_75428.1|1"
7BPV,"RNA3DB","S|NR_all_15457.1|1"
7BT6,"RNA3DB","1|NR_all_90506.74|2, 2|NR_all_90506.74|2, 3|NR_all_18586.69|1"
7BTB,"RNA3DB","1|NR_all_90506.74|2, 2|NR_all_90506.74|2, 3|NR_all_18586.69|1, 6|NR_all_18489.10|1"
7BV2,"RNA3DB","P|NR_all_73553.1|2, T|NR_all_73553.1|2"
7BV8,"RNA3DB","A|NR_all_83717.145|1, B|NR_all_10157.143|1"
7BZF,"RNA3DB","F|NR_all_62395.1|2, G|NR_all_62395.1|2"
7C06,"RNA3DB","1|NR_all_86209.1|1, C|NR_all_26439.1|1, F|NR_all_26439.1|1, I|NR_all_26439.1|1, L|NR_all_26439.1|1, O|NR_all_68707.1|1, R|NR_all_26439.1|1, U|NR_all_26439.1|1, X|NR_all_68707.1|1"
7C07,"RNA3DB","1|NR_all_03625.1|1, C|NR_all_67835.1|1, F|NR_all_67835.1|1, I|NR_all_63119.1|1, L|NR_all_67835.1|1, O|NR_all_93248.1|1, R|NR_all_67835.1|1, U|NR_all_67835.1|1, X|NR_all_02802.1|1"
7C08,"RNA3DB","1|NR_all_65098.1|1, C|NR_all_26439.1|1, F|NR_all_26439.1|1, I|NR_all_80069.1|1, L|NR_all_26439.1|1, O|NR_all_24667.1|1, R|NR_all_26439.1|1, U|NR_all_26439.1|1, X|NR_all_68707.1|1"
7C2K,"RNA3DB","F|NR_all_88912.1|2, G|NR_all_88912.1|2"
7C45,"RNA3DB","D|NR_all_38094.1|1"
7C79,"RNA3DB","A|NR_all_64006.2|1"
7C7A,"RNA3DB","A|NR_all_64006.2|1, R|NR_all_93862.1|1"
7C7L,"RNA3DB","C|NR_all_79594.1|1"
7CGF,"RNA3DB","B|NR_all_43688.1|1"
7CGG,"RNA3DB","B|NR_all_77859.1|1"
7CGH,"RNA3DB","B|NR_all_36895.1|1"
7CGI,"RNA3DB","B|NR_all_98426.1|1"
7CGJ,"RNA3DB","B|NR_all_31724.1|1"
7CGK,"RNA3DB","B|NR_all_77859.1|1"
7CGL,"RNA3DB","B|NR_all_25251.1|1"
7CGM,"RNA3DB","B|NR_all_24803.1|1"
7CHD,"RNA3DB","I|NR_all_35542.140|1, J|NR_all_35542.140|1"
7CPJ,"RNA3DB","9|NR_all_56101.4|1, A|NR_all_83717.145|1, B|NR_all_10157.143|1, a|NR_all_56726.132|1"
7CPU,"RNA3DB","L5|NR_all_96091.1|2, L7|NR_all_21609.1|1, L8|NR_all_96091.1|2, S2|NR_all_51105.1|1, S6|NR_all_19931.1|1"
7CPV,"RNA3DB","L5|NR_all_96091.1|2, L7|NR_all_21609.1|1, L8|NR_all_96091.1|2, S2|NR_all_51105.1|1, S6|NR_all_19931.1|1"
7CTT,"RNA3DB","Q|NR_all_68817.1|2, T|NR_all_68817.1|2"
7CXM,"RNA3DB","I|NR_all_11127.1|2, J|NR_all_11127.1|2, L|NR_all_58396.1|1"
7CXN,"RNA3DB","I|NR_all_11127.1|2, J|NR_all_11127.1|2, L|NR_all_58396.1|1"
7CYQ,"RNA3DB","I|NR_all_46784.1|2, J|NR_all_46784.1|2"
7D0F,"RNA3DB","A|NR_all_56999.3|1"
7D0G,"RNA3DB","A|NR_all_56999.3|1"
7D12,"RNA3DB","A|NR_all_93197.1|1"
7D1A,"RNA3DB","A|NR_all_56999.3|1"
7D2L,"RNA3DB","B|NR_all_43343.1|1"
7D3J,"RNA3DB","B|NR_all_43343.1|1"
7D4I,"RNA3DB","3A|NR_all_47865.1|1, 5A|NR_all_62396.2|1, SA|NR_all_03510.64|1"
7D58,"RNA3DB","T|NR_all_96183.1|1"
7D5S,"RNA3DB","3A|NR_all_03510.64|3, 5A|NR_all_03510.64|3, SA|NR_all_03510.64|3"
7D5T,"RNA3DB","3A|NR_all_47865.1|2, 5A|NR_all_47865.1|2, SA|NR_all_03510.64|1"
7D63,"RNA3DB","3A|NR_all_03510.64|3, 5A|NR_all_03510.64|3, SA|NR_all_03510.64|3"
7D6Z,"RNA3DB","2|NR_all_83999.1|1, 3|NR_all_28277.1|1, 4|NR_all_76703.9|1, A|NR_all_83717.145|1, B|NR_all_10157.143|1, f|NR_all_56726.132|1"
7D7V,"RNA3DB","A|NR_all_00559.1|1"
7D7W,"RNA3DB","A|NR_all_07795.1|1"
7D7X,"RNA3DB","A|NR_all_07795.1|1"
7D7Y,"RNA3DB","A|NR_all_07795.1|1"
7D7Z,"RNA3DB","A|NR_all_07795.1|1"
7D80,"RNA3DB","A|NR_all_83717.145|1, B|NR_all_56726.132|1, X|NR_all_83999.1|1, Z|NR_all_76703.9|1, a|NR_all_10157.143|1, y|NR_all_28277.1|1"
7D81,"RNA3DB","A|NR_all_89299.1|1"
7D82,"RNA3DB","A|NR_all_89299.1|1"
7D8C,"RNA3DB","B|NR_all_96851.1|1, C|NR_all_01601.1|1"
7D8O,"RNA3DB","B|NR_all_99575.2|1, D|NR_all_99575.2|1, F|NR_all_99575.2|1, H|NR_all_99575.2|1, J|NR_all_99575.2|1, L|NR_all_99575.2|1"
7DA7,"RNA3DB","C|NR_all_43181.1|1"
7DAS,"RNA3DB","C|NR_all_43181.1|1"
7DCO,"RNA3DB","B|NR_all_38286.2|1, F|NR_all_22385.1|2, H|NR_all_22385.1|2"
7DD3,"RNA3DB","G|NR_all_30824.1|1"
7DD4,"RNA3DB","A|NR_all_80535.1|1"
7DFG,"RNA3DB","P|NR_all_48635.1|2, T|NR_all_48635.1|2"
7DFH,"RNA3DB","P|NR_all_31876.1|2, T|NR_all_31876.1|2"
7DIC,"RNA3DB","C|NR_all_35047.1|1"
7DID,"RNA3DB","C|NR_all_83477.1|1"
7DLZ,"RNA3DB","X|NR_all_56532.1|1, Y|NR_all_56532.1|1"
7DMQ,"RNA3DB","B|NR_all_90447.1|2, C|NR_all_90447.1|2"
7DN3,"RNA3DB","R|NR_all_64715.1|1"
7DOI,"RNA3DB","P|NR_all_61090.1|2, T|NR_all_61090.1|2"
7DOK,"RNA3DB","P|NR_all_21052.1|2, T|NR_all_21052.1|2"
7DOL,"RNA3DB","C|NR_all_79034.1|1"
7DTE,"RNA3DB","F|NR_all_24522.1|2, G|NR_all_24522.1|2"
7DU2,"RNA3DB","R|NR_all_42385.1|1"
7DUG,"RNA3DB","A|NR_all_65795.80|1, W|NR_all_45930.3|2, Y|NR_all_45930.3|2"
7DUH,"RNA3DB","A|NR_all_65795.80|1, W|NR_all_45930.3|1, Y|NR_all_74924.26|1"
7DUI,"RNA3DB","A|NR_all_65795.80|1, W|NR_all_45930.3|2, Y|NR_all_45930.3|2"
7DUJ,"RNA3DB","A|NR_all_65795.80|1, W|NR_all_45930.3|2, Y|NR_all_45930.3|2"
7DUK,"RNA3DB","A|NR_all_65795.80|1, W|NR_all_45930.3|2, Y|NR_all_45930.3|2"
7DUL,"RNA3DB","A|NR_all_65795.80|1, W|NR_all_45930.3|2, Y|NR_all_45930.3|2"
7DVQ,"RNA3DB","B|NR_all_73286.27|1, F|NR_all_51220.1|2, H|NR_all_51220.1|2"
7DWH,"RNA3DB","X|NR_all_56532.1|1, Y|NR_all_56532.1|1"
7E8O,"RNA3DB","X|NR_all_74971.1|1"
7E9E,"RNA3DB","A|NR_all_80276.4|1"
7E9I,"RNA3DB","A|NR_all_80276.4|1"
7EAF,"RNA3DB","A|NR_all_84517.1|1"
7EAG,"RNA3DB","A|NR_all_79830.1|6, B|NR_all_79830.1|6, C|NR_all_79830.1|6, D|NR_all_79830.1|6, E|NR_all_79830.1|6, F|NR_all_79830.1|6"
7ECJ,"RNA3DB","A|NR_all_75220.1|2, B|NR_all_75220.1|2, C|NR_all_75220.1|1"
7ECK,"RNA3DB","A|NR_all_75220.1|2, B|NR_all_75220.1|2, C|NR_all_75220.1|2, D|NR_all_75220.1|2, E|NR_all_75220.1|2, F|NR_all_75220.1|2, G|NR_all_75220.1|2, H|NR_all_75220.1|2, I|NR_all_75220.1|2, J|NR_all_75220.1|2, K|NR_all_75220.1|2, L|NR_all_75220.1|2"
7ECL,"RNA3DB","A|NR_all_75220.1|2, B|NR_all_75220.1|2, C|NR_all_75220.1|2, D|NR_all_75220.1|2, E|NR_all_75220.1|2, F|NR_all_75220.1|2, G|NR_all_75220.1|2, H|NR_all_75220.1|2, I|NR_all_75220.1|2, J|NR_all_75220.1|2, K|NR_all_75220.1|2, L|NR_all_75220.1|2"
7ECM,"RNA3DB","A|NR_all_02841.1|2, B|NR_all_02841.1|2, C|NR_all_02841.1|2, D|NR_all_02841.1|2"
7ECN,"RNA3DB","A|NR_all_02841.1|2, B|NR_all_02841.1|2, C|NR_all_02841.1|2, D|NR_all_02841.1|2"
7ECO,"RNA3DB","A|NR_all_36012.1|2, B|NR_all_36012.1|2, C|NR_all_36012.1|2, D|NR_all_36012.1|2, E|NR_all_36012.1|2, F|NR_all_36012.1|2"
7ECP,"RNA3DB","A|NR_all_05805.1|2, B|NR_all_05805.1|2, C|NR_all_05805.1|2, D|NR_all_05805.1|2"
7ECV,"RNA3DB","M|NR_all_94467.7|1"
7ECW,"RNA3DB","M|NR_all_94467.7|1"
7ED5,"RNA3DB","I|NR_all_89699.1|2, J|NR_all_89699.1|2"
7EDL,"RNA3DB","A|NR_all_71199.5|2, B|NR_all_71199.5|2"
7EDM,"RNA3DB","A|NR_all_71199.5|2, B|NR_all_71199.5|2"
7EDN,"RNA3DB","A|NR_all_02378.1|1"
7EDT,"RNA3DB","A|NR_all_73125.1|2, B|NR_all_73125.1|2"
7EDU,"RNA3DB","A|NR_all_49464.2|2, B|NR_all_49464.2|2, C|NR_all_49464.2|2, D|NR_all_49464.2|2"
7EEM,"RNA3DB","A|NR_all_94729.10|1"
7EEN,"RNA3DB","A|NR_all_94729.10|1, B|NR_all_94729.10|1, C|NR_all_94729.10|1, D|NR_all_94729.10|1"
7EEO,"RNA3DB","A|NR_all_94729.10|1, B|NR_all_94729.10|1"
7EFG,"RNA3DB","A|NR_all_88157.4|1"
7EFH,"RNA3DB","A|NR_all_88157.4|1"
7EFI,"RNA3DB","A|NR_all_88157.4|1"
7EGQ,"RNA3DB","I|NR_all_17196.3|2, J|NR_all_17196.3|2, L|NR_all_17196.3|2, M|NR_all_17196.3|2"
7EH0,"RNA3DB","I|NR_all_65802.1|1"
7EH1,"RNA3DB","I|NR_all_98428.4|1"
7EH2,"RNA3DB","I|NR_all_98428.4|1, R|NR_all_98428.4|1"
7EI5,"RNA3DB",""
7EI6,"RNA3DB",""
7EI7,"RNA3DB","A|NR_all_88157.4|2, B|NR_all_88157.4|2"
7EI8,"RNA3DB","A|NR_all_88157.4|2, B|NR_all_88157.4|2, C|NR_all_88157.4|2, D|NR_all_88157.4|2"
7EI9,"RNA3DB","A|NR_all_88157.4|2, B|NR_all_88157.4|2"
7EIA,"RNA3DB","A|NR_all_88157.4|2, B|NR_all_88157.4|2, C|NR_all_88157.4|2, D|NR_all_88157.4|2, E|NR_all_88157.4|2, F|NR_all_88157.4|2, G|NR_all_88157.4|2, H|NR_all_88157.4|2"
7EIU,"RNA3DB","C|NR_all_43624.1|1, D|NR_all_43624.1|1"
7EIZ,"RNA3DB","I|NR_all_39156.1|2, J|NR_all_39156.1|2"
7EL1,"RNA3DB","B|NR_all_96162.2|1"
7EL9,"RNA3DB","C|NR_all_75279.1|1, F|NR_all_75279.1|1"
7ELA,"RNA3DB","C|NR_all_68426.1|1"
7ELC,"RNA3DB","C|NR_all_75279.1|1"
7ELD,"RNA3DB","B|NR_all_52471.1|1"
7ELE,"RNA3DB","G|NR_all_43401.1|1"
7ELH,"RNA3DB","C|NR_all_76426.1|1, N|NR_all_66641.1|2, O|NR_all_66641.1|2, P|NR_all_84582.3|2, Q|NR_all_84582.3|2, R|NR_all_29366.1|2, S|NR_all_29366.1|2, T|NR_all_84582.3|2, U|NR_all_84582.3|2"
7ELM,"RNA3DB","J|NR_all_94467.7|1, T|NR_all_94467.7|1"
7ELN,"RNA3DB","J|NR_all_94467.7|1, T|NR_all_94467.7|1"
7ELP,"RNA Puzzles, RNA3DB","A|NR_all_74244.2|1, B|NR_all_74244.2|1"
7ELQ,"RNA Puzzles, RNA3DB","A|NR_all_74244.2|1, B|NR_all_74244.2|1"
7ELR,"RNA Puzzles, RNA3DB","A|NR_all_74244.2|1, B|NR_all_74244.2|1"
7ELS,"RNA Puzzles, RNA3DB","A|NR_all_74244.2|1, B|NR_all_74244.2|1"
7ENI,"RNA3DB","B|NR_all_38681.1|1"
7ENR,"RNA3DB","B|NR_all_04304.1|1"
7EOG,"RNA3DB","A|NR_all_54098.2|1"
7EOH,"RNA3DB","A|NR_all_54098.2|1"
7EOI,"RNA3DB","A|NR_all_54098.2|1"
7EOJ,"RNA Puzzles, RNA3DB","A|NR_all_54098.2|1"
7EOK,"RNA3DB","A|NR_all_54098.2|1"
7EOL,"RNA3DB","A|NR_all_54098.2|1"
7EOM,"RNA3DB","A|NR_all_39369.1|1"
7EON,"RNA3DB","A|NR_all_54098.2|1"
7EOO,"RNA3DB","A|NR_all_54098.2|1"
7EOP,"RNA3DB","A|NR_all_54098.2|1"
7EQG,"RNA3DB","M|NR_all_93100.1|1"
7EQJ,"RNA3DB","A|NR_all_69813.13|1, B|NR_all_69813.13|1"
7EU0,"RNA3DB","O|NR_all_59164.1|2, R|NR_all_59164.1|2"
7EU9,"RNA3DB","B|NR_all_37961.1|1"
7EVO,"RNA3DB","H|NR_all_73426.10|1"
7EWQ,"RNA3DB","B|NR_all_74924.26|1"
7EXA,"RNA3DB","B|NR_all_74924.26|1"
7EXY,"RNA3DB","A|NR_all_55948.1|1"
7EZ0,"RNA3DB","N|NR_all_69141.4|1"
7EZ2,"RNA3DB","N|NR_all_69141.4|1"
7F0D,"RNA3DB","A|NR_all_35677.3|1, B|NR_all_54145.1|1"
7F1M,"RNA3DB","R|NR_all_74924.26|1, S|NR_all_74924.26|1"
7F36,"RNA3DB","E|NR_all_05887.2|1, F|NR_all_05887.2|1, G|NR_all_05887.2|1, H|NR_all_05887.2|1"
7F3I,"RNA3DB","B|NR_all_19366.1|1, D|NR_all_28412.1|1"
7F3J,"RNA3DB","B|NR_all_41208.1|1, D|NR_all_53377.1|1, F|NR_all_41208.1|1, H|NR_all_41208.1|1"
7F3K,"RNA3DB","B|NR_all_59550.1|1"
7F3L,"RNA3DB","B|NR_all_28419.1|1"
7F5S,"RNA3DB","L5|NR_all_65061.34|2, L7|NR_all_52752.30|1, L8|NR_all_65061.34|2"
7F8Z,"RNA3DB","A|NR_all_88157.4|2, B|NR_all_88157.4|2, C|NR_all_88157.4|2, D|NR_all_88157.4|2, E|NR_all_88157.4|2, F|NR_all_88157.4|2, G|NR_all_88157.4|2, H|NR_all_88157.4|2, I|NR_all_88157.4|2, J|NR_all_88157.4|2"
7FGI,"RNA3DB","M|NR_all_67561.1|1, N|NR_all_67561.1|1, O|NR_all_67561.1|1, P|NR_all_67561.1|1, Q|NR_all_67561.1|1, R|NR_all_67561.1|1, S|NR_all_67561.1|1, T|NR_all_67561.1|1, U|NR_all_67561.1|1, V|NR_all_67561.1|1, W|NR_all_67561.1|1, X|NR_all_67561.1|1"
7FHI,"RNA3DB","A|NR_all_55691.1|1"
7FJ0,"RNA3DB","A|NR_all_89167.1|1"
7FJI,"RNA3DB","R|NR_all_19817.1|1"
7FJJ,"RNA3DB","R|NR_all_19817.1|1"
7JHY,"RNA3DB","z|NR_all_17548.1|1"
7JIL,"RNA3DB","1|NR_all_03110.1|1, 2|NR_all_23083.1|1, 3|NR_all_54615.1|1"
7JJD,"RNA3DB","A|NR_all_94729.10|1"
7JJE,"RNA3DB","A|NR_all_94729.10|1"
7JJF,"RNA3DB","A|NR_all_94729.10|1"
7JJU,"RNA3DB","A|NR_all_29875.1|2, B|NR_all_29875.1|2"
7JL0,"RNA3DB","X|NR_all_48575.1|2, Y|NR_all_48575.1|2"
7JL1,"RNA3DB","X|NR_all_48575.1|2, Y|NR_all_48575.1|2"
7JL2,"RNA3DB","X|NR_all_20242.1|2, Y|NR_all_20242.1|2"
7JL3,"RNA3DB","X|NR_all_20242.1|2, Y|NR_all_20242.1|2"
7JNH,"RNA3DB","B|NR_all_91654.1|1"
7JQB,"RNA3DB","A|NR_all_21280.33|1"
7JQC,"RNA3DB","A|NR_all_21280.33|1, i|NR_all_96438.2|1"
7JQL,"RNA3DB","1A|NR_all_97519.74|1, 1B|NR_all_42622.74|1, 1a|NR_all_65795.80|1, 1x|NR_all_35542.140|1, 2A|NR_all_97519.74|1, 2B|NR_all_42622.74|1, 2a|NR_all_65795.80|1, 2x|NR_all_35542.140|1"
7JQM,"RNA3DB","1A|NR_all_97519.74|1, 1B|NR_all_42622.74|1, 1a|NR_all_65795.80|1, 1x|NR_all_35542.140|1, 2A|NR_all_97519.74|1, 2B|NR_all_42622.74|1, 2a|NR_all_65795.80|1, 2x|NR_all_35542.140|1"
7JQQ,"RNA3DB","K|NR_all_78635.1|1, L|NR_all_78635.1|1, M|NR_all_78635.1|1, N|NR_all_78635.1|1, O|NR_all_78635.1|1"
7JRR,"RNA3DB","A|NR_all_18633.1|1"
7JRS,"RNA3DB","A|NR_all_45061.1|2, B|NR_all_45061.1|2"
7JRT,"RNA3DB","A|NR_all_51052.1|1, B|NR_all_51052.1|1"
7JSS,"RNA3DB","1|NR_all_83717.145|1, 2|NR_all_10157.143|1, 3|NR_all_56726.132|1, 5|NR_all_35542.140|1"
7JSW,"RNA3DB","1|NR_all_83717.145|1, 2|NR_all_10157.143|1, 3|NR_all_56726.132|1, 5|NR_all_35542.140|1"
7JSZ,"RNA3DB","1|NR_all_83717.145|1, 2|NR_all_10157.143|1, 3|NR_all_56726.132|1, 5|NR_all_35542.140|1"
7JT1,"RNA3DB","1|NR_all_83717.145|1, 2|NR_all_10157.143|1, 3|NR_all_56726.132|1, 5|NR_all_35542.140|1"
7JT2,"RNA3DB","1|NR_all_83717.145|1, 2|NR_all_10157.143|1, 3|NR_all_56726.132|1, 5|NR_all_35542.140|1"
7JT3,"RNA3DB","1|NR_all_83717.145|1, 2|NR_all_10157.143|1, 3|NR_all_56726.132|1, 5|NR_all_35542.140|1"
7JU1,"RNA3DB","X|NR_all_97403.1|1"
7JYY,"RNA3DB","E|NR_all_11762.3|1, F|NR_all_11762.3|1"
7JZ0,"RNA3DB","E|NR_all_11762.3|1, F|NR_all_11762.3|1"
7JZW,"RNA3DB","M|NR_all_94467.7|1"
7JZX,"RNA3DB","M|NR_all_94467.7|1"
7JZY,"RNA3DB","M|NR_all_94467.7|1"
7JZZ,"RNA3DB","M|NR_all_94467.7|1"
7K00,"RNA3DB","5|NR_all_96686.1|1, A|NR_all_56726.132|1, Y|NR_all_69813.13|1, Z|NR_all_35542.140|1, a|NR_all_83717.145|1, b|NR_all_10157.143|1"
7K16,"RNA3DB","P|NR_all_48255.1|1"
7K4L,"RNA3DB","A|NR_all_26568.1|1"
7K50,"RNA3DB","1|NR_all_83717.145|1, 2|NR_all_10157.143|1, 3|NR_all_56726.132|1, 5|NR_all_35542.140|1, 6|NR_all_35542.140|1, 7|NR_all_96870.2|1"
7K51,"RNA3DB","1|NR_all_83717.145|1, 2|NR_all_10157.143|1, 3|NR_all_56726.132|1, 5|NR_all_96870.2|1, 6|NR_all_35542.140|1"
7K52,"RNA3DB","1|NR_all_83717.145|1, 2|NR_all_10157.143|1, 3|NR_all_56726.132|1, 5|NR_all_96870.2|1, 6|NR_all_35542.140|1"
7K53,"RNA3DB","1|NR_all_83717.145|1, 2|NR_all_10157.143|1, 3|NR_all_56726.132|1, 5|NR_all_35542.140|1, 6|NR_all_35542.140|1, 7|NR_all_96870.2|1"
7K54,"RNA3DB","1|NR_all_83717.145|1, 2|NR_all_10157.143|1, 3|NR_all_56726.132|1, 5|NR_all_96870.2|1, 6|NR_all_35542.140|1"
7K55,"RNA3DB","1|NR_all_83717.145|1, 2|NR_all_10157.143|1, 3|NR_all_56726.132|1, 5|NR_all_96870.2|1, 6|NR_all_35542.140|1"
7K5I,"RNA3DB","2|NR_all_46995.44|1"
7K5L,"RNA3DB","R|NR_all_52157.1|1"
7K98,"RNA3DB","C|NR_all_54588.1|1, F|NR_all_54588.1|1"
7K9D,"RNA3DB","B|NR_all_72196.1|1"
7K9E,"RNA3DB","B|NR_all_72196.1|1, D|NR_all_72196.1|1"
7K9M,"RNA3DB","C|NR_all_54588.1|1"
7K9Y,"RNA3DB","C|NR_all_26590.1|1, F|NR_all_26590.1|1, G|NR_all_06284.1|1, H|NR_all_41488.1|1"
7KA0,"RNA3DB","C|NR_all_54588.1|1, F|NR_all_54588.1|1"
7KAB,"RNA3DB","C|NR_all_54588.1|1"
7KD1,"RNA3DB","A|NR_all_78797.5|1"
7KED,"RNA3DB","R|NR_all_34359.12|1"
7KEE,"RNA3DB","R|NR_all_34359.12|1"
7KEF,"RNA3DB","R|NR_all_34359.12|1"
7KFN,"RNA3DB","B|NR_all_01901.1|2, C|NR_all_01901.1|2"
7KGA,"RNA3DB","A|NR_all_86192.1|1, B|NR_all_43225.1|1"
7KGB,"RNA3DB","A|NR_all_35677.3|1, B|NR_all_54145.1|1, a|NR_all_32787.1|1, y|NR_all_54822.1|1"
7KHA,"RNA3DB","J|NR_all_42371.1|1"
7KHC,"RNA3DB",""
7KI3,"RNA3DB","B|NR_all_60368.1|2, C|NR_all_60368.1|2, E|NR_all_60368.1|2, F|NR_all_60368.1|2"
7KJT,"RNA3DB","A|NR_all_06506.1|1"
7KJU,"RNA3DB","A|NR_all_06506.1|1"
7KJV,"RNA3DB","C|NR_all_04792.1|2, D|NR_all_04792.1|2"
7KJW,"RNA3DB","C|NR_all_04792.1|2, D|NR_all_04792.1|2"
7KJX,"RNA3DB","C|NR_all_04792.1|2, D|NR_all_04792.1|2"
7KKV,"RNA3DB","B|NR_all_72196.1|1"
7KL3,"RNA3DB","B|NR_all_68310.1|1"
7KQM,"RNA3DB","B|NR_all_47834.1|1"
7KQN,"RNA3DB","B|NR_all_13603.1|1, E|NR_all_13603.1|1"
7KRN,"RNA3DB","P|NR_all_83778.1|2, T|NR_all_83778.1|2"
7KRO,"RNA3DB","P|NR_all_83778.1|2, T|NR_all_83778.1|2"
7KRP,"RNA3DB","P|NR_all_81627.1|2, T|NR_all_81627.1|2"
7KUB,"RNA3DB","A|NR_all_48437.1|1"
7KUC,"RNA3DB","A|NR_all_20791.1|1"
7KUD,"RNA3DB","A|NR_all_70599.1|1"
7KUK,"RNA3DB","A|NR_all_01949.5|2, B|NR_all_01949.5|2"
7KUL,"RNA3DB","A|NR_all_01949.5|2, B|NR_all_01949.5|2"
7KUM,"RNA3DB","A|NR_all_01949.5|2, B|NR_all_01949.5|2"
7KUN,"RNA3DB","A|NR_all_69465.1|2, B|NR_all_69465.1|2"
7KUO,"RNA3DB","A|NR_all_01949.5|2, B|NR_all_01949.5|2"
7KUP,"RNA3DB","A|NR_all_01949.5|2, B|NR_all_01949.5|2"
7KVT,"RNA3DB","B|NR_all_30254.1|1"
7KVU,"RNA3DB","G|NR_all_30254.1|1"
7KVV,"RNA3DB","D|NR_all_30254.1|1"
7KWG,"RNA3DB","A|NR_all_95786.1|1, a|NR_all_74023.13|1"
7KX7,"RNA3DB","B|NR_all_42729.1|1"
7KX9,"RNA3DB","B|NR_all_18350.1|2, C|NR_all_18350.1|2"
7L08,"RNA3DB","AA|NR_all_93855.17|1, A|NR_all_12763.29|1, B|NR_all_73428.23|1"
7L0Z,"RNA3DB","G|NR_all_57264.1|1"
7L1F,"RNA3DB","P|NR_all_05013.1|2, T|NR_all_05013.1|2"
7L20,"RNA3DB","A|NR_all_12763.29|1, B|NR_all_73428.23|1"
7L3R,"RNA3DB","A|NR_all_94729.10|1"
7L48,"RNA3DB","E|NR_all_92086.1|1"
7L49,"RNA3DB","E|NR_all_92086.1|1"
7L6R,"RNA3DB","C|NR_all_13032.1|1"
7L6T,"RNA3DB","C|NR_all_13032.1|1"
7LD5,"RNA3DB","D|NR_all_54515.1|1, E|NR_all_54515.1|1, F|NR_all_54515.1|1"
7LH5,"RNA3DB","AA|NR_all_65795.80|1, AV|NR_all_35542.140|1, AW|NR_all_19951.88|1, BA|NR_all_97519.74|1, BB|NR_all_42622.74|1, CA|NR_all_65795.80|1, CV|NR_all_35542.140|1, CW|NR_all_19951.88|1, DA|NR_all_97519.74|1, DB|NR_all_42622.74|1"
7LHD,"RNA3DB","A|NR_all_80027.1|1"
7LIU,"RNA3DB","X|NR_all_36410.1|1, Y|NR_all_36410.1|1"
7LJ3,"RNA3DB","A|NR_all_14254.1|1, B|NR_all_14254.1|1, C|NR_all_14254.1|1"
7LJY,"RNA3DB","B|NR_all_29651.1|1"
7LMA,"RNA3DB","B|NR_all_85596.2|1"
7LMB,"RNA3DB","B|NR_all_85596.2|1"
7LNE,"RNA3DB","A|NR_all_07962.1|2, B|NR_all_07962.1|2"
7LNF,"RNA3DB","A|NR_all_07962.1|2, B|NR_all_07962.1|2"
7LNG,"RNA3DB","A|NR_all_07962.1|2, B|NR_all_07962.1|2"
7LO9,"RNA3DB","A|NR_all_47088.1|2, B|NR_all_47088.1|2, C|NR_all_47088.1|2, D|NR_all_47088.1|2"
7LS1,"RNA3DB","A2|NR_all_96091.1|2, B2|NR_all_21609.1|1, C2|NR_all_96091.1|2, m2|NR_all_51105.1|1, n2|NR_all_19931.1|1"
7LS2,"RNA3DB","A2|NR_all_96091.1|2, B2|NR_all_21609.1|1, C2|NR_all_96091.1|2, m2|NR_all_51105.1|1, n2|NR_all_19931.1|1"
7LV0,"RNA3DB","1|NR_all_83717.145|1, 2|NR_all_10157.143|1, 3|NR_all_56726.132|1, 5|NR_all_96870.2|1, 6|NR_all_35542.140|1"
7LVA,"RNA3DB","A|NR_all_81372.1|1"
7LVK,"RNA3DB","I|NR_all_83717.145|1, J|NR_all_10157.143|1"
7LYF,"RNA3DB","A|NR_all_38802.1|1"
7LYG,"RNA3DB","A|NR_all_00361.1|1"
7LYJ,"RNA3DB","A|NR_all_41935.1|1"
7LYS,"RNA3DB","B|NR_all_83577.1|1"
7LYT,"RNA3DB","B|NR_all_82535.1|1"
7M2T,"RNA3DB","1|NR_all_20373.1|1, 2|NR_all_20373.1|1, 3|NR_all_20373.1|1, 4|NR_all_20373.1|1, 5|NR_all_20373.1|1, 6|NR_all_20373.1|1, 7|NR_all_20373.1|1, 8|NR_all_20373.1|1, P|NR_all_20373.1|2, QQ|NR_all_20373.1|2, Q|NR_all_75320.1|1, RR|NR_all_75320.1|1, R|NR_all_20373.1|2, SS|NR_all_20373.1|2, S|NR_all_20373.1|2, TT|NR_all_20373.1|2, T|NR_all_20373.1|2, UU|NR_all_20373.1|2, U|NR_all_75320.1|1, VV|NR_all_75320.1|1, V|NR_all_75320.1|2, WW|NR_all_75320.1|2, W|NR_all_75320.1|1, X|NR_all_20373.1|2, YY|NR_all_75320.1|1, Y|NR_all_20373.1|2, ZZ|NR_all_20373.1|2, Z|NR_all_75320.1|1, a|NR_all_75320.1|1, bb|NR_all_20373.1|2, b|NR_all_75320.1|1, cc|NR_all_75320.1|1, c|NR_all_75320.1|1, dd|NR_all_75320.1|1, d|NR_all_75320.1|1, ee|NR_all_75320.1|1, e|NR_all_20373.1|2, ff|NR_all_75320.1|1, f|NR_all_20373.1|1, gg|NR_all_75320.1|1, g|NR_all_20373.1|2, hh|NR_all_20373.1|2, h|NR_all_20373.1|2, ii|NR_all_20373.1|1, i|NR_all_20373.1|2, jj|NR_all_20373.1|2, j|NR_all_20373.1|1, kk|NR_all_20373.1|2, k|NR_all_20373.1|1, ll|NR_all_20373.1|2, l|NR_all_20373.1|1, mm|NR_all_20373.1|1, m|NR_all_20373.1|2, nn|NR_all_20373.1|1, n|NR_all_20373.1|2, oo|NR_all_20373.1|1, o|NR_all_20373.1|1, pp|NR_all_20373.1|2, p|NR_all_20373.1|1, qq|NR_all_20373.1|2, q|NR_all_20373.1|1, rr|NR_all_20373.1|1, r|NR_all_20373.1|1, ss|NR_all_20373.1|1, s|NR_all_20373.1|1, tt|NR_all_20373.1|1, t|NR_all_20373.1|1, uu|NR_all_20373.1|1, u|NR_all_20373.1|1, vv|NR_all_20373.1|1, v|NR_all_20373.1|1, ww|NR_all_20373.1|1, w|NR_all_20373.1|1, xx|NR_all_20373.1|1, x|NR_all_20373.1|1, yy|NR_all_20373.1|1, y|NR_all_20373.1|1, zz|NR_all_20373.1|1, z|NR_all_20373.1|1"
7M2V,"RNA3DB","P|NR_all_75320.1|2, QQ|NR_all_64483.1|1, S|NR_all_75320.1|2, TT|NR_all_75320.1|2, T|NR_all_33390.1|2, U|NR_all_75320.1|1, V|NR_all_75320.1|2, X|NR_all_75320.1|2, Y|NR_all_75320.1|2, e|NR_all_75320.1|2, ff|NR_all_75320.1|2, h|NR_all_75320.1|2, i|NR_all_75320.1|2, k|NR_all_33390.1|2, m|NR_all_75320.1|2, n|NR_all_75320.1|2, ww|NR_all_75320.1|2, xx|NR_all_75320.1|2, yy|NR_all_33390.1|2, zz|NR_all_33390.1|2"
7M3T,"RNA3DB","P|NR_all_64573.1|1, S|NR_all_13679.1|2, TT|NR_all_88473.1|2, T|NR_all_10062.1|2, UU|NR_all_70891.1|1, V|NR_all_63978.1|2, WW|NR_all_63978.1|2, X|NR_all_51844.1|2, Y|NR_all_77116.1|1, a|NR_all_16975.1|1, bb|NR_all_15098.1|1, e|NR_all_04998.1|1, h|NR_all_13679.1|2, i|NR_all_10062.1|2, kk|NR_all_88473.1|2, ll|NR_all_26393.1|1, m|NR_all_51844.1|2, n|NR_all_52561.1|1, qq|NR_all_67886.1|1"
7M3V,"RNA3DB","A|NR_all_94729.10|1"
7M4U,"RNA3DB","a|NR_all_43481.4|1"
7M4V,"RNA3DB","A|NR_all_96169.3|1, B|NR_all_67384.3|1"
7M4W,"RNA3DB","A|NR_all_96169.3|1, B|NR_all_67384.3|1, a|NR_all_43481.4|1"
7M4X,"RNA3DB","A|NR_all_96169.3|1, B|NR_all_67384.3|1, a|NR_all_43481.4|1, v|NR_all_24187.1|1"
7M4Y,"RNA3DB","A|NR_all_96169.3|1, B|NR_all_67384.3|1, a|NR_all_43481.4|1, v|NR_all_24187.1|1"
7M4Z,"RNA3DB","A|NR_all_96169.3|1, B|NR_all_67384.3|1, a|NR_all_43481.4|1"
7M50,"RNA3DB","P|NR_all_15746.1|2, S|NR_all_88361.1|2, TT|NR_all_41668.2|2, T|NR_all_59443.1|2, UU|NR_all_04094.1|1, V|NR_all_44115.1|2, WW|NR_all_44115.1|2, X|NR_all_24132.3|2, Y|NR_all_72146.1|2, a|NR_all_59826.1|1, bb|NR_all_96884.1|2, e|NR_all_15746.1|2, h|NR_all_88361.1|2, i|NR_all_59443.1|2, kk|NR_all_41668.2|2, ll|NR_all_24045.1|1, m|NR_all_24132.3|2, n|NR_all_72146.1|2, qq|NR_all_96884.1|2"
7M57,"RNA3DB","1|NR_all_20373.1|1, 2|NR_all_20373.1|1, 3|NR_all_20373.1|1, 4|NR_all_20373.1|1, 5|NR_all_20373.1|1, 6|NR_all_20373.1|1, 7|NR_all_20373.1|1, 8|NR_all_20373.1|1, P|NR_all_20373.1|2, QQ|NR_all_20373.1|2, Q|NR_all_71916.1|1, RR|NR_all_71916.1|1, R|NR_all_20373.1|2, SS|NR_all_20373.1|2, S|NR_all_20373.1|2, TT|NR_all_20373.1|2, T|NR_all_20373.1|2, UU|NR_all_20373.1|2, U|NR_all_71916.1|1, VV|NR_all_71916.1|1, V|NR_all_71916.1|2, WW|NR_all_71916.1|2, W|NR_all_71916.1|1, X|NR_all_20373.1|2, YY|NR_all_71916.1|1, Y|NR_all_20373.1|2, ZZ|NR_all_20373.1|2, Z|NR_all_71916.1|1, a|NR_all_71916.1|1, bb|NR_all_20373.1|2, b|NR_all_71916.1|1, cc|NR_all_71916.1|1, c|NR_all_71916.1|1, dd|NR_all_71916.1|1, d|NR_all_71916.1|1, ee|NR_all_71916.1|1, e|NR_all_20373.1|2, ff|NR_all_71916.1|1, f|NR_all_20373.1|1, gg|NR_all_71916.1|1, g|NR_all_20373.1|2, hh|NR_all_20373.1|2, h|NR_all_20373.1|2, ii|NR_all_20373.1|1, i|NR_all_20373.1|2, jj|NR_all_20373.1|2, j|NR_all_20373.1|1, kk|NR_all_20373.1|2, k|NR_all_20373.1|1, ll|NR_all_20373.1|2, l|NR_all_20373.1|1, mm|NR_all_20373.1|1, m|NR_all_20373.1|2, nn|NR_all_20373.1|1, n|NR_all_20373.1|2, oo|NR_all_20373.1|1, o|NR_all_20373.1|1, pp|NR_all_20373.1|2, p|NR_all_20373.1|1, qq|NR_all_20373.1|2, q|NR_all_20373.1|1, rr|NR_all_20373.1|1, r|NR_all_20373.1|1, ss|NR_all_20373.1|1, s|NR_all_20373.1|1, tt|NR_all_20373.1|1, t|NR_all_20373.1|1, uu|NR_all_20373.1|1, u|NR_all_20373.1|1, vv|NR_all_20373.1|1, v|NR_all_20373.1|1, ww|NR_all_20373.1|1, w|NR_all_20373.1|1, xx|NR_all_20373.1|1, x|NR_all_20373.1|1, yy|NR_all_20373.1|1, y|NR_all_20373.1|1, zz|NR_all_20373.1|1, z|NR_all_20373.1|1"
7M5D,"RNA3DB","1|NR_all_83717.145|1, 2|NR_all_56726.132|1, 3|NR_all_10157.143|1, 5|NR_all_35542.140|1"
7M5O,"RNA3DB","B|NR_all_38728.1|1"
7M7M,"RNA3DB",""
7M7R,"RNA3DB",""
7M89,"RNA3DB",""
7M8A,"RNA3DB",""
7M8B,"RNA3DB",""
7M8C,"RNA3DB",""
7M8D,"RNA3DB",""
7M8E,"RNA3DB","3|NR_all_81784.2|1"
7MD7,"RNA3DB","1A|NR_all_97519.74|1, 1B|NR_all_42622.74|1, 1a|NR_all_65795.80|1, 2A|NR_all_97519.74|1, 2B|NR_all_42622.74|1, 2a|NR_all_65795.80|1"
7MDL,"RNA3DB","E|NR_all_89387.1|1"
7MDZ,"RNA3DB","2|NR_all_22323.3|1, 5|NR_all_06650.37|2, 7|NR_all_10255.37|1, 8|NR_all_06650.37|2, 9|NR_all_21280.33|1"
7MEI,"RNA3DB","R|NR_all_08834.1|1, r|NR_all_00854.1|1"
7MJV,"RNA3DB","E|NR_all_67601.1|1"
7MJW,"RNA3DB","G|NR_all_31728.1|1, M|NR_all_31728.1|1"
7MJX,"RNA3DB","D|NR_all_31728.1|1, M|NR_all_31728.1|1"
7MJY,"RNA3DB","M|NR_all_65501.1|1"
7MK9,"RNA3DB","R|NR_all_08834.1|1"
7MKA,"RNA3DB","r|NR_all_00854.1|1"
7MKN,"RNA3DB","R|NR_all_17061.1|1"
7MKO,"RNA3DB","R|NR_all_17061.1|1"
7MKT,"RNA3DB","A|NR_all_40180.1|1"
7MKY,"RNA3DB","A|NR_all_41935.1|1"
7ML4,"RNA3DB","P|NR_all_99878.1|1"
7MLB,"RNA3DB","I|NR_all_73491.1|1"
7MLI,"RNA3DB","I|NR_all_09116.1|1"
7MLJ,"RNA3DB","I|NR_all_26324.1|1"
7MLW,"RNA3DB","F|NR_all_01253.1|1"
7MLX,"RNA Puzzles, RNA3DB","R|NR_all_80074.1|1"
7MPI,"RNA3DB","A1|NR_all_90506.74|2, A3|NR_all_18586.69|1, A4|NR_all_90506.74|2, B5|NR_all_03510.64|1"
7MPJ,"RNA3DB","A1|NR_all_90506.74|2, A3|NR_all_18586.69|1, A4|NR_all_90506.74|2, B5|NR_all_03510.64|1"
7MPL,"RNA3DB","B|NR_all_98428.4|1, D|NR_all_98428.4|1, F|NR_all_98428.4|1, H|NR_all_98428.4|1, J|NR_all_98428.4|1, L|NR_all_98428.4|1, N|NR_all_98428.4|1, P|NR_all_98428.4|1"
7MPM,"RNA3DB","B|NR_all_53003.3|1, D|NR_all_53003.3|1, F|NR_all_53003.3|1, H|NR_all_53003.3|1, J|NR_all_53003.3|1, L|NR_all_53003.3|1, N|NR_all_53003.3|1, P|NR_all_53003.3|1"
7MPN,"RNA3DB","B|NR_all_65789.2|1, D|NR_all_65789.2|1, F|NR_all_65789.2|1, H|NR_all_65789.2|1, J|NR_all_65789.2|1, L|NR_all_65789.2|1, N|NR_all_65789.2|1, P|NR_all_65789.2|1"
7MPQ,"RNA3DB","R|NR_all_98428.4|1"
7MPU,"RNA3DB","D|NR_all_98428.4|1"
7MQ8,"RNA3DB","L0|NR_all_92607.1|1, L1|NR_all_46995.44|1, L2|NR_all_90918.1|1"
7MQ9,"RNA3DB","L0|NR_all_92607.1|1, L1|NR_all_46995.44|1, L2|NR_all_90918.1|1, N0|NR_all_82699.1|1"
7MQA,"RNA3DB","L0|NR_all_30553.1|1, L1|NR_all_46995.44|1, L2|NR_all_43482.1|1"
7MQB,"RNA3DB","B|NR_all_98428.4|1, D|NR_all_98428.4|1, F|NR_all_98428.4|1, H|NR_all_98428.4|1, J|NR_all_98428.4|1, L|NR_all_98428.4|1, N|NR_all_98428.4|1, P|NR_all_98428.4|1"
7MQC,"RNA3DB","B|NR_all_98428.4|1, D|NR_all_98428.4|1, F|NR_all_98428.4|1, H|NR_all_98428.4|1, J|NR_all_98428.4|1, L|NR_all_98428.4|1, N|NR_all_98428.4|1, P|NR_all_98428.4|1"
7MQD,"RNA3DB","B|NR_all_80196.1|1, D|NR_all_80196.1|1, F|NR_all_80196.1|1, H|NR_all_80196.1|1, J|NR_all_80196.1|1, L|NR_all_80196.1|1, N|NR_all_80196.1|1, P|NR_all_80196.1|1"
7MQE,"RNA3DB","B|NR_all_80196.1|1, D|NR_all_80196.1|1, F|NR_all_80196.1|1, H|NR_all_80196.1|1, J|NR_all_80196.1|1, L|NR_all_80196.1|1, N|NR_all_80196.1|1, P|NR_all_80196.1|1"
7MQF,"RNA3DB","B|NR_all_64079.1|1, D|NR_all_64079.1|1, F|NR_all_64079.1|1, H|NR_all_64079.1|1, J|NR_all_64079.1|1, L|NR_all_64079.1|1, N|NR_all_64079.1|1, P|NR_all_64079.1|1"
7MQG,"RNA3DB","B|NR_all_64079.1|1, D|NR_all_64079.1|1, F|NR_all_64079.1|1, H|NR_all_64079.1|1, J|NR_all_64079.1|1, L|NR_all_64079.1|1, N|NR_all_64079.1|1, P|NR_all_64079.1|1"
7MQH,"RNA3DB","B|NR_all_64079.1|1, D|NR_all_64079.1|1, F|NR_all_64079.1|1, H|NR_all_64079.1|1, J|NR_all_64079.1|1, L|NR_all_64079.1|1, N|NR_all_64079.1|1, P|NR_all_64079.1|1"
7MQI,"RNA3DB","B|NR_all_64079.1|1, D|NR_all_64079.1|1, F|NR_all_64079.1|1, H|NR_all_64079.1|1, J|NR_all_64079.1|1, L|NR_all_64079.1|1, N|NR_all_64079.1|1, P|NR_all_64079.1|1"
7MRL,"RNA3DB","A|NR_all_47714.1|1"
7MSC,"RNA3DB","A|NR_all_35677.3|1, B|NR_all_54145.1|1, a|NR_all_32787.1|1, y|NR_all_54822.1|1"
7MSF,"RNA3DB","R|NR_all_60411.1|1, S|NR_all_60411.1|1"
7MSH,"RNA3DB","A|NR_all_35677.3|1, B|NR_all_54145.1|1, a|NR_all_32787.1|1, y|NR_all_54822.1|1"
7MSM,"RNA3DB","A|NR_all_35677.3|1, B|NR_all_54145.1|1, a|NR_all_32787.1|1, y|NR_all_54822.1|1"
7MSZ,"RNA3DB","A|NR_all_35677.3|1, B|NR_all_54145.1|1, a|NR_all_32787.1|1, y|NR_all_54822.1|1"
7MT2,"RNA3DB","A|NR_all_35677.3|1, B|NR_all_54145.1|1, a|NR_all_32787.1|1, y|NR_all_35542.140|1"
7MT3,"RNA3DB","A|NR_all_35677.3|1, B|NR_all_54145.1|1, a|NR_all_32787.1|1, y|NR_all_35542.140|1"
7MT7,"RNA3DB","A|NR_all_35677.3|1, B|NR_all_54145.1|1, a|NR_all_32787.1|1, x|NR_all_35542.140|1, y|NR_all_35542.140|1"
7MW8,"RNA3DB","J|NR_all_81965.2|1, K|NR_all_81965.2|1, L|NR_all_81965.2|1, M|NR_all_81965.2|1, N|NR_all_81965.2|1, O|NR_all_81965.2|1"
7N06,"RNA3DB","G|NR_all_16515.2|1, H|NR_all_16515.2|1, I|NR_all_16515.2|1, J|NR_all_16515.2|1, K|NR_all_16515.2|1, L|NR_all_16515.2|1"
7N0B,"RNA3DB","D|NR_all_46700.1|2, T|NR_all_46700.1|2"
7N0C,"RNA3DB","D|NR_all_74559.1|2, T|NR_all_74559.1|2"
7N0D,"RNA3DB","I|NR_all_08340.1|3, J|NR_all_08340.1|3, K|NR_all_08340.1|3, L|NR_all_08340.1|3, P|NR_all_08340.1|3, T|NR_all_08340.1|3"
7N1P,"RNA3DB","16|NR_all_56726.132|1, 23|NR_all_83717.145|1, 5|NR_all_10157.143|1, Dt|NR_all_19951.88|1, Pt|NR_all_76703.9|1"
7N2C,"RNA3DB","16|NR_all_56726.132|1, 23|NR_all_83717.145|1, 5|NR_all_10157.143|1, Dt|NR_all_19951.88|1, Pt|NR_all_76703.9|1"
7N2M,"RNA3DB","B|NR_all_91665.5|1"
7N2U,"RNA3DB","16|NR_all_56726.132|1, 23|NR_all_83717.145|1, 5|NR_all_10157.143|1, Dt|NR_all_19951.88|1, Pt|NR_all_76703.9|1"
7N2V,"RNA3DB","16|NR_all_56726.132|1, 23|NR_all_83717.145|1, 5|NR_all_10157.143|1, Dt|NR_all_99134.1|1, Pt|NR_all_18038.1|1"
7N30,"RNA3DB","16|NR_all_56726.132|1, 23|NR_all_83717.145|1, 5|NR_all_10157.143|1, Dt|NR_all_19951.88|1, Pt|NR_all_76703.9|1"
7N31,"RNA3DB","16|NR_all_56726.132|1, 23|NR_all_83717.145|1, 5|NR_all_10157.143|1, Dt|NR_all_19951.88|1, Pt|NR_all_76703.9|1"
7N33,"RNA3DB","G|NR_all_16515.2|1, H|NR_all_16515.2|1, I|NR_all_16515.2|1, J|NR_all_16515.2|1, K|NR_all_16515.2|1, L|NR_all_16515.2|1"
7N3O,"RNA3DB","B|NR_all_85482.5|1"
7N3P,"RNA3DB","B|NR_all_85482.5|1"
7N4E,"RNA3DB","R|NR_all_27475.1|1"
7N8B,"RNA3DB","A1|NR_all_90506.74|2, A3|NR_all_18586.69|1, A4|NR_all_90506.74|2, B5|NR_all_03510.64|1"
7NAC,"RNA3DB","1|NR_all_90506.74|2, 2|NR_all_90506.74|2, 6|NR_all_61877.3|1"
7NAD,"RNA3DB","1|NR_all_35122.1|1, 2|NR_all_32018.1|1"
7NAF,"RNA3DB","1|NR_all_36824.1|1"
7NAR,"RNA3DB","A|NR_all_56726.132|1"
7NAS,"RNA3DB","A|NR_all_56726.132|1"
7NAT,"RNA3DB","A|NR_all_56726.132|1"
7NAU,"RNA3DB","A|NR_all_56726.132|1"
7NAV,"RNA3DB","A|NR_all_56726.132|1"
7NAX,"RNA3DB","A|NR_all_56726.132|1"
7NBL,"RNA3DB","B|NR_all_53230.1|1"
7NBU,"RNA3DB","A|NR_all_56726.132|1, V|NR_all_35542.140|1, W|NR_all_96686.1|1, a|NR_all_83717.145|1, b|NR_all_10157.143|1"
7NDJ,"RNA3DB","C|NR_all_00935.1|1"
7NEJ,"RNA3DB","B|NR_all_53230.1|1"
7NFX,"RNA3DB","1|NR_all_37229.3|1, 5|NR_all_06650.37|2, 7|NR_all_10255.37|1, 8|NR_all_06650.37|2"
7NGA,"RNA3DB","X|NR_all_94716.1|2, Y|NR_all_94716.1|2"
7NHA,"RNA3DB","D|NR_all_35643.1|2, E|NR_all_35643.1|2"
7NHC,"RNA3DB","D|NR_all_35643.1|2, E|NR_all_35643.1|2"
7NHK,"RNA3DB","A|NR_all_98632.6|1, B|NR_all_12971.6|1, D|NR_all_64397.2|1, a|NR_all_66687.6|1"
7NHL,"RNA3DB","A|NR_all_90633.23|1, B|NR_all_83891.22|1, D|NR_all_11638.1|1, a|NR_all_74023.13|1"
7NHM,"RNA3DB","A|NR_all_90633.23|1, B|NR_all_83891.22|1, D|NR_all_48295.1|1, a|NR_all_74023.13|1"
7NHN,"RNA3DB","A|NR_all_41466.1|1, B|NR_all_68529.1|1, D|NR_all_08995.1|1, a|NR_all_61969.1|1"
7NHX,"RNA3DB","E|NR_all_41012.3|2, F|NR_all_41012.3|2"
7NI0,"RNA3DB","D|NR_all_41012.3|2, E|NR_all_41012.3|2"
7NIC,"RNA3DB","X|NR_all_78947.1|2, Y|NR_all_78947.1|2"
7NIK,"RNA3DB","D|NR_all_41012.3|2, E|NR_all_41012.3|2"
7NIL,"RNA3DB","D|NR_all_41012.3|2, E|NR_all_41012.3|2"
7NIQ,"RNA3DB","C|NR_all_85107.1|2, G|NR_all_85107.1|2"
7NIR,"RNA3DB","D|NR_all_41012.3|2, E|NR_all_41012.3|2"
7NIS,"RNA3DB","D|NR_all_41012.3|2, E|NR_all_41012.3|2"
7NJ3,"RNA3DB","D|NR_all_41012.3|2, E|NR_all_41012.3|2"
7NJ4,"RNA3DB","D|NR_all_41012.3|2, E|NR_all_41012.3|2"
7NJ5,"RNA3DB","D|NR_all_41012.3|2, E|NR_all_41012.3|2"
7NJ7,"RNA3DB","D|NR_all_41012.3|2, E|NR_all_41012.3|2"
7NJC,"RNA3DB","B|NR_all_13974.1|1"
7NK1,"RNA3DB","D|NR_all_41012.3|2, E|NR_all_41012.3|2"
7NK2,"RNA3DB","D|NR_all_41012.3|2, E|NR_all_41012.3|2"
7NK4,"RNA3DB","D|NR_all_41012.3|2, E|NR_all_41012.3|2"
7NK6,"RNA3DB","D|NR_all_35643.1|2, E|NR_all_35643.1|2"
7NK8,"RNA3DB","D|NR_all_35643.1|2, E|NR_all_35643.1|2"
7NKA,"RNA3DB","D|NR_all_35643.1|2, E|NR_all_35643.1|2"
7NKC,"RNA3DB","D|NR_all_35643.1|2, E|NR_all_35643.1|2"
7NKI,"RNA3DB","D|NR_all_41012.3|2, E|NR_all_41012.3|2"
7NKR,"RNA3DB","D|NR_all_35643.1|2, E|NR_all_35643.1|2"
7NKX,"RNA3DB","P|NR_all_97023.1|1"
7NKY,"RNA3DB","P|NR_all_60559.1|1"
7NQ4,"RNA3DB","C|NR_all_01597.2|1"
7NQH,"RNA3DB","AA|NR_all_19551.7|1, AV|NR_all_64798.1|1, BA|NR_all_24610.3|1, BB|NR_all_33675.3|1"
7NQL,"RNA3DB","AA|NR_all_19551.7|1, AV|NR_all_64798.1|1, BA|NR_all_24610.3|1, BB|NR_all_33675.3|1"
7NRC,"RNA3DB","LA|NR_all_90506.74|2, LB|NR_all_18586.69|1, LC|NR_all_90506.74|2, S2|NR_all_03510.64|1, Sm|NR_all_45609.6|1, Sn|NR_all_81815.1|1"
7NRD,"RNA3DB","LA|NR_all_90506.74|2, LB|NR_all_18586.69|1, LC|NR_all_90506.74|2, S2|NR_all_03510.64|1, Sm|NR_all_11689.6|1, Sn|NR_all_81815.1|1"
7NRP,"RNA3DB","A|NR_all_25735.1|1"
7NSH,"RNA3DB","BA|NR_all_24610.3|1, BB|NR_all_33675.3|1"
7NSI,"RNA3DB","AA|NR_all_19551.7|1, AV|NR_all_50502.1|1, AX|NR_all_98646.1|1, BA|NR_all_24610.3|1, BB|NR_all_33675.3|1"
7NSJ,"RNA3DB","AA|NR_all_19551.7|1, AX|NR_all_74924.26|1, AY|NR_all_96834.1|1, BA|NR_all_24610.3|1, BB|NR_all_33675.3|1"
7NSO,"RNA3DB","8|NR_all_73216.6|1, A|NR_all_83717.145|1, B|NR_all_10157.143|1, a|NR_all_56726.132|1"
7NSP,"RNA3DB","8|NR_all_73216.6|1, A|NR_all_83717.145|1, B|NR_all_10157.143|1, a|NR_all_56726.132|1, v|NR_all_24890.5|1"
7NSQ,"RNA3DB","8|NR_all_73216.6|1, A|NR_all_83717.145|1, B|NR_all_10157.143|1, a|NR_all_56726.132|1, v|NR_all_24890.5|1"
7NT5,"RNA3DB","N|NR_all_39307.1|1"
7NT6,"RNA3DB","X|NR_all_51945.1|1, Z|NR_all_08187.1|1"
7NUN,"RNA3DB","C|NR_all_12110.1|1"
7NUQ,"RNA3DB","C|NR_all_12110.1|1"
7NWG,"RNA3DB","33|NR_all_47859.1|1, 51|NR_all_06650.37|2, 71|NR_all_10255.37|1, 81|NR_all_06650.37|2, A2|NR_all_21280.33|1, q3|NR_all_20988.1|1"
7NWH,"RNA3DB","5|NR_all_06650.37|2, 7|NR_all_10255.37|1, 8|NR_all_06650.37|2, 9|NR_all_21280.33|1, hh|NR_all_27268.1|1"
7NWI,"RNA3DB","2|NR_all_68467.12|1, 5|NR_all_06650.37|2, 7|NR_all_10255.37|1, 8|NR_all_06650.37|2, 9|NR_all_21280.33|1"
7NWT,"RNA3DB","1|NR_all_83717.145|1, 2|NR_all_56726.132|1, 3|NR_all_10157.143|1, 5|NR_all_35542.140|1"
7NWW,"RNA3DB","1|NR_all_83717.145|1, 2|NR_all_56726.132|1, 3|NR_all_10157.143|1, z|NR_all_47926.1|1"
7O0G,"RNA3DB","E|NR_all_98594.1|1"
7O19,"RNA3DB","AA|NR_all_56726.132|1, B8|NR_all_56101.4|1, BA|NR_all_83717.145|1, BB|NR_all_10157.143|1"
7O1A,"RNA3DB","AA|NR_all_56726.132|1, B8|NR_all_56101.4|1, BA|NR_all_83717.145|1, BB|NR_all_10157.143|1"
7O1C,"RNA3DB","AA|NR_all_56726.132|1, B8|NR_all_56101.4|1, BA|NR_all_83717.145|1, BB|NR_all_10157.143|1"
7O5B,"RNA3DB","A|NR_all_94066.10|1, U|NR_all_09297.4|1, W|NR_all_21305.1|1, X|NR_all_41610.20|1, Y|NR_all_97435.16|1"
7O5H,"RNA3DB","A|NR_all_56726.132|1"
7O7Y,"RNA3DB","A2|NR_all_21280.33|1, AI|NR_all_32613.1|1, AT|NR_all_22108.1|1, B5|NR_all_06650.37|2, B7|NR_all_10255.37|1, B8|NR_all_06650.37|2"
7O7Z,"RNA3DB","A2|NR_all_21280.33|1, AH|NR_all_37888.1|1, AI|NR_all_32613.1|1, AT|NR_all_22108.1|1, B5|NR_all_06650.37|2, B7|NR_all_10255.37|1, B8|NR_all_06650.37|2"
7O80,"RNA3DB","A2|NR_all_21280.33|1, AI|NR_all_32613.1|1, AT|NR_all_79803.1|1, B5|NR_all_06650.37|2, B7|NR_all_10255.37|1, B8|NR_all_06650.37|2"
7O81,"RNA3DB","A2|NR_all_21280.33|1, AJ|NR_all_06465.1|1, AT|NR_all_27000.1|1, B5|NR_all_06650.37|2, B7|NR_all_10255.37|1, B8|NR_all_06650.37|2"
7O9K,"RNA3DB","A|NR_all_12763.29|1, B|NR_all_73428.23|1"
7O9M,"RNA3DB","A|NR_all_12763.29|1, B|NR_all_73428.23|1"
7OA3,"RNA3DB","A|NR_all_84656.1|1, B|NR_all_84656.1|1"
7OAV,"RNA3DB","A|NR_all_84656.1|1, B|NR_all_84656.1|1, C|NR_all_84656.1|1, D|NR_all_84656.1|1"
7OAW,"RNA3DB","A|NR_all_84656.1|1, B|NR_all_84656.1|1, C|NR_all_84656.1|1, D|NR_all_84656.1|1"
7OAX,"RNA3DB","A|NR_all_84656.1|1, B|NR_all_84656.1|1, C|NR_all_84656.1|1, D|NR_all_84656.1|1"
7OB9,"RNA3DB","R|NR_all_30485.1|1"
7OBQ,"RNA3DB","1|NR_all_34771.1|1"
7OBR,"RNA3DB","1|NR_all_34771.1|1, 5|NR_all_06650.37|2, 7|NR_all_10255.37|1, 8|NR_all_06650.37|2"
7ODE,"RNA3DB","I|NR_all_83717.145|1"
7ODF,"RNA3DB","F|NR_all_92069.1|1"
7ODR,"RNA3DB","A|NR_all_12763.29|1, B|NR_all_73428.23|1"
7ODS,"RNA3DB","A|NR_all_12763.29|1, B|NR_all_73428.23|1"
7ODT,"RNA3DB","A|NR_all_12763.29|1, B|NR_all_73428.23|1"
7OE0,"RNA3DB","A|NR_all_56726.132|1"
7OE1,"RNA3DB","A|NR_all_56726.132|1"
7OEA,"RNA3DB","E|NR_all_30938.1|1"
7OEB,"RNA3DB","E|NR_all_30938.1|1"
7OF0,"RNA3DB","A|NR_all_12763.29|1, B|NR_all_73428.23|1"
7OF1,"RNA3DB","1|NR_all_90506.74|2, 2|NR_all_90506.74|2, 3|NR_all_18586.69|1"
7OF2,"RNA3DB","A|NR_all_12763.29|1, B|NR_all_73428.23|1"
7OF3,"RNA3DB","A|NR_all_12763.29|1, B|NR_all_73428.23|1"
7OF4,"RNA3DB","A|NR_all_12763.29|1, B|NR_all_73428.23|1"
7OF5,"RNA3DB","A|NR_all_12763.29|1, B|NR_all_73428.23|1"
7OF6,"RNA3DB","A|NR_all_12763.29|1, B|NR_all_73428.23|1"
7OF7,"RNA3DB","A|NR_all_12763.29|1, B|NR_all_73428.23|1"
7OFW,"RNA3DB","C|NR_all_36586.1|1"
7OFZ,"RNA3DB","C|NR_all_42626.1|1"
7OG0,"RNA3DB","D|NR_all_91810.1|1, E|NR_all_91810.1|1"
7OG4,"RNA3DB","AA|NR_all_93855.17|1, XA|NR_all_12763.29|1, XB|NR_all_73428.23|1"
7OG6,"RNA3DB","R|NR_all_02644.1|1"
7OGK,"RNA3DB","D|NR_all_41668.2|1"
7OGM,"RNA3DB","P|NR_all_45291.1|1"
7OH3,"RNA3DB","1|NR_all_90506.74|2, 2|NR_all_90506.74|2, 3|NR_all_18586.69|1"
7OHP,"RNA3DB","1|NR_all_90506.74|2, 2|NR_all_90506.74|2, 6|NR_all_18489.10|1"
7OHQ,"RNA3DB","1|NR_all_90506.74|2, 2|NR_all_90506.74|2, 3|NR_all_18586.69|1, 6|NR_all_18489.10|1"
7OHR,"RNA3DB","1|NR_all_90506.74|2, 2|NR_all_90506.74|2, 6|NR_all_18489.10|1"
7OHS,"RNA3DB","1|NR_all_90506.74|2, 2|NR_all_90506.74|2, 6|NR_all_18489.10|1"
7OHT,"RNA3DB","1|NR_all_90506.74|1, 3|NR_all_18586.69|1"
7OHU,"RNA3DB","1|NR_all_90506.74|2, 2|NR_all_90506.74|2"
7OHV,"RNA3DB","1|NR_all_90506.74|2, 2|NR_all_90506.74|2, 6|NR_all_18489.10|1"
7OHW,"RNA3DB","1|NR_all_90506.74|2, 2|NR_all_90506.74|2, 6|NR_all_18489.10|1"
7OHX,"RNA3DB","1|NR_all_90506.74|2, 2|NR_all_90506.74|2, 6|NR_all_18489.10|1"
7OHY,"RNA3DB","1|NR_all_90506.74|2, 2|NR_all_90506.74|2"
7OI0,"RNA3DB","A|NR_all_56726.132|1"
7OI3,"RNA3DB","B|NR_all_77788.1|1"
7OI6,"RNA3DB","A|NR_all_12763.29|1, B|NR_all_73428.23|1"
7OI7,"RNA3DB","A|NR_all_12763.29|1, B|NR_all_73428.23|1"
7OI8,"RNA3DB","A|NR_all_12763.29|1, B|NR_all_73428.23|1, z|NR_all_80025.2|1"
7OI9,"RNA3DB","A|NR_all_12763.29|1, B|NR_all_73428.23|1"
7OIA,"RNA3DB","A|NR_all_12763.29|1, B|NR_all_73428.23|1, z|NR_all_80025.2|1"
7OIB,"RNA3DB","A|NR_all_12763.29|1, B|NR_all_73428.23|1"
7OIC,"RNA3DB","A|NR_all_12763.29|1, B|NR_all_73428.23|1"
7OID,"RNA3DB","A|NR_all_12763.29|1, B|NR_all_73428.23|1, z|NR_all_80025.2|1"
7OIE,"RNA3DB","A|NR_all_12763.29|1, B|NR_all_73428.23|1"
7OIF,"RNA3DB","1|NR_all_83717.145|1, 2|NR_all_56726.132|1, 3|NR_all_10157.143|1, z|NR_all_47926.1|1"
7OIG,"RNA3DB","1|NR_all_83717.145|1, 2|NR_all_56726.132|1, 3|NR_all_10157.143|1, z|NR_all_47926.1|1"
7OII,"RNA3DB","1|NR_all_83717.145|1, 2|NR_all_56726.132|1, 3|NR_all_10157.143|1, z|NR_all_02527.1|1"
7OIZ,"RNA3DB","A|NR_all_56726.132|1, V|NR_all_56633.6|1, a|NR_all_83717.145|1, b|NR_all_10157.143|1"
7OJ0,"RNA3DB","A|NR_all_56726.132|1, V|NR_all_56633.6|1, a|NR_all_83717.145|1, b|NR_all_10157.143|1"
7OJK,"RNA3DB","D|NR_all_50716.1|2, E|NR_all_50716.1|2"
7OJL,"RNA3DB","D|NR_all_85316.1|2, E|NR_all_85316.1|2"
7OJN,"RNA3DB","D|NR_all_85316.1|1, E|NR_all_87898.1|1, M|NR_all_79094.1|2, R|NR_all_79094.1|2"
7OKX,"RNA3DB","P|NR_all_95458.1|1"
7OKY,"RNA3DB","P|NR_all_95458.1|1"
7OL0,"RNA3DB","P|NR_all_95458.1|1"
7OLC,"RNA3DB","1|NR_all_93493.6|2, 2|NR_all_48690.3|1, 3|NR_all_15429.2|1, 4|NR_all_93493.6|2"
7OLD,"RNA3DB","1|NR_all_93493.6|2, 2|NR_all_48690.3|1, 3|NR_all_15429.2|1, 4|NR_all_93493.6|2, 5|NR_all_00676.1|1"
7OM6,"RNA3DB","C|NR_all_02127.1|2, D|NR_all_02127.1|2, E|NR_all_02127.1|2, F|NR_all_02127.1|2"
7OM7,"RNA3DB","E|NR_all_02127.1|2, F|NR_all_02127.1|2, G|NR_all_02127.1|2, H|NR_all_02127.1|2, I|NR_all_02127.1|2, J|NR_all_02127.1|2, K|NR_all_02127.1|2, L|NR_all_02127.1|2"
7OMA,"RNA3DB","E|NR_all_02127.1|2, F|NR_all_02127.1|2, G|NR_all_02127.1|2, H|NR_all_02127.1|2, I|NR_all_02127.1|2, J|NR_all_02127.1|2, K|NR_all_02127.1|2, L|NR_all_02127.1|2"
7ONB,"RNA3DB","G|NR_all_73426.10|2, H|NR_all_73426.10|2"
7ONU,"RNA3DB","T|NR_all_31982.1|1"
7OO3,"RNA3DB","P|NR_all_34359.12|1"
7OOB,"RNA3DB","P|NR_all_34359.12|1"
7OOC,"RNA3DB","5|NR_all_01186.2|1"
7OOD,"RNA3DB","3|NR_all_06181.2|1, 4|NR_all_76251.2|1"
7OOO,"RNA3DB","A|NR_all_25735.1|1, D|NR_all_25735.1|1"
7OOP,"RNA3DB","P|NR_all_70509.2|1"
7OOS,"RNA3DB","A|NR_all_25735.1|1"
7OPC,"RNA3DB","P|NR_all_70509.2|1"
7OPD,"RNA3DB","P|NR_all_70509.2|1"
7OPE,"RNA3DB","2|NR_all_92412.1|1, A|NR_all_41610.20|1, B|NR_all_97435.16|1"
7OQB,"RNA3DB","2|NR_all_72186.1|1"
7OQC,"RNA3DB","1|NR_all_34961.4|1"
7OQE,"RNA3DB","1|NR_all_34961.4|1, 2|NR_all_72186.1|1"
7ORI,"RNA3DB","H|NR_all_69209.1|1, P|NR_all_27448.1|2, T|NR_all_27448.1|2"
7ORJ,"RNA3DB","H|NR_all_69209.1|2, P|NR_all_31299.1|1, T|NR_all_69209.1|2"
7ORK,"RNA3DB","H|NR_all_69209.1|2, P|NR_all_98623.1|1, T|NR_all_69209.1|2"
7ORL,"RNA3DB","H|NR_all_69209.1|3, P|NR_all_69209.1|3, T|NR_all_69209.1|3"
7ORM,"RNA3DB","H|NR_all_69209.1|1, P|NR_all_88592.1|2, T|NR_all_88592.1|2"
7ORN,"RNA3DB","H|NR_all_69209.1|2, T|NR_all_69209.1|2"
7ORO,"RNA3DB","H|NR_all_69209.1|2, P|NR_all_22308.1|2, S|NR_all_69209.1|2, T|NR_all_22308.1|2"
7OS0,"RNA3DB","D|NR_all_12661.1|1, F|NR_all_12661.1|1"
7OSA,"RNA3DB","18S|NR_all_03510.64|1, 25S|NR_all_90506.74|2, 58S|NR_all_90506.74|2, AB|NR_all_18586.69|1, PSIT|NR_all_35542.140|1"
7OSM,"RNA3DB","18S|NR_all_03510.64|1, 25S|NR_all_90506.74|2, 58S|NR_all_90506.74|2, AB|NR_all_18586.69|1, ASIT|NR_all_38961.4|1, PSIT|NR_all_35542.140|1"
7OT5,"RNA3DB","1|NR_all_83717.145|1, 2|NR_all_56726.132|1, 3|NR_all_10157.143|1, z|NR_all_02527.1|1"
7OTC,"RNA3DB","A|NR_all_83717.145|1, B|NR_all_10157.143|1, a|NR_all_56726.132|1"
7OUO,"RNA3DB","AAA|NR_all_25020.1|2, BBB|NR_all_25020.1|2"
7OW7,"RNA3DB","A|NR_all_65061.34|2, B|NR_all_52752.30|1, C|NR_all_65061.34|2"
7OX7,"RNA3DB",""
7OX8,"RNA3DB","A|NR_all_44791.1|1"
7OX9,"RNA3DB","A|NR_all_55025.1|1"
7OXA,"RNA3DB",""
7OYA,"RNA3DB","22|NR_all_11741.1|1, 51|NR_all_40894.1|2, 71|NR_all_43536.1|1, 81|NR_all_40894.1|2"
7OYB,"RNA3DB","22|NR_all_11741.1|1, 51|NR_all_40894.1|2, 71|NR_all_43536.1|1, 81|NR_all_40894.1|2"
7OYC,"RNA3DB","22|NR_all_63356.1|1, 51|NR_all_99289.1|2, 71|NR_all_49345.1|1, 81|NR_all_99289.1|2"
7OYD,"RNA3DB","5|NR_all_06650.37|2, 8|NR_all_06650.37|2, 9|NR_all_21280.33|1, K|NR_all_10255.37|1"
7OYG,"RNA3DB","G|NR_all_29032.1|2, H|NR_all_29032.1|2, P|NR_all_29032.1|2, T|NR_all_29032.1|2"
7OZQ,"RNA3DB","E|NR_all_45428.1|1, F|NR_all_45428.1|1, G|NR_all_45428.1|1, H|NR_all_45428.1|1"
7OZR,"RNA3DB","N|NR_all_74924.26|1"
7OZS,"RNA3DB","3|NR_all_95956.3|1"
7OZU,"RNA3DB","P|NR_all_13077.1|2, T|NR_all_13077.1|2"
7OZV,"RNA3DB","P|NR_all_13077.1|2, T|NR_all_13077.1|2"
7OZZ,"RNA3DB","A|NR_all_25735.1|1"
7P0V,"RNA3DB","B|NR_all_73563.1|1"
7P2E,"RNA3DB","A|NR_all_93855.17|1"
7P3K,"RNA3DB","A|NR_all_56726.132|1, V|NR_all_56633.6|1, a|NR_all_83717.145|1, b|NR_all_10157.143|1"
7P48,"RNA3DB","5|NR_all_87112.1|1, A|NR_all_90633.23|1, B|NR_all_83891.22|1, a|NR_all_74023.13|1"
7P6Z,"RNA3DB","3|NR_all_06181.2|1, 4|NR_all_76251.2|1, 5|NR_all_01186.2|1, 7|NR_all_99059.1|1"
7P7Q,"RNA3DB","A|NR_all_98632.6|1, B|NR_all_12971.6|1, D|NR_all_64397.2|1, a|NR_all_66687.6|1"
7P7R,"RNA3DB","A|NR_all_98632.6|1, B|NR_all_12971.6|1, D|NR_all_64397.2|1, a|NR_all_66687.6|1"
7P7S,"RNA3DB","A|NR_all_98632.6|1, B|NR_all_12971.6|1, D|NR_all_64397.2|1, a|NR_all_66687.6|1"
7P7T,"RNA3DB","A|NR_all_98632.6|1, B|NR_all_12971.6|1, C|NR_all_74214.1|1, D|NR_all_64397.2|1, a|NR_all_66687.6|1"
7P7U,"RNA3DB","A|NR_all_98632.6|1, B|NR_all_12971.6|1, D|NR_all_64397.2|1, a|NR_all_66687.6|1"
7P8Q,"RNA3DB","B|NR_all_12827.1|1"
7P9I,"RNA3DB","D|NR_all_65380.1|1, E|NR_all_65380.1|1"
7PAH,"RNA3DB","3|NR_all_06181.2|1, 4|NR_all_76251.2|1, 5|NR_all_01186.2|1, 7|NR_all_99059.1|1, 8|NR_all_99059.1|1"
7PAI,"RNA3DB","3|NR_all_06181.2|1, 4|NR_all_76251.2|1, 5|NR_all_01186.2|1, 7|NR_all_99059.1|1"
7PAJ,"RNA3DB","3|NR_all_06181.2|1, 4|NR_all_76251.2|1, 5|NR_all_01186.2|1, 6|NR_all_99059.1|1, 7|NR_all_99059.1|1, 8|NR_all_99059.1|1"
7PAK,"RNA3DB","3|NR_all_06181.2|1, 4|NR_all_76251.2|1, 5|NR_all_01186.2|1, 6|NR_all_99059.1|1, 7|NR_all_99059.1|1"
7PAL,"RNA3DB","3|NR_all_06181.2|1, 4|NR_all_76251.2|1, 5|NR_all_01186.2|1, 6|NR_all_99059.1|1, 7|NR_all_99059.1|1"
7PAM,"RNA3DB","3|NR_all_06181.2|1, 4|NR_all_76251.2|1, 5|NR_all_01186.2|1, 6|NR_all_99059.1|1, 8|NR_all_99059.1|1"
7PAN,"RNA3DB","3|NR_all_06181.2|1, 4|NR_all_76251.2|1, 5|NR_all_01186.2|1, 7|NR_all_99059.1|1, 8|NR_all_99059.1|1"
7PAO,"RNA3DB","3|NR_all_06181.2|1, 4|NR_all_76251.2|1, 5|NR_all_01186.2|1, 6|NR_all_99059.1|1, 8|NR_all_99059.1|1"
7PAQ,"RNA3DB","3|NR_all_06181.2|1, 4|NR_all_76251.2|1, 5|NR_all_01186.2|1, 7|NR_all_99059.1|1, 8|NR_all_99059.1|1"
7PAR,"RNA3DB","3|NR_all_06181.2|1, 4|NR_all_76251.2|1, 5|NR_all_01186.2|1, 7|NR_all_99059.1|1, 8|NR_all_99059.1|1"
7PAS,"RNA3DB","3|NR_all_06181.2|1, 4|NR_all_76251.2|1, 5|NR_all_01186.2|1, 8|NR_all_53666.1|1"
7PAT,"RNA3DB","3|NR_all_06181.2|1, 4|NR_all_76251.2|1"
7PAU,"RNA3DB","3|NR_all_06181.2|1, 4|NR_all_76251.2|1"
7PD3,"RNA3DB","A|NR_all_12763.29|1, B|NR_all_74768.1|1"
7PDU,"RNA3DB","B|NR_all_80220.1|1"
7PDV,"RNA3DB","F|NR_all_49702.1|1"
7PH9,"RNA3DB","3|NR_all_06181.2|1, 4|NR_all_76251.2|1, 5|NR_all_01186.2|1, 7|NR_all_99059.1|1"
7PHA,"RNA3DB","3|NR_all_06181.2|1, 4|NR_all_76251.2|1, 5|NR_all_01186.2|1, 6|NR_all_99059.1|1, 7|NR_all_99059.1|1"
7PHB,"RNA3DB","3|NR_all_06181.2|1, 4|NR_all_76251.2|1, 5|NR_all_01186.2|1, 6|NR_all_99059.1|1, 7|NR_all_99059.1|1"
7PHC,"RNA3DB","3|NR_all_06181.2|1, 4|NR_all_76251.2|1, 5|NR_all_01186.2|1, 6|NR_all_24571.1|1, 8|NR_all_24571.1|1"
7PI8,"RNA3DB","3|NR_all_06181.2|1, 4|NR_all_76251.2|1, 5|NR_all_01186.2|1, 7|NR_all_99059.1|1"
7PI9,"RNA3DB","3|NR_all_06181.2|1, 4|NR_all_76251.2|1, 5|NR_all_01186.2|1, 6|NR_all_99059.1|1, 7|NR_all_99059.1|1"
7PIA,"RNA3DB","3|NR_all_06181.2|1, 4|NR_all_76251.2|1, 5|NR_all_01186.2|1, 7|NR_all_99059.1|1, 8|NR_all_99059.1|1"
7PIB,"RNA3DB","3|NR_all_06181.2|1, 4|NR_all_76251.2|1, 5|NR_all_01186.2|1, 7|NR_all_99059.1|1, 8|NR_all_99059.1|1"
7PIC,"RNA3DB","3|NR_all_06181.2|1, 4|NR_all_76251.2|1, 5|NR_all_01186.2|1, 8|NR_all_99059.1|1"
7PIO,"RNA3DB","3|NR_all_06181.2|1, 4|NR_all_76251.2|1, 5|NR_all_01186.2|1, 7|NR_all_99059.1|1"
7PIP,"RNA3DB","3|NR_all_06181.2|1, 4|NR_all_76251.2|1, 5|NR_all_01186.2|1, 6|NR_all_99059.1|1, 7|NR_all_99059.1|1"
7PIQ,"RNA3DB","3|NR_all_06181.2|1, 4|NR_all_76251.2|1, 5|NR_all_01186.2|1, 6|NR_all_99059.1|1, 7|NR_all_99059.1|1"
7PIR,"RNA3DB","3|NR_all_06181.2|1, 4|NR_all_76251.2|1, 5|NR_all_01186.2|1, 6|NR_all_99059.1|1, 8|NR_all_99059.1|1"
7PIS,"RNA3DB","3|NR_all_06181.2|1, 4|NR_all_76251.2|1, 5|NR_all_01186.2|1, 6|NR_all_57268.1|1, 8|NR_all_57268.1|1"
7PIT,"RNA3DB","3|NR_all_06181.2|1, 4|NR_all_76251.2|1, 5|NR_all_01186.2|1, 7|NR_all_99059.1|1, 8|NR_all_99059.1|1"
7PJS,"RNA3DB","A|NR_all_83717.145|1, B|NR_all_10157.143|1, a|NR_all_56726.132|1"
7PJT,"RNA3DB","A|NR_all_83717.145|1, B|NR_all_10157.143|1, a|NR_all_56726.132|1, v|NR_all_35542.140|1, w|NR_all_19951.88|1"
7PJU,"RNA3DB","A|NR_all_83717.145|1, B|NR_all_10157.143|1, a|NR_all_56726.132|1, v|NR_all_35542.140|1, w|NR_all_19951.88|1"
7PJV,"RNA3DB","A|NR_all_83717.145|1, B|NR_all_10157.143|1, a|NR_all_56726.132|1, v|NR_all_35542.140|1, w|NR_all_19951.88|1"
7PJW,"RNA3DB","A|NR_all_83717.145|1, B|NR_all_10157.143|1, a|NR_all_56726.132|1, v|NR_all_35542.140|1, w|NR_all_19951.88|1"
7PJX,"RNA3DB","A|NR_all_83717.145|1, B|NR_all_10157.143|1, a|NR_all_56726.132|1, v|NR_all_35542.140|1, w|NR_all_19951.88|1"
7PJY,"RNA3DB","A|NR_all_83717.145|1, B|NR_all_10157.143|1, a|NR_all_56726.132|1, v|NR_all_35542.140|1, w|NR_all_19951.88|1"
7PJZ,"RNA3DB","A|NR_all_83717.145|1, B|NR_all_10157.143|1, a|NR_all_56726.132|1, v|NR_all_35542.140|1, w|NR_all_19951.88|1"
7PKQ,"RNA3DB","1|NR_all_62118.1|3, 2|NR_all_62118.1|3, 3|NR_all_62118.1|3, 4|NR_all_59225.1|1"
7PKS,"RNA3DB","P|NR_all_51639.1|1"
7PKT,"RNA3DB","0|NR_all_20717.1|1, 1|NR_all_13465.1|1, 2|NR_all_81338.1|4, 3|NR_all_81338.1|4, 4|NR_all_81338.1|4, 5|NR_all_81338.1|4, 6|NR_all_48882.1|2, 7|NR_all_48882.1|2, 8|NR_all_26809.1|1"
7PLA,"RNA3DB","B|NR_all_85482.5|1"
7PLI,"RNA3DB","C|NR_all_86590.1|1, D|NR_all_86590.1|1, G|NR_all_17943.1|1, H|NR_all_86590.1|1, K|NR_all_86590.1|1, L|NR_all_86590.1|1"
7PMM,"RNA3DB","C|NR_all_74379.1|1, D|NR_all_74379.1|1"
7PMQ,"RNA3DB","E|NR_all_30013.1|1, F|NR_all_30013.1|1, G|NR_all_30013.1|1, H|NR_all_30013.1|1"
7PNT,"RNA3DB","A|NR_all_39170.1|1"
7PNU,"RNA3DB","A|NR_all_39170.1|1"
7PNV,"RNA3DB","A|NR_all_39170.1|1"
7PNW,"RNA3DB","A|NR_all_39170.1|1"
7PNX,"RNA3DB","A|NR_all_93855.17|1"
7PNY,"RNA3DB","A|NR_all_93855.17|1"
7PNZ,"RNA3DB","A|NR_all_93855.17|1"
7PO0,"RNA3DB","A|NR_all_93855.17|1"
7PO1,"RNA3DB","A|NR_all_93855.17|1"
7PO2,"RNA3DB","5|NR_all_65635.4|1, A|NR_all_93855.17|1"
7PO3,"RNA3DB","A|NR_all_93855.17|1"
7PO4,"RNA3DB","A|NR_all_12763.29|1, B|NR_all_73428.23|1"
7PO6,"RNA3DB","D|NR_all_11347.1|1, E|NR_all_11347.1|1, F|NR_all_11347.1|1"
7POF,"RNA3DB","A|NR_all_11347.1|1"
7PS8,"RNA3DB","A|NR_all_54731.1|1"
7PTK,"Casp15, RNA3DB","B|NR_all_00136.1|1"
7PTL,"Casp15, RNA3DB","B|NR_all_31022.1|1"
7PTQ,"RNA3DB","C|NR_all_42308.1|1"
7PTS,"RNA3DB","A|NR_all_70394.1|1"
7PU7,"RNA3DB",""
7PUA,"RNA3DB","CA|NR_all_74642.1|1, CB|NR_all_23013.1|1"
7PUB,"RNA3DB","CA|NR_all_60828.6|1"
7PVK,"RNA3DB","E|NR_all_98428.4|1, F|NR_all_98428.4|1, G|NR_all_98428.4|1, H|NR_all_98428.4|1"
7PWF,"RNA3DB","2|NR_all_60443.4|1"
7PWG,"RNA3DB","1|NR_all_00138.2|2, 3|NR_all_67629.2|1, 4|NR_all_00138.2|2, w|NR_all_08676.1|1"
7PWO,"RNA3DB","1|NR_all_00138.2|2, 2|NR_all_60443.4|1, 3|NR_all_67629.2|1, 42|NR_all_00138.2|2, w2|NR_all_79448.1|1"
7PY0,"RNA3DB","R|NR_all_60719.1|1"
7PY1,"RNA3DB","R|NR_all_60719.1|1"
7PY3,"RNA3DB","R|NR_all_60719.1|1"
7PY5,"RNA3DB","R|NR_all_60719.1|1"
7PY6,"RNA3DB","R|NR_all_60719.1|1"
7PY7,"RNA3DB","R|NR_all_60719.1|1"
7PY8,"RNA3DB","R|NR_all_60719.1|1"
7PYJ,"RNA3DB","R|NR_all_60719.1|1"
7PYK,"RNA3DB","R|NR_all_60719.1|1"
7PZY,"RNA3DB","10|NR_all_72694.3|1, 1|NR_all_71228.8|2, 3|NR_all_83277.8|1, 4|NR_all_71228.8|2, A|NR_all_22526.6|1"
7Q08,"RNA3DB","1|NR_all_71228.8|2, 3|NR_all_83277.8|1, 4|NR_all_71228.8|2, A|NR_all_22526.6|1"
7Q0F,"RNA3DB","1|NR_all_71228.8|2, 3|NR_all_83277.8|1, 4|NR_all_71228.8|2, A|NR_all_22526.6|1"
7Q0J,"RNA3DB","R|NR_all_04412.1|1"
7Q0K,"RNA3DB","R|NR_all_60719.1|1"
7Q0P,"RNA3DB","10|NR_all_72694.3|1, 1|NR_all_71228.8|2, 3|NR_all_83277.8|1, 4|NR_all_71228.8|2, A|NR_all_22526.6|1"
7Q0R,"RNA3DB","10|NR_all_72694.3|1, 1|NR_all_71228.8|2, 3|NR_all_83277.8|1, 4|NR_all_71228.8|2, A|NR_all_22526.6|1"
7Q22,"RNA3DB","B|NR_all_36308.1|1"
7Q23,"RNA3DB","B|NR_all_36308.1|1"
7Q2Q,"RNA3DB","B|NR_all_36308.1|1"
7Q2R,"RNA3DB","B|NR_all_36308.1|1"
7Q2S,"RNA3DB","B|NR_all_36308.1|1"
7Q33,"RNA3DB","B|NR_all_96569.1|1"
7Q3L,"RNA3DB","2|NR_all_73426.10|1"
7Q48,"RNA3DB","A|NR_all_16489.1|1"
7Q4K,"RNA3DB","AA|NR_all_56726.132|1, BA|NR_all_83717.145|1, BB|NR_all_10157.143|1, D2|NR_all_54715.1|1, D3|NR_all_19951.88|1"
7Q4L,"RNA3DB","B|NR_all_08626.1|1"
7Q4O,"RNA3DB","2|NR_all_73426.10|2, h|NR_all_73426.10|2"
7Q4P,"RNA3DB","2|NR_all_73426.10|1"
7Q6L,"RNA3DB","A|NR_all_37077.1|1"
7Q7X,"RNA3DB","A|NR_all_63923.1|3, B|NR_all_63923.1|3, C|NR_all_63923.1|3"
7Q7Y,"RNA3DB","A|NR_all_63923.1|3, B|NR_all_63923.1|3, C|NR_all_63923.1|3"
7Q7Z,"RNA3DB","A|NR_all_63923.1|3, B|NR_all_63923.1|3, C|NR_all_63923.1|3, D|NR_all_47650.1|3, E|NR_all_47650.1|3, F|NR_all_47650.1|3"
7Q80,"RNA3DB","A|NR_all_63923.1|3, B|NR_all_63923.1|3, C|NR_all_63923.1|3, D|NR_all_47650.1|3, E|NR_all_47650.1|3, F|NR_all_47650.1|3"
7Q81,"RNA3DB","A|NR_all_63923.1|3, B|NR_all_63923.1|3, C|NR_all_63923.1|3"
7Q82,"RNA3DB","A|NR_all_92997.1|3, B|NR_all_92997.1|3, C|NR_all_92997.1|3"
7QA2,"RNA3DB","A|NR_all_39772.1|1"
7QCA,"RNA3DB","L50|NR_all_39468.1|1, L70|NR_all_25416.1|1, S60|NR_all_62666.1|1"
7QDD,"RNA3DB","A|NR_all_63400.1|1"
7QDE,"RNA3DB","A|NR_all_86844.1|1"
7QDU,"RNA3DB","Q|NR_all_17321.1|1"
7QDY,"RNA3DB","E|NR_all_80915.1|1"
7QDZ,"RNA3DB","E|NR_all_74924.26|1"
7QE0,"RNA3DB","E|NR_all_55652.1|1"
7QEP,"RNA3DB","1|NR_all_67642.1|1, 2|NR_all_96182.1|1, 3|NR_all_41328.1|1"
7QG8,"RNA3DB","0|NR_all_56726.132|1, A|NR_all_19951.88|1, M|NR_all_31819.5|1, N|NR_all_83717.145|1, O|NR_all_10157.143|1"
7QGG,"RNA3DB","D|NR_all_96955.1|2, E|NR_all_55569.1|1, S2|NR_all_38178.1|1, t|NR_all_96955.1|2, u|NR_all_79985.1|1, v|NR_all_44680.1|1"
7QGH,"RNA3DB","0|NR_all_56726.132|1, M|NR_all_31819.5|1, N|NR_all_83717.145|1, O|NR_all_10157.143|1, u|NR_all_19951.88|1, x|NR_all_13676.1|1"
7QGN,"RNA3DB","0|NR_all_56726.132|1, A|NR_all_19951.88|1, M|NR_all_31819.5|1, N|NR_all_83717.145|1, O|NR_all_10157.143|1"
7QGR,"RNA3DB","0|NR_all_56726.132|1, M|NR_all_31819.5|1, N|NR_all_83717.145|1, O|NR_all_10157.143|1, u|NR_all_19951.88|1, x|NR_all_86000.1|1"
7QGU,"RNA3DB","A|NR_all_41610.20|1, B|NR_all_97435.16|1, W|NR_all_94066.10|1, z|NR_all_09297.4|1"
7QH4,"RNA3DB","1|NR_all_09297.4|1, A|NR_all_41610.20|1, B|NR_all_97435.16|1, W|NR_all_94066.10|1, y|NR_all_09297.4|1"
7QH6,"RNA3DB","A|NR_all_12763.29|1, B|NR_all_73428.23|1"
7QH7,"RNA3DB","A|NR_all_12763.29|1, B|NR_all_57826.1|1"
7QI4,"RNA3DB","AA|NR_all_93855.17|1, Aw|NR_all_18709.1|1, Ax|NR_all_83618.1|1, Ay|NR_all_98144.1|1, A|NR_all_12763.29|1, B|NR_all_73428.23|1"
7QI5,"RNA3DB","AA|NR_all_93855.17|1, Aw|NR_all_04000.4|1, Ax|NR_all_83618.1|1, Ay|NR_all_83618.1|1, A|NR_all_12763.29|1, B|NR_all_73428.23|1"
7QI6,"RNA3DB","AA|NR_all_93855.17|1, Aw|NR_all_04000.4|1, Ax|NR_all_32685.1|1, A|NR_all_12763.29|1, B|NR_all_73428.23|1"
7QIW,"RNA3DB","2|NR_all_95195.1|2, 5|NR_all_85044.1|1, 8|NR_all_95195.1|2, s|NR_all_32554.1|1"
7QIX,"RNA3DB","2|NR_all_73924.2|1"
7QIY,"RNA3DB","2|NR_all_73924.2|1, Q|NR_all_83502.1|2, R|NR_all_83502.1|2"
7QIZ,"RNA3DB","2|NR_all_95195.1|2, 5|NR_all_85044.1|1, 8|NR_all_95195.1|2, S2|NR_all_73924.2|1, aA|NR_all_83502.1|2, bA|NR_all_83502.1|2, s|NR_all_32554.1|1"
7QP2,"RNA3DB","A|NR_all_94729.10|1"
7QP6,"RNA3DB","7|NR_all_82699.1|1, A|NR_all_46995.44|1, w|NR_all_49851.1|1"
7QP7,"RNA3DB","A|NR_all_46995.44|1, w|NR_all_49851.1|1"
7QQ3,"RNA3DB","I|NR_all_83717.145|1, J|NR_all_10157.143|1"
7QQK,"RNA3DB","E|NR_all_65223.11|1, F|NR_all_65223.11|1, G|NR_all_65223.11|1, H|NR_all_65223.11|1"
7QQO,"RNA3DB","A|NR_all_55025.1|1"
7QQP,"RNA3DB","A|NR_all_55025.1|1"
7QQQ,"RNA3DB","A|NR_all_55025.1|1"
7QQR,"RNA3DB","A|NR_all_55025.1|1"
7QQS,"RNA3DB","A|NR_all_83770.1|1"
7QQT,"RNA3DB","A|NR_all_83770.1|1"
7QQU,"RNA3DB","A|NR_all_83770.1|1"
7QQV,"RNA3DB","A|NR_all_83770.1|1"
7QQW,"RNA3DB","A|NR_all_83770.1|1"
7QQX,"RNA3DB","A|NR_all_83770.1|1"
7QQZ,"RNA3DB","A|NR_all_83770.1|1"
7QR0,"RNA3DB","A|NR_all_44791.1|1"
7QR1,"RNA3DB","A|NR_all_44791.1|1"
7QR3,"Casp15, RNA Puzzles, RNA3DB","C|NR_all_82540.1|1, D|NR_all_82540.1|1"
7QR4,"Casp15, RNA Puzzles, RNA3DB","B|NR_all_07720.1|1"
7QR5,"RNA3DB","A|NR_all_83770.1|1"
7QR7,"RNA3DB","A|NR_all_55025.1|1"
7QR8,"RNA3DB","A|NR_all_96336.1|1"
7QSH,"RNA3DB","A|NR_all_94729.10|1"
7QTL,"RNA3DB","M|NR_all_53904.1|2, R|NR_all_53904.1|2, V|NR_all_87822.1|1"
7QTN,"RNA3DB","A|NR_all_33731.1|2, B|NR_all_33731.1|2"
7QTT,"RNA3DB","d|NR_all_57834.4|2, e|NR_all_73286.27|1, f|NR_all_57834.4|2"
7QUA,"RNA3DB","A|NR_all_65991.1|1"
7QV1,"RNA3DB","B|NR_all_97435.16|1, H|NR_all_09297.4|1, V|NR_all_41610.20|1, a|NR_all_94066.10|1"
7QV2,"RNA3DB","B|NR_all_97435.16|1, H|NR_all_09297.4|1, V|NR_all_41610.20|1, a|NR_all_94066.10|1, x|NR_all_09297.4|1"
7QV3,"RNA3DB","B|NR_all_97435.16|1, H|NR_all_09297.4|1, V|NR_all_41610.20|1, a|NR_all_94066.10|1"
7QVP,"RNA3DB","B4|NR_all_17351.3|1, B5|NR_all_83098.3|1, CC|NR_all_71217.5|1, D5|NR_all_17351.3|1, L1|NR_all_65061.34|2, L5|NR_all_65061.34|2, L6|NR_all_65061.34|2, L7|NR_all_52752.30|1, L8|NR_all_65061.34|2, L9|NR_all_52752.30|1, S2|NR_all_46995.44|1, S3|NR_all_46995.44|1"
7QWQ,"RNA3DB","1|NR_all_37229.3|1, 5|NR_all_06650.37|2, 7|NR_all_10255.37|1, 8|NR_all_06650.37|2"
7QWR,"RNA3DB","5|NR_all_06650.37|2, 7|NR_all_10255.37|1, 8|NR_all_06650.37|2"
7QWS,"RNA3DB","5|NR_all_06650.37|2, 7|NR_all_10255.37|1, 8|NR_all_06650.37|2"
7QXA,"RNA3DB","B|NR_all_92345.1|1"
7QXB,"RNA3DB","B|NR_all_92345.1|1"
7QXS,"RNA3DB","B|NR_all_92345.1|1"
7R0E,"RNA3DB","M|NR_all_87822.1|3, R|NR_all_87822.1|3, V|NR_all_87822.1|3"
7R1F,"RNA3DB","M|NR_all_98794.1|2, R|NR_all_98794.1|2, V|NR_all_21055.1|1"
7R21,"RNA3DB","R|NR_all_76432.1|1"
7R2K,"RNA3DB","U|NR_all_31974.1|1"
7R4X,"RNA3DB","2|NR_all_46995.44|1"
7R6K,"RNA3DB","1|NR_all_55442.1|1"
7R6L,"RNA3DB","A|NR_all_69141.4|1"
7R6M,"RNA3DB","A|NR_all_69141.4|1"
7R6N,"RNA3DB","A|NR_all_69141.4|1"
7R6Q,"RNA3DB","1|NR_all_05306.1|2, 2|NR_all_05306.1|2, 6|NR_all_61877.3|1"
7R72,"RNA3DB","1|NR_all_35122.1|1, 2|NR_all_32018.1|1"
7R7A,"RNA3DB","1|NR_all_90506.74|2, 2|NR_all_90506.74|2, 6|NR_all_61877.3|1"
7R7C,"RNA3DB","1|NR_all_65051.1|1"
7R81,"RNA3DB","A1|NR_all_93470.1|2, A2|NR_all_85225.1|1, B1|NR_all_11525.1|1, C1|NR_all_93470.1|2, t1|NR_all_30383.1|1, u1|NR_all_30383.1|1"
7R8J,"RNA3DB",""
7R97,"RNA3DB","C|NR_all_52425.2|1, D|NR_all_52425.2|1"
7R9F,"RNA3DB","B|NR_all_22527.1|1"
7R9G,"RNA3DB","B|NR_all_67797.1|1"
7RDQ,"RNA3DB","I|NR_all_86951.1|1"
7RDX,"RNA3DB","P|NR_all_51758.2|2, T|NR_all_51758.2|2"
7RDY,"RNA3DB","P|NR_all_51758.2|2, T|NR_all_51758.2|2"
7RDZ,"RNA3DB","P|NR_all_51758.2|2, T|NR_all_51758.2|2"
7RE0,"RNA3DB","P|NR_all_51758.2|2, T|NR_all_51758.2|2"
7RE1,"RNA3DB","P|NR_all_51758.2|2, T|NR_all_51758.2|2"
7RE2,"RNA3DB","P|NR_all_51758.2|2, T|NR_all_51758.2|2"
7RE3,"RNA3DB","P|NR_all_51758.2|2, Q|NR_all_51758.2|2, T|NR_all_51758.2|2, U|NR_all_51758.2|2"
7REX,"RNA3DB","A|NR_all_07310.1|1, B|NR_all_07310.1|1, C|NR_all_07310.1|1"
7RGU,"RNA3DB","B|NR_all_19728.1|1, D|NR_all_19728.1|1, F|NR_all_19728.1|1, H|NR_all_19728.1|1"
7RIM,"RNA3DB","R|NR_all_33912.6|1"
7RIP,"RNA3DB","R|NR_all_22024.2|1"
7RIQ,"RNA3DB","R|NR_all_33912.6|1"
7RIW,"RNA3DB","R|NR_all_22024.2|1"
7RIX,"RNA3DB","R|NR_all_22024.2|1"
7RIY,"RNA3DB","R|NR_all_93567.1|1"
7RQ5,"RNA3DB","A|NR_all_02173.1|1"
7RQ8,"RNA3DB","1A|NR_all_97519.74|1, 1B|NR_all_42622.74|1, 1a|NR_all_65795.80|1, 1w|NR_all_19951.88|1, 1x|NR_all_35542.140|1, 1y|NR_all_19951.88|1, 2A|NR_all_97519.74|1, 2B|NR_all_42622.74|1, 2a|NR_all_65795.80|1, 2w|NR_all_19951.88|1, 2x|NR_all_35542.140|1, 2y|NR_all_19951.88|1"
7RQ9,"RNA3DB","1A|NR_all_97519.74|1, 1B|NR_all_42622.74|1, 1a|NR_all_65795.80|1, 1w|NR_all_19951.88|1, 1x|NR_all_35542.140|1, 1y|NR_all_19951.88|1, 2A|NR_all_97519.74|1, 2B|NR_all_42622.74|1, 2a|NR_all_65795.80|1, 2w|NR_all_19951.88|1, 2x|NR_all_35542.140|1, 2y|NR_all_19951.88|1"
7RQA,"RNA3DB","1A|NR_all_97519.74|1, 1B|NR_all_42622.74|1, 1a|NR_all_65795.80|1, 2A|NR_all_97519.74|1, 2B|NR_all_42622.74|1, 2a|NR_all_65795.80|1"
7RQB,"RNA3DB","1A|NR_all_97519.74|1, 1B|NR_all_42622.74|1, 1a|NR_all_65795.80|1, 2A|NR_all_97519.74|1, 2B|NR_all_42622.74|1, 2a|NR_all_65795.80|1"
7RQC,"RNA3DB","1A|NR_all_97519.74|1, 1B|NR_all_42622.74|1, 1a|NR_all_65795.80|1, 2A|NR_all_97519.74|1, 2B|NR_all_42622.74|1, 2a|NR_all_65795.80|1"
7RQD,"RNA3DB","1A|NR_all_97519.74|1, 1B|NR_all_42622.74|1, 1a|NR_all_65795.80|1, 2A|NR_all_97519.74|1, 2B|NR_all_42622.74|1, 2a|NR_all_65795.80|1"
7RQE,"RNA3DB","1A|NR_all_97519.74|1, 1B|NR_all_42622.74|1, 1a|NR_all_65795.80|1, 2A|NR_all_97519.74|1, 2B|NR_all_42622.74|1, 2a|NR_all_65795.80|1"
7RR5,"RNA3DB","A|NR_all_45609.6|1, C1|NR_all_90506.74|2, C2|NR_all_03510.64|1, C3|NR_all_90506.74|2, C4|NR_all_18586.69|1, P|NR_all_60125.5|1"
7RWR,"RNA3DB","A|NR_all_89808.1|1"
7RYF,"RNA3DB","A|NR_all_96169.3|1, B|NR_all_67384.3|1, a|NR_all_43481.4|1, v|NR_all_24187.1|1"
7RYG,"RNA3DB","A|NR_all_96169.3|1, B|NR_all_67384.3|1, a|NR_all_43481.4|1, v|NR_all_24187.1|1, w|NR_all_96179.1|1"
7RYH,"RNA3DB","A|NR_all_96169.3|1, B|NR_all_67384.3|1, a|NR_all_43481.4|1"
7RZZ,"RNA3DB","B|NR_all_44560.1|1"
7S02,"RNA3DB","B|NR_all_25162.1|1"
7S0S,"RNA3DB","C|NR_all_76090.9|1, i|NR_all_89181.3|1"
7S1G,"RNA3DB","A|NR_all_19951.88|1, C|NR_all_56726.132|1, I|NR_all_83717.145|1, J|NR_all_10157.143|1"
7S1H,"RNA3DB","C|NR_all_56726.132|1, I|NR_all_83717.145|1, J|NR_all_10157.143|1"
7S1I,"RNA3DB","A|NR_all_19951.88|1, C|NR_all_56726.132|1, I|NR_all_83717.145|1, J|NR_all_10157.143|1"
7S1J,"RNA3DB","C|NR_all_56726.132|1, I|NR_all_83717.145|1, J|NR_all_10157.143|1"
7S1K,"RNA3DB","A|NR_all_19951.88|1, C|NR_all_56726.132|1, I|NR_all_83717.145|1, J|NR_all_10157.143|1"
7S36,"RNA3DB","R|NR_all_87323.3|1"
7S37,"RNA3DB","R|NR_all_87323.3|1"
7S38,"RNA3DB","R|NR_all_87323.3|1"
7S3A,"RNA3DB","B|NR_all_57351.1|1"
7S3B,"RNA3DB","B|NR_all_57322.1|1"
7S3C,"RNA3DB","B|NR_all_55974.1|1"
7S3H,"RNA3DB","R|NR_all_87323.3|1"
7S4U,"RNA3DB","B|NR_all_20965.3|1"
7S4V,"RNA3DB","B|NR_all_20965.3|1"
7S4X,"RNA3DB","B|NR_all_20965.3|1"
7S7B,"RNA3DB","D|NR_all_02320.1|1, H|NR_all_11375.1|1"
7S7C,"RNA3DB","D|NR_all_36040.1|2, L|NR_all_36040.1|2"
7S9U,"RNA3DB","A|NR_all_41610.20|1"
7SA4,"RNA3DB","1|NR_all_83717.145|1, 2|NR_all_56726.132|1, 4|NR_all_10157.143|1, 5|NR_all_35542.140|1, 6|NR_all_35542.140|1"
7SAE,"RNA3DB","A|NR_all_41610.20|1"
7SAM,"RNA3DB","A|NR_all_35881.1|1"
7SBA,"RNA3DB","Z|NR_all_46017.1|1"
7SBB,"RNA3DB","X|NR_all_46017.1|2, Z|NR_all_46017.1|2"
7SC6,"RNA3DB","C|NR_all_51805.1|1"
7SCQ,"RNA3DB","C|NR_all_51805.1|1"
7SFR,"RNA3DB","A|NR_all_35677.3|1, B|NR_all_54145.1|1, a|NR_all_32787.1|1"
7SHX,"RNA3DB","A|NR_all_20520.1|1"
7SLP,"RNA3DB","R|NR_all_58908.1|1"
7SLQ,"RNA3DB","R|NR_all_92531.1|1"
7SOP,"RNA3DB","B|NR_all_62371.1|1"
7SOQ,"RNA3DB","B|NR_all_65223.11|1"
7SOR,"RNA3DB","B|NR_all_65223.11|1, D|NR_all_65223.11|1"
7SOS,"RNA3DB","B|NR_all_64918.25|1"
7SOT,"RNA3DB","B|NR_all_80277.1|1"
7SOU,"RNA3DB","B|NR_all_77860.1|1"
7SOV,"RNA3DB","B|NR_all_42542.1|1"
7SOW,"RNA3DB","B|NR_all_74924.26|1"
7SP1,"RNA3DB","P|NR_all_26261.1|1, Q|NR_all_26261.1|1"
7SS9,"RNA3DB","1|NR_all_83717.145|1, 2|NR_all_10157.143|1, 3|NR_all_56726.132|1, 5|NR_all_96870.2|1, 6|NR_all_35542.140|1"
7SSD,"RNA3DB","1|NR_all_83717.145|1, 2|NR_all_10157.143|1, 3|NR_all_56726.132|1, 5|NR_all_96870.2|1, 6|NR_all_35542.140|1"
7SSL,"RNA3DB","1|NR_all_83717.145|1, 2|NR_all_10157.143|1, 3|NR_all_56726.132|1, 5|NR_all_96870.2|1, 6|NR_all_35542.140|1"
7SSN,"RNA3DB","1|NR_all_83717.145|1, 2|NR_all_10157.143|1, 3|NR_all_56726.132|1, 5|NR_all_96870.2|1, 6|NR_all_35542.140|1"
7SSO,"RNA3DB","1|NR_all_83717.145|1, 2|NR_all_10157.143|1, 3|NR_all_56726.132|1, 5|NR_all_96870.2|1, 6|NR_all_35542.140|1"
7SSW,"RNA3DB","1|NR_all_83717.145|1, 2|NR_all_10157.143|1, 3|NR_all_56726.132|1, 5|NR_all_96870.2|1, 6|NR_all_35542.140|1"
7ST2,"RNA3DB","1|NR_all_83717.145|1, 2|NR_all_10157.143|1, 3|NR_all_56726.132|1, 5|NR_all_96870.2|1, 6|NR_all_35542.140|1"
7ST6,"RNA3DB","1|NR_all_83717.145|1, 2|NR_all_10157.143|1, 3|NR_all_56726.132|1, 5|NR_all_96870.2|1, 6|NR_all_35542.140|1, 7|NR_all_35542.140|1"
7ST7,"RNA3DB","1|NR_all_83717.145|1, 2|NR_all_10157.143|1, 3|NR_all_56726.132|1, 5|NR_all_96870.2|1, 6|NR_all_35542.140|1"
7SUK,"RNA3DB","8|NR_all_03510.64|3, L0|NR_all_03510.64|3, L2|NR_all_03510.64|3"
7SVA,"RNA3DB","B|NR_all_72506.1|1"
7SWF,"RNA3DB","B|NR_all_93060.1|2, D|NR_all_93060.1|2"
7SWQ,"RNA3DB","B|NR_all_70777.1|2, D|NR_all_70777.1|2"
7SXP,"RNA3DB","A|NR_all_47854.1|1"
7SYG,"RNA3DB","2|NR_all_21280.33|1, z|NR_all_12406.4|1"
7SYH,"RNA3DB","2|NR_all_21280.33|1, z|NR_all_12406.4|1"
7SYI,"RNA3DB","2|NR_all_21280.33|1, z|NR_all_54508.1|1"
7SYJ,"RNA3DB","2|NR_all_21280.33|1, z|NR_all_12406.4|1"
7SYK,"RNA3DB","2|NR_all_21280.33|1, z|NR_all_12406.4|1"
7SYL,"RNA3DB","2|NR_all_21280.33|1, z|NR_all_12406.4|1"
7SYM,"RNA3DB","2|NR_all_21280.33|1, z|NR_all_12406.4|1"
7SYN,"RNA3DB","2|NR_all_21280.33|1, z|NR_all_12406.4|1"
7SYO,"RNA3DB","2|NR_all_21280.33|1, z|NR_all_12406.4|1"
7SYP,"RNA3DB","2|NR_all_21280.33|1, 7|NR_all_12878.1|1, z|NR_all_12406.4|1"
7SYQ,"RNA3DB","2|NR_all_21280.33|1, z|NR_all_12406.4|1"
7SYR,"RNA3DB","2|NR_all_21280.33|1, i|NR_all_77343.4|1, z|NR_all_12406.4|1"
7SYS,"RNA3DB","2|NR_all_21280.33|1, i|NR_all_77343.4|1, z|NR_all_12406.4|1"
7SYT,"RNA3DB","2|NR_all_21280.33|1, i|NR_all_77343.4|1, z|NR_all_12406.4|1"
7SYU,"RNA3DB","2|NR_all_21280.33|1, i|NR_all_77343.4|1, z|NR_all_12406.4|1"
7SYV,"RNA3DB","2|NR_all_21280.33|1, i|NR_all_77343.4|1, z|NR_all_12406.4|1"
7SYW,"RNA3DB","2|NR_all_21280.33|1, i|NR_all_77343.4|1, z|NR_all_12406.4|1"
7SYX,"RNA3DB","2|NR_all_21280.33|1, i|NR_all_77343.4|1, z|NR_all_12406.4|1"
7SZU,"RNA3DB","R|NR_all_80237.1|1"
7T1N,"RNA3DB","A|NR_all_20257.1|1"
7T1O,"RNA3DB","A|NR_all_44951.1|1"
7T1P,"RNA3DB","A|NR_all_20257.1|1"
7T3J,"RNA3DB","M|NR_all_94467.7|1"
7T3K,"RNA3DB","M|NR_all_94467.7|1, m|NR_all_94467.7|1"
7T3L,"RNA3DB","M|NR_all_94467.7|1, m|NR_all_94467.7|1"
7TAW,"RNA3DB","M|NR_all_94467.7|1, m|NR_all_94467.7|1"
7TAX,"RNA3DB","M|NR_all_94467.7|1"
7TD7,"RNA3DB","A|NR_all_42241.3|1"
7TDA,"RNA3DB","A|NR_all_42241.3|1"
7TDB,"RNA3DB","A|NR_all_42241.3|1"
7TDC,"RNA3DB","A|NR_all_42241.3|1"
7THB,"RNA3DB","B|NR_all_46712.1|1, E|NR_all_46712.1|1, H|NR_all_46712.1|1"
7TJ2,"RNA3DB","G|NR_all_73392.1|2, H|NR_all_73392.1|2"
7TM3,"RNA3DB","K|NR_all_06650.37|2, q|NR_all_68467.12|1, u|NR_all_10255.37|1, v|NR_all_06650.37|2"
7TNX,"RNA3DB","B|NR_all_49530.1|2, C|NR_all_49530.1|2"
7TNY,"RNA3DB","B|NR_all_45028.1|2, C|NR_all_45028.1|2"
7TNZ,"RNA3DB","B|NR_all_45028.1|2, C|NR_all_45028.1|2"
7TO0,"RNA3DB","B|NR_all_73006.1|2, C|NR_all_73006.1|2"
7TO1,"RNA3DB","B|NR_all_52698.2|1"
7TO2,"RNA3DB","B|NR_all_52698.2|1"
7TOO,"RNA3DB","A25S|NR_all_90506.74|2, A58S|NR_all_90506.74|2, A5S|NR_all_18586.69|1, APTN|NR_all_35542.140|1"
7TOP,"RNA3DB","A25S|NR_all_90506.74|2, A58S|NR_all_90506.74|2, A5S|NR_all_18586.69|1, APTN|NR_all_35542.140|1"
7TOQ,"RNA3DB","A18S|NR_all_21280.33|1, A25S|NR_all_06650.37|2, A58S|NR_all_06650.37|2, A5S|NR_all_10255.37|1, PTRN|NR_all_35542.140|1"
7TOR,"RNA3DB","A18S|NR_all_21280.33|1, A28S|NR_all_06650.37|2, A58S|NR_all_06650.37|2, A5S|NR_all_10255.37|1, ETRN|NR_all_35542.140|1, PTRN|NR_all_35542.140|1"
7TOS,"RNA3DB","16S|NR_all_56726.132|1, 23S|NR_all_83717.145|1, 5S|NR_all_10157.143|1"
7TQB,"RNA3DB","A|NR_all_45405.1|1"
7TQL,"RNA3DB","2|NR_all_46995.44|1, 3|NR_all_87862.1|1"
7TQV,"RNA3DB","G|NR_all_73392.1|2, H|NR_all_73392.1|2"
7TR6,"RNA3DB","R|NR_all_65741.1|1"
7TR8,"RNA3DB","R|NR_all_65741.1|1"
7TR9,"RNA3DB","R|NR_all_65741.1|1"
7TRA,"RNA3DB","R|NR_all_42021.1|1"
7TRC,"RNA3DB","B|NR_all_83333.1|1"
7TRD,"RNA3DB","B|NR_all_92345.1|1"
7TRE,"RNA3DB","B|NR_all_92345.1|1"
7TRF,"RNA3DB","B|NR_all_92345.1|1"
7TTU,"RNA3DB","1|NR_all_90633.23|1, 2|NR_all_51377.2|1"
7TTW,"RNA3DB","1|NR_all_90633.23|1, 2|NR_all_51377.2|1"
7TUT,"RNA3DB","K|NR_all_06650.37|2, q|NR_all_68467.12|1, u|NR_all_10255.37|1, v|NR_all_06650.37|2"
7TUV,"RNA3DB","B|NR_all_12473.1|1"
7TZR,"RNA3DB","X|NR_all_42241.3|1, Y|NR_all_42241.3|1"
7TZS,"RNA3DB","X|NR_all_42241.3|1, Y|NR_all_42241.3|1"
7TZT,"RNA3DB","A|NR_all_42241.3|1"
7TZU,"RNA3DB","A|NR_all_42241.3|1"
7U0H,"RNA3DB","1|NR_all_90506.74|2, 2|NR_all_90506.74|2, 6|NR_all_61877.3|1"
7U0Y,"RNA3DB","R|NR_all_80237.1|1"
7U2A,"RNA3DB","C|NR_all_49428.1|1"
7U2B,"RNA3DB","C|NR_all_97992.1|1"
7U2H,"RNA3DB","1A|NR_all_97519.74|1, 1B|NR_all_42622.74|1, 1a|NR_all_65795.80|1, 1w|NR_all_89111.1|1, 1x|NR_all_35542.140|1, 1y|NR_all_89111.1|1, 2A|NR_all_97519.74|1, 2B|NR_all_42622.74|1, 2a|NR_all_65795.80|1, 2w|NR_all_89111.1|1, 2x|NR_all_35542.140|1, 2y|NR_all_89111.1|1"
7U2I,"RNA3DB","1A|NR_all_97519.74|1, 1B|NR_all_42622.74|1, 1a|NR_all_65795.80|1, 1w|NR_all_89111.1|1, 1x|NR_all_35542.140|1, 1y|NR_all_89111.1|1, 2A|NR_all_97519.74|1, 2B|NR_all_42622.74|1, 2a|NR_all_65795.80|1, 2w|NR_all_89111.1|1, 2x|NR_all_35542.140|1, 2y|NR_all_89111.1|1"
7U2J,"RNA3DB","1A|NR_all_97519.74|1, 1B|NR_all_42622.74|1, 1a|NR_all_65795.80|1, 1w|NR_all_89111.1|1, 1x|NR_all_35542.140|1, 1y|NR_all_89111.1|1, 2A|NR_all_97519.74|1, 2B|NR_all_42622.74|1, 2a|NR_all_65795.80|1, 2w|NR_all_89111.1|1, 2x|NR_all_35542.140|1, 2y|NR_all_89111.1|1"
7U4A,"RNA3DB","A|NR_all_96772.1|1"
7U5D,"RNA3DB","1|NR_all_18592.1|1"
7U5E,"RNA3DB","1|NR_all_18592.1|1"
7U87,"RNA3DB","A|NR_all_16232.4|2, B|NR_all_16232.4|2"
7U88,"RNA3DB","A|NR_all_16232.4|2, B|NR_all_16232.4|2"
7U89,"RNA3DB","A|NR_all_16232.4|2, B|NR_all_16232.4|2"
7U8A,"RNA3DB","A|NR_all_16232.4|2, B|NR_all_16232.4|2"
7U8B,"RNA3DB","A|NR_all_24517.1|2, B|NR_all_24517.1|2"
7UBM,"RNA3DB","R|NR_all_46289.1|1"
7UBN,"RNA3DB","R|NR_all_46289.1|1"
7UCJ,"RNA3DB","2|NR_all_54171.1|1, 5|NR_all_06650.37|2, 7|NR_all_10255.37|1, 8|NR_all_06650.37|2, 9|NR_all_21280.33|1"
7UCK,"RNA3DB","2|NR_all_54171.1|1, 5|NR_all_06650.37|2, 7|NR_all_10255.37|1, 8|NR_all_06650.37|2, 9|NR_all_21280.33|1"
7UCR,"RNA3DB","A|NR_all_94729.10|1"
7UG6,"RNA3DB","1|NR_all_90506.74|2, 2|NR_all_90506.74|2, 3|NR_all_18586.69|1"
7UG7,"RNA3DB","16|NR_all_56726.132|1, 23|NR_all_83717.145|1, 5|NR_all_10157.143|1, Dt|NR_all_35542.140|1, Pt|NR_all_19951.88|1"
7UGA,"RNA3DB","A|NR_all_84981.1|1"
7UIM,"RNA3DB","B|NR_all_99149.1|1"
7UIN,"RNA3DB","B|NR_all_99149.1|1"
7UJ1,"RNA3DB","D|NR_all_67696.1|1, E|NR_all_26424.1|1"
7UMC,"RNA3DB","A|NR_all_57150.1|1"
7UMD,"RNA3DB","A|NR_all_81668.1|1"
7UME,"RNA3DB","A|NR_all_09835.1|1"
7UMK,"RNA3DB","R|NR_all_96684.1|1"
7UML,"RNA3DB","R|NR_all_41279.1|1"
7UNC,"RNA3DB","P|NR_all_84151.1|1"
7UND,"RNA3DB","P|NR_all_99929.1|1"
7UNR,"RNA3DB","A|NR_all_08417.2|1, B|NR_all_64727.2|1, a|NR_all_65669.2|1, v|NR_all_35542.140|1"
7UNU,"RNA3DB","A|NR_all_08417.2|1, B|NR_all_64727.2|1, a|NR_all_65669.2|1, v|NR_all_35542.140|1"
7UNV,"RNA3DB","A|NR_all_08417.2|1, B|NR_all_64727.2|1, a|NR_all_65669.2|1, v|NR_all_35542.140|1"
7UNW,"RNA3DB","A|NR_all_08417.2|1, B|NR_all_64727.2|1, a|NR_all_65669.2|1, v|NR_all_35542.140|1"
7UO0,"RNA3DB","B|NR_all_09398.1|1, C|NR_all_40854.1|1"
7UO1,"RNA3DB","B|NR_all_09398.1|1, C|NR_all_56381.1|1"
7UO2,"RNA3DB","B|NR_all_09398.1|1"
7UO4,"RNA3DB","P|NR_all_58300.1|2, T|NR_all_58300.1|2"
7UO5,"RNA3DB","B|NR_all_09398.1|1"
7UO7,"RNA3DB","P|NR_all_58300.1|2, T|NR_all_58300.1|2"
7UO9,"RNA3DB","P|NR_all_76503.3|2, T|NR_all_76503.3|2"
7UOB,"RNA3DB","P|NR_all_76503.3|2, T|NR_all_76503.3|2"
7UOE,"RNA3DB","P|NR_all_76503.3|2, T|NR_all_76503.3|2"
7UOO,"RNA3DB","1|NR_all_90506.74|2, 2|NR_all_90506.74|2, 3|NR_all_18586.69|1, 6|NR_all_61877.3|1"
7UPH,"RNA3DB","I|NR_all_83717.145|1, J|NR_all_10157.143|1"
7UQ6,"RNA3DB","B|NR_all_63075.1|1"
7UQB,"RNA3DB","1|NR_all_90506.74|2, 2|NR_all_90506.74|2, 3|NR_all_18586.69|1, 6|NR_all_60807.1|1"
7UQZ,"RNA3DB","1|NR_all_90506.74|2, 2|NR_all_90506.74|2, 3|NR_all_18586.69|1, 6|NR_all_60807.1|1"
7UR5,"RNA3DB","v|NR_all_96800.1|1, w|NR_all_96800.1|1, y|NR_all_96800.1|1"
7URI,"RNA3DB","y|NR_all_96800.1|1"
7URM,"RNA3DB","v|NR_all_96800.1|1"
7UTN,"RNA3DB","C|NR_all_13732.1|1"
7UU3,"RNA3DB","C|NR_all_20765.1|2, D|NR_all_20765.1|2"
7UU4,"RNA3DB","R|NR_all_66606.1|1"
7UU5,"RNA3DB","M|NR_all_09965.1|2, N|NR_all_09965.1|2"
7UVT,"RNA3DB","A|NR_all_69141.4|1"
7UVV,"RNA3DB","A|NR_all_96169.3|1, B|NR_all_67384.3|1, a|NR_all_43481.4|1, v|NR_all_24187.1|1"
7UVW,"RNA3DB","A|NR_all_96169.3|1, B|NR_all_67384.3|1, a|NR_all_43481.4|1, v|NR_all_24187.1|1, w|NR_all_86874.1|1"
7UVX,"RNA3DB","A|NR_all_96169.3|1, B|NR_all_67384.3|1, a|NR_all_43481.4|1"
7UVY,"RNA3DB","A|NR_all_96169.3|1, B|NR_all_67384.3|1, a|NR_all_43481.4|1, v|NR_all_24187.1|1"
7UVZ,"RNA3DB","A|NR_all_96169.3|1, B|NR_all_67384.3|1, a|NR_all_43481.4|1, v|NR_all_24187.1|1"
7UW1,"RNA3DB","A|NR_all_96169.3|1, B|NR_all_67384.3|1, a|NR_all_43481.4|1"
7UWE,"RNA3DB","R|NR_all_31125.1|1"
7UWH,"RNA3DB","R|NR_all_31125.1|1"
7UWS,"RNA3DB","H|NR_all_19572.1|1"
7UXA,"RNA3DB","E|NR_all_20478.1|1"
7UY5,"RNA3DB","B|NR_all_85596.2|1"
7UY6,"RNA3DB","B|NR_all_85596.2|1"
7UZ0,"RNA3DB","A|NR_all_91710.1|1"
7UZW,"RNA3DB","G|NR_all_99785.1|1"
7UZX,"RNA3DB","G|NR_all_27092.1|2, L|NR_all_27092.1|2"
7UZY,"RNA3DB","G|NR_all_27092.1|2, L|NR_all_27092.1|2"
7UZZ,"RNA3DB","G|NR_all_00721.1|1"
7V00,"RNA3DB","G|NR_all_27092.1|1"
7V01,"RNA3DB","G|NR_all_32864.1|2, U|NR_all_32864.1|2"
7V02,"RNA3DB","G|NR_all_00721.1|1"
7V06,"RNA3DB","A|NR_all_28070.1|1"
7V08,"RNA3DB","1|NR_all_90506.74|2, 2|NR_all_90506.74|2, 3|NR_all_18586.69|1, 6|NR_all_61877.3|1"
7V2L,"RNA3DB","A|NR_all_65795.80|1"
7V2M,"RNA3DB","A|NR_all_65795.80|1"
7V2N,"RNA3DB","A|NR_all_65795.80|1"
7V2O,"RNA3DB","A|NR_all_65795.80|1"
7V2P,"RNA3DB","A|NR_all_65795.80|1"
7V2Q,"RNA3DB","A|NR_all_65795.80|1"
7V2Z,"RNA3DB","B|NR_all_77411.1|1"
7V4G,"RNA3DB","D|NR_all_00883.1|1, E|NR_all_00883.1|1, F|NR_all_00883.1|1"
7V59,"RNA3DB","C|NR_all_22325.1|1, G|NR_all_22325.1|1"
7V6C,"RNA3DB","C|NR_all_37371.1|2, D|NR_all_37371.1|2, E|NR_all_26629.4|2, F|NR_all_26629.4|2"
7V93,"RNA3DB","B|NR_all_89775.1|1"
7V94,"RNA3DB","B|NR_all_89775.1|1"
7V99,"RNA3DB","R|NR_all_92345.1|1"
7V9A,"RNA3DB","R|NR_all_87272.1|1"
7V9E,"RNA Puzzles, RNA3DB","A|NR_all_76009.1|1"
7V9U,"RNA3DB","E|NR_all_79777.2|2, F|NR_all_79777.2|2, G|NR_all_79777.2|2, H|NR_all_79777.2|2"
7V9X,"RNA3DB","E|NR_all_79777.2|2, F|NR_all_79777.2|2, H|NR_all_79777.2|2, I|NR_all_79777.2|2"
7VA3,"RNA3DB","C|NR_all_98428.4|1"
7VA6,"RNA3DB","C|NR_all_78372.5|1"
7VBA,"RNA3DB","R|NR_all_15174.1|1"
7VBB,"RNA3DB","R|NR_all_15174.1|1"
7VBC,"RNA3DB","R|NR_all_73482.1|1"
7VFT,"RNA3DB","A|NR_all_41768.1|1"
7VG2,"RNA3DB","C|NR_all_83025.1|2, D|NR_all_83025.1|2"
7VG3,"RNA3DB","C|NR_all_18685.1|2, D|NR_all_18685.1|2"
7VKI,"RNA3DB","B|NR_all_32759.1|1"
7VKL,"RNA3DB","B|NR_all_18395.1|1"
7VNV,"RNA3DB","A|NR_all_00196.1|1, B|NR_all_00196.1|1"
7VNW,"RNA3DB","A|NR_all_00196.1|1, B|NR_all_00196.1|1"
7VPX,"RNA3DB","H|NR_all_73426.10|1, L|NR_all_33460.5|1"
7VPZ,"RNA3DB","Q|NR_all_32166.1|1"
7VRL,"RNA3DB","A|NR_all_91870.1|1"
7VSJ,"RNA3DB","B|NR_all_96910.1|1"
7VTI,"RNA3DB","B|NR_all_92884.1|1"
7VTN,"RNA3DB","B|NR_all_39532.1|2, C|NR_all_39532.1|2"
7VW3,"RNA3DB","B|NR_all_52700.1|1"
7VYX,"RNA3DB","C|NR_all_31116.1|1, D|NR_all_31116.1|1"
7W0A,"RNA3DB","C|NR_all_72703.1|2, D|NR_all_72703.1|2, G|NR_all_72703.1|2, H|NR_all_72703.1|2"
7W0C,"RNA3DB","C|NR_all_24883.1|2, D|NR_all_24883.1|2"
7W0D,"RNA3DB","C|NR_all_52584.1|2, D|NR_all_52584.1|2"
7W0E,"RNA3DB","C|NR_all_27485.1|2, D|NR_all_27485.1|2"
7W0F,"RNA3DB","C|NR_all_27485.1|2, D|NR_all_27485.1|2, E|NR_all_27485.1|2, F|NR_all_27485.1|2"
7W59,"RNA3DB","B|NR_all_73286.27|1, F|NR_all_17578.3|2, H|NR_all_17578.3|2"
7W5A,"RNA3DB","B|NR_all_73286.27|1, F|NR_all_17578.3|2, H|NR_all_17578.3|2"
7W5B,"RNA3DB","B|NR_all_73286.27|1, F|NR_all_17578.3|2, H|NR_all_17578.3|2"
7W9S,"RNA3DB","B|NR_all_20758.2|2, C|NR_all_20758.2|2"
7WAH,"RNA3DB","D|NR_all_49381.1|2, R|NR_all_49381.1|2"
7WAY,"RNA3DB","D|NR_all_63844.1|1"
7WAZ,"RNA3DB","D|NR_all_55052.1|1"
7WB0,"RNA3DB","D|NR_all_63844.1|1"
7WB1,"RNA3DB","D|NR_all_04785.1|1"
7WBV,"RNA3DB","P|NR_all_95226.1|1"
7WBW,"RNA3DB","P|NR_all_65219.1|1"
7WBX,"RNA3DB","P|NR_all_65899.1|1"
7WE6,"RNA3DB","J|NR_all_94467.7|1, T|NR_all_94467.7|1"
7WI9,"RNA3DB","V|NR_all_52535.1|1"
7WIA,"RNA3DB","V|NR_all_52535.1|1"
7WIB,"RNA3DB","V|NR_all_52535.1|1"
7WIE,"RNA3DB","V|NR_all_52535.1|1"
7WIF,"RNA3DB","V|NR_all_52535.1|1"
7WII,"RNA3DB","V|NR_all_52535.1|1"
7WJU,"RNA3DB","C|NR_all_16564.1|1"
7WKP,"RNA3DB","B|NR_all_66424.1|1"
7WKV,"RNA3DB","B|NR_all_00883.1|1, D|NR_all_00883.1|1, F|NR_all_00883.1|1"
7WL0,"RNA3DB","B|NR_all_00883.1|1, D|NR_all_00883.1|1, F|NR_all_00883.1|1, H|NR_all_00883.1|1, J|NR_all_00883.1|1"
7WM4,"RNA3DB","A|NR_all_20904.1|2, B|NR_all_20904.1|2"
7WNU,"RNA3DB","C|NR_all_07107.1|1, D|NR_all_05647.1|1"
7WTL,"RNA3DB","C2|NR_all_03510.64|1"
7WTM,"RNA3DB","C2|NR_all_03510.64|1"
7WTN,"RNA3DB","C2|NR_all_03510.64|1"
7WTO,"RNA3DB","C2|NR_all_03510.64|1"
7WTP,"RNA3DB","C2|NR_all_03510.64|1"
7WTQ,"RNA3DB","C2|NR_all_03510.64|1"
7WTR,"RNA3DB","C2|NR_all_03510.64|1"
7WTS,"RNA3DB","2|NR_all_46995.44|1"
7WTT,"RNA3DB","2|NR_all_46995.44|1"
7WTU,"RNA3DB","2|NR_all_46995.44|1"
7WTV,"RNA3DB","2|NR_all_46995.44|1"
7WTW,"RNA3DB","2|NR_all_46995.44|1"
7WTX,"RNA3DB","2|NR_all_46995.44|1"
7WTZ,"RNA3DB","2|NR_all_46995.44|1"
7WU0,"RNA3DB","2|NR_all_46995.44|1"
7WV3,"RNA3DB","E|NR_all_06798.1|1"
7WV4,"RNA3DB","E|NR_all_06798.1|1"
7WV5,"RNA3DB","E|NR_all_28126.1|1"
7WVE,"RNA3DB","E|NR_all_28126.1|1"
7WVF,"RNA3DB","E|NR_all_28126.1|1"
7WVJ,"RNA3DB","E|NR_all_28126.1|1"
7WWU,"RNA3DB","M|NR_all_76981.1|1"
7WWV,"RNA3DB","M|NR_all_44002.1|1"
7X34,"RNA3DB","3|NR_all_12982.1|1"
7X74,"RNA3DB","Q|NR_all_32166.1|1"
7X7A,"RNA3DB","C|NR_all_21756.2|1"
7X7R,"RNA3DB","C|NR_all_21756.2|2, J|NR_all_21756.2|2"
7X8A,"RNA3DB","C|NR_all_21756.2|1"
7XAM,"RNA3DB","A|NR_all_76090.9|1, B|NR_all_89181.3|1"
7XC7,"RNA3DB","C|NR_all_21756.2|2, J|NR_all_21756.2|2"
7XD3,"RNA3DB","N|NR_all_69141.4|1"
7XD4,"RNA3DB","N|NR_all_69141.4|1"
7XD5,"RNA3DB","N|NR_all_69141.4|1"
7XD6,"RNA3DB","N|NR_all_69141.4|1"
7XD7,"RNA3DB","N|NR_all_69141.4|1"
7XD8,"RNA3DB","B|NR_all_65987.1|2, C|NR_all_65987.1|2, E|NR_all_65987.1|2, F|NR_all_65987.1|2, H|NR_all_65987.1|2, I|NR_all_65987.1|2, K|NR_all_65987.1|2, L|NR_all_65987.1|2, N|NR_all_65987.1|2, O|NR_all_65987.1|2, Q|NR_all_65987.1|2, R|NR_all_65987.1|2"
7XD9,"RNA3DB","B|NR_all_65987.1|2, C|NR_all_65987.1|2, E|NR_all_65987.1|2, F|NR_all_65987.1|2, H|NR_all_65987.1|2, I|NR_all_65987.1|2, K|NR_all_65987.1|2, L|NR_all_65987.1|2, N|NR_all_65987.1|2, O|NR_all_65987.1|2, Q|NR_all_65987.1|2, R|NR_all_65987.1|2"
7XFZ,"RNA3DB","E|NR_all_67665.1|1"
7XG0,"RNA3DB","I|NR_all_70886.1|1"
7XG1,"RNA3DB","H|NR_all_83897.1|1"
7XG2,"RNA3DB","I|NR_all_70886.1|1"
7XG3,"RNA3DB","I|NR_all_70886.1|1"
7XG4,"RNA3DB","I|NR_all_70886.1|1"
7XHT,"RNA3DB","B|NR_all_00917.1|1"
7XJG,"RNA3DB","E|NR_all_79777.2|2, F|NR_all_79777.2|2, H|NR_all_79777.2|2, I|NR_all_79777.2|2"
7XJZ,"RNA3DB","B|NR_all_97567.1|1"
7XK0,"RNA3DB","B|NR_all_97567.1|1"
7XK1,"RNA3DB","B|NR_all_97567.1|1, D|NR_all_97567.1|1"
7XLT,"RNA3DB","B|NR_all_53066.1|1"
7XN7,"RNA3DB","P|NR_all_85527.1|1"
7XNX,"RNA3DB","CC|NR_all_71217.5|1, L1|NR_all_65061.34|2, L2|NR_all_52752.30|1, L3|NR_all_65061.34|2, S2|NR_all_46995.44|1"
7XNY,"RNA3DB","L1|NR_all_65061.34|2, L2|NR_all_52752.30|1, L3|NR_all_65061.34|2, S2|NR_all_46995.44|1"
7XPG,"RNA3DB","D|NR_all_47353.1|1, E|NR_all_47353.1|1, F|NR_all_47353.1|1"
7XPL,"RNA3DB","G|NR_all_64498.1|4, H|NR_all_64498.1|4, I|NR_all_64498.1|4, J|NR_all_64498.1|4"
7XS4,"RNA3DB","B|NR_all_24351.1|1"
7XSE,"RNA3DB","P|NR_all_85527.1|1"
7XSK,"RNA3DB","N|NR_all_69141.4|1"
7XSL,"RNA3DB","N|NR_all_69141.4|1"
7XSM,"RNA3DB","N|NR_all_69141.4|1"
7XSN,"RNA3DB","N|NR_all_69141.4|1"
7XSO,"RNA3DB","D|NR_all_87221.2|1"
7XSP,"RNA3DB","A|NR_all_87221.2|2, D|NR_all_87221.2|2"
7XSQ,"RNA3DB","D|NR_all_87221.2|1"
7XSR,"RNA3DB","A|NR_all_87221.2|2, D|NR_all_87221.2|2"
7XSS,"RNA3DB","A|NR_all_87221.2|2, D|NR_all_87221.2|2"
7XSX,"RNA3DB","P|NR_all_35919.1|1"
7XSZ,"RNA3DB","P|NR_all_55726.1|1"
7XT4,"RNA3DB","a|NR_all_05611.1|2, r|NR_all_05611.1|2"
7XT7,"RNA3DB","P|NR_all_35919.1|1"
7XTD,"RNA3DB","P|NR_all_46890.1|1"
7XTI,"RNA3DB","P|NR_all_46890.1|1"
7XUE,"RNA3DB","R|NR_all_00443.1|1"
7XUG,"RNA3DB","R|NR_all_00443.1|1"
7XUI,"RNA3DB","R|NR_all_44180.1|1"
7XW2,"RNA3DB","C|NR_all_78287.1|1"
7XWZ,"RNA3DB","C|NR_all_36650.2|2, D|NR_all_36650.2|2, E|NR_all_36650.2|1, F|NR_all_35591.1|1"
7XYA,"RNA3DB","R|NR_all_60757.1|1"
7XYB,"RNA3DB","R|NR_all_61951.1|1"
7Y2B,"RNA3DB","S|NR_all_31445.1|1"
7Y2P,"RNA3DB","A|NR_all_31445.1|2, B|NR_all_31445.1|2"
7Y38,"RNA3DB","Z|NR_all_60049.5|1"
7Y41,"RNA3DB","A|NR_all_76090.9|1, B|NR_all_89181.3|1"
7Y7C,"RNA3DB","A|NR_all_56726.132|1, V|NR_all_58684.1|1, Z|NR_all_35542.140|1, a|NR_all_83717.145|1, b|NR_all_10157.143|1"
7Y7D,"RNA3DB","A|NR_all_56726.132|1, V|NR_all_58684.1|1, Z|NR_all_35542.140|1, a|NR_all_83717.145|1, b|NR_all_10157.143|1"
7Y7E,"RNA3DB","A|NR_all_56726.132|1, V|NR_all_58684.1|1, Z|NR_all_35542.140|1, a|NR_all_83717.145|1, b|NR_all_10157.143|1"
7Y7F,"RNA3DB","A|NR_all_56726.132|1, V|NR_all_58684.1|1, Z|NR_all_35542.140|1, a|NR_all_83717.145|1, b|NR_all_10157.143|1"
7Y7G,"RNA3DB","A|NR_all_56726.132|1, V|NR_all_57309.1|1, Z|NR_all_35542.140|1, a|NR_all_83717.145|1, b|NR_all_10157.143|1"
7Y7H,"RNA3DB","A|NR_all_56726.132|1, V|NR_all_57309.1|1, Z|NR_all_35542.140|1, a|NR_all_83717.145|1, b|NR_all_10157.143|1"
7Y7P,"RNA3DB","C|NR_all_67617.1|2, D|NR_all_67617.1|2, E|NR_all_67617.1|2, J|NR_all_67617.1|2"
7Y7Q,"RNA3DB","C|NR_all_35958.1|2, D|NR_all_35958.1|2, E|NR_all_35958.1|1"
7Y7R,"RNA3DB","D|NR_all_83451.1|1, F|NR_all_83451.1|1, G|NR_all_83451.1|1"
7Y7S,"RNA3DB","D|NR_all_09629.1|1, J|NR_all_09629.1|1"
7Y7T,"RNA3DB","D|NR_all_59019.1|1"
7Y80,"RNA3DB","B|NR_all_83324.1|1"
7Y81,"RNA3DB","B|NR_all_83324.1|2, C|NR_all_83324.1|2"
7Y82,"RNA3DB","B|NR_all_83324.1|2, C|NR_all_83324.1|2"
7Y83,"RNA3DB","B|NR_all_83324.1|2, C|NR_all_83324.1|2"
7Y84,"RNA3DB","B|NR_all_83324.1|1"
7Y85,"RNA3DB","B|NR_all_83324.1|2, C|NR_all_83324.1|2"
7Y8P,"RNA3DB","A|NR_all_96836.1|2, B|NR_all_96836.1|2"
7Y8T,"RNA3DB","D|NR_all_21756.2|1"
7Y8Y,"RNA3DB","D|NR_all_21756.2|2, E|NR_all_21756.2|2"
7Y9X,"RNA3DB","R|NR_all_92888.2|1"
7Y9Y,"RNA3DB","D|NR_all_92888.2|2, R|NR_all_92888.2|2"
7YC8,"RNA3DB","N|NR_all_69141.4|1"
7YCG,"RNA3DB","N|NR_all_69141.4|1"
7YCH,"RNA3DB","N|NR_all_69141.4|1"
7YCI,"RNA3DB","N|NR_all_69141.4|1"
7YCX,"RNA3DB","c|NR_all_39444.1|1"
7YED,"RNA3DB","M|NR_all_27088.1|3, N|NR_all_27088.1|3, T|NR_all_27088.1|3"
7YEW,"RNA3DB","B|NR_all_41171.1|1, D|NR_all_41171.1|1"
7YEX,"RNA3DB","B|NR_all_11027.1|1"
7YEY,"RNA3DB","B|NR_all_12466.1|1"
7YFE,"RNA3DB","M|NR_all_37823.1|3, N|NR_all_37823.1|3, T|NR_all_37823.1|3"
7YFQ,"RNA3DB","B|NR_all_72866.1|2, C|NR_all_72866.1|2"
7YFX,"RNA3DB","B|NR_all_30534.1|1"
7YFY,"RNA3DB","B|NR_all_75601.1|1, C|NR_all_48045.1|1"
7YG6,"RNA3DB","B|NR_all_19474.1|1"
7YG7,"RNA3DB","U|NR_all_62230.1|1"
7YG8,"RNA3DB","N|NR_all_69141.4|1"
7YG9,"RNA3DB","N|NR_all_69141.4|1"
7YGA,"RNA3DB","N|NR_all_69141.4|1"
7YGB,"RNA3DB","N|NR_all_69141.4|1"
7YGC,"RNA3DB","N|NR_all_69141.4|1"
7YGD,"RNA3DB","N|NR_all_69141.4|1"
7YGH,"RNA3DB","C|NR_all_64918.25|1"
7YGL,"RNA3DB","C|NR_all_64918.25|1"
7YGN,"RNA3DB","B|NR_all_66236.1|1"
7YHS,"RNA3DB","M|NR_all_53767.1|1"
7YLA,"RNA3DB","I|NR_all_83717.145|1, J|NR_all_10157.143|1"
7YN9,"RNA3DB","B|NR_all_41143.1|1"
7YNA,"RNA3DB","B|NR_all_41143.1|2, C|NR_all_41143.1|2"
7YNB,"RNA3DB","B|NR_all_41143.1|2, C|NR_all_41143.1|2"
7YNC,"RNA3DB","B|NR_all_41143.1|2, C|NR_all_41143.1|2"
7YND,"RNA3DB","B|NR_all_41143.1|1"
7YOJ,"RNA3DB","B|NR_all_04163.1|1"
7YP9,"RNA3DB","H|NR_all_68288.1|1"
7YPA,"RNA3DB","H|NR_all_18206.1|2, I|NR_all_18206.1|2"
7YPB,"RNA3DB","H|NR_all_18206.1|2, I|NR_all_18206.1|2"
7YPW,"RNA3DB","R|NR_all_74924.26|1"
7YR6,"Casp15, RNA3DB","A|NR_all_99332.1|1"
7YR7,"Casp15, RNA3DB","A|NR_all_99332.1|1"
7YR8,"RNA3DB","R|NR_all_74924.26|1"
7YSE,"RNA3DB","E|NR_all_05887.2|1, F|NR_all_05887.2|1"
7YYM,"RNA3DB","B|NR_all_31099.1|1"
7YYN,"RNA3DB","B|NR_all_28322.3|1"
7Z1L,"RNA3DB","R|NR_all_01166.1|1"
7Z1M,"RNA3DB","R|NR_all_83261.1|1"
7Z1N,"RNA3DB","R|NR_all_01166.1|1"
7Z1O,"RNA3DB","R|NR_all_83261.1|1"
7Z20,"RNA3DB","a|NR_all_10157.143|1, b|NR_all_83717.145|1, v|NR_all_56101.4|1"
7Z26,"RNA3DB","D|NR_all_40394.1|1, E|NR_all_40394.1|1"
7Z2Z,"RNA3DB","R|NR_all_34359.12|1"
7Z34,"RNA3DB","1|NR_all_90506.74|2, 2|NR_all_18586.69|1, 3|NR_all_90506.74|2"
7Z3N,"RNA3DB","1|NR_all_93493.6|2, 2|NR_all_48690.3|1, 3|NR_all_15429.2|1, 4|NR_all_93493.6|2"
7Z3O,"RNA3DB","1|NR_all_93493.6|2, 2|NR_all_48690.3|1, 3|NR_all_15429.2|1, 4|NR_all_93493.6|2"
7Z42,"RNA3DB","H|NR_all_43130.1|1, V|NR_all_43130.1|1"
7Z43,"RNA3DB","MaM|NR_all_50956.1|1, RRR|NR_all_21055.1|2, VVV|NR_all_21055.1|2"
7Z4C,"RNA3DB","A|NR_all_20965.3|1"
7Z4D,"RNA3DB","A|NR_all_20965.3|1, F|NR_all_20965.3|1"
7Z4E,"RNA3DB","A|NR_all_20965.3|1"
7Z4G,"RNA3DB","A|NR_all_20965.3|1"
7Z4H,"RNA3DB","A|NR_all_20965.3|1"
7Z4I,"RNA3DB","A|NR_all_20965.3|1"
7Z4J,"RNA3DB","A|NR_all_20965.3|1"
7Z4K,"RNA3DB","A|NR_all_20965.3|1"
7Z4L,"RNA3DB","A|NR_all_20965.3|1"
7Z4O,"RNA3DB","UUU|NR_all_56731.1|1, VVV|NR_all_56731.1|1"
7Z52,"RNA3DB","R|NR_all_84318.1|1"
7Z55,"RNA3DB","CCC|NR_all_64918.25|1"
7ZAG,"RNA3DB","2|NR_all_40313.5|1, 4|NR_all_90565.1|1"
7ZAH,"RNA3DB","2|NR_all_40313.5|1, 4|NR_all_90565.1|1"
7ZAI,"RNA3DB","2|NR_all_40313.5|1, 4|NR_all_90565.1|1"
7ZAP,"RNA3DB","B|NR_all_21551.1|1"
7ZEW,"RNA3DB","B|NR_all_13295.1|1"
7ZEX,"RNA3DB","B|NR_all_13814.1|1"
7ZFW,"RNA3DB","L5|NR_all_65061.34|1"
7ZGP,"RNA3DB","E|NR_all_91843.1|1"
7ZGR,"RNA3DB","E|NR_all_91843.1|1"
7ZGV,"RNA3DB","D|NR_all_65223.11|1"
7ZHG,"RNA3DB","2|NR_all_40313.5|1, 4|NR_all_90565.1|1"
7ZHH,"RNA3DB","C|NR_all_68255.1|1"
7ZJ4,"RNA3DB","E|NR_all_13632.1|1"
7ZJ5,"RNA3DB","E|NR_all_13632.1|1"
7ZJW,"RNA3DB","F|NR_all_90840.6|1, I|NR_all_29450.1|1, L5|NR_all_06650.37|2, L7|NR_all_10255.37|1, L8|NR_all_06650.37|2, S2|NR_all_21280.33|1, S|NR_all_13595.1|1"
7ZJX,"RNA3DB","I|NR_all_96438.2|1, L5|NR_all_06650.37|2, L7|NR_all_10255.37|1, L8|NR_all_06650.37|2, S2|NR_all_21280.33|1, S|NR_all_13595.1|1"
7ZKI,"RNA3DB","4|NR_all_35542.140|1"
7ZLQ,"RNA3DB","C|NR_all_06944.1|1, D|NR_all_06944.1|2, E|NR_all_06944.1|2"
7ZNJ,"RNA3DB","E|NR_all_74924.26|1, J|NR_all_74924.26|1, O|NR_all_74924.26|1, e|NR_all_74924.26|1, j|NR_all_74924.26|1, o|NR_all_74924.26|1"
7ZNK,"RNA3DB","2|NR_all_48342.1|1, 4|NR_all_48342.1|1"
7ZO1,"RNA3DB","A|NR_all_69993.1|1"
7ZOD,"RNA3DB","a|NR_all_10157.143|1, b|NR_all_83717.145|1, v|NR_all_56101.4|1"
7ZOL,"RNA3DB","C|NR_all_13922.1|1"
7ZOQ,"RNA3DB","C|NR_all_13922.1|1"
7ZP8,"RNA3DB","a|NR_all_10157.143|1, b|NR_all_83717.145|1, v|NR_all_56101.4|1"
7ZPI,"RNA3DB","B|NR_all_28322.3|1"
7ZPJ,"RNA3DB","B|NR_all_28322.3|1"
7ZPK,"RNA3DB","B|NR_all_28322.3|1"
7ZPL,"RNA3DB","U|NR_all_87822.1|1, V|NR_all_87822.1|1"
7ZPQ,"RNA3DB","2|NR_all_03510.64|1, 3|NR_all_90506.74|2, 4|NR_all_18586.69|1, 5|NR_all_90506.74|2, 6|NR_all_60125.5|1"
7ZQ5,"RNA3DB","a|NR_all_10157.143|1, b|NR_all_83717.145|1"
7ZQ6,"RNA3DB","M|NR_all_05887.2|1, a|NR_all_10157.143|1, b|NR_all_83717.145|1"
7ZRS,"RNA3DB","2|NR_all_03510.64|1, 3|NR_all_90506.74|2, 4|NR_all_18586.69|1, 5|NR_all_90506.74|2, 6|NR_all_96274.2|1"
7ZRZ,"RNA3DB","ZN1|NR_all_29679.1|1"
7ZS5,"RNA3DB","1|NR_all_90506.74|2, 2|NR_all_60125.5|1, 3|NR_all_18586.69|1, 4|NR_all_90506.74|2"
7ZTA,"RNA3DB","05S1|NR_all_10157.143|1, 16S1|NR_all_56726.132|1, 23S1|NR_all_83717.145|1, ATR1|NR_all_11024.1|1, ETR1|NR_all_56916.1|1, PTR1|NR_all_76703.9|1"
7ZUW,"RNA3DB","2|NR_all_03510.64|1, 3|NR_all_90506.74|2, 4|NR_all_18586.69|1, 5|NR_all_90506.74|2, 6|NR_all_60125.5|1"
7ZUX,"RNA3DB","2|NR_all_03510.64|1, 3|NR_all_90506.74|2, 4|NR_all_18586.69|1, 5|NR_all_90506.74|2, 6|NR_all_38961.4|1, 7|NR_all_11689.6|1"
7ZW0,"RNA3DB","2|NR_all_03510.64|1, LA|NR_all_90506.74|2, LC|NR_all_18586.69|1, LD|NR_all_90506.74|2, sl|NR_all_53745.2|1, sn|NR_all_51130.1|1"
8A22,"RNA3DB","A1|NR_all_38557.2|1, A2|NR_all_56686.2|2, A3|NR_all_56686.2|2, A4|NR_all_43040.2|2, A5|NR_all_43040.2|2, A6|NR_all_77647.2|2, A7|NR_all_77647.2|2, A8|NR_all_11738.2|1, A9|NR_all_12051.2|1, B1|NR_all_67969.2|3, B2|NR_all_67969.2|3, B3|NR_all_67969.2|3, B4|NR_all_40909.2|1"
8A3D,"RNA3DB","A|NR_all_65061.34|2, B|NR_all_52752.30|1, C|NR_all_65061.34|2"
8A3L,"RNA3DB","A|NR_all_56726.132|1, V|NR_all_35542.140|1, W|NR_all_35542.140|1, a|NR_all_83717.145|1, b|NR_all_10157.143|1"
8A3W,"RNA3DB","1|NR_all_23368.1|1, 2|NR_all_06042.1|1, 3|NR_all_31798.1|1, 4|NR_all_18574.1|1, 5|NR_all_96456.1|1, 6|NR_all_46846.1|1, 7|NR_all_68852.1|1, 8|NR_all_50971.1|1, S1|NR_all_46927.1|1, S4|NR_all_76740.2|1"
8A3Y,"RNA3DB","P|NR_all_70714.1|1"
8A40,"RNA3DB","P|NR_all_61400.1|1"
8A57,"RNA3DB","A|NR_all_41466.1|1, B|NR_all_68529.1|1"
8A5I,"RNA3DB","A|NR_all_41466.1|1, B|NR_all_68529.1|1"
8A63,"RNA3DB","A|NR_all_41466.1|1, B|NR_all_68529.1|1"
8A98,"RNA3DB","1|NR_all_23368.1|2, 2|NR_all_06042.1|1, 3|NR_all_31798.1|1, 4|NR_all_18574.1|1, 5|NR_all_96456.1|1, 6|NR_all_46846.1|1, 7|NR_all_23368.1|2, 8|NR_all_50971.1|1, S1|NR_all_46927.1|1, S4|NR_all_76740.2|1"
8AAF,"RNA3DB","f|NR_all_90506.74|2, h|NR_all_18586.69|1, i|NR_all_90506.74|2, x|NR_all_53745.2|1, y|NR_all_53745.2|1"
8AAG,"RNA3DB",""
8ABY,"RNA3DB","R|NR_all_91682.1|1"
8ABZ,"RNA3DB","R|NR_all_62964.1|1"
8AC0,"RNA3DB","R|NR_all_91682.1|1"
8AC1,"RNA3DB","R|NR_all_62964.1|1"
8ACB,"RNA3DB","B|NR_all_71882.1|1"
8ACC,"RNA3DB","B|NR_all_86464.1|1"
8ACP,"RNA3DB","R|NR_all_91682.1|1"
8AD1,"RNA3DB","R|NR_all_91682.1|1"
8AF0,"RNA3DB","C|NR_all_82438.1|2, D|NR_all_82438.1|2"
8AGT,"RNA3DB","f|NR_all_90506.74|2, h|NR_all_18586.69|1, i|NR_all_90506.74|2, x|NR_all_53745.2|1, y|NR_all_53745.2|1"
8AGU,"RNA3DB","f|NR_all_90506.74|2, h|NR_all_18586.69|1, i|NR_all_90506.74|2, y|NR_all_53745.2|1"
8AGV,"RNA3DB","f|NR_all_90506.74|2, h|NR_all_18586.69|1, i|NR_all_90506.74|2, x|NR_all_53745.2|1, y|NR_all_53745.2|1"
8AGW,"RNA3DB","f|NR_all_90506.74|2, h|NR_all_18586.69|1, i|NR_all_90506.74|2, x|NR_all_53745.2|1, y|NR_all_53745.2|1"
8AGX,"RNA3DB","f|NR_all_90506.74|2, h|NR_all_18586.69|1, i|NR_all_90506.74|2, x|NR_all_53745.2|1, y|NR_all_53745.2|1"
8AGZ,"RNA3DB","f|NR_all_90506.74|2, h|NR_all_18586.69|1, i|NR_all_90506.74|2, x|NR_all_53745.2|1, y|NR_all_53745.2|1"
8AKN,"RNA3DB","B|NR_all_56726.132|1, X|NR_all_19951.88|1, Z|NR_all_35010.2|1, a|NR_all_83717.145|1, b|NR_all_10157.143|1"
8AM9,"RNA3DB","8|NR_all_65433.1|1, B|NR_all_56726.132|1, Y|NR_all_35542.140|1, a|NR_all_83717.145|1, b|NR_all_10157.143|1"
8AMG,"RNA3DB","A|NR_all_15912.1|2, B|NR_all_15912.1|2, C|NR_all_15912.1|2, D|NR_all_15912.1|2, E|NR_all_15912.1|2, F|NR_all_15912.1|2, G|NR_all_15912.1|2, H|NR_all_15912.1|2, I|NR_all_15912.1|2, J|NR_all_15912.1|2, K|NR_all_15912.1|2, L|NR_all_15912.1|2"
8AMI,"RNA3DB","A|NR_all_15912.1|2, B|NR_all_15912.1|2"
8AMJ,"RNA3DB","A|NR_all_15912.1|2, B|NR_all_15912.1|2"
8AMK,"RNA3DB","A|NR_all_15912.1|2, B|NR_all_15912.1|2, C|NR_all_15912.1|2, D|NR_all_15912.1|2, E|NR_all_15912.1|2, F|NR_all_15912.1|2, G|NR_all_15912.1|2, H|NR_all_15912.1|2, I|NR_all_15912.1|2, J|NR_all_15912.1|2, K|NR_all_15912.1|2, L|NR_all_15912.1|2, M|NR_all_15912.1|2, N|NR_all_15912.1|2, O|NR_all_15912.1|2, P|NR_all_15912.1|2, Q|NR_all_15912.1|2, R|NR_all_15912.1|2, S|NR_all_15912.1|2, T|NR_all_15912.1|2, U|NR_all_15912.1|2, V|NR_all_15912.1|2, Y|NR_all_15912.1|2, Z|NR_all_15912.1|2, a|NR_all_15912.1|2, b|NR_all_15912.1|2, c|NR_all_15912.1|2, d|NR_all_15912.1|2"
8AML,"RNA3DB","A|NR_all_15912.1|2, B|NR_all_15912.1|2, C|NR_all_15912.1|2, D|NR_all_15912.1|2, E|NR_all_15912.1|2, F|NR_all_15912.1|2, G|NR_all_15912.1|2, H|NR_all_15912.1|2, I|NR_all_15912.1|2, J|NR_all_15912.1|2, K|NR_all_15912.1|2, L|NR_all_15912.1|2, M|NR_all_15912.1|2, N|NR_all_15912.1|2, O|NR_all_15912.1|2, P|NR_all_15912.1|2, Q|NR_all_15912.1|2, R|NR_all_15912.1|2, S|NR_all_15912.1|2, T|NR_all_15912.1|2, U|NR_all_15912.1|2, V|NR_all_15912.1|2, Y|NR_all_15912.1|2, Z|NR_all_15912.1|2, a|NR_all_15912.1|2, b|NR_all_15912.1|2, c|NR_all_15912.1|2, d|NR_all_15912.1|2"
8AMM,"RNA3DB","A|NR_all_15912.1|2, B|NR_all_15912.1|2, C|NR_all_15912.1|2, D|NR_all_15912.1|2, E|NR_all_15912.1|2, F|NR_all_15912.1|2, G|NR_all_15912.1|2, H|NR_all_15912.1|2, I|NR_all_15912.1|2, J|NR_all_15912.1|2, K|NR_all_15912.1|2, L|NR_all_15912.1|2, M|NR_all_15912.1|2, N|NR_all_15912.1|2, O|NR_all_15912.1|2, P|NR_all_15912.1|2, Q|NR_all_15912.1|2, R|NR_all_15912.1|2, S|NR_all_15912.1|2, T|NR_all_15912.1|2, U|NR_all_15912.1|2, V|NR_all_15912.1|2, Y|NR_all_15912.1|2, Z|NR_all_15912.1|2, a|NR_all_15912.1|2, b|NR_all_15912.1|2, c|NR_all_15912.1|2, d|NR_all_15912.1|2"
8AMN,"RNA3DB","A|NR_all_15912.1|2, B|NR_all_15912.1|2, C|NR_all_15912.1|2, D|NR_all_15912.1|2, E|NR_all_15912.1|2, F|NR_all_15912.1|2, G|NR_all_15912.1|2, H|NR_all_15912.1|2, I|NR_all_15912.1|2, J|NR_all_15912.1|2, K|NR_all_15912.1|2, L|NR_all_15912.1|2, M|NR_all_15912.1|2, N|NR_all_15912.1|2, O|NR_all_15912.1|2, P|NR_all_15912.1|2, Q|NR_all_15912.1|2, R|NR_all_15912.1|2, S|NR_all_15912.1|2, T|NR_all_15912.1|2, U|NR_all_15912.1|2, V|NR_all_15912.1|2, Y|NR_all_15912.1|2, Z|NR_all_15912.1|2, a|NR_all_15912.1|2, b|NR_all_15912.1|2, c|NR_all_15912.1|2, d|NR_all_15912.1|2"
8ANA,"RNA3DB","a|NR_all_83717.145|1, b|NR_all_10157.143|1"
8ANE,"RNA3DB","R|NR_all_73019.1|1"
8ANY,"RNA3DB","AA|NR_all_93855.17|1, Aw|NR_all_04000.4|1, Ax|NR_all_83618.1|1, Ay|NR_all_83618.1|1, A|NR_all_12763.29|1, B|NR_all_73428.23|1"
8AP4,"RNA3DB","Z|NR_all_35542.140|1, a|NR_all_83717.145|1, b|NR_all_10157.143|1"
8APN,"RNA3DB","A1|NR_all_38557.2|1, A2|NR_all_56686.2|2, A3|NR_all_56686.2|2, A4|NR_all_43040.2|2, A5|NR_all_43040.2|2, A6|NR_all_77647.2|2, A7|NR_all_77647.2|2, A8|NR_all_11738.2|1, A9|NR_all_12051.2|1, B1|NR_all_67969.2|3, B2|NR_all_67969.2|3, B3|NR_all_67969.2|3, B4|NR_all_40909.2|1, C1|NR_all_46186.1|1"
8APO,"RNA3DB","A1|NR_all_38557.2|1, A2|NR_all_56686.2|2, A3|NR_all_56686.2|2, A4|NR_all_43040.2|2, A5|NR_all_43040.2|2, A6|NR_all_77647.2|2, A7|NR_all_77647.2|2, A8|NR_all_11738.2|1, A9|NR_all_12051.2|1, B1|NR_all_67969.2|3, B2|NR_all_67969.2|3, B3|NR_all_67969.2|3, B4|NR_all_40909.2|1, C1|NR_all_96267.1|1, C2|NR_all_96267.1|1"
8AS6,"RNA3DB","P|NR_all_00699.1|1"
8AS7,"RNA3DB","G|NR_all_00699.1|3, P|NR_all_00699.1|3, T|NR_all_00699.1|3"
8ASB,"RNA3DB","G|NR_all_00699.1|3, P|NR_all_00699.1|3, T|NR_all_00699.1|3"
8ASD,"RNA3DB","E|NR_all_20557.1|1, G|NR_all_18317.1|2, P|NR_all_00699.1|1, T|NR_all_18317.1|2"
8ASG,"RNA3DB","D|NR_all_80994.1|1, P|NR_all_69082.1|1, T|NR_all_80994.1|1"
8ASW,"RNA3DB","X|NR_all_41924.1|1"
8ATT,"RNA3DB","C|NR_all_21507.1|1"
8ATV,"RNA3DB","C|NR_all_58796.1|1"
8ATW,"RNA3DB","C|NR_all_68093.1|1"
8AUV,"RNA3DB","B|NR_all_98689.1|1, h|NR_all_42556.1|1"
8AW3,"RNA3DB","1|NR_all_53333.1|1"
8AXA,"RNA3DB","B|NR_all_85482.5|1"
8AXB,"RNA3DB","B|NR_all_85482.5|1"
8AXF,"RNA3DB","Q|NR_all_83131.1|1"
8AYE,"RNA3DB","5|NR_all_96686.1|1, A|NR_all_56726.132|1, Z|NR_all_35542.140|1, a|NR_all_83717.145|1, b|NR_all_10157.143|1"
8AZW,"RNA3DB","A|NR_all_77912.1|2, B|NR_all_77912.1|2, C|NR_all_43483.1|1"
8B0I,"RNA3DB","K|NR_all_67715.1|1"
8B0J,"RNA3DB","K|NR_all_01086.1|1"
8B0R,"RNA3DB","D|NR_all_64918.25|1"
8B0X,"RNA3DB","A|NR_all_56726.132|1, Z|NR_all_35542.140|1, a|NR_all_83717.145|1, b|NR_all_10157.143|1"
8B2L,"RNA3DB","A3|NR_all_77912.1|2, B3|NR_all_77912.1|2, C3|NR_all_43483.1|1, W2|NR_all_44690.1|1, h1|NR_all_42556.1|1, i2|NR_all_44690.1|1"
8B3D,"RNA3DB","P|NR_all_34359.12|1"
8B3F,"RNA3DB","P|NR_all_34359.12|1"
8B5L,"RNA3DB","5|NR_all_06650.37|2, 7|NR_all_10255.37|1, 8|NR_all_06650.37|2"
8B6C,"RNA3DB","5|NR_all_06650.37|2, 7|NR_all_10255.37|1, 8|NR_all_06650.37|2"
8B6Z,"RNA3DB","B|NR_all_83172.1|1"
8B7Y,"RNA3DB","C|NR_all_56726.132|1, I|NR_all_83717.145|1, J|NR_all_10157.143|1, n|NR_all_35542.140|1"
8B9G,"RNA3DB","C|NR_all_18888.1|1"
8B9I,"RNA3DB","C|NR_all_40669.1|1"
8B9K,"RNA3DB","B|NR_all_52745.1|1"
8BAO,"RNA3DB","C|NR_all_64918.25|1"
8BD5,"RNA3DB","B|NR_all_85482.5|1"
8BD6,"RNA3DB","B|NR_all_85482.5|1"
8BDR,"RNA3DB","M|NR_all_98794.1|2, R|NR_all_98794.1|2, V|NR_all_62241.1|1"
8BE0,"RNA3DB","M|NR_all_98794.1|2, R|NR_all_98794.1|2, V|NR_all_62241.1|1"
8BEK,"RNA3DB","M|NR_all_87822.1|3, R|NR_all_87822.1|3, V|NR_all_87822.1|3"
8BF5,"RNA3DB","M|NR_all_04560.1|2, R|NR_all_04560.1|2, V|NR_all_62241.1|1"
8BF7,"RNA3DB","0|NR_all_83717.145|1, 1|NR_all_10157.143|1, 2|NR_all_56726.132|1, 4|NR_all_35542.140|1, 5|NR_all_76703.9|1"
8BF8,"RNA3DB","B|NR_all_27790.1|1"
8BF9,"RNA3DB","5|NR_all_59978.1|1, 8|NR_all_08049.1|1"
8BGE,"RNA3DB","0|NR_all_83717.145|1, 1|NR_all_10157.143|1, 2|NR_all_56726.132|1, 4|NR_all_35542.140|1"
8BGH,"RNA3DB","0|NR_all_83717.145|1, 1|NR_all_10157.143|1, 2|NR_all_56726.132|1, 4|NR_all_35542.140|1"
8BGU,"RNA3DB","3|NR_all_18586.69|1"
8BH4,"RNA3DB","0|NR_all_83717.145|1, 1|NR_all_10157.143|1, 2|NR_all_56726.132|1, 4|NR_all_35542.140|1, 5|NR_all_76703.9|1"
8BH6,"RNA3DB","a|NR_all_74023.13|1"
8BH7,"RNA3DB","a|NR_all_74023.13|1"
8BH8,"RNA3DB","B|NR_all_34072.1|2, C|NR_all_34072.1|2"
8BH9,"RNA3DB","B|NR_all_01697.1|1"
8BHF,"RNA3DB","21|NR_all_15672.1|1, A2|NR_all_06650.37|2, A3|NR_all_21280.33|1, B2|NR_all_10255.37|1, C2|NR_all_06650.37|2"
8BHJ,"RNA3DB","0|NR_all_83717.145|1, 1|NR_all_10157.143|1, 2|NR_all_56726.132|1, 4|NR_all_35542.140|1, 5|NR_all_76703.9|1"
8BHL,"RNA3DB","0|NR_all_83717.145|1, 1|NR_all_10157.143|1, 2|NR_all_56726.132|1, 4|NR_all_35542.140|1"
8BHN,"RNA3DB","0|NR_all_83717.145|1, 1|NR_all_10157.143|1, 2|NR_all_56726.132|1, 4|NR_all_35542.140|1, 5|NR_all_76703.9|1"
8BHP,"RNA3DB","0|NR_all_83717.145|1, 1|NR_all_10157.143|1, 2|NR_all_56726.132|1, 4|NR_all_35542.140|1"
8BIL,"RNA3DB","0|NR_all_83717.145|1, 1|NR_all_10157.143|1, 2|NR_all_56726.132|1, 4|NR_all_35542.140|1"
8BIM,"RNA3DB","0|NR_all_83717.145|1, 1|NR_all_10157.143|1, 2|NR_all_56726.132|1, 4|NR_all_35542.140|1"
8BIP,"RNA3DB","1|NR_all_90506.74|2, C3|NR_all_90506.74|2, C4|NR_all_18586.69|1"
8BJQ,"RNA3DB","1|NR_all_90506.74|2, C3|NR_all_90506.74|2, C4|NR_all_18586.69|1"
8BMW,"RNA3DB","R|NR_all_29984.1|1"
8BN3,"RNA3DB","1|NR_all_90506.74|1, 2|NR_all_03510.64|1, 3|NR_all_18586.69|1, 4|NR_all_13071.5|1"
8BPO,"RNA3DB","A1|NR_all_06650.37|2, B1|NR_all_10255.37|1, C1|NR_all_06650.37|2"
8BQD,"RNA3DB","2|NR_all_03510.64|1, BQ|NR_all_90506.74|2, BR|NR_all_18586.69|1, BS|NR_all_90506.74|2"
8BQX,"RNA3DB","2|NR_all_03510.64|1, BQ|NR_all_90506.74|2, BR|NR_all_18586.69|1, BS|NR_all_90506.74|2"
8BR8,"RNA3DB","LD|NR_all_00138.2|2, LE|NR_all_67629.2|1, Lt|NR_all_00138.2|2, Lu|NR_all_79242.1|1, St|NR_all_60443.4|1"
8BRM,"RNA3DB","LD|NR_all_00138.2|2, LE|NR_all_67629.2|1, Lt|NR_all_00138.2|2, St|NR_all_60443.4|1"
8BSI,"RNA3DB","LD|NR_all_00138.2|2, LE|NR_all_67629.2|1, Lt|NR_all_00138.2|2, Lu|NR_all_79242.1|1, St|NR_all_60443.4|1, y|NR_all_57530.1|1"
8BSJ,"RNA3DB","LD|NR_all_00138.2|2, LE|NR_all_67629.2|1, Lt|NR_all_00138.2|2, St|NR_all_60443.4|1, u|NR_all_79242.1|1, v|NR_all_97963.1|1, x|NR_all_12601.1|1"
8BTD,"RNA3DB","LD|NR_all_00138.2|2, LE|NR_all_67629.2|1, Lt|NR_all_00138.2|2, St|NR_all_60443.4|1, u|NR_all_79242.1|1, v|NR_all_30326.1|1"
8BTK,"RNA3DB","A2|NR_all_21280.33|1, AT|NR_all_67862.1|1, B5|NR_all_06650.37|2, B7|NR_all_10255.37|1, B8|NR_all_06650.37|2"
8BTR,"RNA3DB","LD|NR_all_00138.2|2, LE|NR_all_67629.2|1, Lt|NR_all_00138.2|2, St|NR_all_60443.4|1, u|NR_all_79242.1|1, v|NR_all_97963.1|1"
8BTZ,"Casp15, RNA3DB","A|NR_all_51182.1|1"
8BU8,"RNA3DB","A|NR_all_89004.1|1"
8BUU,"RNA3DB","A|NR_all_41610.20|1, B|NR_all_97435.16|1, V|NR_all_59420.1|1, a|NR_all_94066.10|1"
8BVH,"RNA3DB","A|NR_all_25877.1|1"
8BVJ,"RNA3DB","B|NR_all_98031.1|1"
8BVM,"RNA3DB","u|NR_all_98455.1|1"
8BWS,"RNA3DB","R|NR_all_62740.1|1"
8BWT,"RNA3DB","A|NR_all_93205.1|1"
8BYV,"RNA3DB","a|NR_all_74023.13|1"
8C00,"RNA3DB","2|NR_all_03510.64|1"
8C01,"RNA3DB","2|NR_all_03510.64|1"
8C3A,"RNA3DB","1|NR_all_71228.8|1, 3|NR_all_83277.8|1, 4|NR_all_27495.1|1, AS|NR_all_71228.8|1, AT|NR_all_83277.8|1, AU|NR_all_27495.1|1, B|NR_all_22526.6|1, CM|NR_all_22526.6|1"
8C4H,"RNA3DB","1|NR_all_15509.1|1, 2|NR_all_15509.1|1"
8C4T,"RNA3DB","C|NR_all_73223.1|1"
8C4U,"RNA3DB","H|NR_all_73223.1|2, T|NR_all_73223.1|2"
8C4V,"RNA3DB","H|NR_all_73223.1|2, P|NR_all_10243.1|2, S|NR_all_50500.1|1, T|NR_all_10243.1|2, V|NR_all_73223.1|2"
8C5S,"RNA3DB","C|NR_all_89773.1|1"
8C5U,"RNA3DB","C|NR_all_46639.1|1"
8C6J,"RNA3DB","2|NR_all_17578.3|2, 5|NR_all_73286.27|1, 6|NR_all_17578.3|2"
8C83,"RNA3DB","2|NR_all_03510.64|1"
8C8H,"RNA3DB","U|NR_all_92109.1|1"
8C8J,"RNA3DB","C|NR_all_75147.1|1"
8C8X,"RNA3DB","A|NR_all_83717.145|1, B|NR_all_10157.143|1"
8C8Y,"RNA3DB","A|NR_all_83717.145|1, B|NR_all_10157.143|1"
8C8Z,"RNA3DB","A|NR_all_83717.145|1, B|NR_all_10157.143|1"
8C90,"RNA3DB","A|NR_all_83717.145|1, B|NR_all_10157.143|1"
8C91,"RNA3DB","A|NR_all_83717.145|1"
8C92,"RNA3DB","A|NR_all_83717.145|1"
8C93,"RNA3DB","A|NR_all_83717.145|1"
8C94,"RNA3DB","A|NR_all_83717.145|1, B|NR_all_10157.143|1"
8C95,"RNA3DB","A|NR_all_83717.145|1, B|NR_all_10157.143|1"
8C96,"RNA3DB","A|NR_all_83717.145|1"
8C97,"RNA3DB","A|NR_all_83717.145|1"
8C98,"RNA3DB","A|NR_all_83717.145|1"
8C99,"RNA3DB","A|NR_all_83717.145|1"
8C9A,"RNA3DB","A|NR_all_83717.145|1"
8C9B,"RNA3DB","A|NR_all_83717.145|1"
8C9C,"RNA3DB","A|NR_all_83717.145|1"
8CA7,"RNA3DB","A|NR_all_56726.132|1"
8CAH,"RNA3DB","2|NR_all_03510.64|1"
8CAI,"RNA3DB","A|NR_all_56726.132|1"
8CAM,"RNA3DB","a|NR_all_83717.145|1, b|NR_all_10157.143|1"
8CAS,"RNA3DB","1|NR_all_81815.1|1, 2|NR_all_03510.64|1"
8CAZ,"RNA3DB","A|NR_all_56726.132|1"
8CBJ,"RNA3DB","2|NR_all_23790.1|1"
8CBK,"RNA3DB","T|NR_all_27151.1|1"
8CBL,"RNA3DB","T|NR_all_45903.1|1"
8CBM,"RNA3DB","T|NR_all_44655.1|1"
8CBO,"RNA3DB","T|NR_all_61064.1|1"
8CBW,"RNA3DB","1|NR_all_74924.26|1"
8CCS,"RNA3DB","AA|NR_all_90506.74|2, BB|NR_all_18586.69|1, Bb|NR_all_83593.5|1, CC|NR_all_90506.74|2, Cc|NR_all_35542.140|1, c|NR_all_03510.64|1"
8CD1,"RNA3DB","A|NR_all_08417.2|1, B|NR_all_64727.2|1, Dt|NR_all_07315.1|1, a|NR_all_65669.2|1"
8CDL,"RNA3DB","AA|NR_all_90506.74|2, BB|NR_all_18586.69|1, Bb|NR_all_83593.5|1, CC|NR_all_90506.74|2, Cc|NR_all_35542.140|1, c|NR_all_03510.64|1"
8CDR,"RNA3DB","AA|NR_all_90506.74|2, BB|NR_all_18586.69|1, Bb|NR_all_83593.5|1, CC|NR_all_90506.74|2, Cc|NR_all_35542.140|1, c|NR_all_03510.64|1"
8CDU,"RNA3DB","A|NR_all_94066.10|1, B|NR_all_01805.1|1"
8CDV,"RNA3DB","A|NR_all_73655.1|1, B|NR_all_76567.1|1"
8CEC,"RNA3DB","A|NR_all_94066.10|1, B|NR_all_21998.1|1"
8CED,"RNA3DB","A|NR_all_94066.10|1, B|NR_all_21998.1|1"
8CEE,"RNA3DB","A|NR_all_94066.10|1, B|NR_all_21998.1|1"
8CEH,"RNA3DB","AA|NR_all_90506.74|2, BB|NR_all_18586.69|1, Bb|NR_all_83593.5|1, CC|NR_all_90506.74|2, Cc|NR_all_35542.140|1, c|NR_all_03510.64|1"
8CEP,"RNA3DB","A|NR_all_56726.132|1, a|NR_all_83717.145|1"
8CEU,"RNA3DB","a|NR_all_83717.145|1, b|NR_all_10157.143|1"
8CF1,"RNA3DB","A|NR_all_56726.132|1"
8CF2,"RNA3DB","A|NR_all_94018.1|2, B|NR_all_94018.1|2"
8CF5,"RNA3DB","AA|NR_all_90506.74|2, BB|NR_all_18586.69|1, Bb|NR_all_83593.5|1, CC|NR_all_90506.74|2, Cc|NR_all_35542.140|1, c|NR_all_03510.64|1"
8CF8,"RNA3DB","A|NR_all_56726.132|1"
8CG8,"RNA3DB","AA|NR_all_90506.74|2, BB|NR_all_18586.69|1, Bb|NR_all_83593.5|1, CC|NR_all_90506.74|2, Cc|NR_all_35542.140|1, c|NR_all_03510.64|1"
8CGD,"RNA3DB","a|NR_all_83717.145|1, b|NR_all_10157.143|1"
8CGI,"RNA3DB","A|NR_all_56726.132|1"
8CGJ,"RNA3DB","A|NR_all_56726.132|1, a|NR_all_83717.145|1"
8CGK,"RNA3DB","a|NR_all_83717.145|1, b|NR_all_10157.143|1"
8CGN,"RNA3DB","AA|NR_all_90506.74|2, BB|NR_all_18586.69|1, Bb|NR_all_35542.140|1, CC|NR_all_90506.74|2, Cc|NR_all_35542.140|1, c|NR_all_03510.64|1"
8CGR,"RNA3DB","A|NR_all_56726.132|1, a|NR_all_83717.145|1"
8CGU,"RNA3DB","A|NR_all_56726.132|1, a|NR_all_83717.145|1"
8CGV,"RNA3DB","a|NR_all_83717.145|1, b|NR_all_10157.143|1"
8CH6,"RNA3DB","d|NR_all_73426.10|2, e|NR_all_73286.27|1, f|NR_all_73426.10|2"
8CI5,"RNA3DB","C|NR_all_65422.1|1"
8CIV,"RNA3DB","AA|NR_all_90506.74|2, BB|NR_all_18586.69|1, Bb|NR_all_83593.5|1, CC|NR_all_90506.74|2, Cc|NR_all_35542.140|1, c|NR_all_03510.64|1"
8CKU,"RNA3DB","AA|NR_all_90506.74|2, BB|NR_all_18586.69|1, Bb|NR_all_83593.5|1, CC|NR_all_90506.74|2, Cc|NR_all_35542.140|1, c|NR_all_03510.64|1"
8CLM,"RNA3DB","A|NR_all_15214.1|1, B|NR_all_15214.1|1, C|NR_all_15214.1|1"
8CLR,"RNA3DB","A|NR_all_60819.1|1"
8CMJ,"RNA3DB","AA|NR_all_90506.74|2, BB|NR_all_18586.69|1, CC|NR_all_90506.74|2, c|NR_all_03510.64|1"
8COO,"RNA3DB","B|NR_all_14326.1|1"
8CQ1,"RNA3DB","A|NR_all_91831.1|1"
8CQ7,"RNA3DB","1|NR_all_71228.8|2, 3|NR_all_83277.8|1, 4|NR_all_71228.8|2, AS|NR_all_71228.8|2, AT|NR_all_83277.8|1, AU|NR_all_71228.8|2, B|NR_all_22526.6|1, CM|NR_all_22526.6|1"
8CQW,"RNA3DB","1|NR_all_71228.8|2, 3|NR_all_83277.8|1, 4|NR_all_71228.8|2, AS|NR_all_71228.8|2, AT|NR_all_83277.8|1, AU|NR_all_71228.8|2, B|NR_all_22526.6|1, CM|NR_all_22526.6|1"
8CRE,"RNA3DB","1|NR_all_71228.8|2, 3|NR_all_83277.8|1, 4|NR_all_71228.8|2, AS|NR_all_71228.8|2, AT|NR_all_83277.8|1, AU|NR_all_71228.8|2, B|NR_all_22526.6|1, CM|NR_all_22526.6|1"
8CRO,"RNA3DB","Z|NR_all_49210.1|1"
8CRX,"RNA3DB","A|NR_all_35798.2|1, C|NR_all_35542.140|1, a|NR_all_94178.1|1, b|NR_all_43871.1|1"
8CSP,"RNA3DB","A|NR_all_93855.17|1"
8CSQ,"RNA3DB","A|NR_all_93855.17|1"
8CSR,"RNA3DB","A|NR_all_93855.17|1"
8CSS,"RNA3DB","A|NR_all_93855.17|1"
8CST,"RNA3DB","A|NR_all_93855.17|1"
8CSU,"RNA3DB","A|NR_all_93855.17|1"
8CSZ,"RNA3DB","C|NR_all_13732.1|1"
8CTH,"RNA3DB","C|NR_all_83593.5|1"
8CTI,"RNA3DB","C|NR_all_30612.1|1"
8CTL,"RNA3DB","C|NR_all_13732.1|1"
8CVJ,"RNA3DB","1A|NR_all_97519.74|1, 1B|NR_all_42622.74|1, 1a|NR_all_65795.80|1, 1w|NR_all_19951.88|1, 1x|NR_all_35542.140|1, 1y|NR_all_19951.88|1, 2A|NR_all_97519.74|1, 2B|NR_all_42622.74|1, 2a|NR_all_65795.80|1, 2w|NR_all_19951.88|1, 2x|NR_all_35542.140|1, 2y|NR_all_19951.88|1"
8CVK,"RNA3DB","1A|NR_all_97519.74|1, 1B|NR_all_42622.74|1, 1a|NR_all_65795.80|1, 1w|NR_all_19951.88|1, 1x|NR_all_35542.140|1, 1y|NR_all_19951.88|1, 2A|NR_all_97519.74|1, 2B|NR_all_42622.74|1, 2a|NR_all_65795.80|1, 2w|NR_all_19951.88|1, 2x|NR_all_35542.140|1, 2y|NR_all_19951.88|1"
8CVL,"RNA3DB","1A|NR_all_97519.74|1, 1B|NR_all_42622.74|1, 1a|NR_all_65795.80|1, 1w|NR_all_19951.88|1, 1x|NR_all_35542.140|1, 1y|NR_all_19951.88|1, 2A|NR_all_97519.74|1, 2B|NR_all_42622.74|1, 2a|NR_all_65795.80|1, 2w|NR_all_19951.88|1, 2x|NR_all_35542.140|1, 2y|NR_all_19951.88|1"
8CVM,"RNA3DB","C|NR_all_35542.140|1, a|NR_all_94178.1|1, b|NR_all_43871.1|1"
8CVO,"RNA3DB","A|NR_all_35798.2|1"
8CWO,"RNA3DB","A|NR_all_35798.2|1, Y|NR_all_85270.1|1"
8CX0,"RNA3DB","K|NR_all_41668.2|1"
8CX1,"RNA3DB","K|NR_all_73413.1|1, L|NR_all_26371.1|1"
8CX2,"RNA3DB","K|NR_all_70397.1|1, L|NR_all_41767.1|1"
8CXF,"RNA3DB",""
8D1V,"RNA3DB","J|NR_all_64004.1|2, N|NR_all_64004.1|2"
8D28,"RNA3DB","A|NR_all_48165.2|1, B|NR_all_48165.2|1"
8D29,"RNA3DB","C|NR_all_24216.1|1, F|NR_all_56838.1|1, J|NR_all_47265.1|1, R|NR_all_24216.1|1"
8D2A,"RNA3DB","A|NR_all_48165.2|1, B|NR_all_48165.2|1"
8D2B,"RNA3DB","A|NR_all_48165.2|1, B|NR_all_48165.2|1"
8D2K,"RNA3DB","B|NR_all_94952.1|1"
8D2L,"RNA3DB","B|NR_all_94952.1|1"
8D2N,"RNA3DB","B|NR_all_94952.1|1"
8D2O,"RNA3DB","B|NR_all_94952.1|1"
8D2P,"RNA3DB","B|NR_all_94952.1|1"
8D2Q,"RNA3DB","B|NR_all_94952.1|1"
8D49,"RNA3DB","B|NR_all_61542.1|1"
8D4A,"RNA3DB","B|NR_all_31790.1|2, C|NR_all_31790.1|2"
8D4B,"RNA3DB","B|NR_all_31790.1|2, C|NR_all_31790.1|2"
8D5L,"RNA3DB","A|NR_all_48165.2|1, B|NR_all_48165.2|1, C|NR_all_48165.2|1, D|NR_all_48165.2|1"
8D5O,"RNA3DB","A|NR_all_48165.2|1, B|NR_all_48165.2|1"
8D6J,"RNA3DB","B|NR_all_93499.1|1"
8D71,"RNA3DB","B|NR_all_70012.2|1"
8D8J,"RNA3DB","a|NR_all_67193.4|1"
8D8K,"RNA3DB","a|NR_all_67193.4|1"
8D8L,"RNA3DB","a|NR_all_67193.4|1"
8D8N,"RNA3DB","C|NR_all_21756.2|2, D|NR_all_21756.2|2"
8D96,"RNA3DB","E|NR_all_39552.1|1"
8D97,"RNA3DB","C|NR_all_79175.1|1"
8D9D,"RNA3DB","E|NR_all_39552.1|1"
8D9E,"RNA3DB","C|NR_all_21756.2|2, D|NR_all_21756.2|2"
8D9F,"RNA3DB","C|NR_all_21756.2|1"
8D9G,"RNA3DB","C|NR_all_21756.2|2, D|NR_all_21756.2|2"
8D9H,"RNA3DB","C|NR_all_21756.2|2, D|NR_all_21756.2|2"
8D9I,"RNA3DB","C|NR_all_21756.2|2, D|NR_all_21756.2|2"
8D9K,"RNA3DB","C|NR_all_75719.1|1"
8D9L,"RNA3DB","C|NR_all_75719.1|1"
8DC2,"RNA3DB","B|NR_all_25308.1|1"
8DEJ,"RNA3DB","L|NR_all_21603.1|2, N|NR_all_21603.1|2"
8DEX,"RNA3DB","L|NR_all_39783.1|1"
8DFA,"RNA3DB","L|NR_all_21603.1|1"
8DFO,"RNA3DB","L|NR_all_39783.1|1"
8DFS,"RNA3DB","L|NR_all_39783.1|1"
8DFV,"RNA3DB","E|NR_all_20614.1|1"
8DG5,"RNA3DB","E|NR_all_20614.1|1"
8DG7,"RNA3DB","E|NR_all_45854.1|2, F|NR_all_45854.1|2"
8DGA,"RNA3DB","E|NR_all_26629.4|2, F|NR_all_26629.4|2"
8DH0,"RNA3DB","C|NR_all_98371.1|1, G|NR_all_98371.1|1, K|NR_all_98371.1|1, O|NR_all_98371.1|1"
8DH1,"RNA3DB","C|NR_all_98371.1|1, G|NR_all_98371.1|1, K|NR_all_98371.1|1, N|NR_all_98371.1|1"
8DH2,"RNA3DB","C|NR_all_98371.1|1, G|NR_all_98371.1|1, K|NR_all_98371.1|1, N|NR_all_98371.1|1"
8DH3,"RNA3DB","C|NR_all_98371.1|1, G|NR_all_98371.1|1, K|NR_all_98371.1|1, O|NR_all_98371.1|1"
8DH4,"RNA3DB","C|NR_all_98371.1|1, G|NR_all_98371.1|1, K|NR_all_98371.1|1, O|NR_all_98371.1|1"
8DH5,"RNA3DB","C|NR_all_98371.1|1, G|NR_all_98371.1|1, K|NR_all_98371.1|1, O|NR_all_98371.1|1"
8DK7,"RNA3DB","C|NR_all_04705.1|1, F|NR_all_04705.1|1"
8DMB,"RNA3DB","W|NR_all_39793.1|1"
8DO6,"RNA3DB","I|NR_all_97416.1|2, J|NR_all_97416.1|2"
8DP3,"RNA Puzzles, RNA3DB","R|NR_all_68018.1|1"
8DRH,"RNA3DB","B|NR_all_03375.1|1"
8DVR,"RNA3DB","B|NR_all_52698.2|1"
8DVS,"RNA3DB","B|NR_all_52698.2|1"
8DVU,"RNA3DB","B|NR_all_52698.2|1"
8DWJ,"RNA3DB","P|NR_all_53399.1|1"
8DZJ,"RNA3DB","E|NR_all_85253.1|1"
8DZK,"RNA3DB","F|NR_all_04798.2|1, G|NR_all_04798.2|1, N|NR_all_04798.2|1, O|NR_all_37564.1|1, P|NR_all_41946.1|1"
8E0F,"RNA3DB","C|NR_all_55306.1|2, D|NR_all_55306.1|2"
8E28,"RNA3DB","C|NR_all_55668.1|1"
8E29,"RNA3DB","B|NR_all_48560.1|1"
8E2A,"RNA3DB","B|NR_all_09201.1|1"
8E30,"RNA3DB","I|NR_all_83717.145|1, J|NR_all_10157.143|1"
8E32,"RNA3DB","I|NR_all_83717.145|1, J|NR_all_10157.143|1"
8E33,"RNA3DB","I|NR_all_83717.145|1, J|NR_all_10157.143|1"
8E35,"RNA3DB","I|NR_all_83717.145|1, J|NR_all_10157.143|1"
8E36,"RNA3DB","I|NR_all_83717.145|1, J|NR_all_10157.143|1"
8E3F,"RNA3DB","7|NR_all_20048.1|1"
8E3H,"RNA3DB","7|NR_all_20048.1|1"
8E3I,"RNA3DB","E|NR_all_76721.1|1"
8E3L,"RNA3DB","I|NR_all_83717.145|1, J|NR_all_10157.143|1"
8E3M,"RNA3DB","I|NR_all_83717.145|1, J|NR_all_10157.143|1"
8E3O,"RNA3DB","I|NR_all_83717.145|1, J|NR_all_10157.143|1"
8E40,"RNA3DB","R|NR_all_65384.1|2, r|NR_all_65384.1|2"
8E41,"RNA3DB","I|NR_all_83717.145|1, J|NR_all_10157.143|1"
8E42,"RNA3DB","I|NR_all_83717.145|1, J|NR_all_10157.143|1"
8E43,"RNA3DB","I|NR_all_83717.145|1, J|NR_all_10157.143|1"
8E44,"RNA3DB","I|NR_all_83717.145|1, J|NR_all_10157.143|1"
8E45,"RNA3DB","I|NR_all_83717.145|1, J|NR_all_10157.143|1"
8E46,"RNA3DB","I|NR_all_83717.145|1, J|NR_all_10157.143|1"
8E47,"RNA3DB","I|NR_all_83717.145|1, J|NR_all_10157.143|1"
8E48,"RNA3DB","I|NR_all_83717.145|1, J|NR_all_10157.143|1"
8E49,"RNA3DB","I|NR_all_83717.145|1, J|NR_all_10157.143|1"
8E4X,"RNA3DB","C|NR_all_57635.1|2, D|NR_all_57635.1|2"
8E5K,"RNA3DB","7|NR_all_59242.1|1"
8E5L,"RNA3DB","7|NR_all_31627.1|1"
8E5O,"RNA3DB","7|NR_all_25399.1|1"
8E5P,"RNA3DB","7|NR_all_94764.1|1"
8E5T,"RNA3DB","1|NR_all_90506.74|2, 2|NR_all_90506.74|2, 3|NR_all_18489.10|1"
8E6W,"RNA3DB","8|NR_all_77904.1|1"
8E6X,"RNA3DB","7|NR_all_20048.1|1"
8E6Z,"RNA3DB","7|NR_all_20048.1|1"
8E74,"RNA3DB","R|NR_all_10702.1|1"
8E79,"RNA3DB","R|NR_all_10702.1|1"
8E82,"RNA3DB","R|NR_all_05518.1|1"
8E85,"RNA3DB",""
8E86,"RNA3DB",""
8E87,"RNA3DB",""
8E88,"RNA3DB",""
8E89,"RNA3DB",""
8E8B,"RNA3DB",""
8E8C,"RNA3DB",""
8E8D,"RNA3DB",""
8E8E,"RNA3DB",""
8E8F,"RNA3DB",""
8E8G,"RNA3DB",""
8E8H,"RNA3DB",""
8E8J,"RNA3DB",""
8E8K,"RNA3DB",""
8E8M,"RNA3DB","R|NR_all_10702.1|1"
8E95,"RNA3DB","R|NR_all_05518.1|1"
8EA3,"RNA3DB","7|NR_all_06702.1|1"
8EA4,"RNA3DB","7|NR_all_06702.1|1"
8EDJ,"RNA3DB","R|NR_all_29328.1|1"
8EEX,"RNA3DB","C|NR_all_92888.2|1"
8EEY,"RNA3DB","C|NR_all_92888.2|2, D|NR_all_92888.2|2"
8EG0,"RNA3DB","C|NR_all_90279.1|1"
8EG7,"RNA3DB","R|NR_all_90254.1|1"
8EG8,"RNA3DB","R|NR_all_51883.1|1"
8EGB,"RNA3DB","R|NR_all_32673.1|1"
8EH8,"RNA3DB","R|NR_all_11616.2|1"
8EH9,"RNA3DB","R|NR_all_11616.2|1"
8EHA,"RNA3DB","R|NR_all_11616.2|1"
8EHF,"RNA3DB","R|NR_all_11616.2|1"
8EHI,"RNA3DB","R|NR_all_11616.2|1"
8EHQ,"RNA3DB","R|NR_all_19065.1|1"
8EIU,"RNA3DB","A|NR_all_56726.132|1, Y|NR_all_35542.140|1, Z|NR_all_35542.140|1, a|NR_all_83717.145|1, b|NR_all_10157.143|1"
8EJ3,"RNA3DB","R|NR_all_36389.1|1"
8EKB,"RNA3DB","1A|NR_all_97519.74|1, 1B|NR_all_42622.74|1, 1a|NR_all_65795.80|1, 1x|NR_all_35542.140|1, 2A|NR_all_97519.74|1, 2B|NR_all_42622.74|1, 2a|NR_all_65795.80|1, 2x|NR_all_35542.140|1"
8EKC,"RNA3DB","A|NR_all_83717.145|1, B|NR_all_10157.143|1, a|NR_all_56726.132|1, w|NR_all_19951.88|1, x|NR_all_35542.140|1"
8EMM,"RNA3DB","A|NR_all_56726.132|1, Y|NR_all_35542.140|1, Z|NR_all_35542.140|1, a|NR_all_83717.145|1, b|NR_all_10157.143|1"
8ENK,"RNA3DB","M|NR_all_64221.1|1, N|NR_all_40477.1|1"
8EOE,"RNA3DB","R|NR_all_19065.1|1"
8EOF,"RNA3DB","R|NR_all_91694.1|1"
8EOS,"RNA3DB","R|NR_all_35540.1|1"
8EOT,"RNA3DB","R|NR_all_35540.1|1"
8EPK,"RNA3DB","E|NR_all_67761.1|1, F|NR_all_67761.1|1"
8ESQ,"RNA3DB","1|NR_all_78541.1|2, 2|NR_all_78541.1|2, 6|NR_all_11927.1|1"
8ESR,"RNA3DB","1|NR_all_78541.1|2, 2|NR_all_78541.1|2, 6|NR_all_11927.1|1"
8ETC,"RNA3DB","1|NR_all_78541.1|2, 2|NR_all_78541.1|2"
8ETG,"RNA3DB","1|NR_all_78541.1|2, 2|NR_all_78541.1|2, 6|NR_all_11927.1|1"
8ETH,"RNA3DB","1|NR_all_78541.1|2, 2|NR_all_78541.1|2, 6|NR_all_11927.1|1"
8ETI,"RNA3DB","1|NR_all_78541.1|2, 2|NR_all_78541.1|2, 6|NR_all_11927.1|1"
8ETJ,"RNA3DB","1|NR_all_78541.1|2, 2|NR_all_78541.1|2"
8EUB,"RNA3DB","A1|NR_all_90506.74|2, A3|NR_all_18586.69|1, A4|NR_all_90506.74|2, B5|NR_all_03510.64|1, EC|NR_all_04576.2|1"
8EUG,"RNA3DB","1|NR_all_78541.1|2, 2|NR_all_78541.1|2, 9|NR_all_07539.1|1"
8EUI,"RNA3DB","1|NR_all_78541.1|2, 2|NR_all_78541.1|2, 9|NR_all_07539.1|1"
8EUP,"RNA3DB","1|NR_all_78541.1|2, 2|NR_all_78541.1|2, 6|NR_all_11927.1|1"
8EUY,"RNA3DB","1|NR_all_78541.1|2, 2|NR_all_78541.1|2, 6|NR_all_85919.1|1"
8EV3,"RNA3DB","1|NR_all_78541.1|2, 2|NR_all_78541.1|2, 6|NR_all_11927.1|1"
8EV6,"RNA3DB","1A|NR_all_97519.74|1, 1B|NR_all_42622.74|1, 1a|NR_all_65795.80|1, 1w|NR_all_19951.88|1, 1x|NR_all_35542.140|1, 1y|NR_all_19951.88|1, 2A|NR_all_97519.74|1, 2B|NR_all_42622.74|1, 2a|NR_all_65795.80|1, 2w|NR_all_19951.88|1, 2x|NR_all_35542.140|1, 2y|NR_all_19951.88|1"
8EV7,"RNA3DB","1A|NR_all_97519.74|1, 1B|NR_all_42622.74|1, 1a|NR_all_65795.80|1, 1w|NR_all_19951.88|1, 1x|NR_all_35542.140|1, 1y|NR_all_19951.88|1, 2A|NR_all_97519.74|1, 2B|NR_all_42622.74|1, 2a|NR_all_65795.80|1, 2w|NR_all_19951.88|1, 2x|NR_all_35542.140|1, 2y|NR_all_19951.88|1"
8EVP,"RNA3DB","A1|NR_all_90506.74|2, A3|NR_all_18586.69|1, A4|NR_all_90506.74|2, B5|NR_all_03510.64|1, EC|NR_all_04576.2|1"
8EVQ,"RNA3DB","A1|NR_all_90506.74|2, A3|NR_all_18586.69|1, A4|NR_all_90506.74|2, B5|NR_all_03510.64|1, EC|NR_all_04576.2|1"
8EVR,"RNA3DB","A1|NR_all_90506.74|2, A3|NR_all_18586.69|1, A4|NR_all_90506.74|2, B5|NR_all_03510.64|1, EC|NR_all_04576.2|1"
8EVS,"RNA3DB","A1|NR_all_90506.74|2, A3|NR_all_18586.69|1, A4|NR_all_90506.74|2, B5|NR_all_03510.64|1, EC|NR_all_01867.1|1"
8EVT,"RNA3DB","A1|NR_all_90506.74|2, A3|NR_all_18586.69|1, A4|NR_all_90506.74|2, B5|NR_all_03510.64|1, EC|NR_all_57362.1|1"
8EWB,"RNA3DB","A1|NR_all_90506.74|2, A3|NR_all_18586.69|1, A4|NR_all_90506.74|2, B5|NR_all_03510.64|1, EC|NR_all_04576.2|1"
8EWC,"RNA3DB","A1|NR_all_90506.74|2, A3|NR_all_18586.69|1, A4|NR_all_90506.74|2, B5|NR_all_03510.64|1, EC|NR_all_04576.2|1"
8EWG,"RNA3DB","B|NR_all_06844.1|1"
8EX9,"RNA3DB","B|NR_all_27790.1|1"
8EXA,"RNA3DB","B|NR_all_27790.1|1"
8EXY,"RNA3DB","R|NR_all_19065.1|1"
8EY6,"RNA3DB","B|NR_all_28159.1|1"
8EY7,"RNA3DB","B|NR_all_70889.1|1"
8EY8,"RNA3DB","B|NR_all_35822.1|1"
8EYQ,"RNA3DB","A|NR_all_56726.132|1"
8EYT,"RNA3DB","A|NR_all_56726.132|1"
8EYU,"RNA3DB","A|NR_all_98067.1|1, B|NR_all_98067.1|1"
8EYV,"RNA3DB","A|NR_all_98067.1|1, B|NR_all_98067.1|1"
8EYW,"RNA3DB","A|NR_all_98067.1|1, B|NR_all_98067.1|1"
8F0N,"RNA3DB","A|NR_all_98067.1|1, B|NR_all_98067.1|1"
8F24,"RNA3DB",""
8F3C,"RNA3DB","R|NR_all_86458.1|1"
8F4O,"RNA3DB","A|NR_all_62404.1|1, B|NR_all_62404.1|1"
8F5G,"RNA3DB","D|NR_all_43166.1|1, E|NR_all_43166.1|1, F|NR_all_43166.1|1"
8FB3,"RNA3DB","A|NR_all_07310.1|1, B|NR_all_07310.1|1, C|NR_all_07310.1|1"
8FC1,"RNA3DB","1A|NR_all_97519.74|1, 1B|NR_all_42622.74|1, 1a|NR_all_65795.80|1, 2A|NR_all_97519.74|1, 2B|NR_all_42622.74|1, 2a|NR_all_65795.80|1"
8FC2,"RNA3DB","1A|NR_all_97519.74|1, 1B|NR_all_42622.74|1, 1a|NR_all_65795.80|1, 2A|NR_all_97519.74|1, 2B|NR_all_42622.74|1, 2a|NR_all_65795.80|1"
8FC3,"RNA3DB","1A|NR_all_97519.74|1, 1B|NR_all_42622.74|1, 1a|NR_all_65795.80|1, 2A|NR_all_97519.74|1, 2B|NR_all_42622.74|1, 2a|NR_all_65795.80|1"
8FC4,"RNA3DB","1A|NR_all_97519.74|1, 1B|NR_all_42622.74|1, 1a|NR_all_65795.80|1, 2A|NR_all_97519.74|1, 2B|NR_all_42622.74|1, 2a|NR_all_65795.80|1"
8FC5,"RNA3DB","1A|NR_all_97519.74|1, 1B|NR_all_42622.74|1, 1a|NR_all_65795.80|1, 2A|NR_all_97519.74|1, 2B|NR_all_42622.74|1, 2a|NR_all_65795.80|1"
8FC6,"RNA3DB","1A|NR_all_97519.74|1, 1B|NR_all_42622.74|1, 1a|NR_all_65795.80|1, 2A|NR_all_97519.74|1, 2B|NR_all_42622.74|1, 2a|NR_all_65795.80|1"
8FCJ,"RNA3DB","M|NR_all_37691.1|1"
8FCS,"RNA3DB","A|NR_all_56594.1|1"
8FCU,"RNA3DB","M|NR_all_21270.1|1"
8FD2,"RNA3DB","M|NR_all_37691.1|1"
8FD3,"RNA3DB","M|NR_all_37691.1|1"
8FEO,"RNA3DB","AAA|NR_all_28163.1|1"
8FEP,"RNA3DB","AAA|NR_all_98207.1|1"
8FEQ,"RNA3DB","AAA|NR_all_28163.1|1"
8FER,"RNA3DB","AAA|NR_all_98207.1|1, BBB|NR_all_98207.1|1"
8FF4,"RNA3DB","M|NR_all_21270.1|1"
8FF5,"RNA3DB","M|NR_all_21270.1|1"
8FFI,"RNA3DB","C|NR_all_81009.1|1, G|NR_all_81009.1|1, J|NR_all_81009.1|1, O|NR_all_81009.1|1"
8FFR,"RNA3DB","W|NR_all_70873.1|1, X|NR_all_06584.1|1"
8FFY,"RNA3DB","C|NR_all_06910.1|1"
8FIX,"RNA3DB","R|NR_all_34540.1|1"
8FIY,"RNA3DB","R|NR_all_78300.1|1"
8FIZ,"RNA3DB","AA|NR_all_56726.132|1, BA|NR_all_83717.145|1, BB|NR_all_35542.140|1, BC|NR_all_10157.143|1"
8FJK,"RNA3DB","a1|NR_all_14235.1|2, a2|NR_all_45738.1|2, a3|NR_all_88294.1|2, a4|NR_all_82445.1|2, a5|NR_all_79328.1|2, a6|NR_all_28046.1|2, b1|NR_all_14235.1|2, b2|NR_all_45738.1|2, b3|NR_all_88294.1|2, b4|NR_all_82445.1|2, b5|NR_all_79328.1|2, b6|NR_all_28046.1|2"
8FJL,"RNA3DB","a1|NR_all_14235.1|2, a2|NR_all_93104.1|2, a3|NR_all_88294.1|2, a5|NR_all_28046.1|2, a6|NR_all_03107.1|2, b1|NR_all_14235.1|2, b2|NR_all_93104.1|2, b3|NR_all_88294.1|2, b5|NR_all_28046.1|2, b6|NR_all_03107.1|2"
8FKP,"RNA3DB","L1|NR_all_65061.34|2, L2|NR_all_06497.1|1, L3|NR_all_65061.34|2"
8FKQ,"RNA3DB","L1|NR_all_65061.34|2, L2|NR_all_06497.1|1, L3|NR_all_65061.34|2"
8FKR,"RNA3DB","L1|NR_all_65061.34|2, L2|NR_all_06497.1|1, L3|NR_all_65061.34|2"
8FKS,"RNA3DB","L1|NR_all_65061.34|2, L2|NR_all_06497.1|1, L3|NR_all_65061.34|2"
8FKT,"RNA3DB","L1|NR_all_65061.34|2, L2|NR_all_06497.1|1, L3|NR_all_65061.34|2"
8FKU,"RNA3DB","L1|NR_all_65061.34|2, L2|NR_all_06497.1|1, L3|NR_all_65061.34|2"
8FKV,"RNA3DB","L1|NR_all_65061.34|2, L2|NR_all_06497.1|1, L3|NR_all_65061.34|2"
8FKW,"RNA3DB","L1|NR_all_65061.34|2, L2|NR_all_06497.1|1, L3|NR_all_65061.34|2"
8FKX,"RNA3DB","L1|NR_all_65061.34|2, L2|NR_all_06497.1|1, L3|NR_all_65061.34|2"
8FKY,"RNA3DB","L1|NR_all_65061.34|2, L2|NR_all_06497.1|1, L3|NR_all_65061.34|2"
8FKZ,"RNA3DB","L1|NR_all_65061.34|2, L2|NR_all_06497.1|1, L3|NR_all_65061.34|2"
8FL0,"RNA3DB","L3|NR_all_65061.34|1, L4|NR_all_52752.30|1"
8FL2,"RNA3DB","L1|NR_all_65061.34|2, L2|NR_all_06497.1|1, L3|NR_all_65061.34|2, L4|NR_all_52752.30|1"
8FL3,"RNA3DB","L1|NR_all_65061.34|2, L3|NR_all_65061.34|2, L4|NR_all_52752.30|1"
8FL4,"RNA3DB","L1|NR_all_65061.34|2, L3|NR_all_65061.34|2, L4|NR_all_52752.30|1"
8FL6,"RNA3DB","L1|NR_all_65061.34|2, L2|NR_all_06497.1|1, L3|NR_all_65061.34|2, L4|NR_all_52752.30|1"
8FL7,"RNA3DB","L1|NR_all_65061.34|2, L3|NR_all_65061.34|2, L4|NR_all_52752.30|1"
8FL9,"RNA3DB","L1|NR_all_65061.34|2, L3|NR_all_65061.34|2, L4|NR_all_52752.30|1"
8FLA,"RNA3DB","L1|NR_all_65061.34|2, L2|NR_all_06497.1|1, L3|NR_all_65061.34|2, L4|NR_all_52752.30|1"
8FLB,"RNA3DB","L1|NR_all_65061.34|2, L3|NR_all_65061.34|2, L4|NR_all_52752.30|1"
8FLC,"RNA3DB","L1|NR_all_65061.34|2, L3|NR_all_65061.34|2, L4|NR_all_52752.30|1"
8FLD,"RNA3DB","L1|NR_all_65061.34|2, L2|NR_all_06497.1|1, L3|NR_all_65061.34|2, L4|NR_all_52752.30|1"
8FLE,"RNA3DB","L1|NR_all_65061.34|2, L3|NR_all_65061.34|2, L4|NR_all_52752.30|1"
8FLF,"RNA3DB","L1|NR_all_65061.34|2, L3|NR_all_65061.34|2, L4|NR_all_52752.30|1"
8FLI,"RNA3DB","A|NR_all_26496.2|1"
8FMW,"RNA3DB","AA|NR_all_03898.1|1, AB|NR_all_05698.1|1, A|NR_all_13524.1|1, X|NR_all_46934.1|1"
8FN2,"RNA3DB","A|NR_all_03898.1|1, B|NR_all_05698.1|1"
8FN6,"RNA3DB","g|NR_all_36608.1|1"
8FNC,"RNA3DB","g|NR_all_15963.1|1, m|NR_all_41804.1|1"
8FNF,"RNA3DB","g|NR_all_90190.1|1, m|NR_all_03633.1|1"
8FNI,"RNA3DB","g|NR_all_03718.1|1, m|NR_all_08157.1|1"
8FNK,"RNA3DB","g|NR_all_48854.1|2, m|NR_all_48854.1|2"
8FOH,"RNA3DB","P|NR_all_81244.1|1"
8FOJ,"RNA3DB","P|NR_all_24532.1|1"
8FOK,"RNA3DB","P|NR_all_98751.1|1"
8FOM,"RNA3DB","QA|NR_all_65795.80|1, QV|NR_all_76703.9|1, RA|NR_all_97519.74|1, RB|NR_all_42622.74|1, XA|NR_all_65795.80|1, XV|NR_all_76703.9|1, XY|NR_all_02491.2|1, YA|NR_all_97519.74|1, YB|NR_all_42622.74|1"
8FON,"RNA3DB","QA|NR_all_65795.80|1, QV|NR_all_76703.9|1, RA|NR_all_97519.74|1, RB|NR_all_42622.74|1, XA|NR_all_65795.80|1, XV|NR_all_76703.9|1, YA|NR_all_97519.74|1, YB|NR_all_42622.74|1"
8FR8,"RNA3DB","A|NR_all_76090.9|1, B|NR_all_89181.3|1, E|NR_all_47494.1|1, a|NR_all_97539.6|1"
8FRU,"RNA3DB","1|NR_all_00138.2|1, 3|NR_all_67629.2|1, 4|NR_all_13273.1|1"
8FTI,"RNA3DB","B|NR_all_51486.1|1"
8FTM,"RNA3DB","C|NR_all_24790.1|1, D|NR_all_93073.1|1"
8FTO,"RNA3DB","A|NR_all_56726.132|1, Z|NR_all_35542.140|1, a|NR_all_83717.145|1, b|NR_all_10157.143|1"
8FUK,"RNA3DB","1|NR_all_32893.1|1"
8FVI,"RNA3DB","B|NR_all_79376.1|2, C|NR_all_79376.1|2"
8FVR,"RNA3DB","C|NR_all_81393.1|1"
8FVW,"RNA3DB","C|NR_all_81393.1|1"
8FVY,"RNA3DB","2|NR_all_60443.4|1, g|NR_all_57053.1|1"
8FW4,"RNA3DB","Z|NR_all_78150.1|1"
8FYH,"RNA3DB","M|NR_all_71994.1|1"
8FZA,"RNA3DB","A|NR_all_17339.1|1, B|NR_all_04796.1|1"
8FZD,"RNA3DB","A|NR_all_83717.145|1, B|NR_all_10157.143|1, a|NR_all_56726.132|1, x|NR_all_19951.88|1, y|NR_all_19951.88|1, z|NR_all_94873.1|1"
8FZE,"RNA3DB","A|NR_all_83717.145|1, B|NR_all_10157.143|1, a|NR_all_56726.132|1, x|NR_all_19951.88|1, y|NR_all_19951.88|1, z|NR_all_94873.1|1"
8FZF,"RNA3DB","A|NR_all_83717.145|1, B|NR_all_10157.143|1, a|NR_all_56726.132|1, x|NR_all_19951.88|1, z|NR_all_94873.1|1"
8FZG,"RNA3DB","A|NR_all_83717.145|1, B|NR_all_10157.143|1, a|NR_all_56726.132|1, x|NR_all_19951.88|1, y|NR_all_19951.88|1, z|NR_all_94873.1|1"
8FZH,"RNA3DB","A|NR_all_83717.145|1, B|NR_all_10157.143|1, a|NR_all_56726.132|1, x|NR_all_19951.88|1, y|NR_all_19951.88|1, z|NR_all_94873.1|1"
8FZI,"RNA3DB","A|NR_all_83717.145|1, B|NR_all_10157.143|1, a|NR_all_56726.132|1, x|NR_all_19951.88|1, z|NR_all_94873.1|1"
8FZJ,"RNA3DB","A|NR_all_83717.145|1, B|NR_all_10157.143|1, a|NR_all_56726.132|1, x|NR_all_19951.88|1, z|NR_all_94873.1|1"
8FZR,"RNA3DB","R|NR_all_27059.1|1"
8FZT,"RNA3DB","B|NR_all_84650.1|1"
8G00,"RNA3DB","R|NR_all_86458.1|1"
8G1I,"RNA3DB","B|NR_all_87323.3|1"
8G1S,"RNA3DB","R|NR_all_62619.1|1"
8G29,"RNA3DB","1A|NR_all_97519.74|1, 1B|NR_all_42622.74|1, 1a|NR_all_65795.80|1, 1v|NR_all_86829.2|1, 1w|NR_all_19951.88|1, 1x|NR_all_35542.140|1, 1y|NR_all_19951.88|1, 2A|NR_all_97519.74|1, 2B|NR_all_42622.74|1, 2a|NR_all_65795.80|1, 2v|NR_all_86829.2|1, 2w|NR_all_19951.88|1, 2x|NR_all_35542.140|1, 2y|NR_all_19951.88|1"
8G2A,"RNA3DB","1A|NR_all_97519.74|1, 1B|NR_all_42622.74|1, 1a|NR_all_65795.80|1, 1v|NR_all_86829.2|1, 1w|NR_all_19951.88|1, 1x|NR_all_35542.140|1, 1y|NR_all_19951.88|1, 2A|NR_all_97519.74|1, 2B|NR_all_42622.74|1, 2a|NR_all_65795.80|1, 2v|NR_all_86829.2|1, 2w|NR_all_19951.88|1, 2x|NR_all_35542.140|1, 2y|NR_all_19951.88|1"
8G2B,"RNA3DB","1A|NR_all_97519.74|1, 1B|NR_all_42622.74|1, 1a|NR_all_65795.80|1, 1v|NR_all_86829.2|1, 1w|NR_all_19951.88|1, 1x|NR_all_35542.140|1, 1y|NR_all_19951.88|1, 2A|NR_all_97519.74|1, 2B|NR_all_42622.74|1, 2a|NR_all_65795.80|1, 2v|NR_all_86829.2|1, 2w|NR_all_19951.88|1, 2x|NR_all_35542.140|1, 2y|NR_all_19951.88|1"
8G2C,"RNA3DB","1A|NR_all_97519.74|1, 1B|NR_all_42622.74|1, 1a|NR_all_65795.80|1, 1v|NR_all_86829.2|1, 1w|NR_all_19951.88|1, 1x|NR_all_35542.140|1, 1y|NR_all_19951.88|1, 2A|NR_all_97519.74|1, 2B|NR_all_42622.74|1, 2a|NR_all_65795.80|1, 2v|NR_all_86829.2|1, 2w|NR_all_19951.88|1, 2x|NR_all_35542.140|1, 2y|NR_all_19951.88|1"
8G2D,"RNA3DB","1A|NR_all_97519.74|1, 1B|NR_all_42622.74|1, 1a|NR_all_65795.80|1, 1v|NR_all_86829.2|1, 1w|NR_all_19951.88|1, 1x|NR_all_35542.140|1, 1y|NR_all_19951.88|1, 2A|NR_all_97519.74|1, 2B|NR_all_42622.74|1, 2a|NR_all_65795.80|1, 2v|NR_all_86829.2|1, 2w|NR_all_19951.88|1, 2x|NR_all_35542.140|1, 2y|NR_all_19951.88|1"
8G2U,"RNA3DB","A|NR_all_10157.143|1, B|NR_all_83717.145|1, v|NR_all_56726.132|1"
8G2W,"RNA3DB","R|NR_all_86458.1|1"
8G31,"RNA3DB","A|NR_all_10157.143|1, B|NR_all_83717.145|1, v|NR_all_56726.132|1"
8G34,"RNA3DB","A|NR_all_10157.143|1, B|NR_all_83717.145|1, v|NR_all_56726.132|1"
8G38,"RNA3DB","A|NR_all_10157.143|1, B|NR_all_83717.145|1, v|NR_all_56726.132|1"
8G4I,"RNA3DB","2|NR_all_60443.4|1, g|NR_all_79757.1|1"
8G4S,"RNA3DB","2|NR_all_60443.4|1, g|NR_all_57053.1|1, h|NR_all_15663.1|1, i|NR_all_27379.1|1, k|NR_all_07488.1|1"
8G4W,"RNA3DB","R|NR_all_86032.1|1"
8G5M,"RNA3DB","R|NR_all_45021.1|1"
8G5N,"RNA3DB","R|NR_all_45021.1|1"
8G5O,"RNA3DB","R|NR_all_45021.1|1"
8G5P,"RNA3DB","R|NR_all_45021.1|1"
8G5Y,"RNA3DB","L5|NR_all_65061.34|2, L7|NR_all_52752.30|1, L8|NR_all_65061.34|2, Pt|NR_all_90476.1|1, S2|NR_all_46995.44|1"
8G5Z,"RNA3DB","At|NR_all_19951.88|1, L5|NR_all_65061.34|2, L7|NR_all_52752.30|1, L8|NR_all_65061.34|2, Pt|NR_all_35542.140|1, S2|NR_all_46995.44|1"
8G60,"RNA3DB","At|NR_all_20039.1|1, L5|NR_all_65061.34|2, L7|NR_all_52752.30|1, L8|NR_all_65061.34|2, Pt|NR_all_90476.1|1, S2|NR_all_46995.44|1"
8G61,"RNA3DB","At|NR_all_19951.88|1, L5|NR_all_65061.34|2, L7|NR_all_52752.30|1, L8|NR_all_65061.34|2, Pt|NR_all_35542.140|1, S2|NR_all_46995.44|1"
8G6J,"RNA3DB","At|NR_all_20039.1|1, L5|NR_all_65061.34|2, L7|NR_all_52752.30|1, L8|NR_all_65061.34|2, Pt|NR_all_90476.1|1, S2|NR_all_46995.44|1"
8G6R,"RNA3DB","I|NR_all_19500.1|2, J|NR_all_19500.1|2"
8G6W,"RNA3DB","A|NR_all_56726.132|1, Y|NR_all_19951.88|1, Z|NR_all_35542.140|1, a|NR_all_83717.145|1, b|NR_all_10157.143|1"
8G6X,"RNA3DB","Y|NR_all_19951.88|1, Z|NR_all_35542.140|1, a|NR_all_83717.145|1, b|NR_all_10157.143|1"
8G6Y,"RNA3DB","Y|NR_all_19951.88|1, Z|NR_all_35542.140|1, a|NR_all_83717.145|1, b|NR_all_10157.143|1"
8G7E,"RNA3DB","R|NR_all_86032.1|1"
8G7P,"RNA3DB","A|NR_all_83717.145|1, B|NR_all_10157.143|1, a|NR_all_56726.132|1, w|NR_all_30748.1|1, x|NR_all_35542.140|1, y|NR_all_35010.2|1"
8G7Q,"RNA3DB","A|NR_all_83717.145|1, B|NR_all_10157.143|1, a|NR_all_56726.132|1, w|NR_all_30748.1|1, x|NR_all_35542.140|1, y|NR_all_35010.2|1"
8G7R,"RNA3DB","A|NR_all_83717.145|1, B|NR_all_10157.143|1, a|NR_all_56726.132|1, w|NR_all_35010.2|1, x|NR_all_35542.140|1, y|NR_all_35010.2|1"
8G7S,"RNA3DB","A|NR_all_83717.145|1, B|NR_all_10157.143|1, a|NR_all_56726.132|1, x|NR_all_35010.2|1, y|NR_all_35010.2|1"
8G7T,"RNA3DB","X|NR_all_59956.1|2, Y|NR_all_59956.1|2"
8G7U,"RNA3DB","X|NR_all_59529.1|2, Y|NR_all_59529.1|2"
8G7V,"RNA3DB","X|NR_all_62631.1|2, Y|NR_all_62631.1|2"
8G8Z,"RNA3DB","R|NR_all_86032.1|1"
8G90,"RNA3DB","B|NR_all_80277.1|1"
8G91,"RNA3DB","B|NR_all_80277.1|1"
8G9L,"RNA3DB","D|NR_all_15435.1|1"
8G9O,"RNA3DB",""
8G9S,"RNA3DB","O|NR_all_77736.1|1"
8G9T,"RNA3DB","O|NR_all_72393.1|1"
8G9U,"RNA3DB","K|NR_all_13182.1|1"
8G9Z,"RNA3DB","E|NR_all_90840.6|1"
8GAF,"RNA3DB","K|NR_all_13182.1|1"
8GAM,"RNA3DB","K|NR_all_13182.1|1"
8GAN,"RNA3DB","K|NR_all_13182.1|1"
8GAO,"RNA3DB","P|NR_all_87992.1|1"
8GAP,"RNA3DB","B|NR_all_85596.2|1"
8GH6,"RNA3DB","R|NR_all_92917.1|1"
8GHU,"RNA3DB","a|NR_all_56726.132|1"
8GKH,"RNA3DB","W|NR_all_94089.1|1"
8GLP,"RNA3DB","L5|NR_all_65061.34|2, L7|NR_all_52752.30|1, L8|NR_all_65061.34|2, Pt|NR_all_90476.1|1, S2|NR_all_46995.44|1"
8GNA,"RNA3DB","C|NR_all_21756.2|2, J|NR_all_21756.2|2"
8GS2,"RNA3DB","D|NR_all_56375.1|2, R|NR_all_56375.1|2"
8GU6,"RNA3DB","C|NR_all_21756.2|2, J|NR_all_21756.2|2"
8GW1,"RNA3DB","I|NR_all_39156.1|2, J|NR_all_39156.1|2"
8GWB,"RNA3DB","I|NR_all_17196.3|2, J|NR_all_17196.3|2, M|NR_all_48777.2|1"
8GWE,"RNA3DB","H|NR_all_86034.1|1, I|NR_all_17196.3|2, J|NR_all_17196.3|2"
8GWF,"RNA3DB","I|NR_all_17196.3|2, J|NR_all_17196.3|2"
8GWG,"RNA3DB","I|NR_all_17196.3|2, J|NR_all_17196.3|2"
8GWI,"RNA3DB","I|NR_all_17196.3|2, J|NR_all_17196.3|2"
8GWK,"RNA3DB","I|NR_all_39156.1|2, J|NR_all_39156.1|2"
8GWM,"RNA3DB","I|NR_all_39156.1|2, J|NR_all_39156.1|2"
8GWN,"RNA3DB","I|NR_all_17196.3|2, J|NR_all_17196.3|2"
8GWO,"RNA3DB","I|NR_all_42570.1|2, J|NR_all_42570.1|2"
8GXB,"RNA3DB","A|NR_all_24274.1|1, B|NR_all_22486.1|1"
8GXC,"RNA Puzzles, RNA3DB","A|NR_all_24274.1|1, B|NR_all_22486.1|1"
8GZG,"RNA3DB","3|NR_all_90795.7|1"
8GZH,"RNA3DB","3|NR_all_78359.1|1"
8GZP,"RNA3DB","S|NR_all_14390.1|1"
8GZQ,"RNA3DB","S|NR_all_14390.1|1"
8GZR,"RNA3DB","C|NR_all_56009.1|1"
8H0I,"RNA3DB","X|NR_all_98769.1|1, Y|NR_all_98769.1|1"
8H0S,"RNA3DB","X|NR_all_76339.1|1, Y|NR_all_76339.1|1"
8H0V,"RNA3DB","P|NR_all_04793.1|1"
8H0W,"RNA3DB","P|NR_all_39526.1|1"
8H1B,"RNA3DB","C|NR_all_21822.1|1, D|NR_all_21822.1|1"
8H1C,"RNA3DB","C|NR_all_97567.1|1, D|NR_all_97567.1|1"
8H1J,"RNA3DB","B|NR_all_27790.1|1"
8H2H,"RNA3DB","A|NR_all_56999.3|1, B|NR_all_12248.1|1"
8H67,"RNA3DB","B|NR_all_73776.1|1"
8H69,"RNA3DB","3|NR_all_57948.1|2, 5|NR_all_57948.1|2"
8H6E,"RNA3DB","2A|NR_all_73426.10|1, 4A|NR_all_18569.1|1, 5A|NR_all_73286.27|1"
8H6J,"RNA3DB","2A|NR_all_73426.10|1, 4A|NR_all_18569.1|1, 5A|NR_all_73286.27|1"
8H6K,"RNA3DB","2A|NR_all_73426.10|1, 4A|NR_all_18569.1|1, 5A|NR_all_73286.27|1"
8H6L,"RNA3DB","2A|NR_all_73426.10|1, 4A|NR_all_18569.1|1, 5A|NR_all_73286.27|1"
8H7Q,"RNA3DB","D|NR_all_21008.1|1"
8H8E,"RNA3DB","G|NR_all_85257.1|1"
8H9D,"RNA3DB","G|NR_all_69473.1|1"
8HB1,"RNA3DB","A|NR_all_83957.1|2, B|NR_all_83957.1|2"
8HB3,"RNA3DB","A|NR_all_83957.1|2, B|NR_all_83957.1|2"
8HB8,"RNA Puzzles, RNA3DB","A|NR_all_36913.1|1"
8HBA,"RNA3DB","A|NR_all_36913.1|1, B|NR_all_36913.1|1"
8HD6,"RNA3DB","N|NR_all_69141.4|1"
8HD7,"RNA3DB","N|NR_all_69141.4|1"
8HE5,"RNA3DB","P|NR_all_32482.1|1"
8HF0,"RNA3DB","N|NR_all_37791.1|2, P|NR_all_37791.1|2"
8HF1,"RNA3DB","E|NR_all_70479.1|2, H|NR_all_70479.1|2, J|NR_all_53681.1|2, K|NR_all_53681.1|2, L|NR_all_53681.1|2, M|NR_all_53681.1|2"
8HFR,"RNA3DB","1e|NR_all_90506.74|2, 2f|NR_all_18586.69|1, 3n|NR_all_90506.74|2"
8HHL,"RNA3DB","B|NR_all_41414.1|1"
8HHM,"RNA3DB","B|NR_all_41414.1|1"
8HIM,"RNA3DB","P|NR_all_37091.1|1"
8HIO,"RNA3DB","B|NR_all_66074.1|1"
8HJ4,"RNA3DB","B|NR_all_97296.1|1"
8HK1,"RNA3DB","H|NR_all_73426.10|1"
8HKE,"RNA3DB","C|NR_all_73293.1|2, D|NR_all_73293.1|2"
8HKU,"RNA3DB","A23S|NR_all_27894.5|1, A5S|NR_all_69729.5|1, AETN|NR_all_49829.1|1"
8HKV,"RNA3DB","A23S|NR_all_27894.5|1, A5S|NR_all_69729.5|1"
8HKX,"RNA3DB","A16S|NR_all_09738.5|1"
8HKY,"RNA3DB","A16S|NR_all_09738.5|1, A23S|NR_all_27894.5|1, A5S|NR_all_69729.5|1, AATN|NR_all_12733.1|1, AETN|NR_all_36141.1|1, APTN|NR_all_12733.1|1"
8HKZ,"RNA3DB","A16S|NR_all_09738.5|1, A23S|NR_all_27894.5|1, A5S|NR_all_69729.5|1, AETN|NR_all_36141.1|1, APTN|NR_all_12733.1|1"
8HL1,"RNA3DB","A16S|NR_all_09738.5|1, A23S|NR_all_27894.5|1, A5S|NR_all_69729.5|1, AETN|NR_all_36141.1|1, AMRN|NR_all_58596.1|1, APTN|NR_all_12733.1|1"
8HL2,"RNA3DB","A16S|NR_all_09738.5|1, A23S|NR_all_27894.5|1, A5S|NR_all_69729.5|1, AETN|NR_all_36141.1|1, APTN|NR_all_12733.1|1"
8HL3,"RNA3DB","A16S|NR_all_09738.5|1, A23S|NR_all_27894.5|1, A5S|NR_all_69729.5|1, AETN|NR_all_36141.1|1, APTN|NR_all_12733.1|1"
8HL4,"RNA3DB","A16S|NR_all_09738.5|1, A23S|NR_all_27894.5|1, A5S|NR_all_69729.5|1, APTN|NR_all_12733.1|1"
8HL5,"RNA3DB","A16S|NR_all_09738.5|1, A23S|NR_all_27894.5|1, A5S|NR_all_69729.5|1, AATN|NR_all_12733.1|1, APTN|NR_all_36141.1|1"
8HMY,"RNA3DB","T|NR_all_50248.3|1"
8HMZ,"RNA3DB","3|NR_all_08971.1|2, 5|NR_all_08971.1|2"
8HNT,"RNA3DB","B|NR_all_70091.1|1"
8HNV,"RNA3DB","B|NR_all_70091.1|1"
8HNW,"RNA3DB","B|NR_all_70091.1|1"
8HR5,"RNA3DB","C|NR_all_46899.1|1"
8HRA,"RNA3DB","K|NR_all_28942.1|1, L|NR_all_28942.1|1, M|NR_all_28942.1|1"
8HRB,"RNA3DB","V|NR_all_28942.1|1, W|NR_all_28942.1|1, X|NR_all_28942.1|1, Y|NR_all_28942.1|1, Z|NR_all_28942.1|1, a|NR_all_28942.1|1"
8HSG,"RNA3DB","R|NR_all_28615.1|1"
8HSP,"RNA3DB","A|NR_all_56726.132|1, V|NR_all_44285.2|1, X|NR_all_35010.2|1, a|NR_all_83717.145|1, b|NR_all_10157.143|1"
8HSR,"RNA3DB","R|NR_all_28615.1|1"
8HTZ,"RNA3DB","A|NR_all_56726.132|1, V|NR_all_44285.2|1, X|NR_all_02142.2|1, a|NR_all_83717.145|1, b|NR_all_10157.143|1"
8HU1,"RNA3DB","A|NR_all_56726.132|1, V|NR_all_44285.2|1, X|NR_all_35010.2|1, a|NR_all_83717.145|1, b|NR_all_10157.143|1"
8HUD,"RNA3DB","B|NR_all_58924.1|1"
8HUJ,"RNA3DB","C|NR_all_51224.1|1"
8HYJ,"RNA3DB","P|NR_all_08625.1|1"
8HZD,"RNA3DB","A|NR_all_04219.1|1, B|NR_all_04219.1|1"
8HZE,"RNA3DB","A|NR_all_04219.1|1, B|NR_all_04219.1|1"
8HZF,"RNA3DB","A|NR_all_04219.1|1, B|NR_all_04219.1|1"
8HZJ,"RNA3DB","A|NR_all_04219.1|1, B|NR_all_04219.1|1"
8HZK,"RNA3DB","A|NR_all_04219.1|1, B|NR_all_04219.1|1"
8HZL,"RNA3DB","A|NR_all_53992.1|1, B|NR_all_53992.1|1"
8HZM,"RNA3DB","A|NR_all_04219.1|1, B|NR_all_04219.1|1"
8I0P,"RNA3DB","B|NR_all_73286.27|1, F|NR_all_73426.10|2, G|NR_all_04374.1|1, H|NR_all_73426.10|2"
8I0R,"RNA3DB","B|NR_all_73286.27|1, F|NR_all_73426.10|2, G|NR_all_48776.1|1, H|NR_all_73426.10|2"
8I0S,"RNA3DB","B|NR_all_73286.27|1, F|NR_all_73426.10|2, G|NR_all_94535.1|1, H|NR_all_73426.10|2"
8I0T,"RNA3DB","B|NR_all_73286.27|1, F|NR_all_73426.10|2, G|NR_all_94535.1|1, H|NR_all_73426.10|2"
8I0U,"RNA3DB","B|NR_all_73286.27|1, F|NR_all_73426.10|2, G|NR_all_13520.1|1, H|NR_all_73426.10|2"
8I0V,"RNA3DB","B|NR_all_73286.27|1, F|NR_all_73426.10|2, G|NR_all_13520.1|1, H|NR_all_73426.10|2"
8I0W,"RNA3DB","6|NR_all_48451.1|1, B|NR_all_73286.27|1, F|NR_all_86308.1|2, G|NR_all_99135.1|1, H|NR_all_86308.1|2"
8I3Q,"RNA3DB","C|NR_all_73350.1|1"
8I3Z,"RNA3DB","A|NR_all_83957.1|2, B|NR_all_83957.1|2"
8I43,"RNA3DB","A|NR_all_13991.1|1"
8I44,"RNA3DB","A|NR_all_13991.1|1"
8I45,"RNA3DB","A|NR_all_64698.1|1"
8I46,"RNA3DB","A|NR_all_64698.1|1"
8I54,"RNA3DB","B|NR_all_97357.1|1"
8I7J,"RNA3DB","2|NR_all_45441.2|1"
8I7N,"RNA3DB","N|NR_all_69141.4|1"
8I87,"RNA3DB","H|NR_all_17622.2|1, I|NR_all_17622.2|1, L|NR_all_17622.2|1, S|NR_all_17622.2|1"
8I88,"RNA3DB","L|NR_all_04288.4|1"
8I9P,"RNA3DB","C1|NR_all_93493.6|2, C2|NR_all_93493.6|2"
8I9R,"RNA3DB","C1|NR_all_93493.6|2, C2|NR_all_93493.6|2, C4|NR_all_95956.3|1"
8I9T,"RNA3DB","C1|NR_all_93493.6|2, C2|NR_all_93493.6|2, C3|NR_all_20260.2|1"
8I9V,"RNA3DB","C1|NR_all_93493.6|2, C2|NR_all_93493.6|2, C3|NR_all_20260.2|1"
8I9W,"RNA3DB","C1|NR_all_93493.6|2, C2|NR_all_93493.6|2"
8I9X,"RNA3DB","C1|NR_all_93493.6|2, C2|NR_all_93493.6|2"
8I9Y,"RNA3DB","C1|NR_all_93493.6|2, C2|NR_all_93493.6|2"
8I9Z,"RNA3DB","C1|NR_all_93493.6|2, C2|NR_all_93493.6|2"
8IA0,"RNA3DB","C1|NR_all_93493.6|2, C2|NR_all_93493.6|2"
8IAZ,"RNA3DB","E|NR_all_31511.1|1"
8IBW,"RNA3DB","D|NR_all_93618.1|1"
8IBX,"RNA3DB","D|NR_all_93618.1|1"
8IBY,"RNA3DB","E|NR_all_85680.1|1"
8IBZ,"RNA3DB","E|NR_all_49127.1|1"
8ID2,"RNA3DB","C|NR_all_73563.1|1, D|NR_all_73563.1|1"
8IDF,"RNA3DB","B|NR_all_18353.1|1"
8IDT,"RNA3DB","2|NR_all_65061.34|2, 5|NR_all_52752.30|1, 8|NR_all_65061.34|2"
8IDY,"RNA3DB","2|NR_all_65061.34|2, 5|NR_all_52752.30|1, 8|NR_all_65061.34|2"
8IE3,"RNA3DB","2|NR_all_65061.34|2, 5|NR_all_52752.30|1, 8|NR_all_65061.34|2"
8IEW,"RNA3DB","B|NR_all_79162.1|1"
8IFB,"RNA3DB","5|NR_all_19951.88|1, 6|NR_all_35542.140|1, A|NR_all_56726.132|1, a|NR_all_83717.145|1, b|NR_all_10157.143|1"
8IFC,"RNA3DB","5|NR_all_19951.88|1, 6|NR_all_35542.140|1, A|NR_all_56726.132|1, a|NR_all_83717.145|1, b|NR_all_10157.143|1"
8IFD,"RNA3DB","1A|NR_all_65061.34|2, 1B|NR_all_52752.30|1, 1C|NR_all_65061.34|2, 2m|NR_all_46995.44|1"
8IFE,"RNA3DB","1A|NR_all_65061.34|2, 1B|NR_all_52752.30|1, 1C|NR_all_65061.34|2, 2m|NR_all_46995.44|1"
8IFK,"RNA3DB","C|NR_all_02356.1|1"
8IFL,"RNA3DB","C|NR_all_02356.1|1, H|NR_all_02356.1|1, L|NR_all_02356.1|1, P|NR_all_02356.1|1"
8IFM,"RNA3DB","C|NR_all_02356.1|1, H|NR_all_02356.1|1, L|NR_all_02356.1|1, P|NR_all_02356.1|1"
8IN8,"RNA3DB","I|NR_all_20599.1|1"
8INB,"RNA3DB","B|NR_all_62443.1|1"
8INE,"RNA3DB","2|NR_all_65061.34|2, 5|NR_all_52752.30|1, 8|NR_all_65061.34|2"
8INF,"RNA3DB","2|NR_all_65061.34|2, 5|NR_all_52752.30|1, 8|NR_all_65061.34|2"
8INK,"RNA3DB","2|NR_all_65061.34|2, 3|NR_all_52752.30|1, 8|NR_all_65061.34|2"
8IP0,"RNA3DB","F|NR_all_89661.1|1"
8IP8,"RNA3DB","RB|NR_all_66212.3|2, SB|NR_all_66212.3|2, TB|NR_all_36101.3|1, aa|NR_all_29761.3|1, cl|NR_all_77122.1|1, dl|NR_all_60049.5|1"
8IP9,"RNA3DB","aa|NR_all_29761.3|1, cl|NR_all_77122.1|1"
8IPA,"RNA3DB","RB|NR_all_66212.3|2, SB|NR_all_66212.3|2, TB|NR_all_36101.3|1, aa|NR_all_29761.3|1, cl|NR_all_77122.1|1"
8IPB,"RNA3DB","RB|NR_all_66212.3|2, SB|NR_all_66212.3|2, TB|NR_all_36101.3|1, aa|NR_all_29761.3|1, cl|NR_all_77122.1|1"
8IPD,"RNA3DB","2|NR_all_65061.34|2, 3|NR_all_52752.30|1, 8|NR_all_65061.34|2"
8IPM,"RNA3DB","A|NR_all_57970.1|1"
8IPX,"RNA3DB","2|NR_all_65061.34|2, 3|NR_all_52752.30|1, 8|NR_all_65061.34|2"
8IPY,"RNA3DB","2|NR_all_65061.34|2, 3|NR_all_52752.30|1, 8|NR_all_65061.34|2"
8IR1,"RNA3DB","2|NR_all_65061.34|2, 8|NR_all_65061.34|2, W|NR_all_52752.30|1"
8IR3,"RNA3DB","2|NR_all_65061.34|2, 5|NR_all_52752.30|1, 8|NR_all_65061.34|2"
8ISS,"RNA3DB","E|NR_all_50248.3|1"
8ISZ,"RNA3DB","C|NR_all_53815.1|1"
8IT0,"RNA3DB","C|NR_all_53815.1|1, G|NR_all_53815.1|1"
8IT1,"RNA3DB","D|NR_all_53815.1|1, H|NR_all_53815.1|1, L|NR_all_53815.1|1, P|NR_all_53815.1|1"
8ITS,"RNA3DB","A|NR_all_40127.1|1"
8IUO,"RNA3DB","F|NR_all_16987.1|1"
8IYQ,"RNA3DB","O|NR_all_89104.1|1"
8J12,"RNA3DB","C|NR_all_52728.1|1"
8J1J,"RNA3DB","C|NR_all_00982.1|1"
8J1Z,"RNA3DB","a|NR_all_83717.145|1, b|NR_all_10157.143|1"
8J3R,"RNA3DB","C|NR_all_00982.1|1"
8J62,"RNA3DB","X|NR_all_01008.1|1, Y|NR_all_01008.1|1"
8J72,"RNA3DB","C|NR_all_17134.1|1"
8J7R,"RNA3DB","C|NR_all_51224.1|1"
8J7S,"RNA3DB","C|NR_all_04636.1|1, G|NR_all_04636.1|1, K|NR_all_04636.1|1, O|NR_all_04636.1|1"
8J8H,"RNA3DB","E|NR_all_83489.1|1"
8J9G,"RNA3DB","E|NR_all_83489.1|1"
8J9P,"RNA3DB","E|NR_all_83489.1|1, G|NR_all_83489.1|1"
8JA0,"RNA3DB","B|NR_all_97296.1|1"
8JAY,"RNA3DB","E|NR_all_83489.1|1, G|NR_all_83489.1|1, K|NR_all_83489.1|1, O|NR_all_83489.1|1"
8JBB,"RNA3DB","C|NR_all_53003.3|1, D|NR_all_53003.3|1"
8JCH,"RNA3DB","P|NR_all_05801.1|1"
8JDJ,"RNA3DB","A|NR_all_95405.1|1, B|NR_all_58684.1|1, C|NR_all_58684.1|1, D|NR_all_65061.34|1, E|NR_all_52752.30|1, F|NR_all_91171.6|1, w|NR_all_46995.44|1"
8JDK,"RNA3DB","A|NR_all_95405.1|1, B|NR_all_58684.1|1, C|NR_all_58684.1|1, D|NR_all_65061.34|1, E|NR_all_52752.30|1, F|NR_all_91171.6|1, w|NR_all_46995.44|1"
8JDL,"RNA3DB","A|NR_all_18755.1|1, B|NR_all_57309.1|1, D|NR_all_65061.34|1, E|NR_all_52752.30|1, F|NR_all_91171.6|1, w|NR_all_46995.44|1"
8JDM,"RNA3DB","A|NR_all_18755.1|1, B|NR_all_54266.1|1, C|NR_all_57309.1|1, D|NR_all_65061.34|1, E|NR_all_52752.30|1, F|NR_all_91171.6|1, w|NR_all_46995.44|1"
8JFT,"RNA3DB","B|NR_all_04304.1|1"
8JG9,"RNA3DB","B|NR_all_04304.1|1, E|NR_all_04304.1|1"
8JH1,"RNA3DB","C|NR_all_64918.25|1"
8JH2,"RNA3DB","P|NR_all_34948.2|1"
8JH3,"RNA3DB","P|NR_all_73791.1|1"
8JH4,"RNA3DB","P|NR_all_31842.1|1"
8JHP,"RNA3DB","A|NR_all_19179.1|1"
8JIV,"RNA3DB","Aa|NR_all_66212.3|2, Ab|NR_all_36101.3|1, Ac|NR_all_66212.3|2"
8JIW,"RNA3DB","Ad|NR_all_29761.3|1"
8JL0,"RNA3DB","C|NR_all_46054.2|1"
8JOZ,"RNA3DB","B|NR_all_41726.1|1"
8JR8,"RNA3DB",""
8JSG,"RNA3DB","g|NR_all_56726.132|1"
8JSH,"RNA3DB","g|NR_all_56726.132|1"
8JSL,"RNA3DB","G|NR_all_51746.1|1"
8JSM,"RNA3DB","G|NR_all_51746.1|1"
8JSN,"RNA3DB","G|NR_all_51746.1|1"
8JTJ,"RNA3DB","B|NR_all_56552.1|1"
8JTR,"RNA3DB","B|NR_all_36280.1|1"
8JY0,"RNA3DB","B|NR_all_62048.1|1, D|NR_all_62048.1|1, F|NR_all_62048.1|1"
8K0K,"RNA3DB","J|NR_all_68688.1|1"
8K0P,"RNA3DB","A|NR_all_21059.1|1, C|NR_all_21059.1|1"
8K0Q,"RNA3DB","A|NR_all_21059.1|1, C|NR_all_21059.1|1"
8K0R,"RNA3DB","A|NR_all_21059.1|1, C|NR_all_21059.1|1"
8K0S,"RNA3DB","A|NR_all_21059.1|1, C|NR_all_21059.1|1"
8K15,"RNA3DB","C|NR_all_41189.1|1"
8K22,"RNA3DB","P|NR_all_80214.2|1"
8K23,"RNA3DB","P|NR_all_80214.2|1, p|NR_all_80214.2|1"
8K24,"RNA3DB","P|NR_all_80214.2|1, p|NR_all_80214.2|1"
8K27,"RNA3DB","P|NR_all_80214.2|1"
8K28,"RNA3DB","P|NR_all_30210.1|1"
8K29,"RNA3DB","P|NR_all_80214.2|1"
8K2A,"RNA3DB","L1|NR_all_12763.29|1, L2|NR_all_73428.23|1, S1|NR_all_93855.17|1"
8K2B,"RNA3DB","L1|NR_all_12763.29|1, L2|NR_all_73428.23|1"
8K2C,"RNA3DB","CC|NR_all_83098.3|1, L5|NR_all_65061.34|2, L7|NR_all_52752.30|1, L8|NR_all_65061.34|2, S2|NR_all_46995.44|1"
8K2D,"RNA3DB","C1|NR_all_90506.74|2, C2|NR_all_03510.64|1, C3|NR_all_90506.74|2, C4|NR_all_18586.69|1"
8K34,"RNA3DB","C|NR_all_02356.1|1"
8K3O,"RNA3DB","A|NR_all_56726.132|1, V|NR_all_59062.1|1"
8K4E,"RNA3DB","A|NR_all_56726.132|1, V|NR_all_91378.1|1"
8K58,"RNA3DB","J|NR_all_61775.1|1"
8K59,"RNA3DB",""
8K5A,"RNA3DB","J|NR_all_93553.1|1"
8K5P,"RNA3DB","P|NR_all_38665.1|1"
8K82,"RNA3DB","C1|NR_all_90506.74|2, C2|NR_all_03510.64|1, C3|NR_all_90506.74|2, C4|NR_all_18586.69|1, C5|NR_all_81815.1|1, C7|NR_all_56015.1|1"
8K87,"RNA3DB","D|NR_all_46054.2|1, I|NR_all_46054.2|1"
8K88,"RNA3DB","D|NR_all_46054.2|1"
8K8B,"RNA3DB","A|NR_all_22162.1|1"
8K9G,"RNA3DB","C|NR_all_53815.1|1, G|NR_all_53815.1|1"
8KAB,"RNA3DB","A|NR_all_76090.9|1, B|NR_all_89181.3|1"
8KAG,"RNA3DB","A|NR_all_18107.1|1"
8KAH,"RNA3DB","I|NR_all_51201.1|1, J|NR_all_51201.1|1"
8KAI,"RNA3DB","I|NR_all_51201.1|1, J|NR_all_51201.1|1"
8KAJ,"RNA3DB","I|NR_all_51201.1|1, J|NR_all_51201.1|1"
8KAK,"RNA3DB","A|NR_all_18107.1|1, E|NR_all_18107.1|1"
8KAL,"RNA3DB","A|NR_all_18107.1|1, E|NR_all_18107.1|1"
8KAM,"RNA3DB","A|NR_all_18107.1|1"
8KBC,"RNA3DB","N|NR_all_65223.11|1, O|NR_all_65223.11|1, P|NR_all_65223.11|1, Q|NR_all_65223.11|1"
8KBD,"RNA3DB","N|NR_all_87543.1|1, O|NR_all_87543.1|1, P|NR_all_87543.1|1, Q|NR_all_87543.1|1"
8KBF,"RNA3DB","C|NR_all_65223.11|1, D|NR_all_65223.11|1"
8KBH,"RNA3DB","J|NR_all_65223.11|1, K|NR_all_65223.11|1, L|NR_all_65223.11|1"
8KD9,"RNA3DB","M|NR_all_21737.1|1, N|NR_all_21737.1|1, O|NR_all_21737.1|1, P|NR_all_21737.1|1, T|NR_all_21737.1|1"
8KDA,"RNA3DB","M|NR_all_21737.1|1, N|NR_all_21737.1|1, O|NR_all_21737.1|1, P|NR_all_21737.1|1, T|NR_all_21737.1|1"
8KGF,"RNA3DB","G|NR_all_02218.1|1"
8KI7,"RNA3DB","B|NR_all_47897.1|1, E|NR_all_63957.1|1, F|NR_all_66490.1|1"
8KI8,"RNA3DB","E|NR_all_63957.1|1"
8KIE,"RNA3DB","a|NR_all_83717.145|1"
8OEQ,"RNA3DB","1|NR_all_71228.8|1, 3|NR_all_83277.8|1, 4|NR_all_27495.1|1, AS|NR_all_71228.8|1, AT|NR_all_83277.8|1, AU|NR_all_27495.1|1, B|NR_all_22526.6|1, CM|NR_all_22526.6|1"
8OEU,"RNA3DB","P|NR_all_23614.1|1"
8OEV,"RNA3DB","P|NR_all_23614.1|1"
8OEW,"RNA3DB","P|NR_all_23614.1|1"
8OF0,"RNA3DB","P|NR_all_23614.1|1"
8OGJ,"RNA3DB","10|NR_all_72694.3|1, 1|NR_all_71228.8|1, 3|NR_all_83277.8|1, 4|NR_all_27495.1|1, A|NR_all_22526.6|1"
8OH6,"RNA3DB","1|NR_all_71228.8|1, 3|NR_all_83277.8|1, 4|NR_all_27495.1|1, AS|NR_all_71228.8|1, AT|NR_all_83277.8|1, AU|NR_all_27495.1|1, B|NR_all_22526.6|1, CM|NR_all_22526.6|1"
8OHD,"RNA3DB","5|NR_all_65061.34|2, 7|NR_all_52752.30|1, 8|NR_all_65061.34|2"
8OI5,"RNA3DB","1|NR_all_71228.8|1, 3|NR_all_83277.8|1, 4|NR_all_27495.1|1, AS|NR_all_71228.8|1, AT|NR_all_83277.8|1, AU|NR_all_27495.1|1, B|NR_all_22526.6|1, CM|NR_all_22526.6|1"
8OIN,"RNA3DB","AA|NR_all_19551.7|1, AG|NR_all_64798.1|1, B7|NR_all_60049.5|1, B8|NR_all_24610.3|1, B9|NR_all_33675.3|1"
8OIP,"RNA3DB","AA|NR_all_19551.7|1, AG|NR_all_64798.1|1"
8OIQ,"RNA3DB","AG|NR_all_64798.1|1, B7|NR_all_60049.5|1, B8|NR_all_24610.3|1, B9|NR_all_33675.3|1"
8OIR,"RNA3DB","AA|NR_all_93855.17|1, AG|NR_all_64798.1|1, B7|NR_all_60049.5|1, B8|NR_all_12763.29|1, B9|NR_all_73428.23|1"
8OIS,"RNA3DB","AA|NR_all_93855.17|1, AG|NR_all_64798.1|1"
8OIT,"RNA3DB","AG|NR_all_64798.1|1, B7|NR_all_60049.5|1, B8|NR_all_12763.29|1, B9|NR_all_73428.23|1"
8OIV,"RNA3DB","D|NR_all_11916.1|1"
8OJ0,"RNA3DB","5|NR_all_65061.34|2, 7|NR_all_52752.30|1, 8|NR_all_65061.34|2"
8OJ3,"RNA3DB","1|NR_all_71228.8|1, 3|NR_all_83277.8|1, 4|NR_all_27495.1|1, AS|NR_all_71228.8|1, AT|NR_all_83277.8|1, AU|NR_all_27495.1|1, B|NR_all_22526.6|1, CM|NR_all_22526.6|1"
8OJ5,"RNA3DB","5|NR_all_65061.34|2, 7|NR_all_52752.30|1, 8|NR_all_65061.34|2"
8OJ8,"RNA3DB","5|NR_all_65061.34|2, 7|NR_all_52752.30|1, 8|NR_all_65061.34|2"
8OKD,"RNA3DB","C|NR_all_05934.1|1, X|NR_all_05934.1|1"
8OKI,"RNA3DB","Z|NR_all_49210.1|1"
8OLS,"RNA3DB","A|NR_all_35054.6|1"
8OLV,"RNA3DB","A|NR_all_35054.6|1"
8OLW,"RNA3DB","A|NR_all_35054.6|1"
8OLY,"RNA3DB","A|NR_all_35054.6|1"
8OLZ,"RNA3DB","A|NR_all_35054.6|1"
8OM0,"RNA3DB","A|NR_all_35054.6|1"
8OM2,"RNA3DB","r|NR_all_67193.4|1"
8OM3,"RNA3DB","r|NR_all_67193.4|1"
8OM4,"RNA3DB","r|NR_all_67193.4|1"
8OMR,"RNA3DB","C|NR_all_77347.1|1"
8ONY,"RNA3DB","5|NR_all_65061.34|1, 8|NR_all_91171.6|1"
8ONZ,"RNA3DB","1|NR_all_93493.6|1, 2|NR_all_37310.3|1"
8OO0,"RNA3DB","1|NR_all_93493.6|2, 2|NR_all_48690.3|1, 3|NR_all_15429.2|1, 4|NR_all_93493.6|2"
8OOU,"RNA3DB","U|NR_all_60623.1|1, e|NR_all_60623.1|1"
8OOY,"RNA3DB",""
8OP1,"RNA3DB","F|NR_all_03296.1|1, G|NR_all_03296.1|1, H|NR_all_03296.1|1, I|NR_all_03296.1|1, J|NR_all_03296.1|1"
8OP2,"RNA3DB","C|NR_all_60623.1|1, U|NR_all_60623.1|1"
8OPC,"RNA3DB","Ab|NR_all_97731.1|1, Ad|NR_all_97731.1|1, Af|NR_all_97731.1|1, Ah|NR_all_97731.1|1, Aj|NR_all_97731.1|1, Al|NR_all_97731.1|1, An|NR_all_97731.1|1, Ap|NR_all_97731.1|1, Ar|NR_all_97731.1|1, At|NR_all_97731.1|1, Av|NR_all_97731.1|1, Ax|NR_all_97731.1|1, Az|NR_all_97731.1|1, Bb|NR_all_97731.1|1, Bd|NR_all_97731.1|1, Bf|NR_all_97731.1|1, Bh|NR_all_97731.1|1, Bj|NR_all_97731.1|1, Bl|NR_all_97731.1|1, Bn|NR_all_97731.1|1, Bp|NR_all_97731.1|1, Br|NR_all_97731.1|1, Bt|NR_all_97731.1|1, Bv|NR_all_97731.1|1, Bx|NR_all_97731.1|1, Bz|NR_all_97731.1|1, Cb|NR_all_97731.1|1, Cd|NR_all_97731.1|1"
8OPE,"RNA3DB","Ab|NR_all_59199.1|1, Ad|NR_all_59199.1|1, Af|NR_all_59199.1|1, Ah|NR_all_59199.1|1, Aj|NR_all_59199.1|1, Al|NR_all_59199.1|1, An|NR_all_59199.1|1, Ap|NR_all_59199.1|1, Ar|NR_all_59199.1|1, At|NR_all_59199.1|1, Av|NR_all_59199.1|1, Ax|NR_all_59199.1|1, Az|NR_all_59199.1|1, Bb|NR_all_59199.1|1, Bd|NR_all_59199.1|1, Bf|NR_all_59199.1|1, Bh|NR_all_59199.1|1, Bj|NR_all_59199.1|1, Bl|NR_all_59199.1|1, Bn|NR_all_59199.1|1, Bp|NR_all_59199.1|1"
8OPL,"RNA3DB","Aj|NR_all_59199.1|1, Ak|NR_all_59199.1|1, Al|NR_all_59199.1|1, Am|NR_all_59199.1|1, An|NR_all_59199.1|1, Ao|NR_all_59199.1|1, Ap|NR_all_59199.1|1, Aq|NR_all_59199.1|1, Ar|NR_all_59199.1|1, Bb|NR_all_59199.1|1, Bc|NR_all_59199.1|1, Bd|NR_all_59199.1|1, Be|NR_all_59199.1|1, Bf|NR_all_59199.1|1, Bg|NR_all_59199.1|1, Bh|NR_all_59199.1|1, Bi|NR_all_59199.1|1, Bj|NR_all_59199.1|1, Bt|NR_all_59199.1|1, Bu|NR_all_59199.1|1, Bv|NR_all_59199.1|1, Bw|NR_all_59199.1|1, Bx|NR_all_59199.1|1, By|NR_all_59199.1|1, Bz|NR_all_59199.1|1, Ca|NR_all_59199.1|1, Cb|NR_all_59199.1|1"
8OPP,"RNA3DB","D|NR_all_11158.1|1"
8OPS,"RNA3DB","C|NR_all_45353.1|1"
8OPT,"RNA3DB","D|NR_all_36944.1|1"
8OST,"RNA3DB","C|NR_all_10782.1|1"
8OUE,"RNA3DB","B|NR_all_83333.1|1"
8OUF,"RNA3DB","B|NR_all_83333.1|1"
8OVA,"RNA3DB","AA|NR_all_25291.1|1, AB|NR_all_62345.1|1, BA|NR_all_53844.1|2, BB|NR_all_61825.2|1, BC|NR_all_53844.1|2, BD|NR_all_16696.1|1, BE|NR_all_30437.1|1, BF|NR_all_83923.1|1, BG|NR_all_15384.1|1, BH|NR_all_30449.1|1"
8OVE,"RNA3DB","AA|NR_all_25291.1|1, AB|NR_all_62345.1|1, BA|NR_all_53844.1|2, BB|NR_all_61825.2|1, BC|NR_all_53844.1|2, BD|NR_all_16696.1|1, BE|NR_all_30437.1|1, BF|NR_all_83923.1|1, BG|NR_all_15384.1|1, BH|NR_all_30449.1|1"
8OVJ,"RNA3DB","1|NR_all_23368.1|2, 2|NR_all_06042.1|1, 3|NR_all_31798.1|1, 4|NR_all_18574.1|1, 5|NR_all_96456.1|1, 6|NR_all_46846.1|1, 7|NR_all_23368.1|2, 8|NR_all_50971.1|1, S1|NR_all_46927.1|1, S4|NR_all_76740.2|1"
8OZ0,"RNA3DB","W|NR_all_46995.44|1, y|NR_all_49851.1|1, z|NR_all_29672.1|1"
8OZ6,"RNA3DB","I|NR_all_52189.1|1, K|NR_all_52189.1|1, M|NR_all_52189.1|1, N|NR_all_52189.1|1"
8OZD,"RNA3DB","F|NR_all_52189.1|1, I|NR_all_52189.1|1"
8OZE,"RNA3DB","A|NR_all_17622.2|1, N|NR_all_17622.2|1"
8OZF,"RNA3DB","I|NR_all_52189.1|1, K|NR_all_52189.1|1, N|NR_all_52189.1|1, O|NR_all_52189.1|1"
8OZG,"RNA3DB","I|NR_all_52189.1|1, K|NR_all_52189.1|1, N|NR_all_52189.1|1, O|NR_all_52189.1|1"
8OZI,"RNA3DB","I|NR_all_52189.1|1, K|NR_all_52189.1|1, M|NR_all_52189.1|1, N|NR_all_52189.1|1"
8P03,"RNA3DB","1|NR_all_77343.4|1, 2|NR_all_21280.33|1"
8P09,"RNA3DB","1|NR_all_77343.4|1, 2|NR_all_21280.33|1"
8P0B,"RNA3DB","R|NR_all_89651.1|1, V|NR_all_85495.1|1"
8P0G,"RNA3DB","R|NR_all_85495.1|2, V|NR_all_85495.1|2"
8P0U,"RNA3DB","R|NR_all_89651.1|1, V|NR_all_85495.1|1"
8P16,"RNA3DB","1|NR_all_83717.145|1, 2|NR_all_56726.132|1, 3|NR_all_10157.143|1, 5|NR_all_35542.140|1"
8P17,"RNA3DB","1|NR_all_83717.145|1, 2|NR_all_56726.132|1, 3|NR_all_10157.143|1, 5|NR_all_35542.140|1"
8P18,"RNA3DB","1|NR_all_83717.145|1, 2|NR_all_56726.132|1, 3|NR_all_10157.143|1, 5|NR_all_35542.140|1"
8P1M,"RNA3DB","D|NR_all_40415.1|1"
8P1N,"RNA3DB","B|NR_all_40415.1|1"
8P2F,"RNA3DB","A|NR_all_90633.23|1, B|NR_all_83891.22|1, D|NR_all_35542.140|1, F|NR_all_35542.140|1, a|NR_all_74023.13|1"
8P2G,"RNA3DB","A|NR_all_90633.23|1, B|NR_all_83891.22|1, D|NR_all_35542.140|1, a|NR_all_74023.13|1"
8P2H,"RNA3DB","A|NR_all_90633.23|1, B|NR_all_83891.22|1, D|NR_all_35542.140|1, a|NR_all_74023.13|1"
8P2K,"RNA3DB","A2|NR_all_21280.33|1, AI|NR_all_33878.1|1, AT|NR_all_68467.12|1, B5|NR_all_06650.37|2, B7|NR_all_10255.37|1, B8|NR_all_06650.37|2"
8P4A,"RNA3DB","P|NR_all_19794.1|1"
8P4B,"RNA3DB","P|NR_all_39444.1|1"
8P4C,"RNA3DB","P|NR_all_35439.1|1"
8P4D,"RNA3DB","P|NR_all_39444.1|1"
8P4E,"RNA3DB","P|NR_all_69445.1|1"
8P4F,"RNA3DB","P|NR_all_13781.1|1"
8P4V,"RNA3DB","1|NR_all_90506.74|1, 3|NR_all_18586.69|1, 4|NR_all_13071.5|1, AR|NR_all_90506.74|1, AS|NR_all_18586.69|1, AT|NR_all_13071.5|1, A|NR_all_03510.64|1, sR|NR_all_03510.64|1"
8P5D,"RNA3DB","L50|NR_all_39468.1|1, L70|NR_all_25416.1|1, S60|NR_all_62666.1|1"
8P60,"RNA3DB","K50|NR_all_39468.1|1, K70|NR_all_25416.1|1, L50|NR_all_39468.1|1, L70|NR_all_25416.1|1, R60|NR_all_62666.1|1, S60|NR_all_62666.1|1"
8P6P,"RNA3DB","3|NR_all_71631.1|1, 5|NR_all_01186.2|1, 7|NR_all_33048.1|1, 8|NR_all_08950.1|1, Y|NR_all_52719.1|1"
8P7B,"RNA3DB","R|NR_all_64750.1|1, T|NR_all_64750.1|1"
8P7C,"RNA3DB","R|NR_all_64750.1|1, T|NR_all_64750.1|1"
8P7D,"RNA3DB","R|NR_all_64750.1|1"
8P7X,"RNA3DB","3|NR_all_06181.2|1, 4|NR_all_76251.2|1, 5|NR_all_01186.2|1, 6|NR_all_19355.1|1, 7|NR_all_33048.1|1, 8|NR_all_08950.1|1, Y|NR_all_52719.1|1"
8P7Y,"RNA3DB","3|NR_all_06181.2|1, 4|NR_all_76251.2|1, 5|NR_all_01186.2|1, 6|NR_all_19355.1|1, 7|NR_all_33048.1|1, 8|NR_all_08950.1|1, Y|NR_all_52719.1|1"
8P8B,"RNA3DB","3|NR_all_06181.2|1, 4|NR_all_76251.2|1, 5|NR_all_33013.1|1, 6|NR_all_10129.1|1, 7|NR_all_33048.1|1, 8|NR_all_08950.1|1, Y|NR_all_20010.1|1"
8P8M,"RNA3DB","A|NR_all_90506.74|2, LD|NR_all_90506.74|2, LE|NR_all_18586.69|1"
8P8N,"RNA3DB","A|NR_all_90506.74|2, LD|NR_all_90506.74|2, LE|NR_all_18586.69|1"
8P8U,"RNA3DB","A|NR_all_90506.74|2, LD|NR_all_90506.74|2, LE|NR_all_18586.69|1"
8P8V,"RNA3DB","3|NR_all_06181.2|1, 4|NR_all_76251.2|1, 5|NR_all_01186.2|1, 6|NR_all_19355.1|1, 7|NR_all_33048.1|1, 8|NR_all_08950.1|1, Y|NR_all_09759.1|1"
8P8W,"RNA3DB","3|NR_all_06181.2|1, 4|NR_all_76251.2|1, 5|NR_all_01186.2|1, 6|NR_all_19355.1|1, 7|NR_all_33048.1|1, Y|NR_all_39901.1|1"
8P9A,"RNA3DB","1|NR_all_90506.74|2, 3|NR_all_18586.69|1, 4|NR_all_90506.74|2, AR|NR_all_90506.74|2, AS|NR_all_18586.69|1, AT|NR_all_90506.74|2, A|NR_all_03510.64|1, sR|NR_all_03510.64|1"
8PBL,"RNA3DB","R|NR_all_41685.1|1"
8PDL,"RNA3DB","B|NR_all_13111.1|1"
8PDM,"RNA3DB","B|NR_all_13111.1|1"
8PDN,"RNA3DB","a|NR_all_13111.1|1, b|NR_all_13111.1|1, c|NR_all_13111.1|1, d|NR_all_13111.1|1, e|NR_all_13111.1|1, f|NR_all_13111.1|1, g|NR_all_13111.1|1, h|NR_all_13111.1|1, i|NR_all_13111.1|1, j|NR_all_13111.1|1, k|NR_all_13111.1|1, l|NR_all_13111.1|1"
8PDO,"RNA3DB","C|NR_all_22497.1|1"
8PDP,"RNA3DB","E|NR_all_13111.1|1"
8PDQ,"RNA3DB","E|NR_all_13111.1|1"
8PDR,"RNA3DB","a|NR_all_13111.1|1, b|NR_all_13111.1|1, c|NR_all_13111.1|1, d|NR_all_13111.1|1, e|NR_all_13111.1|1, f|NR_all_13111.1|1, g|NR_all_13111.1|1, h|NR_all_13111.1|1, i|NR_all_13111.1|1, j|NR_all_13111.1|1, k|NR_all_13111.1|1"
8PDS,"RNA3DB","E|NR_all_22497.1|1"
8PDY,"RNA3DB","R|NR_all_28137.1|1"
8PE3,"RNA3DB","C|NR_all_51931.1|1, D|NR_all_65380.1|1, E|NR_all_65380.1|1"
8PEG,"RNA3DB","7|NR_all_83717.145|1, 8|NR_all_10157.143|1, A|NR_all_56726.132|1, W|NR_all_19951.88|1, X|NR_all_35213.1|1, Y|NR_all_69813.13|1"
8PEN,"RNA3DB","R|NR_all_90859.1|1"
8PFG,"RNA3DB","R|NR_all_68434.1|1"
8PFJ,"RNA3DB","R|NR_all_68434.1|1"
8PFK,"RNA3DB","A|NR_all_24936.2|1"
8PFQ,"RNA3DB","A|NR_all_24936.2|1, B|NR_all_24936.2|1"
8PFR,"RNA3DB","A|NR_all_90506.74|2, LD|NR_all_90506.74|2, LE|NR_all_18586.69|1"
8PH9,"RNA3DB","R|NR_all_81513.1|1"
8PHJ,"RNA3DB","7|NR_all_35542.140|1, 8|NR_all_35542.140|1, 9|NR_all_46002.1|1, A|NR_all_56726.132|1, Z|NR_all_15120.1|1, a|NR_all_83717.145|1, b|NR_all_10157.143|1"
8PHK,"RNA3DB","R|NR_all_90859.1|1"
8PIB,"RNA3DB","R|NR_all_90859.1|1"
8PID,"RNA3DB","R|NR_all_46173.1|1"
8PIL,"RNA3DB","R|NR_all_90859.1|1"
8PIM,"RNA3DB","R|NR_all_68434.1|1"
8PJ1,"RNA3DB","7|NR_all_50481.1|1, A|NR_all_46995.44|1, w|NR_all_83098.3|1"
8PJ2,"RNA3DB","7|NR_all_55546.1|1, A|NR_all_46995.44|1, w|NR_all_83098.3|1"
8PJ3,"RNA3DB","7|NR_all_55546.1|1, A|NR_all_46995.44|1, w|NR_all_83098.3|1"
8PJ4,"RNA3DB","7|NR_all_55546.1|1, A|NR_all_46995.44|1, w|NR_all_83098.3|1"
8PJ5,"RNA3DB","7|NR_all_55546.1|1, A|NR_all_46995.44|1, w|NR_all_83098.3|1"
8PJ6,"RNA3DB","7|NR_all_55546.1|1, A|NR_all_46995.44|1, w|NR_all_83098.3|1"
8PJ9,"RNA3DB","B|NR_all_38695.1|1, C|NR_all_38455.1|1"
8PJB,"RNA3DB","C|NR_all_00684.1|1"
8PJJ,"RNA3DB","B|NR_all_13347.1|1"
8PK0,"RNA3DB","A|NR_all_12763.29|1, B|NR_all_73428.23|1"
8PKL,"RNA3DB","7|NR_all_83717.145|1, 8|NR_all_10157.143|1, A|NR_all_56726.132|1, W|NR_all_51962.5|1, X|NR_all_24890.5|1, Y|NR_all_20585.3|1"
8PM0,"RNA3DB","V|NR_all_90498.1|1"
8PM4,"RNA3DB","B|NR_all_07275.1|1"
8PNF,"RNA3DB","A|NR_all_00585.1|1"
8PNP,"RNA3DB","V|NR_all_90498.1|1"
8PNQ,"RNA3DB","M|NR_all_31827.1|2, V|NR_all_31827.1|2"
8POH,"RNA3DB","R|NR_all_90498.1|2, S|NR_all_90498.1|2, U|NR_all_90498.1|2, V|NR_all_90498.1|2"
8POT,"RNA3DB","B|NR_all_11709.2|1"
8PPK,"RNA3DB","2|NR_all_46995.44|1"
8PPL,"RNA3DB","A2|NR_all_46995.44|1, Iw|NR_all_83098.3|1"
8PSH,"RNA3DB","B|NR_all_03375.1|1"
8PSN,"RNA3DB","S|NR_all_15935.1|1, V|NR_all_64342.1|1"
8PSO,"RNA3DB","S|NR_all_15935.1|1, V|NR_all_64342.1|1"
8PSQ,"RNA3DB","S|NR_all_14261.1|1, V|NR_all_21181.1|1"
8PSS,"RNA3DB","S|NR_all_14261.1|1, V|NR_all_21181.1|1"
8PSU,"RNA3DB","S|NR_all_15935.1|1, V|NR_all_52781.2|1"
8PSX,"RNA3DB","P|NR_all_77715.1|1, S|NR_all_40884.1|1, V|NR_all_52781.2|1"
8PSZ,"RNA3DB","D|NR_all_52781.2|1, P|NR_all_77715.1|1, S|NR_all_40884.1|1, V|NR_all_52781.2|1"
8PT2,"RNA3DB","D|NR_all_52781.2|1, V|NR_all_52781.2|1"
8PT6,"RNA3DB","S|NR_all_15935.1|1, V|NR_all_64342.1|1"
8PT7,"RNA3DB","S|NR_all_14261.1|1, V|NR_all_21181.1|1"
8PTG,"RNA3DB","R|NR_all_42979.1|1"
8PTH,"RNA3DB","D|NR_all_52781.2|1, V|NR_all_52781.2|1"
8PTJ,"RNA3DB","D|NR_all_52781.2|1, V|NR_all_52781.2|1"
8PTX,"RNA3DB","X|NR_all_05934.1|1"
8PTZ,"RNA3DB","X|NR_all_05934.1|1"
8PU0,"RNA3DB","X|NR_all_05934.1|1"
8PV1,"RNA3DB","C1|NR_all_93493.6|2, C2|NR_all_93493.6|2, C3|NR_all_20260.2|1, C4|NR_all_95956.3|1"
8PV2,"RNA3DB","C1|NR_all_93493.6|2, C2|NR_all_93493.6|2, C4|NR_all_95956.3|1"
8PV3,"RNA3DB","C1|NR_all_93493.6|2, C2|NR_all_93493.6|2, C3|NR_all_20260.2|1, C4|NR_all_95956.3|1"
8PV4,"RNA3DB","C1|NR_all_93493.6|2, C2|NR_all_93493.6|2, C3|NR_all_20260.2|1, C4|NR_all_95956.3|1"
8PV5,"RNA3DB","C1|NR_all_93493.6|2, C2|NR_all_93493.6|2, C4|NR_all_95956.3|1"
8PV6,"RNA3DB","C1|NR_all_93493.6|2, C2|NR_all_93493.6|2, C3|NR_all_29885.1|1, C4|NR_all_95956.3|1"
8PV7,"RNA3DB","C1|NR_all_93493.6|2, C2|NR_all_93493.6|2, C3|NR_all_20260.2|1, C4|NR_all_95956.3|1"
8PV8,"RNA3DB","C1|NR_all_93493.6|1, C2|NR_all_37310.3|1, C4|NR_all_95956.3|1"
8PVA,"RNA3DB","5|NR_all_96686.1|1, A|NR_all_56726.132|1, Y|NR_all_69813.13|1, Z|NR_all_35542.140|1, a|NR_all_83717.145|1, b|NR_all_10157.143|1"
8PVK,"RNA3DB","C1|NR_all_93493.6|1, C2|NR_all_37310.3|1, C3|NR_all_20260.2|1, C4|NR_all_95956.3|1"
8PVL,"RNA3DB","C1|NR_all_93493.6|1, C2|NR_all_37310.3|1, C3|NR_all_29885.1|1, C4|NR_all_95956.3|1"
8PVV,"RNA3DB","R|NR_all_87557.1|1"
8PXS,"RNA3DB","R|NR_all_66856.1|1"
8PZP,"RNA3DB","B|NR_all_67600.1|1"
8PZQ,"RNA3DB","D|NR_all_67600.1|1, E|NR_all_67600.1|1"
8Q3Z,"RNA3DB","X|NR_all_64918.25|1"
8Q40,"RNA3DB","X|NR_all_64918.25|1"
8Q41,"RNA3DB","X|NR_all_64918.25|1"
8Q42,"RNA3DB","X|NR_all_64918.25|1"
8Q43,"RNA3DB","X|NR_all_64918.25|1"
8Q44,"RNA3DB","X|NR_all_64918.25|1"
8Q4F,"RNA3DB","A|NR_all_56726.132|1, X|NR_all_46771.1|1, Z|NR_all_35542.140|1, a|NR_all_83717.145|1, b|NR_all_10157.143|1"
8Q4O,"RNA3DB","A|NR_all_85312.1|1"
8Q5I,"RNA3DB","10|NR_all_05151.1|2, 1|NR_all_71228.8|2, 3|NR_all_83277.8|1, 4|NR_all_71228.8|2, A|NR_all_22526.6|1, g|NR_all_05151.1|2"
8Q63,"RNA3DB","C|NR_all_46639.1|1"
8Q6N,"RNA3DB","A|NR_all_74244.2|1"
8Q7N,"RNA3DB","4|NR_all_18569.1|1, 5|NR_all_73286.27|1, 6|NR_all_57834.4|1, Z|NR_all_13520.1|1"
8Q7Q,"RNA3DB","5|NR_all_73286.27|1"
8Q7V,"RNA3DB","5|NR_all_73286.27|1"
8Q7W,"RNA3DB","5|NR_all_73286.27|1"
8Q7X,"RNA3DB","5|NR_all_73286.27|1"
8Q7Z,"RNA3DB","A2|NR_all_71883.1|1, B5|NR_all_99699.1|2, B7|NR_all_64462.1|1, B8|NR_all_99699.1|2, V|NR_all_61738.1|1"
8Q87,"RNA3DB","A2|NR_all_71883.1|1, B5|NR_all_99699.1|2, B7|NR_all_64462.1|1, B8|NR_all_99699.1|2, V|NR_all_61738.1|1"
8Q91,"RNA3DB","5|NR_all_73286.27|1"
8Q9T,"RNA3DB","B|NR_all_90919.1|1"
8QBK,"RNA3DB","C|NR_all_79777.2|1, M|NR_all_79777.2|1, R|NR_all_79777.2|1, W|NR_all_79777.2|1"
8QBL,"RNA3DB","C|NR_all_79777.2|1, M|NR_all_79777.2|1, O|NR_all_79777.2|1, R|NR_all_79777.2|1, W|NR_all_79777.2|1, b|NR_all_79777.2|1"
8QBM,"RNA3DB","C|NR_all_79777.2|1, M|NR_all_79777.2|1, O|NR_all_79777.2|1, R|NR_all_79777.2|1, W|NR_all_79777.2|1, b|NR_all_79777.2|1"
8QBT,"RNA3DB","5|NR_all_96870.2|1, 6|NR_all_96870.2|1, 7|NR_all_96464.1|1, A|NR_all_83717.145|1, B|NR_all_10157.143|1, i|NR_all_56726.132|1"
8QCA,"RNA3DB","X|NR_all_90919.1|1"
8QCF,"RNA3DB","N|NR_all_53040.1|1"
8QCQ,"RNA3DB","A|NR_all_41610.20|1, B|NR_all_97435.16|1, a|NR_all_94066.10|1, w|NR_all_00580.1|1, y|NR_all_00580.1|1"
8QFD,"RNA3DB","5|NR_all_65061.34|2, 7|NR_all_52752.30|1, 8|NR_all_65061.34|2"
8QFS,"RNA3DB","B|NR_all_19951.88|1"
8QG0,"RNA3DB","Q|NR_all_28267.1|1"
8QGT,"RNA3DB","C|NR_all_13482.1|1"
8QH3,"RNA3DB","C|NR_all_13482.1|1"
8QHC,"RNA3DB","B|NR_all_19951.88|1"
8QJK,"RNA3DB","C|NR_all_64918.25|1"
8QK7,"RNA3DB","1|NR_all_83717.145|1, 2|NR_all_56726.132|1, 3|NR_all_10157.143|1, 4|NR_all_97107.1|1, 5|NR_all_35542.140|1"
8QLP,"RNA3DB","C|NR_all_30757.1|1, G|NR_all_30757.1|1, K|NR_all_30757.1|1, O|NR_all_30757.1|1"
8QMH,"RNA3DB","A|NR_all_19311.2|2, B|NR_all_19311.2|2, C|NR_all_19311.2|2, D|NR_all_19311.2|2"
8QMI,"RNA3DB","A|NR_all_19311.2|2, B|NR_all_19311.2|2, C|NR_all_19311.2|2, D|NR_all_19311.2|2"
8QO2,"RNA3DB","A|NR_all_78937.1|1"
8QO3,"RNA3DB","A|NR_all_26754.1|1"
8QO4,"RNA3DB","A|NR_all_43511.1|1"
8QO5,"RNA3DB","A|NR_all_88285.1|1"
8QO9,"RNA3DB","2|NR_all_73426.10|1, 4|NR_all_18569.1|1, 5|NR_all_73286.27|1, 6|NR_all_57834.4|1, Z|NR_all_13520.1|1"
8QOA,"RNA3DB","5|NR_all_96686.1|1, A|NR_all_56726.132|1, Y|NR_all_96870.2|1, Z|NR_all_05887.2|1, a|NR_all_83717.145|1, b|NR_all_10157.143|1"
8QOI,"RNA3DB","L5|NR_all_65061.34|2, L7|NR_all_52752.30|1, L8|NR_all_65061.34|2, S2|NR_all_46995.44|1"
8QOZ,"RNA3DB","4|NR_all_18569.1|1, 5|NR_all_73286.27|1"
8QP8,"RNA3DB","4|NR_all_18569.1|1, 5|NR_all_73286.27|1"
8QP9,"RNA3DB","4|NR_all_18569.1|1, 5|NR_all_73286.27|1"
8QPA,"RNA3DB","4|NR_all_18569.1|1, 5|NR_all_73286.27|1"
8QPB,"RNA3DB","4|NR_all_18569.1|1, 5|NR_all_73286.27|1"
8QPE,"RNA3DB","4|NR_all_18569.1|1, 5|NR_all_73286.27|1"
8QPK,"RNA3DB","4|NR_all_18569.1|1, 5|NR_all_73286.27|1"
8QPP,"RNA3DB","A|NR_all_94066.10|1, U|NR_all_09297.4|1, V|NR_all_06848.1|1, X|NR_all_41610.20|1, Y|NR_all_97435.16|1"
8QRK,"RNA3DB","A|NR_all_93855.17|1"
8QRL,"RNA3DB","A|NR_all_93855.17|1"
8QRM,"RNA3DB","A|NR_all_93855.17|1"
8QRN,"RNA3DB","5|NR_all_65635.4|1, 6|NR_all_16515.2|1, A|NR_all_93855.17|1"
8QSJ,"RNA3DB","A|NR_all_12763.29|1, B|NR_all_73428.23|1"
8QSZ,"RNA3DB","P|NR_all_15283.1|1"
8QU1,"RNA3DB","A|NR_all_12763.29|1, B|NR_all_73428.23|1"
8QU5,"RNA3DB","A|NR_all_12763.29|1, B|NR_all_73428.23|1"
8QUE,"RNA3DB","H|NR_all_38515.1|1"
8QWE,"RNA3DB","C|NR_all_00558.1|1"
8QWF,"RNA3DB","C|NR_all_00558.1|1"
8QXD,"RNA3DB","2|NR_all_54186.1|1, 4|NR_all_18569.1|1, 5|NR_all_73286.27|1"
8QZ8,"RNA3DB","P|NR_all_94632.1|1, V|NR_all_52781.2|1"
8QZS,"RNA3DB","2|NR_all_17275.1|1, 4|NR_all_18569.1|1, 5|NR_all_73286.27|1"
8R08,"RNA3DB","1|NR_all_33460.5|1, 2|NR_all_54186.1|1, 4|NR_all_18569.1|1, 5|NR_all_73286.27|1, Z1|NR_all_74924.26|1"
8R09,"RNA3DB","2|NR_all_83934.1|1, 4|NR_all_18569.1|1, 5|NR_all_73286.27|1"
8R0A,"RNA3DB","2|NR_all_54186.1|1, 4|NR_all_18569.1|1, 5|NR_all_73286.27|1"
8R0B,"RNA3DB","2|NR_all_83934.1|1, 4|NR_all_18569.1|1, 5|NR_all_73286.27|1"
8R0S,"RNA3DB","C|NR_all_35326.1|1"
8R3K,"RNA3DB","M|NR_all_38153.1|2, V|NR_all_38153.1|2"
8R3L,"RNA3DB","R|NR_all_90498.1|2, V|NR_all_90498.1|2"
8R3V,"RNA3DB","71|NR_all_83717.145|1, 72|NR_all_83717.145|1, 82|NR_all_10157.143|1, A1|NR_all_56726.132|1, A2|NR_all_56726.132|1, W1|NR_all_19951.88|1, W|NR_all_51962.5|1, X2|NR_all_24890.5|1, Y1|NR_all_69813.13|1, Y2|NR_all_20585.3|1"
8R3Z,"RNA3DB","B|NR_all_98585.1|1"
8R55,"RNA3DB","7|NR_all_66171.1|1, A|NR_all_94066.10|1, U|NR_all_09297.4|1, V|NR_all_65963.1|1, X|NR_all_41610.20|1, Y|NR_all_97435.16|1"
8R57,"RNA3DB","A|NR_all_29761.3|1"
8R60,"RNA3DB","D|NR_all_41012.3|2, E|NR_all_41012.3|2"
8R62,"RNA3DB","A|NR_all_01039.2|2, B|NR_all_01039.2|2"
8R63,"RNA3DB","A|NR_all_01039.2|2, B|NR_all_01039.2|2"
8R65,"RNA3DB","D|NR_all_41012.3|2, E|NR_all_41012.3|2"
8R6C,"RNA3DB","5|NR_all_35542.140|1, A|NR_all_56726.132|1, X|NR_all_92198.1|1, Y|NR_all_71708.1|1, Z|NR_all_06853.1|1, a|NR_all_83717.145|1, b|NR_all_10157.143|1"
8R6F,"RNA3DB","A|NR_all_29761.3|1"
8R6U,"RNA3DB","E|NR_all_20557.1|1, G|NR_all_00699.1|3, P|NR_all_00699.1|3, T|NR_all_00699.1|3"
8R6W,"RNA3DB","C|NR_all_48446.1|1, G|NR_all_00699.1|3, P|NR_all_00699.1|3, T|NR_all_00699.1|3"
8R6Y,"RNA3DB","C|NR_all_39866.1|1, G|NR_all_00699.1|3, P|NR_all_00699.1|3, T|NR_all_00699.1|3"
8R8M,"RNA3DB","A|NR_all_56726.132|1, X|NR_all_92198.1|1, Y|NR_all_71708.1|1, Z|NR_all_03756.1|1, a|NR_all_83717.145|1, b|NR_all_10157.143|1"
8R8P,"RNA3DB","A|NR_all_01039.2|2, B|NR_all_01039.2|2"
8R8R,"RNA3DB","E|NR_all_03683.1|1"
8RAM,"RNA3DB","P|NR_all_10723.1|1"
8RAN,"RNA3DB","P|NR_all_10723.1|1"
8RAO,"RNA3DB","P|NR_all_42173.1|1"
8RAP,"RNA3DB","P|NR_all_42173.1|1"
8RAS,"RNA3DB","Z|NR_all_42465.1|1"
8RBX,"RNA3DB","P|NR_all_47767.1|1"
8RC0,"RNA3DB","5|NR_all_73286.27|1"
8RC2,"RNA3DB","H|NR_all_41403.1|3, I|NR_all_41403.1|3, J|NR_all_41403.1|3"
8RC3,"RNA3DB","H|NR_all_57335.1|3, I|NR_all_57335.1|3, J|NR_all_57335.1|3"
8RCL,"RNA3DB","71|NR_all_83717.145|1, 72|NR_all_83717.145|1, 82|NR_all_10157.143|1, A1|NR_all_56726.132|1, A2|NR_all_56726.132|1, W1|NR_all_19951.88|1, W|NR_all_51962.5|1, X2|NR_all_24890.5|1, Y1|NR_all_69813.13|1, Y2|NR_all_20585.3|1"
8RCM,"RNA3DB","71|NR_all_83717.145|1, 72|NR_all_83717.145|1, 82|NR_all_10157.143|1, A1|NR_all_56726.132|1, A2|NR_all_56726.132|1, W1|NR_all_19951.88|1, W|NR_all_51962.5|1, X2|NR_all_24890.5|1, Y1|NR_all_69813.13|1, Y2|NR_all_20585.3|1"
8RCS,"RNA3DB","71|NR_all_83717.145|1, 72|NR_all_83717.145|1, 82|NR_all_10157.143|1, A1|NR_all_56726.132|1, A2|NR_all_56726.132|1, W1|NR_all_19951.88|1, W|NR_all_24192.1|1, Y1|NR_all_69813.13|1, Y|NR_all_20585.3|1"
8RCT,"RNA3DB","71|NR_all_83717.145|1, 72|NR_all_83717.145|1, 82|NR_all_10157.143|1, A1|NR_all_56726.132|1, A2|NR_all_56726.132|1, W1|NR_all_19951.88|1, W|NR_all_24192.1|1, Y1|NR_all_69813.13|1, Y|NR_all_20585.3|1"
8RD8,"RNA3DB","D8|NR_all_78269.1|1, Z2|NR_all_88664.1|1, iN|NR_all_60433.1|1"
8RDJ,"RNA3DB","Z|NR_all_42465.1|1"
8RDU,"RNA3DB","1|NR_all_85482.5|1"
8RDV,"RNA3DB","D8|NR_all_78269.1|1, Y|NR_all_74924.26|1, Z2|NR_all_88664.1|1, iN|NR_all_60433.1|1"
8RDW,"RNA3DB","D8|NR_all_78269.1|1, Z2|NR_all_88664.1|1, iN|NR_all_60433.1|1"
8RE4,"RNA3DB","R|NR_all_71845.1|1"
8REA,"RNA3DB","R|NR_all_71845.1|1"
8REB,"RNA3DB","R|NR_all_48598.1|1"
8REC,"RNA3DB","R|NR_all_15706.1|1"
8RED,"RNA3DB","R|NR_all_84491.1|1"
8REE,"RNA3DB","R|NR_all_64354.1|1"
8RFJ,"RNA3DB","H|NR_all_57335.1|1"
8RG0,"RNA3DB","7|NR_all_55546.1|1, A|NR_all_46995.44|1"
8RJB,"RNA3DB","K|NR_all_06650.37|1, q|NR_all_86318.1|1, u|NR_all_10255.37|1, v|NR_all_87578.1|1"
8RJC,"RNA3DB","K|NR_all_06650.37|1, q|NR_all_86318.1|1, u|NR_all_10255.37|1, v|NR_all_87578.1|1"
8RJD,"RNA3DB","K|NR_all_06650.37|1, q|NR_all_86318.1|1, u|NR_all_10255.37|1, v|NR_all_87578.1|1"
8RKT,"RNA3DB","1|NR_all_85482.5|1"
8RM5,"RNA3DB","2|NR_all_83934.1|1, 4|NR_all_18569.1|1, 5|NR_all_73286.27|1"
8RN1,"RNA3DB","V|NR_all_04536.2|1"
8RO0,"RNA3DB","2|NR_all_47848.1|1, 5|NR_all_57545.1|1, 6|NR_all_19772.1|1"
8RO1,"RNA3DB","2|NR_all_17703.1|1, 5|NR_all_57545.1|1, 6|NR_all_19772.1|1, IN|NR_all_52392.1|1"
8RO2,"RNA3DB","2|NR_all_56135.1|2, 5|NR_all_73286.27|1, 6|NR_all_56135.1|2, IN|NR_all_92694.1|1"
8RPY,"RNA3DB","A|NR_all_83717.145|1, B|NR_all_10157.143|1"
8RPZ,"RNA3DB","A|NR_all_83717.145|1, B|NR_all_10157.143|1"
8RQ0,"RNA3DB","A|NR_all_83717.145|1, B|NR_all_10157.143|1"
8RQ2,"RNA3DB","A|NR_all_83717.145|1, B|NR_all_10157.143|1"
8RUH,"RNA3DB","A|NR_all_35054.6|1"
8RUI,"RNA3DB","A|NR_all_35054.6|1"
8RUJ,"RNA3DB","A|NR_all_35054.6|1"
8RUK,"RNA3DB","A|NR_all_35054.6|1"
8RUL,"RNA3DB","A|NR_all_35054.6|1"
8RUM,"RNA3DB","A|NR_all_35054.6|1"
8RUN,"RNA3DB","A|NR_all_35054.6|1"
8RW1,"RNA3DB","1|NR_all_81815.1|1, 2|NR_all_45441.2|1, 3|NR_all_03127.1|1"
8RXH,"RNA3DB","L1|NR_all_23368.1|2, L2|NR_all_06042.1|1, L3|NR_all_31798.1|1, L4|NR_all_18574.1|1, L5|NR_all_96456.1|1, L6|NR_all_46846.1|1, L7|NR_all_23368.1|2, L8|NR_all_50971.1|1, S1|NR_all_46927.1|1, S2|NR_all_60852.1|1, S3|NR_all_28920.1|1, S4|NR_all_94340.1|1"
8RXX,"RNA3DB","L1|NR_all_23368.1|2, L2|NR_all_06042.1|1, L3|NR_all_31798.1|1, L4|NR_all_18574.1|1, L5|NR_all_96456.1|1, L6|NR_all_46846.1|1, L7|NR_all_23368.1|2, L8|NR_all_50971.1|1, S1|NR_all_46927.1|1, S3|NR_all_28920.1|1, S4|NR_all_94340.1|1"
8RZA,"RNA3DB","B|NR_all_27345.1|1, R|NR_all_92489.3|1"
8S1P,"RNA3DB","A|NR_all_41610.20|1, B|NR_all_97435.16|1, a|NR_all_92412.1|1"
8S1U,"RNA3DB","A|NR_all_41610.20|1, B|NR_all_97435.16|1, a|NR_all_92412.1|1, c|NR_all_92412.1|1"
8S35,"RNA3DB","H|NR_all_41403.1|3, I|NR_all_41403.1|3, J|NR_all_41403.1|3"
8S36,"RNA3DB","H|NR_all_41403.1|3, I|NR_all_41403.1|3, J|NR_all_41403.1|3"
8S37,"RNA3DB","H|NR_all_41403.1|3, I|NR_all_41403.1|3, J|NR_all_41403.1|3"
8S51,"RNA3DB","P|NR_all_99308.1|1"
8S52,"RNA3DB","P|NR_all_06322.1|1"
8S54,"RNA3DB","P|NR_all_77787.1|1"
8S55,"RNA3DB","P|NR_all_77787.1|1"
8S5N,"RNA3DB","P|NR_all_87478.1|1"
8S8D,"RNA3DB","1|NR_all_81815.1|1, 2|NR_all_45441.2|1, 3|NR_all_03127.1|1"
8S8E,"RNA3DB","1|NR_all_81815.1|1, 2|NR_all_45441.2|1, 3|NR_all_03127.1|1"
8S8F,"RNA3DB","1|NR_all_81815.1|1, 2|NR_all_45441.2|1, 3|NR_all_03127.1|1"
8S8G,"RNA3DB","1|NR_all_81815.1|1, 2|NR_all_45441.2|1, 3|NR_all_03127.1|1"
8S8H,"RNA3DB","1|NR_all_81815.1|1, 2|NR_all_45441.2|1, 3|NR_all_03127.1|1"
8S8I,"RNA3DB","1|NR_all_81815.1|1, 2|NR_all_45441.2|1, 3|NR_all_03127.1|1"
8S8J,"RNA3DB","1|NR_all_81815.1|1, 2|NR_all_45441.2|1, 3|NR_all_03127.1|1"
8S8K,"RNA3DB","1|NR_all_81815.1|1, 2|NR_all_45441.2|1, 3|NR_all_33476.1|1"
8S8W,"RNA3DB","C|NR_all_16041.1|1"
8S8X,"RNA3DB","C|NR_all_16041.1|1"
8S95,"Casp15, RNA3DB","C|NR_all_77027.1|1"
8S9T,"RNA3DB","F|NR_all_88262.1|1"
8S9U,"RNA3DB","F|NR_all_88262.1|2, G|NR_all_88262.1|2"
8S9V,"RNA3DB","F|NR_all_88262.1|2, G|NR_all_88262.1|2"
8S9X,"RNA3DB","F|NR_all_88262.1|2, G|NR_all_88262.1|2"
8SA2,"RNA3DB","A|NR_all_40063.1|1, B|NR_all_40063.1|1"
8SA3,"RNA3DB","A|NR_all_40063.1|1, B|NR_all_40063.1|1"
8SA4,"RNA3DB","A|NR_all_40063.1|2, B|NR_all_40063.1|2"
8SA5,"RNA3DB","A|NR_all_40063.1|1, B|NR_all_40063.1|1"
8SA6,"RNA3DB","A|NR_all_83437.1|1, B|NR_all_83437.1|1"
8SCB,"RNA3DB","2|NR_all_68467.12|1, 3|NR_all_36843.3|1, 5|NR_all_06650.37|1, 7|NR_all_10255.37|1, 8|NR_all_87578.1|1, 9|NR_all_21280.33|1, hh|NR_all_69427.1|1"
8SCF,"RNA3DB","A|NR_all_16849.1|1"
8SCH,"RNA3DB","A|NR_all_39987.1|1"
8SCZ,"RNA3DB","B|NR_all_52698.2|1"
8SD0,"RNA3DB","B|NR_all_00804.1|1"
8SFH,"RNA3DB","B|NR_all_68943.1|1"
8SFI,"RNA3DB","B|NR_all_22976.1|1"
8SFJ,"RNA3DB","B|NR_all_22976.1|1"
8SFL,"RNA3DB","B|NR_all_22976.1|1"
8SFN,"RNA3DB","B|NR_all_22976.1|1"
8SFO,"RNA3DB","B|NR_all_22976.1|1"
8SFP,"RNA3DB","B|NR_all_22976.1|1"
8SFQ,"RNA3DB","B|NR_all_22976.1|1"
8SFR,"RNA3DB","B|NR_all_22976.1|1"
8SH5,"RNA3DB","R|NR_all_67965.1|1"
8SJ7,"RNA3DB","B|NR_all_44560.1|1"
8SKQ,"RNA3DB",""
8SNX,"RNA3DB","T|NR_all_08041.1|1"
8SNY,"RNA3DB","T|NR_all_14748.1|1"
8SP0,"RNA3DB","C|NR_all_81009.1|1, G|NR_all_81009.1|1"
8SP3,"RNA3DB","C|NR_all_94660.1|1, G|NR_all_94660.1|1"
8SP9,"RNA3DB","C|NR_all_82191.1|1"
8SPO,"RNA3DB","C|NR_all_94660.1|1, G|NR_all_94660.1|1, J|NR_all_94660.1|1, O|NR_all_94660.1|1"
8SPQ,"RNA3DB","B|NR_all_46651.2|1"
8SQ9,"RNA3DB","P|NR_all_73461.1|2, T|NR_all_73461.1|2"
8SQH,"RNA3DB","B|NR_all_46651.2|1"
8SQJ,"RNA3DB","O|NR_all_61337.1|1, P|NR_all_15134.1|2, T|NR_all_15134.1|2"
8SQK,"RNA3DB","O|NR_all_61337.1|1, P|NR_all_24362.1|2, T|NR_all_24362.1|2"
8SQU,"RNA3DB","C|NR_all_94660.1|1"
8SRS,"RNA3DB","B|NR_all_46651.2|1"
8SSW,"RNA3DB","C|NR_all_41534.1|2, D|NR_all_41534.1|2"
8SVF,"RNA3DB",""
8SWB,"RNA3DB","B|NR_all_07415.2|1"
8SWC,"RNA3DB","B|NR_all_07415.2|1"
8SWG,"RNA3DB","A|NR_all_01949.5|2, B|NR_all_01949.5|2"
8SWO,"RNA3DB","A|NR_all_11108.1|2, B|NR_all_11108.1|2"
8SX5,"RNA3DB","A|NR_all_77156.1|2, B|NR_all_77156.1|2"
8SX6,"RNA3DB","A|NR_all_11108.1|2, B|NR_all_11108.1|2"
8SXL,"RNA3DB","A|NR_all_56321.1|2, B|NR_all_56321.1|2"
8SXT,"RNA3DB","C|NR_all_60694.1|1"
8SXU,"RNA3DB","C|NR_all_77037.1|1"
8SY1,"RNA3DB","A|NR_all_11108.1|2, B|NR_all_11108.1|2, C|NR_all_11108.1|2, D|NR_all_11108.1|2"
8SY5,"RNA3DB","R|NR_all_33912.6|1"
8SY6,"RNA3DB","R|NR_all_33912.6|1"
8SY7,"RNA3DB","R|NR_all_33912.6|1"
8SYI,"RNA3DB","R|NR_all_39521.1|1"
8SYL,"RNA3DB","A|NR_all_83717.145|1, B|NR_all_10157.143|1, a|NR_all_56726.132|1, w|NR_all_19951.88|1, x|NR_all_35542.140|1, y|NR_all_19951.88|1"
8T29,"RNA3DB","R|NR_all_97001.1|1"
8T2A,"RNA3DB","R|NR_all_97001.1|1"
8T2B,"RNA3DB","R|NR_all_97001.1|1"
8T2O,"RNA3DB","R|NR_all_97001.1|1"
8T2P,"RNA3DB","A|NR_all_56188.1|1, B|NR_all_65790.1|1"
8T2R,"RNA3DB","B|NR_all_99149.1|1"
8T2S,"RNA3DB","B|NR_all_15727.1|1"
8T2T,"RNA3DB","B|NR_all_99149.1|1"
8T4S,"RNA3DB","2|NR_all_46995.44|1"
8T5D,"RNA3DB","5|NR_all_35542.140|1, A|NR_all_10157.143|1, B|NR_all_83717.145|1, v|NR_all_56726.132|1, x|NR_all_57154.1|1"
8T5H,"RNA3DB","5|NR_all_35542.140|1, A|NR_all_10157.143|1, B|NR_all_83717.145|1, v|NR_all_56726.132|1, x|NR_all_57154.1|1"
8T5S,"RNA3DB","B|NR_all_20201.1|2, C|NR_all_20201.1|2"
8T65,"RNA3DB","C|NR_all_38388.1|1"
8T66,"RNA3DB","C|NR_all_89144.1|1"
8T6O,"RNA3DB","B|NR_all_87323.3|1"
8T6P,"RNA3DB","B|NR_all_46651.2|1"
8T6S,"RNA3DB","B|NR_all_46651.2|1"
8T6T,"RNA3DB","B|NR_all_46651.2|1"
8T6X,"RNA3DB","B|NR_all_46651.2|1"
8T6Y,"RNA3DB","B|NR_all_46651.2|1"
8T76,"RNA3DB","B|NR_all_46651.2|1"
8T77,"RNA3DB","B|NR_all_46651.2|1"
8T78,"RNA3DB","B|NR_all_46651.2|1"
8T79,"RNA3DB","B|NR_all_46651.2|1"
8T7S,"RNA3DB","B|NR_all_46651.2|1, H|NR_all_46651.2|1"
8T8B,"RNA3DB","1A|NR_all_97519.74|1, 1B|NR_all_42622.74|1, 1a|NR_all_65795.80|1, 2A|NR_all_97519.74|1, 2B|NR_all_42622.74|1, 2a|NR_all_65795.80|1"
8T8C,"RNA3DB","1A|NR_all_97519.74|1, 1B|NR_all_42622.74|1, 1a|NR_all_65795.80|1, 2A|NR_all_97519.74|1, 2B|NR_all_42622.74|1, 2a|NR_all_65795.80|1"
8TDV,"RNA3DB","J|NR_all_41549.1|1, K|NR_all_45612.1|1"
8TDW,"RNA3DB","J|NR_all_51234.1|1, K|NR_all_65458.1|1"
8TDY,"RNA3DB","A|NR_all_59090.1|1"
8TDZ,"RNA3DB","A|NR_all_32199.1|1"
8TE0,"RNA3DB","A|NR_all_28948.1|1"
8TE2,"RNA3DB","A|NR_all_61357.1|1"
8TG4,"RNA3DB","C|NR_all_96291.1|1"
8THQ,"RNA3DB","R|NR_all_94279.1|1, S|NR_all_46897.1|1"
8THV,"RNA3DB","A|NR_all_99930.1|1"
8TJQ,"RNA3DB","N|NR_all_93050.1|1"
8TJU,"RNA3DB","A|NR_all_79194.1|1"
8TJV,"RNA3DB","A|NR_all_49026.1|1"
8TJX,"RNA3DB","N|NR_all_93050.1|1"
8TL0,"RNA3DB","E|NR_all_65223.11|1, F|NR_all_65223.11|1, G|NR_all_65223.11|1, H|NR_all_65223.11|1, J|NR_all_65223.11|1, M|NR_all_65223.11|1, N|NR_all_65223.11|1"
8TNS,"RNA3DB","A|NR_all_12731.1|1"
8TOC,"RNA3DB","R|NR_all_24279.1|1"
8TOZ,"RNA3DB","A|NR_all_63567.3|1"
8TPU,"RNA3DB","AA|NR_all_95755.3|2, AB|NR_all_17605.3|1, AC|NR_all_95755.3|2, S7|NR_all_50753.2|1, SA|NR_all_45231.2|1"
8TQX,"RNA3DB","A|NR_all_94270.1|2, D|NR_all_94270.1|2"
8TSV,"RNA3DB","A|NR_all_73383.1|2, B|NR_all_73383.1|2, C|NR_all_46221.1|2, D|NR_all_46221.1|2"
8TUG,"RNA3DB","R|NR_all_34359.12|1"
8TUX,"RNA3DB","R|NR_all_10125.1|1"
8TVP,"RNA3DB","R|NR_all_34359.12|1"
8TVQ,"RNA3DB","R|NR_all_34359.12|1"
8TVS,"RNA3DB","R|NR_all_99202.1|1"
8TVV,"RNA3DB","R|NR_all_99202.1|1"
8TVW,"RNA3DB","R|NR_all_34359.12|1"
8TVX,"RNA3DB","R|NR_all_34359.12|1"
8TVY,"RNA3DB","R|NR_all_34359.12|1"
8TVZ,"RNA3DB","C|NR_all_87947.1|1"
8TXO,"RNA3DB","R|NR_all_33912.6|1"
8TZZ,"RNA3DB","B|NR_all_20965.3|1"
8U3B,"RNA3DB","3|NR_all_68372.1|1"
8U3M,"RNA3DB","A|NR_all_73220.1|1"
8U3Y,"RNA3DB","B|NR_all_20965.3|1"
8U5J,"RNA3DB","A|NR_all_30516.1|1"
8U5K,"RNA3DB","A|NR_all_15443.1|1, B|NR_all_15443.1|1, C|NR_all_15443.1|1"
8U5P,"RNA3DB","A|NR_all_15443.1|1, B|NR_all_15443.1|1, C|NR_all_15443.1|1"
8U5R,"RNA3DB","A|NR_all_53292.1|1, B|NR_all_53292.1|1, C|NR_all_53292.1|1"
8U5T,"RNA3DB","A|NR_all_53292.1|1, B|NR_all_53292.1|1, C|NR_all_53292.1|1"
8U5Z,"RNA3DB","A|NR_all_53292.1|1, B|NR_all_53292.1|1, C|NR_all_53292.1|1"
8U60,"RNA3DB","A|NR_all_15443.1|1, B|NR_all_15443.1|1, C|NR_all_15443.1|1"
8U72,"RNA3DB","M|NR_all_63266.1|1, S|NR_all_63266.1|1, U|NR_all_63266.1|1, X|NR_all_63266.1|1"
8U8U,"RNA3DB","R|NR_all_61301.1|1"
8U8V,"RNA3DB","R|NR_all_61301.1|1"
8U9R,"RNA3DB",""
8U9X,"RNA3DB","R|NR_all_97445.1|1"
8UAU,"RNA3DB","R|NR_all_95129.1|1"
8UB7,"RNA3DB","G|NR_all_69403.1|1, H|NR_all_36953.1|1, I|NR_all_81247.1|1"
8UB8,"RNA3DB","G|NR_all_69403.1|1, H|NR_all_36953.1|1, I|NR_all_81247.1|1"
8UB9,"RNA3DB","G|NR_all_69403.1|1, H|NR_all_36953.1|1, I|NR_all_81247.1|1"
8UBA,"RNA3DB","G|NR_all_69403.1|1, H|NR_all_36953.1|1, I|NR_all_81247.1|1"
8UBB,"RNA3DB","G|NR_all_69403.1|1, H|NR_all_36953.1|1, I|NR_all_81247.1|1"
8UBC,"RNA3DB","H|NR_all_36953.1|1, I|NR_all_81247.1|1"
8UBD,"RNA3DB","G|NR_all_69403.1|1, H|NR_all_36953.1|1, I|NR_all_81247.1|1"
8UBE,"RNA3DB","G|NR_all_71123.1|1, H|NR_all_74533.1|1, I|NR_all_81247.1|1"
8UBF,"RNA3DB","H|NR_all_36953.1|1, I|NR_all_71176.1|1"
8UCV,"RNA3DB",""
8UCW,"RNA3DB",""
8UD3,"RNA3DB","G|NR_all_98999.1|2, H|NR_all_98999.1|2"
8UD4,"RNA3DB","G|NR_all_52927.1|2, H|NR_all_52927.1|2"
8UD5,"RNA3DB","G|NR_all_25599.1|2, H|NR_all_25599.1|2"
8UD6,"RNA3DB","1A|NR_all_97519.74|1, 1B|NR_all_42622.74|1, 1a|NR_all_65795.80|1, 1w|NR_all_19951.88|1, 1x|NR_all_35542.140|1, 1y|NR_all_19951.88|1, 2A|NR_all_97519.74|1, 2B|NR_all_42622.74|1, 2a|NR_all_65795.80|1, 2w|NR_all_19951.88|1, 2x|NR_all_35542.140|1, 2y|NR_all_19951.88|1"
8UD7,"RNA3DB","1A|NR_all_97519.74|1, 1B|NR_all_42622.74|1, 1a|NR_all_65795.80|1, 1w|NR_all_19951.88|1, 1x|NR_all_35542.140|1, 1y|NR_all_19951.88|1, 2A|NR_all_97519.74|1, 2B|NR_all_42622.74|1, 2a|NR_all_65795.80|1, 2w|NR_all_19951.88|1, 2x|NR_all_35542.140|1, 2y|NR_all_19951.88|1"
8UD8,"RNA3DB","1A|NR_all_97519.74|1, 1B|NR_all_42622.74|1, 1a|NR_all_65795.80|1, 1w|NR_all_19951.88|1, 1x|NR_all_35542.140|1, 1y|NR_all_19951.88|1, 2A|NR_all_97519.74|1, 2B|NR_all_42622.74|1, 2a|NR_all_65795.80|1, 2w|NR_all_19951.88|1, 2x|NR_all_35542.140|1, 2y|NR_all_19951.88|1"
8UHA,"RNA3DB","P|NR_all_48101.1|1"
8UHD,"RNA3DB","P|NR_all_83809.1|1"
8UHG,"RNA3DB","P|NR_all_60204.1|1"
8UI0,"RNA3DB","P|NR_all_60204.1|1"
8UIS,"RNA3DB","P|NR_all_36980.1|1"
8UIW,"RNA3DB","N|NR_all_66812.1|1, R|NR_all_66812.1|1"
8UKB,"RNA3DB","L5|NR_all_65061.34|2, L7|NR_all_52752.30|1, L8|NR_all_65061.34|2, S2|NR_all_46995.44|1"
8UKQ,"RNA3DB","R|NR_all_33912.6|1"
8UKR,"RNA3DB","R|NR_all_33912.6|1"
8UKS,"RNA3DB","R|NR_all_33912.6|1"
8UKT,"RNA3DB","R|NR_all_34359.12|1"
8UKU,"RNA3DB","R|NR_all_22024.2|1"
8UMF,"RNA3DB","B|NR_all_76112.1|1"
8UO6,"RNA3DB","A|NR_all_24874.1|1, B|NR_all_25327.1|1"
8UPO,"RNA3DB","A|NR_all_35542.140|1, B|NR_all_35542.140|1, D|NR_all_56726.132|1, a|NR_all_83717.145|1, d|NR_all_10157.143|1"
8UPR,"RNA3DB","A|NR_all_35542.140|1, B|NR_all_35542.140|1, D|NR_all_56726.132|1, a|NR_all_83717.145|1, d|NR_all_10157.143|1"
8UPT,"RNA3DB","A|NR_all_43788.1|1"
8UPY,"RNA3DB","C|NR_all_93427.2|1"
8UQL,"RNA3DB","A|NR_all_35542.140|1, B|NR_all_35542.140|1, D|NR_all_56726.132|1, a|NR_all_83717.145|1, d|NR_all_10157.143|1"
8UQM,"RNA3DB","A|NR_all_35542.140|1, B|NR_all_35542.140|1, D|NR_all_56726.132|1, a|NR_all_83717.145|1, d|NR_all_10157.143|1"
8UQP,"RNA3DB","A|NR_all_35542.140|1, B|NR_all_35542.140|1, D|NR_all_56726.132|1, a|NR_all_83717.145|1, d|NR_all_10157.143|1"
8UR0,"RNA3DB","A|NR_all_35542.140|1, B|NR_all_35542.140|1, D|NR_all_56726.132|1, a|NR_all_83717.145|1, d|NR_all_10157.143|1"
8URB,"RNA3DB","I|NR_all_85038.1|2, J|NR_all_85038.1|2"
8URH,"RNA3DB","A|NR_all_35542.140|1, B|NR_all_35542.140|1, D|NR_all_56726.132|1, a|NR_all_83717.145|1, d|NR_all_10157.143|1"
8URI,"RNA3DB","A|NR_all_35542.140|1, B|NR_all_35542.140|1, D|NR_all_56726.132|1, a|NR_all_83717.145|1, d|NR_all_10157.143|1"
8URW,"RNA3DB","R|NR_all_53098.1|1"
8URX,"RNA3DB","A|NR_all_35542.140|1, B|NR_all_35542.140|1, D|NR_all_56726.132|1, a|NR_all_83717.145|1, d|NR_all_10157.143|1"
8URY,"RNA3DB","A|NR_all_35542.140|1, B|NR_all_35542.140|1, D|NR_all_56726.132|1, a|NR_all_83717.145|1, d|NR_all_10157.143|1"
8USN,"RNA3DB","C|NR_all_48526.1|1, D|NR_all_48526.1|1"
8UST,"RNA3DB","C|NR_all_48526.1|1, D|NR_all_48526.1|1"
8UT0,"RNA3DB","2|NR_all_03510.64|1, A|NR_all_90506.74|2, B|NR_all_18586.69|1, C|NR_all_90506.74|2, D|NR_all_82977.1|1, m|NR_all_45609.6|1, n|NR_all_81815.1|1"
8UTA,"RNA3DB","N|NR_all_66812.1|1, R|NR_all_66812.1|1"
8UTG,"RNA3DB","A|NR_all_13707.1|1, B|NR_all_13707.1|1"
8UTI,"RNA3DB","A|NR_all_90506.74|2, B|NR_all_18586.69|1, C|NR_all_90506.74|2, D|NR_all_82977.1|1, E|NR_all_03510.64|1, m|NR_all_45609.6|1, n|NR_all_81815.1|1"
8UU4,"RNA3DB","A|NR_all_63276.1|1, B|NR_all_80760.1|1, a|NR_all_50138.2|1"
8UU5,"RNA3DB","A|NR_all_63276.1|1, B|NR_all_80760.1|1, a|NR_all_50138.2|1, x|NR_all_19951.88|1"
8UU6,"RNA3DB","A|NR_all_63276.1|1, B|NR_all_80760.1|1, a|NR_all_50138.2|1, x|NR_all_19951.88|1"
8UU7,"RNA3DB","A|NR_all_63276.1|1, B|NR_all_80760.1|1, a|NR_all_50138.2|1, y|NR_all_19951.88|1"
8UU8,"RNA3DB","A|NR_all_63276.1|1, B|NR_all_80760.1|1, a|NR_all_50138.2|1, x|NR_all_19951.88|1"
8UU9,"RNA3DB","A|NR_all_63276.1|1, B|NR_all_80760.1|1, a|NR_all_50138.2|1, x|NR_all_19951.88|1"
8UUA,"RNA3DB","A|NR_all_63276.1|1, B|NR_all_80760.1|1"
8UVR,"RNA3DB","1A|NR_all_97519.74|1, 1B|NR_all_42622.74|1, 1a|NR_all_65795.80|1, 1v|NR_all_86829.2|1, 1w|NR_all_19951.88|1, 1x|NR_all_35542.140|1, 1y|NR_all_19951.88|1, 2A|NR_all_97519.74|1, 2B|NR_all_42622.74|1, 2a|NR_all_65795.80|1, 2v|NR_all_86829.2|1, 2w|NR_all_19951.88|1, 2x|NR_all_35542.140|1, 2y|NR_all_19951.88|1"
8UVS,"RNA3DB","1A|NR_all_97519.74|1, 1B|NR_all_42622.74|1, 1a|NR_all_65795.80|1, 1v|NR_all_86829.2|1, 1w|NR_all_19951.88|1, 1x|NR_all_35542.140|1, 1y|NR_all_19951.88|1, 2A|NR_all_97519.74|1, 2B|NR_all_42622.74|1, 2a|NR_all_65795.80|1, 2v|NR_all_86829.2|1, 2w|NR_all_19951.88|1, 2x|NR_all_35542.140|1, 2y|NR_all_19951.88|1"
8UW3,"RNA3DB","B|NR_all_04289.1|1"
8UYE,"Casp15, RNA3DB","A|NR_all_33107.1|1"
8UYG,"Casp15, RNA3DB","A|NR_all_33107.1|1"
8UYJ,"Casp15, RNA3DB","A|NR_all_60669.1|1"
8UYK,"RNA3DB","A|NR_all_25726.1|1"
8UYL,"RNA3DB","A|NR_all_25726.1|1"
8UYM,"RNA3DB","A|NR_all_94604.1|1"
8UYP,"RNA3DB","A|NR_all_59180.1|1"
8UYS,"Casp15, RNA3DB","A|NR_all_86452.1|1"
8UZA,"RNA3DB","B|NR_all_47315.1|1"
8UZB,"RNA3DB","B|NR_all_47315.1|1"
8V1H,"RNA3DB","A|NR_all_46933.1|1"
8V1I,"RNA3DB","A|NR_all_77188.1|1, B|NR_all_77188.1|1"
8V6G,"RNA3DB","F|NR_all_15435.1|1"
8V6H,"RNA3DB","F|NR_all_15435.1|1"
8V6I,"RNA3DB",""
8V6J,"RNA3DB",""
8V83,"RNA3DB","1|NR_all_90506.74|2, 2|NR_all_90506.74|2, 6|NR_all_18489.10|1"
8V84,"RNA3DB","1|NR_all_90506.74|2, 2|NR_all_90506.74|2, 6|NR_all_18489.10|1"
8V87,"RNA3DB","1|NR_all_90506.74|2, 2|NR_all_90506.74|2, 6|NR_all_18489.10|1"
8V9J,"RNA3DB","A|NR_all_76090.9|1, B|NR_all_89181.3|1, a|NR_all_97539.6|1, v|NR_all_92489.3|1, y|NR_all_92130.1|1"
8V9K,"RNA3DB","A|NR_all_76090.9|1, B|NR_all_89181.3|1, a|NR_all_97539.6|1, v|NR_all_92489.3|1, y|NR_all_92130.1|1"
8V9L,"RNA3DB","A|NR_all_76090.9|1, B|NR_all_89181.3|1, a|NR_all_97539.6|1, v|NR_all_96683.7|1, y|NR_all_92130.1|1"
8VAH,"RNA3DB","D|NR_all_60221.1|1, E|NR_all_60221.1|1, F|NR_all_60221.1|1, G|NR_all_74840.1|1"
8VAJ,"RNA3DB","E|NR_all_18310.1|1, F|NR_all_07698.1|1"
8VAK,"RNA3DB","D|NR_all_05058.1|1, E|NR_all_46482.1|1, F|NR_all_94125.1|1, G|NR_all_92595.1|1"
8VAT,"RNA3DB","H|NR_all_03261.1|1"
8VAW,"RNA3DB","A|NR_all_16232.4|2, B|NR_all_16232.4|2"
8VAX,"RNA3DB","AAA|NR_all_16232.4|2, BBB|NR_all_16232.4|2"
8VCI,"RNA3DB","A|NR_all_43106.1|1"
8VDS,"RNA3DB",""
8VDT,"RNA3DB",""
8VES,"RNA3DB","H|NR_all_21432.1|1"
8VIV,"RNA3DB","B|NR_all_09220.1|1"
8VJT,"RNA3DB","A|NR_all_31201.1|1, B|NR_all_00650.1|1"
8VM8,"RNA3DB","R|NR_all_60647.1|1"
8VM9,"RNA3DB","C|NR_all_01593.1|1, R|NR_all_01593.1|1"
8VMA,"RNA3DB","C|NR_all_34093.1|1, R|NR_all_34093.1|1"
8VMB,"RNA3DB","R|NR_all_60733.1|1"
8VPV,"RNA3DB","A|NR_all_63567.3|1"
8VS9,"RNA3DB","16S|NR_all_56726.132|1, 23S|NR_all_83717.145|1, 5S|NR_all_10157.143|1, ATRN|NR_all_24655.1|1, ETRN|NR_all_35542.140|1, TMRN|NR_all_23849.2|1"
8VSA,"RNA3DB","16S|NR_all_56726.132|1, 23S|NR_all_83717.145|1, 5S|NR_all_10157.143|1, ATRN|NR_all_24655.1|1, TMRN|NR_all_23849.2|1"
8VT5,"RNA3DB","A|NR_all_94317.1|1"
8VTU,"RNA3DB","1A|NR_all_97519.74|1, 1B|NR_all_42622.74|1, 1a|NR_all_65795.80|1, 1v|NR_all_86829.2|1, 1w|NR_all_19951.88|1, 1x|NR_all_35542.140|1, 1y|NR_all_19951.88|1, 2A|NR_all_97519.74|1, 2B|NR_all_42622.74|1, 2a|NR_all_65795.80|1, 2v|NR_all_86829.2|1, 2w|NR_all_19951.88|1, 2x|NR_all_35542.140|1, 2y|NR_all_19951.88|1"
8VTV,"RNA3DB","1A|NR_all_97519.74|1, 1B|NR_all_42622.74|1, 1a|NR_all_65795.80|1, 1v|NR_all_86829.2|1, 1w|NR_all_19951.88|1, 1x|NR_all_35542.140|1, 1y|NR_all_19951.88|1, 2A|NR_all_97519.74|1, 2B|NR_all_42622.74|1, 2a|NR_all_65795.80|1, 2v|NR_all_86829.2|1, 2w|NR_all_19951.88|1, 2x|NR_all_35542.140|1, 2y|NR_all_19951.88|1"
8VTW,"RNA3DB","1A|NR_all_97519.74|1, 1B|NR_all_42622.74|1, 1a|NR_all_65795.80|1, 2A|NR_all_97519.74|1, 2B|NR_all_42622.74|1, 2a|NR_all_65795.80|1"
8VTX,"RNA3DB","1A|NR_all_97519.74|1, 1B|NR_all_42622.74|1, 1a|NR_all_65795.80|1, 1v|NR_all_86829.2|1, 1w|NR_all_19951.88|1, 1x|NR_all_35542.140|1, 1y|NR_all_19951.88|1, 2A|NR_all_97519.74|1, 2B|NR_all_42622.74|1, 2a|NR_all_65795.80|1, 2v|NR_all_86829.2|1, 2w|NR_all_19951.88|1, 2x|NR_all_35542.140|1, 2y|NR_all_19951.88|1"
8VTY,"RNA3DB","1A|NR_all_97519.74|1, 1B|NR_all_42622.74|1, 1a|NR_all_65795.80|1, 2A|NR_all_97519.74|1, 2B|NR_all_42622.74|1, 2a|NR_all_65795.80|1"
8VU0,"RNA3DB","C|NR_all_51591.1|1, D|NR_all_51591.1|1"
8VZL,"RNA3DB",""
8VZM,"RNA3DB",""
8W1O,"RNA3DB","L|NR_all_09614.1|2, M|NR_all_09614.1|2"
8W1P,"RNA3DB","R|NR_all_27497.1|1"
8W2O,"RNA3DB","R|NR_all_34961.4|1, r|NR_all_82450.1|1"
8W35,"RNA3DB","C|NR_all_22656.1|1"
8W51,"RNA3DB","A|NR_all_83717.145|1, B|NR_all_10157.143|1"
8W8E,"RNA3DB","P|NR_all_12018.1|1"
8W8F,"RNA3DB","P|NR_all_98123.1|1"
8W8N,"RNA3DB","I|NR_all_77067.1|1"
8W8O,"RNA3DB","I|NR_all_19649.1|1"
8W8P,"RNA3DB","I|NR_all_56000.1|1"
8WA0,"RNA3DB","S|NR_all_38665.1|1"
8WA1,"RNA3DB","S|NR_all_55682.1|1"
8WAK,"RNA3DB",""
8WAL,"RNA3DB","Z|NR_all_67561.1|1"
8WAN,"RNA3DB","Z|NR_all_93441.1|1"
8WAO,"RNA3DB","Z|NR_all_72022.1|1"
8WAP,"RNA3DB","Z|NR_all_59841.1|1"
8WAQ,"RNA3DB","Z|NR_all_92144.1|1"
8WAR,"RNA3DB","Z|NR_all_81235.1|1"
8WAS,"RNA3DB","Z|NR_all_15578.1|1"
8WAT,"RNA3DB","Z|NR_all_61493.1|1"
8WAU,"RNA3DB","Z|NR_all_78588.1|1"
8WAV,"RNA3DB","Z|NR_all_54529.1|1"
8WAW,"RNA3DB","Z|NR_all_65709.1|1"
8WAX,"RNA3DB","Z|NR_all_10496.1|1"
8WAY,"RNA3DB","Z|NR_all_56485.1|1"
8WAZ,"RNA3DB","Z|NR_all_08651.1|1"
8WB0,"RNA3DB","Z|NR_all_71130.1|1"
8WCE,"RNA3DB","G|NR_all_22864.1|1"
8WCS,"RNA3DB","G|NR_all_24237.1|1"
8WFX,"RNA3DB","O|NR_all_85532.1|1"
8WHX,"RNA3DB","A|NR_all_76090.9|1, B|NR_all_89181.3|1, a|NR_all_97539.6|1"
8WHY,"RNA3DB","A|NR_all_76090.9|1, B|NR_all_89181.3|1"
8WI7,"RNA3DB","A|NR_all_76090.9|1, B|NR_all_89181.3|1, a|NR_all_97539.6|1"
8WI8,"RNA3DB","A|NR_all_76090.9|1, B|NR_all_89181.3|1"
8WI9,"RNA3DB","a|NR_all_97539.6|1"
8WIB,"RNA3DB","A|NR_all_76090.9|1, B|NR_all_89181.3|1, C|NR_all_98029.1|1, a|NR_all_97539.6|1"
8WIC,"RNA3DB","A|NR_all_76090.9|1, B|NR_all_89181.3|1, C|NR_all_98029.1|1"
8WID,"RNA3DB","a|NR_all_97539.6|1, b|NR_all_98029.1|1"
8WIF,"RNA3DB","a|NR_all_97539.6|1"
8WKP,"RNA3DB","A16S|NR_all_09738.5|1, VTRF|NR_all_97870.1|1"
8WM4,"RNA3DB","R|NR_all_57883.1|1"
8WMC,"RNA3DB","R|NR_all_57883.1|1"
8WMH,"RNA3DB","O|NR_all_89104.1|1"
8WMI,"RNA3DB","R|NR_all_57883.1|1"
8WML,"RNA3DB","R|NR_all_57883.1|1"
8WMM,"RNA3DB","D|NR_all_89104.1|1, O|NR_all_89104.1|1"
8WMN,"RNA3DB","F|NR_all_89104.1|1, O|NR_all_89104.1|1"
8WND,"RNA3DB","R|NR_all_70722.1|1, T|NR_all_70722.1|1"
8WO8,"RNA3DB","B|NR_all_28241.1|1"
8WQ2,"RNA3DB","A16S|NR_all_09738.5|1, VTRF|NR_all_53614.1|1"
8WQ4,"RNA3DB","A16S|NR_all_09738.5|1, VTRF|NR_all_11810.1|1"
8WR4,"RNA3DB","N|NR_all_58248.1|1, O|NR_all_58248.1|1"
8WT6,"RNA3DB","E|NR_all_98274.1|1, F|NR_all_80564.1|1"
8WT7,"RNA3DB","E|NR_all_98274.1|1, F|NR_all_80564.1|1"
8WT8,"RNA3DB","E|NR_all_98274.1|1, F|NR_all_80564.1|1"
8WT9,"RNA3DB","E|NR_all_98274.1|1, F|NR_all_80564.1|1"
8WUS,"RNA3DB","B|NR_all_87323.3|1"
8WUT,"RNA3DB","B|NR_all_22787.1|1"
8WUU,"RNA3DB","B|NR_all_22787.1|1"
8WUV,"RNA3DB","B|NR_all_49375.1|1"
8WV1,"RNA3DB","A|NR_all_97519.74|1, B|NR_all_42622.74|1, a|NR_all_97519.74|1, b|NR_all_42622.74|1"
8WX0,"RNA3DB","D|NR_all_15126.1|1, E|NR_all_44966.1|1, F|NR_all_38888.1|1, G|NR_all_01700.1|1"
8WZC,"RNA3DB","D|NR_all_21420.1|1"
8X0N,"RNA3DB","B|NR_all_04129.1|1"
8X0S,"RNA3DB","A|NR_all_82398.1|1, B|NR_all_82398.1|1"
8X5D,"RNA3DB","O|NR_all_51569.1|1"
8X5V,"RNA3DB","B|NR_all_37204.1|1"
8XAY,"RNA3DB",""
8XC1,"RNA3DB","C|NR_all_26955.1|2, D|NR_all_26955.1|2, E|NR_all_26955.1|2, F|NR_all_26955.1|2"
8XI2,"RNA3DB","3|NR_all_10935.1|1, 5|NR_all_35348.1|1, B|NR_all_75631.1|1, F|NR_all_90946.1|1, H|NR_all_94350.1|1"
8XKO,"RNA3DB","E|NR_all_45932.1|2, F|NR_all_45932.1|2"
8XMB,"RNA3DB","O|NR_all_32829.1|1"
8XMC,"RNA3DB","O|NR_all_32829.1|1"
8XMD,"RNA3DB","O|NR_all_73242.1|1"
8XME,"RNA3DB","O|NR_all_97557.1|1"
8XP2,"RNA3DB","S2|NR_all_46995.44|1"
8XP3,"RNA3DB","S2|NR_all_46995.44|1"
8XPO,"RNA3DB","A|NR_all_28885.1|1, P|NR_all_62308.1|2, T|NR_all_62308.1|2"
8XPP,"RNA3DB","B|NR_all_24204.1|2, C|NR_all_24204.1|2"
8XSX,"RNA3DB","CC|NR_all_83098.3|1, L5|NR_all_65061.34|2, L7|NR_all_52752.30|1, L8|NR_all_65061.34|2, S2|NR_all_46995.44|1"
8XSY,"RNA3DB","CC|NR_all_83098.3|1, L5|NR_all_65061.34|2, L7|NR_all_52752.30|1, L8|NR_all_65061.34|2, S2|NR_all_46995.44|1"
8XSZ,"RNA3DB","CC|NR_all_83098.3|1, CD|NR_all_83098.3|1, CE|NR_all_28642.1|1, L5|NR_all_65061.34|2, L7|NR_all_52752.30|1, L8|NR_all_65061.34|2, S2|NR_all_46995.44|1"
8XT0,"RNA3DB","L1|NR_all_12763.29|1, L2|NR_all_73428.23|1, S1|NR_all_93855.17|1"
8XT1,"RNA3DB","L1|NR_all_12763.29|1, L2|NR_all_73428.23|1"
8XT2,"RNA3DB","L1|NR_all_12763.29|1, L2|NR_all_73428.23|1, S1|NR_all_93855.17|1"
8XT3,"RNA3DB","L1|NR_all_12763.29|1, L2|NR_all_73428.23|1"
8XXL,"RNA3DB","S2|NR_all_46995.44|1"
8XXM,"RNA3DB","S2|NR_all_46995.44|1"
8XXN,"RNA3DB","S2|NR_all_46995.44|1"
8XYC,"RNA3DB","C|NR_all_54678.1|1"
8XZ3,"RNA3DB","A|NR_all_76090.9|1, B|NR_all_89181.3|1"
8XZE,"RNA3DB","A|NR_all_41547.1|1"
8XZK,"RNA3DB","A|NR_all_41547.1|1"
8XZL,"RNA3DB","A|NR_all_41547.1|1"
8XZM,"RNA3DB","A|NR_all_41547.1|1"
8XZN,"RNA3DB","A|NR_all_41547.1|1"
8XZO,"RNA3DB","A|NR_all_41547.1|1"
8XZP,"RNA3DB","A|NR_all_41547.1|1"
8XZQ,"RNA3DB","A|NR_all_41547.1|1"
8XZR,"RNA3DB","A|NR_all_41547.1|1"
8XZW,"RNA3DB","A|NR_all_41547.1|1"
8Y0U,"RNA3DB","C1|NR_all_90506.74|1, C2|NR_all_03510.64|1, C3|NR_all_13071.5|1, C4|NR_all_18586.69|1"
8Y0W,"RNA3DB","L5|NR_all_65061.34|1, L7|NR_all_52752.30|1, L8|NR_all_91171.6|1, S2|NR_all_46995.44|1"
8Y0X,"RNA3DB","E|NR_all_69011.1|1, L5|NR_all_65061.34|1, L7|NR_all_52752.30|1, L8|NR_all_91171.6|1, S2|NR_all_46995.44|1"
8Y2I,"RNA3DB","C|NR_all_95486.1|1"
8Y36,"RNA3DB","A|NR_all_90633.23|1, B|NR_all_83891.22|1"
8Y37,"RNA3DB","A|NR_all_90633.23|1, B|NR_all_83891.22|1"
8Y38,"RNA3DB","A|NR_all_90633.23|1, B|NR_all_83891.22|1, a|NR_all_74023.13|1"
8Y39,"RNA3DB","A|NR_all_90633.23|1, B|NR_all_83891.22|1, a|NR_all_74023.13|1"
8Y6O,"RNA3DB","B|NR_all_73286.27|1, J|NR_all_24465.1|2, K|NR_all_24465.1|2, P|NR_all_85280.1|1"
8Y7E,"RNA3DB","A|NR_all_65235.1|2, H|NR_all_65235.1|2"
8Y7G,"RNA3DB","C|NR_all_96242.1|1, D|NR_all_53003.3|1, E|NR_all_53003.3|1"
8Y7Z,"RNA3DB","C|NR_all_08031.1|1"
8Y80,"RNA3DB","C|NR_all_08031.1|1, G|NR_all_08031.1|1, K|NR_all_08031.1|1, O|NR_all_08031.1|1"
8Y82,"RNA3DB","C|NR_all_08031.1|1, G|NR_all_08031.1|1, K|NR_all_08031.1|1, O|NR_all_08031.1|1"
8YAM,"RNA3DB","A|NR_all_80276.4|1"
8YAN,"RNA3DB","A|NR_all_80276.4|1"
8YB6,"RNA3DB","C|NR_all_10095.1|1"
8YDB,"RNA3DB","C|NR_all_70793.1|1, N|NR_all_22238.1|2, T|NR_all_22238.1|2"
8YDC,"RNA3DB","A|NR_all_97503.1|2, B|NR_all_97503.1|2"
8YE6,"RNA3DB","C|NR_all_92710.1|1"
8YE9,"RNA3DB","C|NR_all_13007.1|1"
8YEO,"RNA3DB","C|NR_all_70793.1|1, N|NR_all_80798.1|2, T|NR_all_80798.1|2"
8YFQ,"RNA3DB","P|NR_all_37985.1|1"
8YGJ,"RNA3DB","B|NR_all_87323.3|1"
8YH9,"RNA3DB","C|NR_all_70793.1|1"
8YHA,"RNA3DB","C|NR_all_29092.1|1, T|NR_all_74708.1|1"
8YHD,"RNA3DB","M|NR_all_36971.1|2, N|NR_all_36971.1|2"
8YHE,"RNA3DB","M|NR_all_46684.1|2, N|NR_all_46684.1|2"
8YNO,"RNA3DB","A|NR_all_09694.1|2, B|NR_all_09694.1|2"
8YOO,"RNA3DB","L5|NR_all_65061.34|2, L7|NR_all_52752.30|1, L8|NR_all_65061.34|2, S2|NR_all_46995.44|1"
8YOP,"RNA3DB","L5|NR_all_65061.34|2, L7|NR_all_52752.30|1, L8|NR_all_65061.34|2, S2|NR_all_46995.44|1"
8YUO,"RNA3DB","A|NR_all_56726.132|1, V|NR_all_82475.1|1, W|NR_all_35670.1|1, X|NR_all_82475.1|1, a|NR_all_83717.145|1, b|NR_all_10157.143|1"
8YUP,"RNA3DB","A|NR_all_56726.132|1, V|NR_all_44285.2|1, W|NR_all_23940.1|1, X|NR_all_82475.1|1, a|NR_all_83717.145|1, b|NR_all_10157.143|1"
8YUQ,"RNA3DB","A|NR_all_56726.132|1, V|NR_all_44285.2|1, W|NR_all_23940.1|1, X|NR_all_82475.1|1, a|NR_all_83717.145|1, b|NR_all_10157.143|1"
8YUR,"RNA3DB","A|NR_all_56726.132|1, V|NR_all_44285.2|1, W|NR_all_23940.1|1, X|NR_all_82475.1|1, a|NR_all_83717.145|1, b|NR_all_10157.143|1"
8YUS,"RNA3DB","A|NR_all_56726.132|1, V|NR_all_44285.2|1, W|NR_all_23940.1|1, X|NR_all_82475.1|1, a|NR_all_83717.145|1, b|NR_all_10157.143|1"
8Z0K,"RNA3DB","L|NR_all_16995.1|1"
8Z0L,"RNA3DB","L|NR_all_16995.1|1"
8Z4J,"RNA3DB","M|NR_all_03900.1|2, N|NR_all_03900.1|2"
8Z4L,"RNA3DB","M|NR_all_03900.1|2, N|NR_all_03900.1|2"
8Z85,"RNA3DB","D|NR_all_17554.1|1, E|NR_all_38361.1|1"
8Z8J,"RNA3DB","D|NR_all_17554.1|1, E|NR_all_38361.1|1"
8Z8N,"RNA3DB","D|NR_all_17554.1|1, E|NR_all_38361.1|1"
8Z8X,"RNA3DB","D|NR_all_17554.1|2, E|NR_all_17554.1|2"
8Z90,"RNA3DB","D|NR_all_17554.1|2, E|NR_all_17554.1|2"
8Z97,"RNA3DB","D|NR_all_17554.1|1, E|NR_all_38361.1|1, F|NR_all_77160.1|2, G|NR_all_77160.1|2"
8Z98,"RNA3DB","D|NR_all_10107.1|1"
8Z99,"RNA3DB","M|NR_all_03900.1|2, N|NR_all_03900.1|2"
8Z9C,"RNA3DB","M|NR_all_03900.1|2, N|NR_all_03900.1|2"
8Z9E,"RNA3DB","M|NR_all_03900.1|2, N|NR_all_03900.1|2"
8Z9H,"RNA3DB","D|NR_all_17554.1|1, E|NR_all_38361.1|1, F|NR_all_77160.1|2, G|NR_all_77160.1|2, K|NR_all_94037.1|1"
8Z9Q,"RNA3DB","D|NR_all_30137.1|1"
8Z9R,"RNA3DB","D|NR_all_17554.1|1, E|NR_all_38361.1|1, F|NR_all_77160.1|2, G|NR_all_77160.1|2, K|NR_all_30137.1|1"
8ZDY,"RNA3DB","L|NR_all_16995.1|1"
8ZLU,"RNA3DB","A|NR_all_73067.1|1"
8ZNR,"RNA3DB","L|NR_all_16995.1|1"
8ZP7,"RNA3DB","A|NR_all_13351.1|2, M|NR_all_13351.1|2"
8ZWJ,"RNA3DB","F|NR_all_65223.11|1, Q|NR_all_65223.11|1"
8ZWK,"RNA3DB","G|NR_all_65223.11|1, Q|NR_all_65223.11|1"
8ZYC,"RNA3DB","C|NR_all_49241.1|1"
8ZYD,"RNA3DB","C|NR_all_49241.1|1"
9ASH,"RNA3DB","P|NR_all_44344.1|1, R|NR_all_61184.1|2, T|NR_all_61184.1|2"
9ASI,"RNA3DB","R|NR_all_61184.1|2, T|NR_all_61184.1|2"
9ASM,"RNA3DB","E|NR_all_25446.1|1"
9ASN,"RNA3DB","E|NR_all_24902.1|1"
9ASO,"RNA3DB","E|NR_all_64348.1|1"
9ASP,"RNA3DB","E|NR_all_36569.1|1"
9ASQ,"RNA3DB","E|NR_all_25446.1|1"
9AUR,"RNA3DB","R|NR_all_58572.1|1"
9AUS,"RNA3DB","C|NR_all_38505.1|1, R|NR_all_38505.1|1"
9AVR,"RNA3DB","B|NR_all_63315.1|1"
9AX7,"RNA3DB","A|NR_all_56726.132|1, X|NR_all_90612.1|1, Z|NR_all_35542.140|1, a|NR_all_83717.145|1, b|NR_all_10157.143|1"
9AX8,"RNA3DB","A|NR_all_83717.145|1, X|NR_all_10157.143|1, a|NR_all_56726.132|1, x|NR_all_90612.1|1, y|NR_all_35542.140|1"
9AXT,"RNA3DB","AA|NR_all_01178.1|1, B2|NR_all_24203.1|1, B3|NR_all_52185.1|1, B4|NR_all_50830.1|1"
9AXU,"RNA3DB","2|NR_all_24203.1|1, 3|NR_all_52185.1|1, 4|NR_all_50830.1|1"
9AXV,"RNA3DB","AA|NR_all_01178.1|1, B2|NR_all_24203.1|1, B3|NR_all_52185.1|1, B4|NR_all_50830.1|1, S3|NR_all_59583.1|1, Sm|NR_all_98063.1|1, Sn|NR_all_68854.1|1"
9B00,"RNA3DB","1A|NR_all_97519.74|1, 1B|NR_all_42622.74|1, 1a|NR_all_65795.80|1, 1v|NR_all_86829.2|1, 1w|NR_all_19951.88|1, 1x|NR_all_35542.140|1, 1y|NR_all_19951.88|1, 2A|NR_all_97519.74|1, 2B|NR_all_42622.74|1, 2a|NR_all_65795.80|1, 2v|NR_all_86829.2|1, 2w|NR_all_19951.88|1, 2x|NR_all_35542.140|1, 2y|NR_all_19951.88|1"
9B0L,"RNA3DB","C|NR_all_88990.1|1"
9BCI,"RNA3DB","A|NR_all_63679.1|1"
9BCT,"RNA3DB","7|NR_all_72081.1|1"
9BCU,"RNA3DB","7|NR_all_68633.1|1"
9BDC,"RNA3DB","R|NR_all_61301.1|1"
9BDD,"RNA3DB","R|NR_all_61301.1|1"
9BDL,"RNA3DB","A18S|NR_all_21280.33|1, A28S|NR_all_06650.37|2, A58S|NR_all_06650.37|2, A5S|NR_all_10255.37|1, ETRN|NR_all_35542.140|1, MRNA|NR_all_58545.1|1, PTRN|NR_all_35542.140|1"
9BDN,"RNA3DB","A18S|NR_all_21280.33|1, A28S|NR_all_06650.37|2, A58S|NR_all_06650.37|2, A5S|NR_all_10255.37|1, ETRN|NR_all_35542.140|1, MRNA|NR_all_23078.1|1, PTRN|NR_all_35542.140|1, TIRN|NR_all_53745.2|1"
9BDP,"RNA3DB","A18S|NR_all_21280.33|1, A28S|NR_all_06650.37|2, A58S|NR_all_06650.37|2, A5S|NR_all_10255.37|1, ETRN|NR_all_35542.140|1, MRNA|NR_all_23078.1|1, PTRN|NR_all_35542.140|1, TIRN|NR_all_53745.2|1"
9BH5,"RNA3DB","A5|NR_all_54953.1|2, A7|NR_all_18146.1|1, A8|NR_all_54953.1|2, B2|NR_all_31828.1|1, DA|NR_all_53342.2|1, DB|NR_all_53342.2|1, DC|NR_all_85607.1|1"
9BKD,"RNA3DB","A|NR_all_46995.44|1"
9BLM,"RNA3DB","A|NR_all_96857.1|1"
9BLN,"RNA3DB","A|NR_all_46995.44|1"
9BS3,"RNA3DB","C|NR_all_27919.1|1, G|NR_all_06641.1|1"
9BS4,"RNA3DB","C|NR_all_53530.1|1, G|NR_all_43942.1|1"
9BUN,"RNA3DB","A|NR_all_17047.1|1, B|NR_all_17047.1|1, C|NR_all_17047.1|1, D|NR_all_17047.1|1"
9BVT,"RNA3DB","X|NR_all_34359.12|1"
9BW0,"RNA3DB","R|NR_all_15220.1|1"
9BZ1,"RNA3DB","A|NR_all_27610.1|1, B|NR_all_27610.1|1"
9BZC,"RNA3DB","A|NR_all_27610.1|1"
9C0I,"RNA3DB","R|NR_all_84991.1|1"
9C0J,"RNA3DB","R|NR_all_52922.1|1"
9C3H,"RNA3DB","L1|NR_all_65061.34|2, L5|NR_all_65061.34|2, L9|NR_all_52752.30|1, S2|NR_all_46995.44|1, S4|NR_all_81928.1|1, S5|NR_all_63748.1|1"
9C3I,"RNA3DB","A|NR_all_25621.1|1"
9C4G,"RNA3DB","a|NR_all_02975.1|1, b|NR_all_52739.1|1"
9C68,"RNA3DB","C|NR_all_88423.1|1"
9C69,"RNA3DB","C|NR_all_77392.1|1"
9C6I,"RNA3DB","A|NR_all_35054.6|1"
9C6J,"RNA3DB","A|NR_all_35054.6|1"
9C6K,"RNA3DB","X|NR_all_28938.1|1"
9C77,"RNA3DB","G|NR_all_16336.1|1, H|NR_all_16336.1|1, I|NR_all_09889.1|1"
9C7A,"RNA3DB","B|NR_all_51954.1|1"
9C7B,"RNA3DB","B|NR_all_33956.1|1"
9C9P,"RNA3DB","B|NR_all_20965.3|1"
9CAI,"RNA3DB","A5|NR_all_54953.1|2, A7|NR_all_18146.1|1, A8|NR_all_54953.1|2, B2|NR_all_31828.1|1, DA|NR_all_53342.2|1, DC|NR_all_85607.1|1"
9CBU,"RNA3DB","N|NR_all_69141.4|1"
9CBW,"RNA3DB","N|NR_all_69141.4|1"
9CBX,"RNA3DB","N|NR_all_69141.4|1"
9CBY,"RNA3DB","N|NR_all_69141.4|1"
9CDB,"RNA3DB","H|NR_all_70092.1|1, I|NR_all_92404.1|1, J|NR_all_35121.1|1"
9CER,"RNA3DB","W|NR_all_80630.1|1"
9CES,"RNA3DB","N|NR_all_69485.1|3, T|NR_all_69485.1|3, W|NR_all_69485.1|3"
9CET,"RNA3DB","N|NR_all_69485.1|3, T|NR_all_69485.1|3, W|NR_all_69485.1|3"
9CEU,"RNA3DB","N|NR_all_58945.1|3, T|NR_all_58945.1|3, W|NR_all_58945.1|3"
9CEV,"RNA3DB","N|NR_all_58945.1|3, T|NR_all_58945.1|3, W|NR_all_58945.1|3"
9CEW,"RNA3DB","N|NR_all_58945.1|3, T|NR_all_58945.1|3, W|NR_all_58945.1|3"
9CEX,"RNA3DB","N|NR_all_58945.1|3, T|NR_all_58945.1|3, W|NR_all_58945.1|3"
9CEY,"RNA3DB","N|NR_all_58945.1|3, T|NR_all_58945.1|3, W|NR_all_58945.1|3"
9CEZ,"RNA3DB","N|NR_all_58945.1|3, T|NR_all_58945.1|3, W|NR_all_58945.1|3"
9CF0,"RNA3DB","W|NR_all_41562.1|1"
9CF1,"RNA3DB",""
9CF2,"RNA3DB",""
9CF3,"RNA3DB","N|NR_all_48141.1|3, T|NR_all_48141.1|3, W|NR_all_48141.1|3"
9CG5,"RNA3DB","A|NR_all_56726.132|1, X|NR_all_90612.1|1, Z|NR_all_35542.140|1, a|NR_all_83717.145|1, b|NR_all_10157.143|1"
9CG6,"RNA3DB","A|NR_all_56726.132|1, X|NR_all_90612.1|1, Z|NR_all_35542.140|1, a|NR_all_83717.145|1, b|NR_all_10157.143|1"
9CG7,"RNA3DB","A|NR_all_56726.132|1, X|NR_all_90612.1|1, Z|NR_all_35542.140|1, a|NR_all_83717.145|1, b|NR_all_10157.143|1"
9CGU,"RNA3DB","B|NR_all_20965.3|1"
9CL9,"RNA3DB","CA|NR_all_83717.145|1"
9CPD,"RNA3DB","A|NR_all_23936.1|2, B|NR_all_23936.1|2"
9CPG,"RNA3DB","A|NR_all_84176.1|2, B|NR_all_84176.1|2"
9CPI,"RNA3DB","A|NR_all_44052.1|2, B|NR_all_44052.1|2"
9CPJ,"RNA3DB","A|NR_all_33890.1|2, B|NR_all_33890.1|2"
9CPO,"RNA3DB","P|NR_all_61386.1|2, T|NR_all_61386.1|2"
9D0J,"RNA3DB","1A|NR_all_97519.74|1, 1B|NR_all_42622.74|1, 1a|NR_all_65795.80|1, 1v|NR_all_86829.2|1, 1w|NR_all_19951.88|1, 1x|NR_all_35542.140|1, 1y|NR_all_19951.88|1, 2A|NR_all_97519.74|1, 2B|NR_all_42622.74|1, 2a|NR_all_65795.80|1, 2v|NR_all_86829.2|1, 2w|NR_all_19951.88|1, 2x|NR_all_35542.140|1, 2y|NR_all_19951.88|1"
9D5J,"RNA3DB","C|NR_all_85059.1|2, D|NR_all_85059.1|2"
9D5K,"RNA3DB","C|NR_all_85059.1|2, D|NR_all_85059.1|2"
9D7R,"RNA3DB","1A|NR_all_97519.74|1, 1B|NR_all_42622.74|1, 1a|NR_all_65795.80|1, 1v|NR_all_94873.1|1, 1x|NR_all_19951.88|1, 1y|NR_all_19951.88|1, 2A|NR_all_97519.74|1, 2B|NR_all_42622.74|1, 2a|NR_all_65795.80|1, 2v|NR_all_94873.1|1, 2x|NR_all_19951.88|1, 2y|NR_all_19951.88|1"
9D7S,"RNA3DB","1A|NR_all_97519.74|1, 1B|NR_all_42622.74|1, 1a|NR_all_65795.80|1, 1v|NR_all_94873.1|1, 1x|NR_all_19951.88|1, 1y|NR_all_19951.88|1, 2A|NR_all_97519.74|1, 2B|NR_all_42622.74|1, 2a|NR_all_65795.80|1, 2v|NR_all_94873.1|1, 2x|NR_all_19951.88|1, 2y|NR_all_19951.88|1"
9D7T,"RNA3DB","1A|NR_all_97519.74|1, 1B|NR_all_42622.74|1, 1a|NR_all_65795.80|1, 1v|NR_all_94873.1|1, 1x|NR_all_19951.88|1, 1y|NR_all_19951.88|1, 2A|NR_all_97519.74|1, 2B|NR_all_42622.74|1, 2a|NR_all_65795.80|1, 2v|NR_all_94873.1|1, 2x|NR_all_19951.88|1, 2y|NR_all_19951.88|1"
9DFC,"RNA3DB","1A|NR_all_97519.74|1, 1B|NR_all_42622.74|1, 1a|NR_all_65795.80|1, 1v|NR_all_86829.2|1, 1w|NR_all_19951.88|1, 1x|NR_all_35542.140|1, 1y|NR_all_19951.88|1, 2A|NR_all_97519.74|1, 2B|NR_all_42622.74|1, 2a|NR_all_65795.80|1, 2v|NR_all_86829.2|1, 2w|NR_all_19951.88|1, 2x|NR_all_35542.140|1, 2y|NR_all_19951.88|1"
9DFD,"RNA3DB","1A|NR_all_97519.74|1, 1B|NR_all_42622.74|1, 1a|NR_all_65795.80|1, 1v|NR_all_86829.2|1, 1w|NR_all_19951.88|1, 1x|NR_all_35542.140|1, 1y|NR_all_19951.88|1, 2A|NR_all_97519.74|1, 2B|NR_all_42622.74|1, 2a|NR_all_65795.80|1, 2v|NR_all_86829.2|1, 2w|NR_all_19951.88|1, 2x|NR_all_35542.140|1, 2y|NR_all_19951.88|1"
9DFE,"RNA3DB","1A|NR_all_97519.74|1, 1B|NR_all_42622.74|1, 1a|NR_all_65795.80|1, 2A|NR_all_97519.74|1, 2B|NR_all_42622.74|1, 2a|NR_all_65795.80|1"
9DLL,"RNA3DB","A|NR_all_95703.1|1, B|NR_all_43090.1|1"
9DN4,"RNA3DB","E|NR_all_65106.1|1, F|NR_all_65106.1|1"
9DR1,"RNA3DB","R|NR_all_02709.1|1"
9DTT,"RNA3DB","B|NR_all_54491.1|1"
9DXL,"RNA3DB","A|NR_all_17247.1|1, B|NR_all_17247.1|1"
9DYG,"RNA3DB","CA|NR_all_78651.1|1"
9E6Q,"RNA3DB","1|NR_all_42177.1|1, 2|NR_all_37869.1|1"
9E71,"RNA3DB","1|NR_all_42177.1|1, 2|NR_all_37869.1|1, 4|NR_all_26765.1|1"
9E7F,"RNA3DB","1|NR_all_42177.1|1, 2|NR_all_37869.1|1, 4|NR_all_26765.1|1"
9EN6,"RNA3DB","AAA|NR_all_19311.2|2, BBB|NR_all_19311.2|2, CCC|NR_all_19311.2|2, DDD|NR_all_19311.2|2"
9ENB,"RNA3DB","C|NR_all_05934.1|1, D|NR_all_05934.1|1"
9ENC,"RNA3DB","D|NR_all_05934.1|1"
9ENE,"RNA3DB","C|NR_all_02051.1|1, D|NR_all_02051.1|1"
9ENF,"RNA3DB","C|NR_all_42289.1|1, D|NR_all_42289.1|1"
9EOW,"RNA3DB","A|NR_all_01937.1|1"
9ER2,"RNA3DB",""
9EY0,"RNA3DB","T|NR_all_31659.2|1"
9EY1,"RNA3DB","T|NR_all_41153.1|1"
9EY2,"RNA3DB","T|NR_all_31659.2|1"
9EYI,"RNA3DB","D|NR_all_64918.25|1, E|NR_all_64918.25|1"
9EYJ,"RNA3DB","D|NR_all_64918.25|1"
9EYK,"RNA3DB","D|NR_all_64918.25|1, E|NR_all_64918.25|1"
9F1B,"RNA3DB","A2|NR_all_21280.33|1, AH|NR_all_14295.1|1, AT|NR_all_72394.1|1, B5|NR_all_06650.37|2, B7|NR_all_10255.37|1, B8|NR_all_06650.37|2"
9F1C,"RNA3DB","A2|NR_all_21280.33|1, AH|NR_all_14295.1|1, AT|NR_all_72394.1|1, B5|NR_all_06650.37|2, B7|NR_all_10255.37|1, B8|NR_all_06650.37|2"
9F1D,"RNA3DB","A2|NR_all_21280.33|1, AH|NR_all_14295.1|1, AT|NR_all_72394.1|1, B5|NR_all_06650.37|2, B7|NR_all_10255.37|1, B8|NR_all_06650.37|2"
9F2R,"RNA3DB","R|NR_all_90446.1|2, V|NR_all_90446.1|2"
9F37,"RNA3DB","R|NR_all_90446.1|2, V|NR_all_90446.1|2"
9F7M,"RNA3DB","I|NR_all_98428.4|1, J|NR_all_98428.4|1, K|NR_all_98428.4|1, L|NR_all_98428.4|1, M|NR_all_98428.4|1, N|NR_all_98428.4|1, O|NR_all_98428.4|1, P|NR_all_98428.4|1"
9F9S,"RNA3DB","CM|NR_all_90903.1|1, CP|NR_all_60125.5|1, DP|NR_all_83593.5|1, DQ|NR_all_11689.6|1, L1|NR_all_90506.74|2, L2|NR_all_90506.74|2, L3|NR_all_18586.69|1, M1|NR_all_90506.74|2, M2|NR_all_90506.74|2, M3|NR_all_18586.69|1, R1|NR_all_03510.64|1, S1|NR_all_03510.64|1"
9FBV,"RNA3DB","A|NR_all_56726.132|1, X|NR_all_26390.1|1, Z|NR_all_35542.140|1, a|NR_all_83717.145|1, b|NR_all_10157.143|1"
9FD2,"RNA3DB",""
9FMD,"RNA3DB","2|NR_all_17578.3|1, 5|NR_all_73286.27|1, EX|NR_all_88648.1|1, IN|NR_all_18052.1|1"
9FO8,"RNA3DB","A|NR_all_24873.1|1"
9FO9,"RNA3DB","A|NR_all_49621.1|1"
9FPZ,"RNA3DB","1|NR_all_82748.1|1, 8|NR_all_15415.1|1"
9FQ0,"RNA3DB","1|NR_all_82748.1|1, 8|NR_all_15415.1|1"
9FVD,"RNA3DB","Q|NR_all_20170.1|1, R|NR_all_20170.1|1, S|NR_all_20170.1|1, T|NR_all_20170.1|1, U|NR_all_20170.1|1"
9G7C,"RNA3DB","A|NR_all_00184.1|1"
9G8M,"RNA3DB","L5|NR_all_65061.34|1, L7|NR_all_52752.30|1, L8|NR_all_91171.6|1, S2|NR_all_46995.44|1, X|NR_all_60005.2|1"
9G8N,"RNA3DB","X|NR_all_23299.1|1"
9G8O,"RNA3DB","S2|NR_all_46995.44|1, X|NR_all_60005.2|1"
9G8P,"RNA3DB","X|NR_all_23299.1|1"
9GCH,"RNA3DB","T|NR_all_31659.2|1"
9GMO,"RNA3DB","A|NR_all_65061.34|1, B|NR_all_52752.30|1, C|NR_all_91171.6|1"
9GR1,"RNA3DB","4|NR_all_14792.1|1, A|NR_all_56726.132|1, X|NR_all_08934.1|1, Y|NR_all_35542.140|1, Z|NR_all_19951.88|1, a|NR_all_83717.145|1, b|NR_all_10157.143|1"
9GS9,"RNA3DB","1|NR_all_16806.1|1"
9GUP,"RNA3DB","A|NR_all_56726.132|1, X|NR_all_48037.1|1"
9GUQ,"RNA3DB","A|NR_all_56726.132|1, W|NR_all_35542.140|1, X|NR_all_70536.1|1"
9GUR,"RNA3DB",""
9GUS,"RNA3DB","A|NR_all_56726.132|1, W|NR_all_35542.140|1, X|NR_all_48037.1|1"
9GUT,"RNA3DB","A|NR_all_44357.1|1, W|NR_all_35542.140|1, X|NR_all_48037.1|1"
9GUU,"RNA3DB","A|NR_all_56726.132|1, W|NR_all_35542.140|1, X|NR_all_48037.1|1"
9GUV,"RNA3DB","A|NR_all_56726.132|1, W|NR_all_35542.140|1, X|NR_all_48037.1|1"
9GUW,"RNA3DB","6|NR_all_48037.1|3, 7|NR_all_48037.1|3, A|NR_all_56726.132|1, X|NR_all_48037.1|3"
9GUX,"RNA3DB","6|NR_all_48037.1|3, 7|NR_all_48037.1|3, A|NR_all_56726.132|1, X|NR_all_48037.1|3"
9H82,"RNA3DB","B|NR_all_80575.1|2, E|NR_all_80575.1|2"
9H83,"RNA3DB","A|NR_all_68765.1|4, B|NR_all_68765.1|4, C|NR_all_68765.1|4, D|NR_all_68765.1|4"
9H86,"RNA3DB","A|NR_all_44541.1|4, B|NR_all_44541.1|4, C|NR_all_44541.1|4, D|NR_all_44541.1|4, E|NR_all_44541.1|4, F|NR_all_44541.1|4, G|NR_all_44541.1|4, H|NR_all_44541.1|4"
9H8A,"RNA3DB","A|NR_all_44541.1|4, B|NR_all_44541.1|4, C|NR_all_44541.1|4, D|NR_all_44541.1|4, E|NR_all_44541.1|4, F|NR_all_44541.1|4, G|NR_all_44541.1|4, H|NR_all_44541.1|4"
9IIY,"RNA3DB","B|NR_all_43532.1|2, C|NR_all_43532.1|2"
9IIZ,"RNA3DB","B|NR_all_49493.1|2, C|NR_all_49493.1|2"
9IJ0,"RNA3DB","B|NR_all_05174.1|2, C|NR_all_05174.1|2"
9IJ1,"RNA3DB","B|NR_all_71225.1|2, C|NR_all_71225.1|2"
9IJ2,"RNA3DB","B|NR_all_49493.1|2, C|NR_all_49493.1|2"
9IJ3,"RNA3DB","B|NR_all_71225.1|2, C|NR_all_71225.1|2"
9IJ5,"RNA3DB","B|NR_all_71225.1|2, C|NR_all_71225.1|2"
9JA1,"RNA3DB","R|NR_all_33912.6|1"
9JVN,"RNA3DB",""
