"EC ID","IFE ID","Ranked EC IFE IDs"
"NR_all_70599.1","7KUD|1|A","7KUD|1|A"
"NR_all_30254.1","7KVT|1|B","7KVT|1|B,7KVU|1|G,7KVV|1|D"
"NR_all_18350.1","7KX9|1|B+7KX9|1|C","7KX9|1|B+7KX9|1|C"
"NR_all_57046.1","6YML|1|A+6YML|1|B","6YML|1|A+6YML|1|B,6YMK|1|A+6YMK|1|B,6YMM|1|A+6YMM|1|B,6YMJ|1|M+6YMJ|1|N,6YMJ|1|F+6YMJ|1|G,6YMK|1|M+6YMK|1|N,6YMJ|1|A+6YMJ|1|B,6YMM|1|C+6YMM|1|D,6YMK|1|O+6YMK|1|P,6YMK|1|C+6YMK|1|D,6YMI|1|M+6YMI|1|N,6YMI|1|F+6YMI|1|G,6YMI|1|A+6YMI|1|B,6YMK|1|F+6YMK|1|G,6YMK|1|I+6YMK|1|J,6YLB|1|M+6YLB|1|N,6YLB|1|I+6YLB|1|J,6YML|1|C+6YML|1|D,6YLB|1|F+6YLB|1|G,6YMI|1|C+6YMI|1|D,6YLB|1|O+6YLB|1|P,6YMI|1|O+6YMI|1|P,6YMJ|1|C+6YMJ|1|D,6YLB|1|C+6YLB|1|D,6YLB|1|A+6YLB|1|B,6YMI|1|I+6YMI|1|J,6YMJ|1|I+6YMJ|1|J,6YMJ|1|O+6YMJ|1|P"
"NR_all_04166.1","6YMC|1|A","6YMC|1|A,6YMC|1|B"
"NR_all_54515.1","7LD5|1|D","7LD5|1|D,7LD5|1|E,7LD5|1|F"
"NR_all_65417.1","6YRQ|1|E","6YRQ|1|E,6YRQ|1|H,6YRQ|1|G,6YRQ|1|F,6YRB|1|C,6YRB|1|D"
"NR_all_14254.1","7LJ3|1|A","7LJ3|1|A,7LJ3|1|C,7LJ3|1|B"
"NR_all_98434.1","6YS5|1|7","6YS5|1|7,6YTF|1|7"
"NR_all_36850.1","6YSI|1|8+6YSI|1|6","6YSI|1|8+6YSI|1|6"
"NR_all_72592.1","6YWS|1|A","6YWS|1|A,6YWE|1|A,6YWY|1|A,6YWX|1|A,6YWV|1|A"
"NR_all_47088.1","7LO9|1|A+7LO9|1|B","7LO9|1|A+7LO9|1|B,7LO9|1|C+7LO9|1|D"
"NR_all_99566.1","6YWE|1|bb","6YWE|1|bb"
"NR_all_81372.1","7LVA|9|A","7LVA|9|A"
"NR_all_01551.1","6YWY|1|bb","6YWY|1|bb"
"NR_all_00361.1","7LYG|1|A","7LYG|1|A"
"NR_all_04435.1","6YYM|1|B","6YYM|1|B"
"NR_all_41935.1","7MKY|1|A","7MKY|1|A,7LYJ|1|A"
"NR_all_08125.1","6Z1P|1|Ab+6Z1P|1|Aa","6Z1P|1|Ab+6Z1P|1|Aa"
"NR_all_82535.1","7LYT|1|B","7LYT|1|B"
"NR_all_71217.5","6ZMI|1|CC","6ZMI|1|CC,6ZM7|1|CC,7XNX|1|CC,6ZVH|1|x,6Z6N|1|CC,6ZME|1|CC,7QVP|1|CC,6Z6L|1|CC,6ZMO|1|CC"
"NR_all_03741.2","6Z9T|1|R","6Z9T|1|R,7ADE|1|R,6Z9R|1|R,7ADC|1|R,6Z9P|1|R,6Z9S|1|R,7ADD|1|R,7ADB|1|R,6Z9Q|1|R"
"NR_all_68504.1","6ZJ3|1|LD","6ZJ3|1|LD"
"NR_all_41145.1","6ZJ3|1|LF","6ZJ3|1|LF"
"NR_all_39845.1","6ZJ3|1|LI","6ZJ3|1|LI"
"NR_all_00321.1","6ZJ3|1|LK","6ZJ3|1|LK"
"NR_all_90146.1","6ZJ3|1|LN","6ZJ3|1|LN"
"NR_all_06563.1","6ZJ3|1|S1","6ZJ3|1|S1"
"NR_all_96610.1","6ZJ3|1|S3","6ZJ3|1|S3,6ZJ3|1|S2"
"NR_all_34318.1","6ZM2|1|B","6ZM2|1|B"
"NR_all_04000.4","6ZM6|1|w","6ZM6|1|w,7QI5|1|Aw,8ANY|1|Aw,6ZM5|1|w,7QI6|1|Aw"
"NR_all_83618.1","7QI4|1|Ax","7QI4|1|Ax,6ZM6|1|x,7QI5|1|Ax,7QI5|1|Ay,8ANY|1|Ax,8ANY|1|Ay,6ZM5|1|x"
"NR_all_20373.1","7M57|1|7","7M57|1|7,7M57|1|n+7M57|1|Y,7M57|1|p,7M57|1|m+7M57|1|X,7M57|1|f,7M57|1|j,7M57|1|x,7M57|1|q,7M57|1|yy,7M57|1|o,7M57|1|uu,7M57|1|ll+7M57|1|UU,7M57|1|kk+7M57|1|TT,7M57|1|pp+7M57|1|ZZ,7M57|1|i+7M57|1|T,7M57|1|ii,7M57|1|h+7M57|1|S,7M57|1|3,7M57|1|mm,7M57|1|qq+7M57|1|bb,7M57|1|tt,7M57|1|g+7M57|1|R,7M57|1|4,7M57|1|oo,7M57|1|z,7M57|1|s,7M57|1|jj+7M57|1|SS,7M57|1|hh+7M57|1|QQ,7M57|1|l,7M57|1|e+7M57|1|P,7M57|1|nn,7M57|1|r,7M57|1|y,7M57|1|rr,7M57|1|5,7M57|1|k,7M57|1|zz,7M57|1|2,7M57|1|ss,7M57|1|ww,7M57|1|t,7M57|1|vv,7M57|1|1,7M57|1|6,7M57|1|u,7M57|1|8,7M57|1|xx,7M57|1|v,7M57|1|w,7M2T|1|7,7M2T|1|e+7M2T|1|P,7M2T|1|f,7M2T|1|g+7M2T|1|R,7M2T|1|h+7M2T|1|S,7M2T|1|hh+7M2T|1|QQ,7M2T|1|i+7M2T|1|T,7M2T|1|ii,7M2T|1|j,7M2T|1|jj+7M2T|1|SS,7M2T|1|k,7M2T|1|kk+7M2T|1|TT,7M2T|1|l,7M2T|1|ll+7M2T|1|UU,7M2T|1|m+7M2T|1|X,7M2T|1|mm,7M2T|1|n+7M2T|1|Y,7M2T|1|nn,7M2T|1|o,7M2T|1|oo,7M2T|1|p,7M2T|1|pp+7M2T|1|ZZ,7M2T|1|q,7M2T|1|qq+7M2T|1|bb,7M2T|1|r,7M2T|1|rr,7M2T|1|s,7M2T|1|tt,7M2T|1|uu,7M2T|1|vv,7M2T|1|ss,7M2T|1|1,7M2T|1|2,7M2T|1|3,7M2T|1|4,7M2T|1|5,7M2T|1|6,7M2T|1|8,7M2T|1|t,7M2T|1|u,7M2T|1|v,7M2T|1|w,7M2T|1|ww,7M2T|1|x,7M2T|1|xx,7M2T|1|y,7M2T|1|yy,7M2T|1|z,7M2T|1|zz"
"NR_all_71188.3","5TDJ|1|A","5TDJ|1|A,5TDJ|1|B,4MSR|1|A+4MSR|1|B,5TDK|1|A+5TDK|1|B,4MS9|1|A,6WY3|1|A+6WY3|1|B,6WY3|1|C+6WY3|1|D,4MSB|1|A+4MSB|1|B,4MSB|1|C+4MSB|1|D,6WY2|1|A,6WY2|1|B+6WY2|1|C,4MSB|1|E+4MSB|1|F,6WY2|1|D+6WY2|1|E,6Z18|1|A+6Z18|1|B,100D|1|A,100D|1|A+100D|1|B,100D|1|B,161D|1|B,161D|1|A,394D|1|A+394D|1|B,393D|1|A,393D|1|B"
"NR_all_40394.1","7Z26|1|E","7Z26|1|E,7Z26|1|D,6ZOT|1|C"
"NR_all_62396.2","6ZQC|1|D2","6ZQC|1|D2,7AJT|1|D2,7D4I|1|5A"
"NR_all_72651.1","6ZQG|1|D5","6ZQG|1|D5"
"NR_all_51489.1","6ZU5|1|L70","6ZU5|1|L70"
"NR_all_28858.1","6ZVK|1|E1","6ZVK|1|E1"
"NR_all_60024.1","6ZWW|1|D","6ZWW|1|D"
"NR_all_61072.1","176D|1|B","176D|1|B"
"NR_all_12236.1","6ZWW|1|H","6ZWW|1|H"
"NR_all_65529.1","1A1T|1|B","1A1T|1|B"
"NR_all_32878.1","7A01|1|E1","7A01|1|E1"
"NR_all_80025.2","7A5J|1|G","7A5J|1|G,7A5J|1|x,7OIA|1|z,7A5H|1|24,7OI8|1|z,7A5I|1|94,7A5I|1|99,7A5K|1|24,7A5K|1|FE,7A5I|1|X,7OID|1|z,7A5G|1|24,7A5G|1|C,7A5F|1|24,7A5F|1|C"
"NR_all_40001.1","7A5P|1|2","7A5P|1|2"
"NR_all_38607.1","7A9W|1|B","7A9W|1|B"
"NR_all_59092.1","7AAP|1|T+7AAP|1|P","7AAP|1|T+7AAP|1|P"
"NR_all_22035.1","7ABZ|1|4","7ABZ|1|4"
"NR_all_47525.1","7ACT|1|B","7ACT|1|B"
"NR_all_91199.1","1A3M|1|A+1A3M|1|B","1A3M|1|A+1A3M|1|B"
"NR_all_04124.1","1A4T|1|A","1A4T|1|A"
"NR_all_42738.1","7AIH|1|1","7AIH|1|1"
"NR_all_93153.1","1A60|1|A","1A60|1|A"
"NR_all_69305.1","7AM2|1|R1","7AM2|1|R1"
"NR_all_01611.2","1A9L|1|A","1A9L|1|A,2A9L|1|A"
"NR_all_93407.1","7ANE|1|1","7ANE|1|1"
"NR_all_89332.1","1A9N|1|Q","1A9N|1|Q,1A9N|1|R"
"NR_all_01773.1","7AOH|1|P","7AOH|1|P"
"NR_all_64483.1","7M2V|1|QQ","7M2V|1|QQ"
"NR_all_84970.1","1AC3|1|B","1AC3|1|B"
"NR_all_53658.1","7AOR|1|A","7AOR|1|A"
"NR_all_62040.1","1AJF|1|A","1AJF|1|A"
"NR_all_88473.1","7M3T|1|TT+7M3T|1|kk","7M3T|1|TT+7M3T|1|kk"
"NR_all_57473.1","1AJT|1|A+1AJT|1|B","1AJT|1|A+1AJT|1|B"
"NR_all_63978.1","7M3T|1|WW+7M3T|1|V","7M3T|1|WW+7M3T|1|V"
"NR_all_18727.1","1AKX|1|A","1AKX|1|A"
"NR_all_77116.1","7M3T|1|Y","7M3T|1|Y"
"NR_all_34704.1","1AM0|2|A","1AM0|2|A"
"NR_all_15098.1","7M3T|1|bb","7M3T|1|bb"
"NR_all_13679.1","7M3T|1|h+7M3T|1|S","7M3T|1|h+7M3T|1|S"
"NR_all_26393.1","7M3T|1|ll","7M3T|1|ll"
"NR_all_79129.1","7ASE|1|1","7ASE|1|1"
"NR_all_67886.1","7M3T|1|qq","7M3T|1|qq"
"NR_all_29032.1","7B3D|1|T+7B3D|1|P","7B3D|1|T+7B3D|1|P,7B3B|1|T+7B3B|1|P,7OYG|1|H+7OYG|1|G,7OYG|1|T+7OYG|1|P"
"NR_all_44115.1","7M50|1|WW+7M50|1|V","7M50|1|WW+7M50|1|V"
"NR_all_96884.1","7M50|1|bb+7M50|1|qq","7M50|1|bb+7M50|1|qq"
"NR_all_20230.1","7B5K|1|z","7B5K|1|z"
"NR_all_88361.1","7M50|1|h+7M50|1|S","7M50|1|h+7M50|1|S"
"NR_all_24045.1","7M50|1|ll","7M50|1|ll"
"NR_all_51266.4","2C4Q|1|R","2C4Q|1|R,2C4Y|1|R,2C4Q|1|S,2BU1|1|R,2C4Y|1|S,2IZ8|1|R,2C4Z|1|S,2C4Z|1|R,2C51|1|R,2BU1|1|S,2C50|1|R,2C51|1|S,2IZ8|1|S,2C50|1|S,1ZDH|1|R,1ZDH|1|S,2BQ5|1|R,2BNY|1|R,2BQ5|1|S,2BNY|1|S,1AQ4|1|R,1AQ3|1|R,1AQ3|1|S,1AQ4|1|S,2IZM|1|R,2IZM|1|S,1ZDI|1|R,2B2E|1|R,2B2G|1|R,1ZDK|1|R,1ZDK|1|S,1ZDI|1|S,2B2E|1|S,2B2G|1|S"
"NR_all_83333.1","8OUE|1|B","8OUE|1|B,8OUF|1|B,7TRC|1|B,7BGB|1|B"
"NR_all_95786.1","7BGD|1|A","7BGD|1|A,7KWG|1|A"
"NR_all_68756.1","7BHP|1|B","7BHP|1|B"
"NR_all_89387.1","7MDL|1|E","7MDL|1|E"
"NR_all_00390.1","1AQO|3|A","1AQO|3|A"
"NR_all_75428.1","7BPG|1|G","7BPG|1|G,7BPG|1|A,7BPG|1|E,7BPG|1|C"
"NR_all_84451.1","1ARJ|14|N","1ARJ|14|N"
"NR_all_73553.1","7BV2|1|T+7BV2|1|P","7BV2|1|T+7BV2|1|P"
"NR_all_00854.1","7MKA|1|r","7MKA|1|r,7MEI|1|r"
"NR_all_86209.1","7C06|1|1","7C06|1|1"
"NR_all_31728.1","7MJW|1|G","7MJW|1|G,7MJW|1|M,7MJX|1|M,7MJX|1|D"
"NR_all_24819.4","1IL2|1|C","1IL2|1|C,1IL2|1|D,2TRA|1|A,3TRA|1|A,1ASZ|1|S,1ASY|1|S,1ASZ|1|R,1ASY|1|R"
"NR_all_65501.1","7MJY|1|M","7MJY|1|M"
"NR_all_17061.1","7MKO|1|R","7MKO|1|R,7MKN|1|R"
"NR_all_99878.1","7ML4|1|P","7ML4|1|P"
"NR_all_47387.1","1ATO|1|A","1ATO|1|A"
"NR_all_09116.1","7MLI|1|I","7MLI|1|I"
"NR_all_42655.1","1ATV|2|A","1ATV|2|A"
"NR_all_01253.1","7MLW|1|F","7MLW|1|F"
"NR_all_18745.1","1AUD|4|B","1AUD|4|B"
"NR_all_92607.1","7MQ8|1|L0","7MQ8|1|L0,7MQ9|1|L0"
"NR_all_76648.1","1AV6|1|B","1AV6|1|B"
"NR_all_67835.1","7C07|1|C","7C07|1|C,7C07|1|L,7C07|1|F,7C07|1|U,7C07|1|R"
"NR_all_90918.1","7MQ8|1|L2","7MQ8|1|L2,7MQ9|1|L2"
"NR_all_82699.1","7MQ9|1|N0","7MQ9|1|N0,7QP6|1|7"
"NR_all_30553.1","7MQA|1|L0","7MQA|1|L0"
"NR_all_93248.1","7C07|1|O","7C07|1|O"
"NR_all_80196.1","7MQD|1|B","7MQD|1|B,7MQD|1|D,7MQD|1|F,7MQD|1|H,7MQD|1|J,7MQD|1|L,7MQD|1|N,7MQD|1|P,7MQE|1|B,7MQE|1|D,7MQE|1|F,7MQE|1|H,7MQE|1|J,7MQE|1|L,7MQE|1|N,7MQE|1|P"
"NR_all_65098.1","7C08|1|1","7C08|1|1"
"NR_all_24667.1","7C08|1|O","7C08|1|O"
"NR_all_78372.5","6X1B|1|D","6X1B|1|D,6X1B|1|F,5K77|1|x,5K77|1|z,5K77|1|v,5K77|1|y,5K77|1|w,7VA6|1|C,5F6C|1|C,6I0T|1|B,1B2M|1|C,1B2M|1|D,1B2M|1|E"
"NR_all_38094.1","7C45|1|D","7C45|1|D"
"NR_all_79594.1","7C7L|1|C","7C7L|1|C"
"NR_all_14284.1","1B36|8|A","1B36|8|A"
"NR_all_09952.1","1B7F|1|Q","1B7F|1|Q"
"NR_all_36895.1","7CGH|1|B","7CGH|1|B"
"NR_all_82965.1","1BGZ|1|A","1BGZ|1|A"
"NR_all_31724.1","7CGJ|1|B","7CGJ|1|B"
"NR_all_62398.1","1BJ2|1|A+1BJ2|1|B","1BJ2|1|A+1BJ2|1|B,2BJ2|1|A+2BJ2|1|B"
"NR_all_24803.1","7CGM|1|B","7CGM|1|B"
"NR_all_11198.1","1BMV|1|M","1BMV|1|M"
"NR_all_10796.1","1BR3|1|A","1BR3|1|A"
"NR_all_32222.1","1BYX|1|A","1BYX|1|A"
"NR_all_11127.1","7CXM|1|J+7CXM|1|I","7CXM|1|J+7CXM|1|I,7CXN|1|J+7CXN|1|I"
"NR_all_69912.1","1BZU|1|A","1BZU|1|A"
"NR_all_58396.1","7CXM|1|L","7CXM|1|L,7CXN|1|L"
"NR_all_46784.1","7CYQ|1|J+7CYQ|1|I","7CYQ|1|J+7CYQ|1|I"
"NR_all_56999.3","8H2H|1|A","8H2H|1|A,7D1A|1|A,7D0G|1|A,7D0F|1|A"
"NR_all_25376.1","6PRV|1|A","6PRV|1|A,6PRV|1|B,6PRV|1|C,6PRV|1|D,1HC8|1|C,1HC8|1|D,1Y39|1|C,1Y39|1|D,1QA6|1|C,1QA6|1|D,1C04|1|E"
"NR_all_70577.1","6VZ5|1|7","6VZ5|1|7"
"NR_all_96183.1","7D58|1|T","7D58|1|T"
"NR_all_66339.1","6W11|1|C","6W11|1|C"
"NR_all_07795.1","7D7W|1|A","7D7W|1|A,7D7Z|1|A,7D7X|1|A,7D7Y|1|A"
"NR_all_29604.1","6W2T|1|A","6W2T|1|A,6W2S|1|0"
"NR_all_57955.2","1Q96|1|A","1Q96|1|A,1Q96|1|B,1Q96|1|C,1Q93|1|C,1Q93|1|A,1Q93|1|B,430D|1|A,1C04|1|F"
"NR_all_15699.1","6W5C|1|B","6W5C|1|B"
"NR_all_89299.1","7D81|1|A","7D81|1|A,7D82|1|A"
"NR_all_47453.1","6W64|1|B","6W64|1|B"
"NR_all_96851.1","7D8C|1|B","7D8C|1|B"
"NR_all_64006.2","7C79|1|A","7C79|1|A,7C7A|1|A,6W6V|1|A"
"NR_all_99575.2","7D8O|1|B","7D8O|1|B,7D8O|1|F,7D8O|1|H,7D8O|1|L,7D8O|1|D,7D8O|1|J"
"NR_all_54622.1","6WAZ|1|D+6WAZ|1|C","6WAZ|1|D+6WAZ|1|C"
"NR_all_56204.1","6UGG|1|B","6UGG|1|B,6UGG|1|A,1C0A|1|B,1EFW|1|D,1EFW|1|C"
"NR_all_43181.1","7DA7|1|C","7DA7|1|C,7DAS|1|C"
"NR_all_31948.1","2LB4|1|B","2LB4|1|B,2LAR|1|B,1C2Q|1|B"
"NR_all_22385.1","7DCO|1|H+7DCO|1|F","7DCO|1|H+7DCO|1|F"
"NR_all_27117.1","1C2X|1|C","1C2X|1|C"
"NR_all_80535.1","7DD4|8|A","7DD4|8|A"
"NR_all_55702.1","1C9S|1|W","1C9S|1|W"
"NR_all_53524.1","6WLH|15|B","6WLH|15|B"
"NR_all_31876.1","7DFH|1|T+7DFH|1|P","7DFH|1|T+7DFH|1|P"
"NR_all_83477.1","7DID|1|C","7DID|1|C"
"NR_all_57146.1","6WLM|15|A","6WLM|15|A,6WLL|10|A"
"NR_all_64715.1","7DN3|1|R","7DN3|1|R"
"NR_all_56732.2","1CQL|10|A","1CQL|10|A,1CQ5|1|A,1CQL|5|A"
"NR_all_21052.1","7DOK|1|T+7DOK|1|P","7DOK|1|T+7DOK|1|P"
"NR_all_53157.1","1CSL|1|B+1CSL|1|A","1CSL|1|B+1CSL|1|A"
"NR_all_24522.1","7DTE|1|F+7DTE|1|G","7DTE|1|F+7DTE|1|G"
"NR_all_78670.1","1CVJ|1|N","1CVJ|1|N,1CVJ|1|O,1CVJ|1|S,1CVJ|1|P,1CVJ|1|T,1CVJ|1|R"
"NR_all_51220.1","7DVQ|1|F+7DVQ|1|H","7DVQ|1|F+7DVQ|1|H"
"NR_all_79830.1","7EAG|1|C+7EAG|1|D+7EAG|1|E+7EAG|1|F+7EAG|1|A+7EAG|1|B","7EAG|1|C+7EAG|1|D+7EAG|1|E+7EAG|1|F+7EAG|1|A+7EAG|1|B"
"NR_all_87059.1","1CVJ|1|Q","1CVJ|1|Q"
"NR_all_15685.1","1CWP|1|F","1CWP|1|F"
"NR_all_26549.1","1D0T|1|A","1D0T|1|A"
"NR_all_68428.1","1D4R|1|B+1D4R|1|A","1D4R|1|B+1D4R|1|A,1D4R|1|C"
"NR_all_26988.1","1D6K|4|B","1D6K|4|B"
"NR_all_05805.1","7ECP|1|A+7ECP|1|B","7ECP|1|A+7ECP|1|B,7ECP|1|C+7ECP|1|D"
"NR_all_69141.4","9CBX|1|N","9CBX|1|N,9CBU|1|N,9CBY|1|N,9CBW|1|N,7YGA|1|N,7XD6|1|N,7YGB|1|N,8I7N|1|N,7YGC|1|N,7XD5|1|N,7YG9|1|N,7XD7|1|N,7EZ2|1|N,7XSN|1|N,7YG8|1|N,7YCI|1|N,7EZ0|1|N,7YCH|1|N,7R6L|1|A,8HD7|1|N,7YCG|1|N,8HD6|1|N,7YGD|1|N,7XD4|1|N,7XD3|1|N,7XSK|1|N,7R6M|1|A,7UVT|1|A,7XSL|1|N,7XSM|1|N,7R6N|1|A,7YC8|1|N,6WLS|11|A"
"NR_all_89699.1","7ED5|1|J+7ED5|1|I","7ED5|1|J+7ED5|1|I"
"NR_all_26074.1","6WLT|14|A","6WLT|14|A,6WLU|5|A"
"NR_all_88157.4","7EFG|1|A","7EFG|1|A,7F8Z|1|I+7F8Z|1|J,7F8Z|1|G+7F8Z|1|H,7F8Z|1|A+7F8Z|1|B,7F8Z|1|E+7F8Z|1|F,7F8Z|1|C+7F8Z|1|D,7EI9|1|A+7EI9|1|B,7EFH|1|A,7EFI|1|A,7EIA|1|G+7EIA|1|H,7EIA|1|A+7EIA|1|B,7EI8|1|C+7EI8|1|D,7EIA|1|C+7EIA|1|D,7EIA|1|E+7EIA|1|F,7EI8|1|A+7EI8|1|B,7EI7|1|A+7EI7|1|B"
"NR_all_93033.1","6WMP|1|R","6WMP|1|R"
"NR_all_14978.1","6WPI|1|B","6WPI|1|B,6WPI|1|C"
"NR_all_77704.1","6WVJ|1|R","6WVJ|1|R"
"NR_all_90670.1","6WW6|1|E","6WW6|1|E,6WW6|1|C"
"NR_all_07342.1","6WYB|1|B","6WYB|1|B"
"NR_all_40929.1","6X5M|1|r+6X5M|1|a","6X5M|1|r+6X5M|1|a,6X5N|1|r+6X5N|1|a,6X5M|1|R+6X5M|1|A,6X5N|1|R+6X5N|1|A"
"NR_all_59627.1","6XAS|1|R","6XAS|1|R"
"NR_all_31125.1","7UWE|1|R","7UWE|1|R,7UWH|1|R,6XAV|1|R"
"NR_all_39508.1","6XB7|3|A","6XB7|3|A"
"NR_all_43624.1","7EIU|1|C","7EIU|1|C,7EIU|1|D"
"NR_all_39156.1","8GWK|1|J+8GWK|1|I","8GWK|1|J+8GWK|1|I,8GWM|1|J+8GWM|1|I,8GW1|1|J+8GW1|1|I,7EIZ|1|J+7EIZ|1|I"
"NR_all_21736.7","6D30|1|C","6D30|1|C,6J7Z|1|C,3ER9|1|D,5KAL|1|Y,4NIA|1|3,5KAL|1|Z,4NIA|1|7,4NIA|1|4,5NEW|1|C,4NIA|1|v,4NIA|1|u,4NIA|1|6,4OQ9|1|7,4NIA|1|x,4NIA|1|1,4OQ9|1|4,4NIA|1|8,4OQ9|1|8,4OQ9|1|t,4OQ9|1|y,4NIA|1|5,4OQ9|1|x,2VRT|1|E,4NIA|1|w,4NIA|1|t,4OQ9|1|6,4OQ8|1|D,4NIA|1|z,4OQ9|1|w,4OQ9|1|5,4NIA|1|y,4NIA|1|2,2VRT|1|F,4OQ9|1|u,4OQ9|1|z,4OQ9|1|2,4OQ9|1|v,4OQ9|1|3,1DDL|1|E,4OQ9|1|1,9FIA|1|bH"
"NR_all_49161.1","6XJQ|1|A","6XJQ|1|A,6XJW|1|A,6XJQ|1|B,6XJW|1|B,6XJY|1|A,6XJZ|1|B,6XJZ|1|A,6XJY|1|B"
"NR_all_75279.1","7ELC|1|C","7ELC|1|C,7EL9|1|C,7EL9|1|F"
"NR_all_52471.1","7ELD|1|B","7ELD|1|B"
"NR_all_76426.1","7ELH|1|C","7ELH|1|C"
"NR_all_84308.1","6XLJ|1|R","6XLJ|1|R"
"NR_all_29366.1","7ELH|1|R+7ELH|1|S","7ELH|1|R+7ELH|1|S"
"NR_all_14136.1","1DFU|1|M+1DFU|1|N","1DFU|1|M+1DFU|1|N"
"NR_all_88832.1","6XN5|1|R","6XN5|1|R"
"NR_all_38681.1","7ENI|1|B","7ENI|1|B"
"NR_all_55576.1","6XRQ|1|A","6XRQ|1|A"
"NR_all_14653.1","1DQF|1|B+1DQF|1|A","1DQF|1|B+1DQF|1|A"
"NR_all_20232.1","6XRZ|6|A","6XRZ|6|A"
"NR_all_62339.1","1DRR|1|B","1DRR|1|B"
"NR_all_43031.1","6XWW|1|A","6XWW|1|A"
"NR_all_95527.1","6XXB|1|A","6XXB|1|A"
"NR_all_73142.1","6XYW|1|2","6XYW|1|2"
"NR_all_67400.3","6XZD|1|IN1","6XZD|1|IN1,6XZR|1|IN1,6XZQ|1|I,6XZG|1|IN1,6XZP|1|IN1"
"NR_all_39369.1","7EOM|1|A","7EOM|1|A"
"NR_all_59164.1","7EU0|1|O+7EU0|1|R","7EU0|1|O+7EU0|1|R"
"NR_all_19534.1","6YAL|1|1","6YAL|1|1,6YAM|1|1,6YAN|1|1"
"NR_all_55948.1","7EXY|1|A","7EXY|1|A"
"NR_all_99432.1","1DUH|1|A","1DUH|1|A"
"NR_all_28412.1","7F3I|1|D","7F3I|1|D"
"NR_all_53377.1","7F3J|1|D","7F3J|1|D"
"NR_all_35582.1","6YBW|1|7","6YBW|1|7,6ZMW|1|7"
"NR_all_28419.1","7F3L|1|B","7F3L|1|B"
"NR_all_52597.1","6YDP|1|AA","6YDP|1|AA,6YDW|1|AA"
"NR_all_27023.1","3LQX|1|B","3LQX|1|B,1HQ1|1|B,2PXE|1|B,2PXD|1|B,2PXT|1|B,2PXB|1|B,2PXF|1|B,2PXP|1|B,2PXL|1|B,2PXV|1|B,2PXU|1|B,2PXK|1|B,2PXQ|1|B,1DUL|1|B"
"NR_all_78219.1","1E4P|1|A","1E4P|1|A"
"NR_all_50188.1","6YDP|1|BA","6YDP|1|BA,6YDW|1|BA"
"NR_all_55691.1","7FHI|1|A","7FHI|1|A"
"NR_all_43622.1","1E7K|1|C","1E7K|1|C,1E7K|1|D"
"NR_all_82075.1","6YDW|1|AY","6YDW|1|AY"
"NR_all_59804.1","1E8O|1|E","1E8O|1|E"
"NR_all_17548.1","7JHY|1|z","7JHY|1|z"
"NR_all_17507.1","1E95|11|A","1E95|11|A"
"NR_all_23083.1","7JIL|1|2","7JIL|1|2"
"NR_all_24762.1","1EBQ|1|A","1EBQ|1|A"
"NR_all_29875.1","7JJU|1|A+7JJU|1|B","7JJU|1|A+7JJU|1|B"
"NR_all_02783.1","1EBS|1|A","1EBS|1|A"
"NR_all_48575.1","7JL1|1|X+7JL1|1|Y","7JL1|1|X+7JL1|1|Y,7JL0|1|X+7JL0|1|Y"
"NR_all_53294.1","1EC6|1|D","1EC6|1|D"
"NR_all_20242.1","7JL3|1|X+7JL3|1|Y","7JL3|1|X+7JL3|1|Y,7JL2|1|X+7JL2|1|Y"
"NR_all_58575.1","1EFS|1|B","1EFS|1|B"
"NR_all_18633.1","7JRR|1|A","7JRR|1|A"
"NR_all_74849.1","1MMS|1|C","1MMS|1|C,1MMS|1|D,1R2X|1|C,1R2W|1|C,1EG0|1|L,1OLN|1|C,2JQ7|3|B"
"NR_all_51052.1","7JRT|1|A","7JRT|1|A,7JRT|1|B"
"NR_all_97403.1","7JU1|2|X","7JU1|2|X"
"NR_all_16664.1","6YFT|1|RR","6YFT|1|RR,6YFT|1|RE,6YFT|1|TG,6YFT|1|ST,6YFT|1|RH,6YFT|1|TF,6YFT|1|SF,6YFT|1|RL,6YFT|1|TC,6YFT|1|RX,6YFT|1|TD,6YFT|1|RG,6YFT|1|SA,6YFT|1|RV,6YFT|1|RT,6YFT|1|SJ,6YFT|1|TB,6YFT|1|SR,6YFT|1|SV,6YFT|1|RS,6YFT|1|SQ,6YFT|1|RM,6YFT|1|RQ,6YFT|1|RY,6YFT|1|TH,6YFT|1|RP,6YFT|1|TE,6YFT|1|SG,6YFT|1|TA,6YFT|1|SL,6YFT|1|RC,6YFT|1|RW,6YFT|1|SU,6YFT|1|SZ,6YFT|1|SE,6YFT|1|RJ,6YFT|1|RF,6YFT|1|RK,6YFT|1|RU,6YFT|1|RD,6YFT|1|RO,6YFT|1|RZ,6YFT|1|SS,6YFT|1|SX,6YFT|1|RA,6YFT|1|SO,6YFT|1|SP,6YFT|1|SI,6YFT|1|SB,6YFT|1|SW,6YFT|1|RB,6YFT|1|SY,6YFT|1|SD,6YFT|1|RN,6YFT|1|RI,6YFT|1|SH,6YFT|1|SK,6YFT|1|SM,6YFT|1|SN,6YFT|1|SC"
"NR_all_11762.3","7JYY|1|F","7JYY|1|F,7JYY|1|E,7JZ0|1|F,7JZ0|1|E"
"NR_all_48255.1","7K16|1|P","7K16|1|P"
"NR_all_96870.2","8QOA|1|Y","8QOA|1|Y,8QBT|1|6,8QBT|1|5,7ST2|1|5,7ST6|1|5,7LV0|1|5,7K54|1|5,7K53|1|7,7SSO|1|5,7SSN|1|5,7ST7|1|5,7K55|1|5,7SSD|1|5,7K52|1|5,7K50|1|7,7K51|1|5,7SSL|1|5,7SSW|1|5,7SS9|1|5"
"NR_all_54588.1","7K98|1|C","7K98|1|C,7K98|1|F,7KA0|1|C,7K9M|1|C,7KAB|1|C,7KA0|1|F"
"NR_all_06284.1","7K9Y|1|G","7K9Y|1|G"
"NR_all_86192.1","7KGA|1|A","7KGA|1|A"
"NR_all_54822.1","7KGB|1|y","7KGB|1|y,7MSM|1|y,7MSC|1|y,7MSZ|1|y,7MSH|1|y"
"NR_all_60157.1","6YL5|1|I+6YL5|1|J","6YL5|1|I+6YL5|1|J,6YL5|1|E+6YL5|1|F,6YL5|1|A+6YL5|1|B,6YL5|1|K+6YL5|1|L,6YL5|1|G+6YL5|1|H,6YL5|1|C+6YL5|1|D"
"NR_all_60368.1","7KI3|1|C+7KI3|1|B","7KI3|1|C+7KI3|1|B,7KI3|1|F+7KI3|1|E"
"NR_all_06506.1","7KJT|1|A","7KJT|1|A,7KJU|1|A"
"NR_all_04792.1","7KJV|1|C+7KJV|1|D","7KJV|1|C+7KJV|1|D,7KJW|1|C+7KJW|1|D,7KJX|1|C+7KJX|1|D"
"NR_all_47834.1","7KQM|1|B","7KQM|1|B"
"NR_all_13603.1","7KQN|1|E","7KQN|1|E,7KQN|1|B"
"NR_all_48437.1","7KUB|1|A","7KUB|1|A"
"NR_all_24517.1","7U8B|1|A+7U8B|1|B","7U8B|1|A+7U8B|1|B"
"NR_all_98916.1","3CZW|1|X","3CZW|1|X"
"NR_all_54171.1","7UCK|1|2","7UCK|1|2,7UCJ|1|2"
"NR_all_22479.1","3D0U|1|A","3D0U|1|A,3D0X|1|A,4ERL|1|A,4ERJ|1|A"
"NR_all_06181.2","8P8B|1|3","8P8B|1|3,8P7X|1|3,7P6Z|1|3,7OOD|1|3,8P7Y|1|3,7PAL|1|3,7PIB|1|3,7PHB|1|3,7PAK|1|3,7PIT|1|3,7PI9|1|3,7PAI|1|3,7PAM|1|3,7PAO|1|3,7PAJ|1|3,7PAR|1|3,7PHA|1|3,7PAU|1|3,8P8V|1|3,8P8W|1|3,7PH9|1|3,7PAQ|1|3,7PI8|1|3,7PIC|1|3,7PIP|1|3,7PAH|1|3,7PIO|1|3,7PAT|1|3,7PIQ|1|3,7PAN|1|3,7PHC|1|3,7PIR|1|3,7PIA|1|3,7PIS|1|3,7PAS|1|3"
"NR_all_67685.1","3D2S|1|E","3D2S|1|E,3D2S|1|G"
"NR_all_67696.1","7UJ1|1|D","7UJ1|1|D"
"NR_all_35553.1","3D2S|1|F","3D2S|1|F,3D2S|1|H"
"NR_all_57150.1","7UMC|1|A","7UMC|1|A"
"NR_all_76733.1","3DD2|1|B","3DD2|1|B"
"NR_all_09835.1","7UME|9|A","7UME|9|A"
"NR_all_05581.1","3DEG|1|F","3DEG|1|F"
"NR_all_41279.1","7UML|1|R","7UML|1|R"
"NR_all_50559.1","3DEG|1|J","3DEG|1|J"
"NR_all_99929.1","7UND|1|P","7UND|1|P"
"NR_all_51791.1","3DH3|1|F+3DH3|1|E","3DH3|1|F+3DH3|1|E,3DH3|1|G+3DH3|1|H"
"NR_all_82016.1","3DHS|1|A","3DHS|1|A"
"NR_all_09398.1","7UO5|1|B","7UO5|1|B,7UO0|1|B,7UO1|1|B,7UO2|1|B"
"NR_all_29848.1","3DIL|1|A","3DIL|1|A,3DIX|1|A,3DIR|1|A,3DIY|1|A,3DIQ|1|A,3DIO|1|X,3DIG|1|X,3DJ2|1|A,3DIZ|1|A,3DIS|1|A,3DIM|1|A,3DJ0|1|A"
"NR_all_56381.1","7UO1|1|C","7UO1|1|C"
"NR_all_58300.1","7UO7|1|T+7UO7|1|P","7UO7|1|T+7UO7|1|P,7UO4|1|T+7UO4|1|P"
"NR_all_76503.3","7UOB|1|T+7UOB|1|P","7UOB|1|T+7UOB|1|P,7UOE|1|T+7UOE|1|P,7UO9|1|T+7UO9|1|P"
"NR_all_63075.1","7UQ6|1|B","7UQ6|1|B"
"NR_all_44181.1","3DKN|1|F","3DKN|1|F"
"NR_all_13732.1","7UTN|1|C","7UTN|1|C,8CSZ|1|C,8CTL|1|C"
"NR_all_58167.1","3E5C|1|A","3E5C|1|A,3E5F|1|A,3E5E|1|A"
"NR_all_66606.1","7UU4|1|R","7UU4|1|R"
"NR_all_05489.1","3EP2|1|A","3EP2|1|A,3EQ3|1|A,3EQ4|1|A"
"NR_all_70509.2","7OOP|1|P","7OOP|1|P,7OPD|1|P,7OPC|1|P"
"NR_all_86874.1","7UVW|1|w","7UVW|1|w"
"NR_all_20478.1","7UXA|1|E","7UXA|1|E"
"NR_all_72186.1","7OQE|1|2","7OQE|1|2,7OQB|1|2"
"NR_all_99785.1","7UZW|1|G","7UZW|1|G"
"NR_all_00721.1","7UZZ|1|G","7UZZ|1|G,7V02|1|G"
"NR_all_15678.1","3EP2|1|E","3EP2|1|E,3EQ3|1|E,3EQ4|1|E"
"NR_all_69209.1","7ORN|1|H+7ORN|1|T","7ORN|1|H+7ORN|1|T,7ORO|1|H+7ORO|1|S,7ORK|1|H+7ORK|1|T,7ORL|1|H+7ORL|1|T+7ORL|1|P,7ORJ|1|H+7ORJ|1|T,7ORM|1|H,7ORI|1|H"
"NR_all_32864.1","7V01|1|U+7V01|1|G","7V01|1|U+7V01|1|G"
"NR_all_27448.1","7ORI|1|T+7ORI|1|P","7ORI|1|T+7ORI|1|P"
"NR_all_77411.1","7V2Z|1|B","7V2Z|1|B"
"NR_all_98623.1","7ORK|1|P","7ORK|1|P"
"NR_all_22308.1","7ORO|1|T+7ORO|1|P","7ORO|1|T+7ORO|1|P"
"NR_all_12661.1","7OS0|1|F","7OS0|1|F,7OS0|1|D"
"NR_all_62752.1","3EQT|1|C+3EQT|1|D","3EQT|1|C+3EQT|1|D"
"NR_all_65664.1","3ERC|1|I","3ERC|1|I,3ER8|1|E"
"NR_all_37371.1","7V6C|1|C+7V6C|1|D","7V6C|1|C+7V6C|1|D"
"NR_all_89775.1","7V94|1|B","7V94|1|B,7V93|1|B"
"NR_all_76009.1","7V9E|1|A","7V9E|1|A"
"NR_all_11741.1","7OYB|1|22","7OYB|1|22,7OYA|1|22"
"NR_all_40973.1","3ERC|1|G","3ERC|1|G"
"NR_all_40894.1","7OYB|1|51+7OYB|1|81","7OYB|1|51+7OYB|1|81,7OYA|1|51+7OYA|1|81"
"NR_all_43536.1","7OYB|1|71","7OYB|1|71,7OYA|1|71"
"NR_all_47203.2","3F2X|1|X","3F2X|1|X,3F30|1|X,6WJR|1|X,3F2Y|1|X,3F2W|1|X,3F2Q|1|X,3F2T|1|X,6WJS|1|X"
"NR_all_99289.1","7OYC|1|51+7OYC|1|81","7OYC|1|51+7OYC|1|81"
"NR_all_26629.4","3HK2|1|F","3HK2|1|F,3HK2|1|D,3HVR|1|D,3HM9|1|Y,3HVR|1|N,3F73|1|Y,3HXM|1|Y,3F73|1|H,8DGA|1|F+8DGA|1|E,7V6C|1|F+7V6C|1|E"
"NR_all_79777.2","8QBL|1|b","8QBL|1|b,7XJG|1|H+7XJG|1|I,7XJG|1|E+7XJG|1|F,8QBL|1|C,8QBL|1|R,8QBL|1|W,8QBL|1|M,7V9X|1|H+7V9X|1|I,8QBM|1|b,7V9X|1|E+7V9X|1|F,8QBK|1|W,8QBL|1|O,7V9U|1|E+7V9U|1|F,8QBM|1|M,8QBM|1|W,8QBK|1|C,8QBK|1|M,7V9U|1|G+7V9U|1|H,8QBK|1|R,8QBM|1|R,8QBM|1|O,8QBM|1|C"
"NR_all_03510.64","8P9A|1|sR","8P9A|1|sR,8P9A|1|A,4V88|1|A6,5TBW|1|sR,4V88|1|A2,5TBW|1|A,8P4V|1|sR,8P4V|1|A,7OSA|1|18S,6HHQ|1|sR,5OBM|1|6,5I4L|1|6,5MEI|1|6,5NDW|1|6,5LYB|1|6,5I4L|1|2,5OBM|1|2,7OSM|1|18S,5MEI|1|A,5ON6|1|6,5NDW|1|2,6HHQ|1|A,5LYB|1|2,5NDV|1|6,5NDV|1|2,5ON6|1|A,5NDG|1|6,5FCJ|1|6,5NDG|1|2,5FCJ|1|2,5TGM|1|6,5TGM|1|2,4V7R|1|A1,4V7R|1|C1,5DAT|1|6,5TGA|1|6,5DGE|1|6,5DGV|1|6,5DGF|1|6,5DC3|1|6,5DAT|1|2,5TGA|1|2,5DGV|1|2,5DGE|1|2,5FCI|1|6,5DGF|1|2,5DC3|1|2,5FCI|1|2,8T2Y|1|B5,8CCS|1|c,8CDR|1|c,8CEH|1|c,8EVP|1|B5,7ZW0|1|2,8T2Z|1|B5,8BN3|1|2,8EWC|1|B5,8T2X|1|B5,7ZUX|1|2,8CGN|1|c,8EUB|1|B5,8CIV|1|c,6T4Q|1|C2,7MPJ|1|B5,8EVQ|1|B5,8CG8|1|c,6WOO|1|2,8EWB|1|B5,8T30|1|B5,4U4R|1|6,9F9S|1|S1,8T3A|1|B5,6TB3|1|2,9F9S|1|R1,6SNT|1|2,8CF5|1|c,4U4R|1|2,4U3U|1|6,8CDL|1|c,8T3D|1|B5,8K82|1|C2,7A1G|1|2,6ZVI|1|h,8CAH|1|2,8EVT|1|B5,4U3U|1|2,7N8B|1|B5,7MPI|1|B5,8T3E|1|B5,8C01|1|2,4U3M|1|6,8T3B|1|B5,8T3F|1|B5,4U4Q|1|6,4U4U|1|6,4U52|1|6,4U3M|1|2,8Z70|1|2,8UT0|1|2,7RR5|1|C2,4U52|1|2,4U4U|1|2,4U6F|1|6,4U4Q|1|2,4U4N|1|6,6Q8Y|1|2,4U6F|1|2,4U4Z|1|6,6XIR|1|2,8K2D|1|C2,7B7D|1|2,8CAS|1|2,6SV4|1|2b,6SV4|1|2c,4U4Y|1|6,4U3N|1|6,4U4Z|1|2,6T7T|1|C2,4U55|1|6,5M1J|1|22,4U4N|1|2,8UTI|1|E,8CKU|1|c,6T7I|1|C2,4U50|1|6,8XU8|1|2,4U51|1|6,4U3N|1|2,6S47|1|BA,4U4Y|1|2,4U51|1|2,8C00|1|2,7ZPQ|1|2,4U55|1|2,8EVS|1|B5,6TNU|1|2,6Z6K|1|C2,6Z6J|1|C2,6FAI|1|2,4U50|1|2,5JUP|1|A,4U53|1|6,6RBD|1|2,8Y0U|1|C2,8Z71|1|2,4U53|1|2,6SV4|1|2,8EVR|1|B5,4U56|1|6,6LQP|1|SA+6LQP|1|5A+6LQP|1|3A,4U56|1|2,8BQX|1|2,8C83|1|2,7NRC|1|S2,8BQD|1|2,8YLD|1|2,8YLR|1|2,8T3C|1|B5,5MC6|1|2,6KE6|1|SA+6KE6|1|5A+6KE6|1|3A,6T83|1|2b,6EML|1|2,6T83|1|a,5JUO|1|A,6RBE|1|2,5JUT|1|A,8CMJ|1|c,5JUU|1|A,6Y7C|1|2,6GQB|1|2,7WTR|1|C2,5JUS|1|A,6XIQ|1|2,6GQV|1|2,7ZUW|1|2,7NRD|1|S2,6ZQG|1|D3,4U4O|1|6,7WTN|1|C2,7WTL|1|C2,4U4O|1|2,7WTO|1|C2,6LQU|1|SA+6LQU|1|5A+6LQU|1|3A,7WTP|1|C2,4V8Y|1|B2,7WTM|1|C2,7WTQ|1|C2,7D4I|1|SA,6ZQD|1|D3,6GQ1|1|2,7AJU|1|D3,6LQS|1|SA,5LL6|1|2,6LQQ|1|SA+6LQQ|1|5A+6LQQ|1|3A,7SUK|1|8+7SUK|1|L0+7SUK|1|L2,6ZQB|1|D3+6ZQB|1|D2+6ZQB|1|D4,6ZQC|1|D3,7ZRS|1|2,5WLC|1|L1+5WLC|1|L0+5WLC|1|L2,6I7O|1|2b,7D5S|1|SA+7D5S|1|5A+7D5S|1|3A,5WYK|1|SA+5WYK|1|5A+5WYK|1|3A,6I7O|1|2,6ZCE|1|A,7AJT|1|D3,6LQT|1|SA+6LQT|1|3A+6LQT|1|5A,6LQV|1|SA+6LQV|1|3A+6LQV|1|5A,3J6Y|1|1S,3J6X|1|1S,3J77|1|1S,3J78|1|1S,6ZU9|1|2,6ZQF|1|D3,4V8Z|1|B2,7D5T|1|SA,5TZS|1|1,6ZQE|1|D3,6LQR|1|SA+6LQR|1|5A+6LQR|1|3A,5WYJ|1|SA+5WYJ|1|5A+5WYJ|1|3A,4V6I|1|CA,7D63|1|SA+7D63|1|5A+7D63|1|3A"
"NR_all_95956.3","8PV7|1|C4","8PV7|1|C4,8PVL|1|C4,8PVK|1|C4,8PV1|1|C4,8PV2|1|C4,8PV3|1|C4,8PV5|1|C4,8PV4|1|C4,8PV8|1|C4,8PV6|1|C4,8I9R|1|C4,7OZS|1|3"
"NR_all_15144.1","3FHT|1|D","3FHT|1|D"
"NR_all_15174.1","7VBB|1|R","7VBB|1|R,7VBA|1|R"
"NR_all_55153.1","3FS0|1|B+3FS0|1|A","3FS0|1|B+3FS0|1|A"
"NR_all_41768.1","7VFT|1|A","7VFT|1|A"
"NR_all_25813.1","3FTF|1|C+3FTF|1|D","3FTF|1|C+3FTF|1|D"
"NR_all_18685.1","7VG3|1|D+7VG3|1|C","7VG3|1|D+7VG3|1|C"
"NR_all_79282.1","3FTM|1|D+3FTM|1|C","3FTM|1|D+3FTM|1|C,3FTM|1|B+3FTM|1|A"
"NR_all_18395.1","7VKL|1|B","7VKL|1|B"
"NR_all_49451.1","3G9Y|1|C","3G9Y|1|C"
"NR_all_99059.1","7P6Z|1|7","7P6Z|1|7,7PAL|1|6,7PIB|1|7,7PAL|1|7,7PIB|1|8,7PHB|1|6,7PHB|1|7,7PAK|1|6,7PAK|1|7,7PIT|1|7,7PIT|1|8,7PI9|1|6,7PI9|1|7,7PAI|1|7,7PAM|1|6,7PAM|1|8,7PAO|1|6,7PAO|1|8,7PAJ|1|6,7PAJ|1|7,7PAJ|1|8,7PAR|1|7,7PAR|1|8,7PHA|1|6,7PHA|1|7,7PH9|1|7,7PAQ|1|7,7PAQ|1|8,7PI8|1|7,7PIC|1|8,7PIP|1|6,7PIP|1|7,7PAH|1|7,7PIO|1|7,7PAH|1|8,7PIQ|1|6,7PIQ|1|7,7PAN|1|7,7PAN|1|8,7PIR|1|6,7PIR|1|8,7PIA|1|7,7PIA|1|8"
"NR_all_80276.4","6E1S|1|A","6E1S|1|A,6E1T|1|A,6E1W|1|A,6E1U|1|A,7E9E|1|A,6VUH|1|A,6VUI|1|A,7E9I|1|A,6E1V|1|A,3Q50|1|A,3Q51|1|A,3GCA|1|A,8YAM|1|A,8YAN|1|A"
"NR_all_32166.1","7X74|1|Q","7X74|1|Q,7VPZ|1|Q"
"NR_all_96910.1","7VSJ|1|B","7VSJ|1|B"
"NR_all_39532.1","7VTN|1|B+7VTN|1|C","7VTN|1|B+7VTN|1|C"
"NR_all_31116.1","7VYX|1|C","7VYX|1|C,7VYX|1|D"
"NR_all_72703.1","7W0A|1|D+7W0A|1|C","7W0A|1|D+7W0A|1|C,7W0A|1|H+7W0A|1|G"
"NR_all_24883.1","7W0C|1|D+7W0C|1|C","7W0C|1|D+7W0C|1|C"
"NR_all_02057.1","3GLP|1|B+3GLP|1|A","3GLP|1|B+3GLP|1|A"
"NR_all_27485.1","7W0E|1|C+7W0E|1|D","7W0E|1|C+7W0E|1|D,7W0F|1|E+7W0F|1|F,7W0F|1|C+7W0F|1|D"
"NR_all_24663.1","3GS5|1|C","3GS5|1|C"
"NR_all_63844.1","7WAY|1|D","7WAY|1|D,7WB0|1|D"
"NR_all_55052.1","7WAZ|1|D","7WAZ|1|D"
"NR_all_47915.1","3GTK|1|R","3GTK|1|R"
"NR_all_95226.1","7WBV|1|P","7WBV|1|P"
"NR_all_48000.1","3GTO|1|R","3GTO|1|R"
"NR_all_65899.1","7WBX|1|P","7WBX|1|P"
"NR_all_69936.1","3GTQ|1|R","3GTQ|1|R"
"NR_all_86975.1","3H3V|1|P","3H3V|1|P"
"NR_all_52535.1","7WIE|1|V","7WIE|1|V,7WIB|1|V,7WIA|1|V,7WIF|1|V,7WII|1|V,7WI9|1|V"
"NR_all_42461.1","3HAY|1|E","3HAY|1|E"
"NR_all_66484.2","3HHN|1|E","3HHN|1|E,3HHN|1|C,3R1L|1|C,3R1L|1|F,3R1H|1|F,3R1H|1|C"
"NR_all_66424.1","7WKP|1|B","7WKP|1|B"
"NR_all_07107.1","7WNU|1|C","7WNU|1|C"
"NR_all_06798.1","7WV3|1|E","7WV3|1|E,7WV4|1|E"
"NR_all_77181.1","3HJW|1|D+3HJW|1|E","3HJW|1|D+3HJW|1|E,3LWV|1|D+3LWV|1|E,3LWR|1|D+3LWR|1|E,3LWP|1|D+3LWP|1|E,3LWO|1|D+3LWO|1|E,3LWQ|1|D+3LWQ|1|E"
"NR_all_28126.1","7WV5|1|E","7WV5|1|E,7WVE|1|E,7WVJ|1|E,7WVF|1|E"
"NR_all_53666.1","7PAS|1|8","7PAS|1|8"
"NR_all_76981.1","7WWU|1|M","7WWU|1|M"
"NR_all_79502.1","3HJY|1|D+3HJY|1|C+3HJY|1|E","3HJY|1|D+3HJY|1|C+3HJY|1|E"
"NR_all_80220.1","7PDU|1|B","7PDU|1|B"
"NR_all_12982.1","7X34|1|3","7X34|1|3"
"NR_all_24571.1","7PHC|1|6","7PHC|1|6,7PHC|1|8"
"NR_all_33750.1","3HOV|1|P","3HOV|1|P"
"NR_all_57268.1","7PIS|1|6","7PIS|1|6,7PIS|1|8"
"NR_all_62118.1","7PKQ|1|3+7PKQ|1|2+7PKQ|1|1","7PKQ|1|3+7PKQ|1|2+7PKQ|1|1"
"NR_all_51639.1","7PKS|1|P","7PKS|1|P"
"NR_all_13465.1","7PKT|1|1","7PKT|1|1"
"NR_all_48882.1","7PKT|1|7+7PKT|1|6","7PKT|1|7+7PKT|1|6"
"NR_all_63409.1","3HOZ|1|P","3HOZ|1|P"
"NR_all_86590.1","7PLI|1|C","7PLI|1|C,7PLI|1|D,7PLI|1|L,7PLI|1|K,7PLI|1|H"
"NR_all_47541.1","3HTX|1|B+3HTX|1|C","3HTX|1|B+3HTX|1|C,3HTX|1|E+3HTX|1|F"
"NR_all_66544.1","3I2Q|1|A","3I2Q|1|A,3I2U|1|A,3I2R|1|A,3I2S|1|A"
"NR_all_38973.1","3I4M|1|P","3I4M|1|P"
"NR_all_01806.1","3IAB|1|R","3IAB|1|R"
"NR_all_39170.1","7PNV|1|A","7PNV|1|A,7PNU|1|A,7PNW|1|A,7PNT|1|A"
"NR_all_70886.1","7XG0|1|I","7XG0|1|I,7XG2|1|I,7XG3|1|I,7XG4|1|I"
"NR_all_70081.1","3IBK|1|B","3IBK|1|B"
"NR_all_54731.1","7PS8|1|A","7PS8|1|A"
"NR_all_31022.1","7PTL|1|B","7PTL|1|B"
"NR_all_83897.1","7XG1|1|H","7XG1|1|H"
"NR_all_89380.1","3ID5|1|D","3ID5|1|D"
"NR_all_70394.1","7PTS|1|A","7PTS|1|A"
"NR_all_65401.1","3IEV|1|D","3IEV|1|D"
"NR_all_23013.1","7PUA|1|CB","7PUA|1|CB"
"NR_all_53066.1","7XLT|1|B","7XLT|1|B"
"NR_all_12260.3","3MXH|1|R","3MXH|1|R,3MUM|1|R,3UCZ|1|R,4YB1|1|R,3MUR|1|R,3MUV|1|R,3UD4|1|R,3UD3|1|R,3MUT|1|R,3IRW|1|R,3UCU|1|R"
"NR_all_64498.1","7XPL|1|G+7XPL|1|H+7XPL|1|I+7XPL|1|J","7XPL|1|G+7XPL|1|H+7XPL|1|I+7XPL|1|J"
"NR_all_66984.1","3IVN|1|A","3IVN|1|A,3IVN|1|B"
"NR_all_25458.1","3IWN|1|A","3IWN|1|A,3IWN|1|B"
"NR_all_44994.1","3IY8|1|A","3IY8|1|A"
"NR_all_34600.1","3IYQ|1|A","3IYQ|1|A"
"NR_all_00138.2","8FRU|1|1","8FRU|1|1,7PWG|1|1+7PWG|1|4,7PWO|1|1+7PWO|1|42,8BTR|1|Lt+8BTR|1|LD,8BRM|1|Lt+8BRM|1|LD,8BR8|1|Lt+8BR8|1|LD,8BSI|1|Lt+8BSI|1|LD,8BTD|1|Lt+8BTD|1|LD,8BSJ|1|Lt+8BSJ|1|LD"
"NR_all_05611.1","7XT4|1|r+7XT4|1|a","7XT4|1|r+7XT4|1|a"
"NR_all_65254.1","3IZ4|1|A","3IZ4|1|A"
"NR_all_46890.1","7XTI|1|P","7XTI|1|P,7XTD|1|P"
"NR_all_69815.1","3IZZ|1|A","3IZZ|1|A"
"NR_all_85143.1","3IZZ|1|D","3IZZ|1|D"
"NR_all_08676.1","7PWG|1|w","7PWG|1|w"
"NR_all_01159.1","3J0D|1|F","3J0D|1|F"
"NR_all_07345.1","3J0E|1|e+3J0E|1|E","3J0E|1|e+3J0E|1|E,3J0D|1|h+3J0D|1|H"
"NR_all_60719.1","7PY8|1|R","7PY8|1|R,7PY1|1|R,7PY5|1|R,7Q0K|1|R,7PY3|1|R,7PY6|1|R,7PY7|1|R,7PYJ|1|R,7PYK|1|R,7PY0|1|R"
"NR_all_64079.1","7MQF|1|B","7MQF|1|B,7MQF|1|D,7MQF|1|F,7MQF|1|H,7MQF|1|J,7MQF|1|L,7MQF|1|N,7MQF|1|P,7MQH|1|B,7MQH|1|D,7MQH|1|F,7MQH|1|H,7MQH|1|J,7MQH|1|L,7MQH|1|N,7MQH|1|P,7MQI|1|B,7MQI|1|D,7MQI|1|F,7MQI|1|H,7MQI|1|J,7MQI|1|L,7MQI|1|N,7MQI|1|P,7MQG|1|B,7MQG|1|D,7MQG|1|F,7MQG|1|H,7MQG|1|J,7MQG|1|L,7MQG|1|N,7MQG|1|P"
"NR_all_22323.3","7MDZ|1|2","7MDZ|1|2,6HCJ|1|q3,6HCQ|1|q3,4UJE|1|AV,3J0O|1|V,3J0O|1|W,3J0O|1|Y,4UJD|1|BA,3J0L|1|V,3J0L|1|W,3J0L|1|Y,4UJC|1|AA,3J0P|1|Y"
"NR_all_65349.1","3J0O|1|a","3J0O|1|a,3J0L|1|a,3J0Q|1|a,3J0P|1|a"
"NR_all_83277.8","8C3A|1|3","8C3A|1|3,8C3A|1|AT,8OI5|1|3,8OI5|1|AT,8CRE|1|3,8CRE|1|AT,8CQ7|1|3,8CQ7|1|AT,8CQW|1|3,8CQW|1|AT,8OEQ|1|3,8OEQ|1|AT,8OJ3|1|3,8OJ3|1|AT,8OH6|1|3,8OH6|1|AT,7PZY|1|3,8Q5I|1|3,7Q08|1|3,7Q0F|1|3,7Q0R|1|3,7Q0P|1|3,8OGJ|1|3"
"NR_all_23724.1","3J0O|1|b","3J0O|1|b,3J0L|1|b"
"NR_all_62142.1","3J0O|1|c","3J0O|1|c,3J0L|1|c,3J0Q|1|c,3J0P|1|c"
"NR_all_20576.1","3J0O|1|f","3J0O|1|f,3J0L|1|f,3J0P|1|f,3J0Q|1|f"
"NR_all_56124.1","3J0O|1|g+3J0O|1|G+3J0O|1|d","3J0O|1|g+3J0O|1|G+3J0O|1|d,3J0L|1|g+3J0L|1|G+3J0L|1|d,3J0Q|1|g+3J0Q|1|G+3J0Q|1|d,3J0P|1|g+3J0P|1|G+3J0P|1|d"
"NR_all_59615.1","3J0O|1|h","3J0O|1|h,3J0L|1|h,3J0P|1|h,3J0Q|1|h"
"NR_all_47714.1","7MRL|1|A","7MRL|1|A"
"NR_all_22526.6","8C3A|1|CM","8C3A|1|CM,8C3A|1|B,8OI5|1|CM,8OI5|1|B,8CRE|1|CM,8CRE|1|B,8CQ7|1|CM,8CQ7|1|B,8CQW|1|CM,8CQW|1|B,8OEQ|1|CM,8OEQ|1|B,8OJ3|1|CM,8OJ3|1|B,8OH6|1|B,8OH6|1|CM,7PZY|1|A,7Q08|1|A,7Q0F|1|A,7Q0R|1|A,8Q5I|1|A,7Q0P|1|A,8OGJ|1|A"
"NR_all_46700.1","7N0B|1|T+7N0B|1|D","7N0B|1|T+7N0B|1|D"
"NR_all_08340.1","7N0D|1|I+7N0D|1|L+7N0D|1|J","7N0D|1|I+7N0D|1|L+7N0D|1|J,7N0D|1|T+7N0D|1|K+7N0D|1|P"
"NR_all_99134.1","7N2V|1|Dt","7N2V|1|Dt"
"NR_all_96569.1","7Q33|1|B","7Q33|1|B"
"NR_all_08626.1","7Q4L|11|B","7Q4L|11|B"
"NR_all_76789.1","3J0P|1|W","3J0P|1|W,3J0Q|1|Y,3J0Q|1|W"
"NR_all_09979.1","3J16|1|J","3J16|1|J"
"NR_all_21264.2","3J16|1|L","3J16|1|L,4V6I|1|CB"
"NR_all_47650.1","7Q80|1|E+7Q80|1|F+7Q80|1|D","7Q80|1|E+7Q80|1|F+7Q80|1|D,7Q7Z|1|E+7Q7Z|1|F+7Q7Z|1|D"
"NR_all_11905.1","3J2C|1|M","3J2C|1|M"
"NR_all_39772.1","7QA2|2|A","7QA2|2|A"
"NR_all_35122.1","7NAD|1|1","7NAD|1|1,7R72|1|1"
"NR_all_32018.1","7NAD|1|2","7NAD|1|2,7R72|1|2"
"NR_all_36824.1","7NAF|1|1","7NAF|1|1"
"NR_all_53230.1","7NEJ|1|B","7NEJ|1|B,7NBL|1|B"
"NR_all_94716.1","7NGA|1|X+7NGA|1|Y","7NGA|1|X+7NGA|1|Y"
"NR_all_86844.1","7QDE|1|A","7QDE|1|A"
"NR_all_35643.1","7NHC|1|D+7NHC|1|E","7NHC|1|D+7NHC|1|E,7NHA|1|D+7NHA|1|E,7NKA|1|D+7NKA|1|E,7NKC|1|D+7NKC|1|E,7NK8|1|D+7NK8|1|E,7NKR|1|D+7NKR|1|E,7NK6|1|D+7NK6|1|E"
"NR_all_80915.1","7QDY|1|E","7QDY|1|E"
"NR_all_67642.1","7QEP|1|1","7QEP|1|1"
"NR_all_41328.1","7QEP|1|3","7QEP|1|3"
"NR_all_38178.1","7QGG|1|S2","7QGG|1|S2"
"NR_all_79985.1","7QGG|1|u","7QGG|1|u"
"NR_all_13676.1","7QGH|1|x","7QGH|1|x"
"NR_all_11638.1","7NHL|1|D","7NHL|1|D"
"NR_all_57826.1","7QH7|1|B","7QH7|1|B"
"NR_all_98144.1","7QI4|1|Ay","7QI4|1|Ay"
"NR_all_41610.20","8S1P|1|A","8S1P|1|A,8QCQ|1|A,8BUU|1|A,6TPQ|1|U,7AQD|1|A,7AQC|1|A,6TNN|1|U,7AS8|1|A,6HA1|1|A,7O5B|1|X,8QPP|1|X,7OPE|1|A,7QV1|1|V,7QV2|1|V,8S1U|1|A,8R55|1|X,7AS9|1|A,6HA8|1|A,7SAE|1|A,5NJT|1|U,3J9W|1|BA,7S9U|1|A,6PPF|1|A,6PVK|1|A,6HTQ|1|A,7QGU|1|A,6PPK|1|A,7QV3|1|V,7QH4|1|A,7ASA|1|A,3J3W|1|A,3J3V|1|A"
"NR_all_90506.74","8P9A|1|AR+8P9A|1|AT","8P9A|1|AR+8P9A|1|AT,8P9A|1|1+8P9A|1|4,5TBW|1|1+5TBW|1|4,5TBW|1|AR+5TBW|1|AT,4V88|1|A5+4V88|1|A8,4V88|1|A1+4V88|1|A4,8P4V|1|AR,8P4V|1|1,7OSA|1|25S+7OSA|1|58S,5I4L|1|5+5I4L|1|8,5I4L|1|1+5I4L|1|4,5MEI|1|AR+5MEI|1|AT,5MEI|1|1+5MEI|1|4,6HHQ|1|AR+6HHQ|1|AT,6HHQ|1|1+6HHQ|1|4,5OBM|1|5+5OBM|1|8,5OBM|1|1+5OBM|1|4,5LYB|1|5+5LYB|1|8,5NDV|1|1+5NDV|1|4,5ON6|1|1+5ON6|1|4,5LYB|1|1+5LYB|1|4,5ON6|1|AR+5ON6|1|AT,7OSM|1|25S+7OSM|1|58S,5NDV|1|5+5NDV|1|8,5NDW|1|1+5NDW|1|4,5NDW|1|5+5NDW|1|8,5FCJ|1|5+5FCJ|1|8,5FCJ|1|1+5FCJ|1|4,5NDG|1|5+5NDG|1|8,5NDG|1|1+5NDG|1|4,5TGM|1|1+5TGM|1|4,5TGM|1|5+5TGM|1|8,4V7R|1|B1+4V7R|1|B3,4V7R|1|D1+4V7R|1|D3,5DAT|1|5+5DAT|1|8,5DGV|1|5+5DGV|1|8,5DAT|1|1+5DAT|1|4,5DGV|1|1+5DGV|1|4,5DGE|1|5+5DGE|1|8,5TGA|1|5+5TGA|1|8,5DGF|1|5+5DGF|1|8,5TGA|1|1+5TGA|1|4,5DGF|1|1+5DGF|1|4,5DGE|1|1+5DGE|1|4,5FCI|1|5+5FCI|1|8,5DC3|1|5+5DC3|1|8,5FCI|1|1+5FCI|1|4,5DC3|1|1+5DC3|1|4,8CCS|1|AA+8CCS|1|CC,8CDR|1|AA+8CDR|1|CC,8CEH|1|AA+8CEH|1|CC,8EVT|1|A1+8EVT|1|A4,8T2Y|1|A1+8T2Y|1|A4,8CGN|1|AA+8CGN|1|CC,8P8N|1|A+8P8N|1|LD,8PFR|1|A+8PFR|1|LD,7ZW0|1|LA+7ZW0|1|LD,8AGX|1|f+8AGX|1|i,7TOP|1|A25S+7TOP|1|A58S,8P8U|1|A+8P8U|1|LD,8EVP|1|A1+8EVP|1|A4,8BN3|1|1,8T2Z|1|A1+8T2Z|1|A4,8T2X|1|A1+8T2X|1|A4,8AAF|1|f+8AAF|1|i,8EWC|1|A1+8EWC|1|A4,8CIV|1|AA+8CIV|1|CC,7ZUX|1|5+7ZUX|1|3,8EUB|1|A1+8EUB|1|A4,8HFR|1|1e+8HFR|1|3n,8AGZ|1|f+8AGZ|1|i,8AGV|1|f+8AGV|1|i,8AGT|1|f+8AGT|1|i,8AGW|1|f+8AGW|1|i,7UOO|1|1+7UOO|1|2,8CG8|1|AA+8CG8|1|CC,7V08|1|1+7V08|1|2,8EVS|1|A1+8EVS|1|A4,8AGU|1|f+8AGU|1|i,7UQB|1|1+7UQB|1|2,6T4Q|1|C1+6T4Q|1|C3,7UQZ|1|1+7UQZ|1|2,7TOO|1|A25S+7TOO|1|A58S,8CF5|1|AA+8CF5|1|CC,8EVQ|1|A1+8EVQ|1|A4,8CDL|1|AA+8CDL|1|CC,7MPJ|1|A1+7MPJ|1|A4,6WOO|1|5+6WOO|1|8,6TB3|1|BQ+6TB3|1|BS,8P8M|1|A+8P8M|1|LD,8T3A|1|A1+8T3A|1|A4,6SNT|1|1+6SNT|1|3,8EVR|1|A1+8EVR|1|A4,8EWB|1|A1+8EWB|1|A4,7AZY|1|E+7AZY|1|G,4U4R|1|1+4U4R|1|4,4U4R|1|5+4U4R|1|8,9F9S|1|M1+9F9S|1|M2,8T30|1|A1+8T30|1|A4,8T3D|1|A1+8T3D|1|A4,9F9S|1|L1+9F9S|1|L2,8K82|1|C1+8K82|1|C3,8BIP|1|1+8BIP|1|C3,7UG6|1|1+7UG6|1|2,4U3U|1|5+4U3U|1|8,4U3U|1|1+4U3U|1|4,8T3E|1|A1+8T3E|1|A4,8T3B|1|A1+8T3B|1|A4,8T3F|1|A1+8T3F|1|A4,7N8B|1|A1+7N8B|1|A4,7MPI|1|A1+7MPI|1|A4,7ZS5|1|1+7ZS5|1|4,5T62|1|A+5T62|1|C,4U3M|1|1+4U3M|1|4,6YLG|1|1+6YLG|1|2,4U4Q|1|5+4U4Q|1|8,8CKU|1|AA+8CKU|1|CC,4U3M|1|5+4U3M|1|8,4U4U|1|1+4U4U|1|4,4U4Q|1|1+4U4Q|1|4,4U4U|1|5+4U4U|1|8,4U52|1|5+4U52|1|8,4U52|1|1+4U52|1|4,7RR5|1|C1+7RR5|1|C3,8K2D|1|C1+8K2D|1|C3,8Z70|1|A+8Z70|1|C,7U0H|1|1+7U0H|1|2,6Q8Y|1|BQ+6Q8Y|1|BS,8UT0|1|A+8UT0|1|C,7OHQ|1|1+7OHQ|1|2,6YLH|1|1+6YLH|1|2,4U6F|1|1+4U6F|1|4,6T7T|1|C1+6T7T|1|C3,4U6F|1|5+4U6F|1|8,6QIK|1|A+6QIK|1|y,7B7D|1|LA+7B7D|1|LC,8UTI|1|A+8UTI|1|C,6XIR|1|1+6XIR|1|4,5M1J|1|14+5M1J|1|44,4U4N|1|5+4U4N|1|8,6TNU|1|BQ+6TNU|1|BS,4U4Z|1|5+4U4Z|1|8,4U4N|1|1+4U4N|1|4,4U4Z|1|1+4U4Z|1|4,6RZZ|1|A+6RZZ|1|y,8V87|1|1+8V87|1|2,6T7I|1|C1+6T7I|1|C3,7BT6|1|1+7BT6|1|2,7BTB|1|1+7BTB|1|2,4U3N|1|5+4U3N|1|8,4U4Y|1|5+4U4Y|1|8,3JCT|1|1+3JCT|1|2,4U3N|1|1+4U3N|1|4,4U55|1|5+4U55|1|8,4U4Y|1|1+4U4Y|1|4,6S47|1|AA+6S47|1|AC,4U51|1|5+4U51|1|8,4U51|1|1+4U51|1|4,4U55|1|1+4U55|1|4,8XU8|1|A+8XU8|1|C,4U50|1|5+4U50|1|8,6R87|1|1+6R87|1|4,5H4P|1|1+5H4P|1|4,6M62|1|1+6M62|1|2,4U50|1|1+4U50|1|4,6Z6K|1|C1+6Z6K|1|C3,6Z6J|1|C1+6Z6J|1|C3,6R86|1|1+6R86|1|4,6RI5|1|A+6RI5|1|y,7ZPQ|1|5+7ZPQ|1|3,7OF1|1|1+7OF1|1|2,5JUP|1|B+5JUP|1|C,6HD7|1|1+6HD7|1|4,6QT0|1|A+6QT0|1|y,4U53|1|1+4U53|1|4,6N8M|1|A+6N8M|1|C,6N8O|1|A+6N8O|1|C,7NAC|1|1+7NAC|1|2,8Y0U|1|C1,4U53|1|5+4U53|1|8,7OH3|1|1+7OH3|1|2,6SV4|1|YQ+6SV4|1|YS,8Z71|1|A+8Z71|1|C,6SV4|1|BQ+6SV4|1|BS,6SV4|1|ZQ+6SV4|1|ZS,6R84|1|1+6R84|1|4,7R7A|1|1+7R7A|1|2,7Z34|1|1+7Z34|1|3,6N8L|1|1+6N8L|1|3,8V83|1|1+8V83|1|2,6N8K|1|1+6N8K|1|3,5APO|1|5+5APO|1|8,8BJQ|1|1+8BJQ|1|C3,8BQX|1|BQ+8BQX|1|BS,6QTZ|1|A+6QTZ|1|y,6N8J|1|1+6N8J|1|3,6OIG|1|5+6OIG|1|8,4U56|1|1+4U56|1|4,4U56|1|5+4U56|1|8,8BQD|1|BQ+8BQD|1|BS,8CMJ|1|AA+8CMJ|1|CC,8V84|1|1+8V84|1|2,8T3C|1|A1+8T3C|1|A4,6N8N|1|A+6N8N|1|C,8YLD|1|A+8YLD|1|C,8YLR|1|A+8YLR|1|C,7NRC|1|LA+7NRC|1|LC,5MC6|1|BQ+5MC6|1|BS,6GQB|1|1+6GQB|1|4,5JUU|1|B+5JUU|1|C,6T83|1|1b+6T83|1|3b,5JUT|1|B+5JUT|1|C,5JUO|1|B+5JUO|1|C,6T83|1|Aa+6T83|1|Ca,6S05|1|A+6S05|1|y,6GQV|1|1+6GQV|1|4,6FT6|1|1+6FT6|1|2,5JUS|1|B+5JUS|1|C,6ELZ|1|1+6ELZ|1|2,6XIQ|1|1+6XIQ|1|4,5APN|1|5+5APN|1|8,5T6R|1|A+5T6R|1|C,6YLY|1|1+6YLY|1|3,7ZUW|1|5+7ZUW|1|3,4U4O|1|5+4U4O|1|8,4U4O|1|1+4U4O|1|4,7NRD|1|LA+7NRD|1|LC,4V8Y|1|B5+4V8Y|1|B8,6GQ1|1|1+6GQ1|1|4,6YLX|1|1+6YLX|1|2,5GAK|1|1+5GAK|1|4,7ZRS|1|5+7ZRS|1|3,7OHX|1|1+7OHX|1|2,7OHV|1|1+7OHV|1|2,6EM1|1|1+6EM1|1|2,6EM5|1|1,6EM3|1|1,7OHU|1|1+7OHU|1|2,7OHY|1|1+7OHY|1|2,7OHW|1|1+7OHW|1|2,7OHP|1|1+7OHP|1|2,7OHR|1|1+7OHR|1|2,6I7O|1|BQ,6I7O|1|YQ,6C0F|1|1+6C0F|1|2,6EM4|1|1,7OHS|1|1+7OHS|1|2,3J6Y|1|2S+3J6Y|1|8S,3J6X|1|2S+3J6X|1|8S,3J77|1|2S+3J77|1|8S,3J78|1|2S+3J78|1|8S,7OHT|1|1,8E5T|1|1+8E5T|1|2,6CB1|1|1+6CB1|1|2,5Z3G|1|A+5Z3G|1|B,4V8Z|1|B5+4V8Z|1|B8,4V8T|1|5+4V8T|1|8,4V7F|1|1,4V6I|1|DA+4V6I|1|DB,5JCS|1|x"
"NR_all_95195.1","7QIW|1|2+7QIW|1|8","7QIW|1|2+7QIW|1|8,7QIZ|1|2+7QIZ|1|8"
"NR_all_85044.1","7QIW|1|5","7QIW|1|5,7QIZ|1|5"
"NR_all_32554.1","7QIW|1|s","7QIW|1|s,7QIZ|1|s"
"NR_all_08995.1","7NHN|1|D","7NHN|1|D"
"NR_all_78947.1","7NIC|1|X+7NIC|1|Y","7NIC|1|X+7NIC|1|Y"
"NR_all_73924.2","7QIZ|1|S2","7QIZ|1|S2,7QIX|1|2,7QIY|1|2"
"NR_all_13974.1","7NJC|1|B","7NJC|1|B"
"NR_all_83502.1","7QIZ|1|aA+7QIZ|1|bA","7QIZ|1|aA+7QIZ|1|bA,7QIY|1|Q+7QIY|1|R"
"NR_all_60559.1","7NKY|1|P","7NKY|1|P"
"NR_all_98646.1","7NSI|1|AX","7NSI|1|AX"
"NR_all_39307.1","7NT5|1|N","7NT5|1|N"
"NR_all_83770.1","7QQX|1|A","7QQX|1|A,7QQS|1|A,7QQU|1|A,7QQT|1|A,7QQW|1|A,7QQZ|1|A,7QR5|1|A,7QQV|1|A"
"NR_all_08187.1","7NT6|1|Z","7NT6|1|Z"
"NR_all_20988.1","7NWG|1|q3","7NWG|1|q3"
"NR_all_96336.1","7QR8|1|A","7QR8|1|A"
"NR_all_33731.1","7QTN|1|B+7QTN|1|A","7QTN|1|B+7QTN|1|A"
"NR_all_32613.1","7O7Y|1|AI","7O7Y|1|AI,7O7Z|1|AI,7O80|1|AI"
"NR_all_98794.1","8BE0|1|M+8BE0|1|R","8BE0|1|M+8BE0|1|R,7R1F|1|M+7R1F|1|R,8BDR|1|M+8BDR|1|R"
"NR_all_31974.1","7R2K|1|U","7R2K|1|U"
"NR_all_79803.1","7O80|1|AT","7O80|1|AT"
"NR_all_05306.1","7R6Q|1|1+7R6Q|1|2","7R6Q|1|1+7R6Q|1|2"
"NR_all_52305.1","3J45|1|4","3J45|1|4"
"NR_all_27000.1","7O81|1|AT","7O81|1|AT"
"NR_all_93470.1","7R81|1|A1+7R81|1|C1","7R81|1|A1+7R81|1|C1"
"NR_all_11525.1","7R81|1|B1","7R81|1|B1"
"NR_all_67797.1","7R9G|1|B","7R9G|1|B"
"NR_all_05887.2","7YSE|1|E","7YSE|1|E,7F36|1|F,7F36|1|G,7F36|1|E,7F36|1|H,7YSE|1|F,8QOA|1|Z,7ZQ6|1|M,6OM6|1|5,3J46|1|p"
"NR_all_51758.2","7RE1|1|T+7RE1|1|P","7RE1|1|T+7RE1|1|P,7RDY|1|T+7RDY|1|P,7RE3|1|T+7RE3|1|P,7RE3|1|U+7RE3|1|Q,7RE2|1|T+7RE2|1|P,7RE0|1|T+7RE0|1|P,7RDX|1|T+7RDX|1|P,7RDZ|1|T+7RDZ|1|P"
"NR_all_20384.1","3J5S|1|A","3J5S|1|A"
"NR_all_89821.1","3J5Y|1|D","3J5Y|1|D"
"NR_all_92069.1","7ODF|1|F","7ODF|1|F"
"NR_all_07310.1","7REX|1|A","7REX|1|A,7REX|1|B,8FB3|1|B,8FB3|1|C,8FB3|1|A,7REX|1|C"
"NR_all_08470.1","5MRC|1|A","5MRC|1|A,3J6B|1|A,5MRE|1|A,5MRF|1|A"
"NR_all_42626.1","7OFZ|1|C","7OFZ|1|C"
"NR_all_91810.1","7OG0|1|E","7OG0|1|E,7OG0|1|D"
"NR_all_45291.1","7OGM|1|P","7OGM|1|P"
"NR_all_19728.1","7RGU|1|F","7RGU|1|F,7RGU|1|H,7RGU|1|D,7RGU|1|B"
"NR_all_22024.2","7RIP|1|R","7RIP|1|R,7RIW|1|R,7RIX|1|R,8UKU|1|R"
"NR_all_50716.1","7OJK|1|D+7OJK|1|E","7OJK|1|D+7OJK|1|E"
"NR_all_93567.1","7RIY|1|R","7RIY|1|R"
"NR_all_79094.1","7OJN|1|R+7OJN|1|M","7OJN|1|R+7OJN|1|M"
"NR_all_89808.1","7RWR|1|A","7RWR|1|A"
"NR_all_57351.1","7S3A|1|B","7S3A|1|B"
"NR_all_55974.1","7S3C|1|B","7S3C|1|B"
"NR_all_11375.1","7S7B|1|H","7S7B|1|H"
"NR_all_35881.1","7SAM|1|A","7SAM|1|A"
"NR_all_58908.1","7SLP|1|R","7SLP|1|R"
"NR_all_62371.1","7SOP|1|B","7SOP|1|B"
"NR_all_77860.1","7SOU|1|B","7SOU|1|B"
"NR_all_26261.1","7SP1|1|P","7SP1|1|P,7SP1|1|Q"
"NR_all_15429.2","7OLC|1|3","7OLC|1|3,7OLD|1|3,8OO0|1|3,7Z3N|1|3,7Z3O|1|3"
"NR_all_72506.1","7SVA|1|B","7SVA|1|B"
"NR_all_70777.1","7SWQ|1|B+7SWQ|1|D","7SWQ|1|B+7SWQ|1|D"
"NR_all_31982.1","7ONU|1|T","7ONU|1|T"
"NR_all_80237.1","7SZU|1|R","7SZU|1|R,7U0Y|1|R"
"NR_all_20257.1","7T1N|7|A","7T1N|7|A,7T1P|1|A"
"NR_all_44951.1","7T1O|2|A","7T1O|2|A"
"NR_all_46712.1","7THB|1|E","7THB|1|E,7THB|1|B,7THB|1|H"
"NR_all_73392.1","7TJ2|1|G+7TJ2|1|H","7TJ2|1|G+7TJ2|1|H,7TQV|1|G+7TQV|1|H"
"NR_all_49530.1","7TNX|1|C+7TNX|1|B","7TNX|1|C+7TNX|1|B"
"NR_all_01186.2","8P7X|1|5","8P7X|1|5,8P6P|1|5,7P6Z|1|5,8P7Y|1|5,7OOC|1|5,7PAL|1|5,7PIB|1|5,7PHB|1|5,7PAK|1|5,7PIT|1|5,7PI9|1|5,7PAI|1|5,7PAM|1|5,7PAO|1|5,7PAJ|1|5,7PAR|1|5,7PHA|1|5,8P8W|1|5,8P8V|1|5,7PH9|1|5,7PAQ|1|5,7PI8|1|5,7PIC|1|5,7PIP|1|5,7PAH|1|5,7PIO|1|5,7PAN|1|5,7PIQ|1|5,7PHC|1|5,7PIR|1|5,7PIA|1|5,7PIS|1|5,7PAS|1|5"
"NR_all_45405.1","7TQB|1|A","7TQB|1|A"
"NR_all_95803.1","3BX3|1|C","3BX3|1|C,3BX3|1|D"
"NR_all_65741.1","7TR6|1|R","7TR6|1|R,7TR8|1|R,7TR9|1|R"
"NR_all_22223.1","3CGP|1|B+3CGP|1|A","3CGP|1|B+3CGP|1|A,3CGQ|1|B+3CGQ|1|A"
"NR_all_17852.1","3CGR|1|B+3CGR|1|A","3CGR|1|B+3CGR|1|A"
"NR_all_12473.1","7TUV|1|B","7TUV|1|B"
"NR_all_17773.1","3CIY|1|C+3CIY|1|D","3CIY|1|C+3CIY|1|D"
"NR_all_97992.1","7U2B|1|C","7U2B|1|C"
"NR_all_49553.1","3CUL|1|C","3CUL|1|C,3CUN|1|C,3CUL|1|D,3CUN|1|D"
"NR_all_27790.1","8BF8|1|B","8BF8|1|B,8EX9|1|B,8H1J|1|B,8EXA|1|B"
"NR_all_20260.2","8PV7|1|C3","8PV7|1|C3,8PVK|1|C3,8PV1|1|C3,8I9V|1|C3,8PV3|1|C3,8PV4|1|C3,8I9T|1|C3"
"NR_all_59978.1","8BF9|1|5","8BF9|1|5"
"NR_all_31511.1","8IAZ|1|E","8IAZ|1|E"
"NR_all_45933.1","1KPD|1|A","1KPD|1|A"
"NR_all_34072.1","8BH8|1|B+8BH8|1|C","8BH8|1|B+8BH8|1|C"
"NR_all_15672.1","8BHF|1|21","8BHF|1|21"
"NR_all_49127.1","8IBZ|1|E","8IBZ|1|E"
"NR_all_18162.1","1KQ2|1|R","1KQ2|1|R"
"NR_all_79162.1","8IEW|1|B","8IEW|1|B"
"NR_all_78170.1","1L1C|1|C","1L1C|1|C"
"NR_all_79242.1","8BTR|1|u","8BTR|1|u,8BSI|1|Lu,8BR8|1|Lu,8BTD|1|u,8BSJ|1|u"
"NR_all_70955.1","1L9A|1|B","1L9A|1|B"
"NR_all_12601.1","8BSJ|1|x","8BSJ|1|x"
"NR_all_26150.3","4V9F|1|0","4V9F|1|0,1S72|1|0,1JJ2|1|0,1YI2|1|0,3CCU|1|0,3CCL|1|0,1YHQ|1|0,1YIJ|1|0,3CMA|1|0,3CCV|1|0,3G6E|1|0,3G71|1|0,3CD6|1|0,1YJW|1|0,2QEX|1|0,3CCM|1|0,3I56|1|0,2OTL|1|0,3CCS|1|0,1YJN|1|0,1YJ9|1|0,3CC4|1|0,3CCQ|1|0,1YIT|1|0,3CC2|1|0,1KQS|1|0,2OTJ|1|0,3CCR|1|0,3CC7|1|0,3G4S|1|0,3I55|1|0,2QA4|1|0,3CCJ|1|0,3CCE|1|0,3OW2|1|0,1VQO|1|0,1VQ8|1|0,1VQM|1|0,1VQP|1|0,1VQK|1|0,1VQL|1|0,1VQN|1|0,1VQ9|1|0,1VQ7|1|0,1VQ4|1|0,1VQ6|1|0,3CPW|1|0,3CME|1|0,1M90|1|A,3CXC|1|0,1QVG|1|0,1NJI|1|A,1VQ5|1|0,1KC8|1|A,1K73|1|A,1Q81|1|A,1Q82|1|A,1QVF|1|0,1K9M|1|A,1KD1|1|A,1K8A|1|A,1M1K|1|A,1Q86|1|A,1Q7Y|1|A,1FFK|1|0,1FG0|1|A,1FFZ|1|A,1N8R|1|A,1W2B|1|0"
"NR_all_67862.1","8BTK|1|AT","8BTK|1|AT"
"NR_all_89004.1","8BU8|1|A","8BU8|1|A"
"NR_all_62443.1","8INB|1|B","8INB|1|B"
"NR_all_25877.1","8BVH|1|A","8BVH|1|A"
"NR_all_77122.1","8IP8|1|cl","8IP8|1|cl,8IP9|1|cl,8IPB|1|cl,8IPA|1|cl"
"NR_all_98455.1","8BVM|1|u","8BVM|1|u"
"NR_all_93205.1","8BWT|1|A","8BWT|1|A"
"NR_all_57970.1","8IPM|1|A","8IPM|1|A"
"NR_all_94066.10","8QCQ|1|a","8QCQ|1|a,8BUU|1|a,6HA1|1|a,7O5B|1|A,8QPP|1|A,7QV2|1|a,6HA8|1|a,7QV1|1|a,8R55|1|A,8CDU|1|A,5NJT|1|A,3J9W|1|AA,8CEC|1|A,8CEE|1|A,6HTQ|1|a,7QGU|1|W,8CED|1|A,7QV3|1|a,7QH4|1|W"
"NR_all_09297.4","7O5B|1|U","7O5B|1|U,8QPP|1|U,7QV1|1|H,7QV2|1|H,7QV2|1|x,8R55|1|U,3J9W|1|AX,7QGU|1|z,7QV3|1|H,7QH4|1|1,7QH4|1|y"
"NR_all_40127.1","8ITS|1|A","8ITS|1|A"
"NR_all_15509.1","8C4H|1|1","8C4H|1|1,8C4H|1|2"
"NR_all_89104.1","8IYQ|1|O","8IYQ|1|O,8WMN|1|O,8WMN|1|F,8WMM|1|D,8WMM|1|O,8WMH|1|O"
"NR_all_10243.1","8C4V|1|T+8C4V|1|P","8C4V|1|T+8C4V|1|P"
"NR_all_52728.1","8J12|1|C","8J12|1|C"
"NR_all_46639.1","8C5U|1|C","8C5U|1|C,8Q63|1|C"
"NR_all_92109.1","8C8H|1|U","8C8H|1|U"
"NR_all_23790.1","8CBJ|1|2","8CBJ|1|2"
"NR_all_04636.1","8J7S|1|C","8J7S|1|C,8J7S|1|G,8J7S|1|K,8J7S|1|O"
"NR_all_45903.1","8CBL|1|T","8CBL|1|T"
"NR_all_61064.1","8CBO|1|T","8CBO|1|T"
"NR_all_01805.1","8CDU|1|B","8CDU|1|B"
"NR_all_83489.1","8J9P|1|E","8J9P|1|E,8J9P|1|G,8J8H|1|E,8JAY|1|O,8JAY|1|E,8JAY|1|G,8JAY|1|K,8J9G|1|E"
"NR_all_76567.1","8CDV|1|B","8CDV|1|B"
"NR_all_94018.1","8CF2|1|B+8CF2|1|A","8CF2|1|B+8CF2|1|A"
"NR_all_05801.1","8JCH|1|P","8JCH|1|P"
"NR_all_15214.1","8CLM|1|A","8CLM|1|A,8CLM|1|B,8CLM|1|C"
"NR_all_95405.1","8JDK|1|A","8JDK|1|A,8JDJ|1|A"
"NR_all_18755.1","8JDM|1|A","8JDM|1|A,8JDL|1|A"
"NR_all_14326.1","8COO|1|B","8COO|1|B"
"NR_all_73791.1","8JH3|1|P","8JH3|1|P"
"NR_all_49210.1","8CRO|1|Z","8CRO|1|Z,8OKI|1|Z"
"NR_all_19179.1","8JHP|1|A","8JHP|1|A"
"NR_all_35798.2","8CRX|1|A","8CRX|1|A,8CWO|1|A,8CVO|1|A"
"NR_all_46054.2","8K88|1|D","8K88|1|D,8JL0|1|C,8K87|1|I,8K87|1|D"
"NR_all_94178.1","8CVM|1|a","8CVM|1|a,8CRX|1|a"
"NR_all_51746.1","8JSL|1|G","8JSL|1|G,8JSM|1|G,8JSN|1|G"
"NR_all_80533.1","1LC6|7|A","1LC6|7|A"
"NR_all_43871.1","8CVM|1|b","8CVM|1|b,8CRX|1|b"
"NR_all_85270.1","8CWO|1|Y","8CWO|1|Y"
"NR_all_36280.1","8JTR|1|B","8JTR|1|B"
"NR_all_26371.1","8CX1|1|L","8CX1|1|L"
"NR_all_41767.1","8CX2|1|L","8CX2|1|L"
"NR_all_68688.1","8K0K|1|J","8K0K|1|J"
"NR_all_03715.2","1QU2|1|T","1QU2|1|T,1QU3|1|T"
"NR_all_08831.2","3NDB|1|M","3NDB|1|M,4XCO|1|M,4XCO|1|E,1Z43|1|A,2V3C|1|N,2V3C|1|M,1LNG|1|B"
"NR_all_24216.1","8D29|1|C","8D29|1|C,8D29|1|R"
"NR_all_49241.1","1FFY|1|T","1FFY|1|T,7B5K|1|x,8ZYC|1|C,8ZYD|1|C,5O2R|1|x,5KCS|1|1x"
"NR_all_56838.1","8D29|1|F","8D29|1|F"
"NR_all_93142.1","1LPW|1|B+1LPW|1|A","1LPW|1|B+1LPW|1|A"
"NR_all_61542.1","8D49|1|B","8D49|1|B"
"NR_all_35845.1","1LUU|1|A","1LUU|1|A"
"NR_all_93136.1","1FHK|1|A","1FHK|1|A"
"NR_all_21518.1","1LVJ|2|A","1LVJ|2|A"
"NR_all_39552.1","8D96|1|E","8D96|1|E,8D9D|1|E"
"NR_all_80214.2","8K22|1|P","8K22|1|P,8K29|1|P,8K24|1|P,8K24|1|p,8K23|1|P,8K23|1|p,8K27|1|P"
"NR_all_90775.1","1FIR|1|A","1FIR|1|A"
"NR_all_79175.1","8D97|1|C","8D97|1|C"
"NR_all_93461.1","1FJE|1|A","1FJE|1|A"
"NR_all_39783.1","8DEX|1|L","8DEX|1|L,8DFS|1|L,8DFO|1|L"
"NR_all_59062.1","8K3O|1|V","8K3O|1|V"
"NR_all_31526.1","1M82|1|A","1M82|1|A"
"NR_all_61775.1","8K58|1|J","8K58|1|J"
"NR_all_25852.1","1M8V|1|P","1M8V|1|P,1M8V|1|R,1M8V|1|U,1M8V|1|Q,1M8V|1|S,1M8V|1|T,1M8V|1|O"
"NR_all_38665.1","8K5P|1|P","8K5P|1|P,8WA0|1|S"
"NR_all_04705.1","8DK7|1|C","8DK7|1|C,8DK7|1|F"
"NR_all_56015.1","8K82|1|C7","8K82|1|C7"
"NR_all_39793.1","8DMB|1|W","8DMB|1|W"
"NR_all_58357.1","1FJG|1|X","1FJG|1|X"
"NR_all_81068.1","1M8W|1|C","1M8W|1|C,1M8X|1|C"
"NR_all_68018.1","8DP3|1|R","8DP3|1|R"
"NR_all_57703.1","1FMN|1|A","1FMN|1|A"
"NR_all_40126.1","1M8W|1|E","1M8W|1|E"
"NR_all_85253.1","8DZJ|1|E","8DZJ|1|E"
"NR_all_51201.1","8KAH|1|I","8KAH|1|I,8KAJ|1|I,8KAH|1|J,8KAJ|1|J,8KAI|1|J,8KAI|1|I"
"NR_all_82140.1","1MDG|1|A","1MDG|1|A,1N7A|1|A,1N7A|1|B,1N7A|1|C,1N7A|1|D,1N7A|1|E,1N7A|1|F,1N7A|1|G,1N7A|1|H,1N7B|1|A,1N7B|1|B,1N7B|1|C,1N7B|1|D,1N7B|1|E,1N7B|1|F,1N7B|1|G,1N7B|1|H"
"NR_all_37564.1","8DZK|1|O","8DZK|1|O"
"NR_all_14518.1","1FUF|1|A+1FUF|1|B","1FUF|1|A+1FUF|1|B,1IK5|1|A+1IK5|1|B"
"NR_all_55668.1","8E28|1|C","8E28|1|C"
"NR_all_50004.1","1FXL|1|B","1FXL|1|B"
"NR_all_36843.3","8SCB|1|3","8SCB|1|3,5LZS|1|3,5LZV|1|3,5LZZ|1|3,5LZW|1|3,6SGC|1|23,6SGC|1|33,5LZX|1|3,5LZT|1|3,5LZU|1|3,5LZY|1|2,5LZY|1|3,3JAI|1|3,3JAH|1|3,3JAG|1|3"
"NR_all_09201.1","8E2A|1|B","8E2A|1|B"
"NR_all_04218.1","2M4Q|6|1","2M4Q|6|1,1FYO|1|A"
"NR_all_21737.1","8KD9|1|M","8KD9|1|M,8KD9|1|T,8KD9|1|N,8KD9|1|O,8KD9|1|P,8KDA|1|M,8KDA|1|P,8KDA|1|O,8KDA|1|N,8KDA|1|T"
"NR_all_13125.1","1G1X|1|D+1G1X|1|E","1G1X|1|D+1G1X|1|E"
"NR_all_20048.1","8E6Z|1|7","8E6Z|1|7,8E3F|1|7,8E3H|1|7,8E6X|1|7"
"NR_all_88266.1","1G2E|1|B","1G2E|1|B"
"NR_all_26483.1","3J7Q|1|5+3J7Q|1|8","3J7Q|1|5+3J7Q|1|8,3J7O|1|5+3J7O|1|8,3J7P|1|5+3J7P|1|8,3J7R|1|5+3J7R|1|8"
"NR_all_65384.1","8E40|1|r+8E40|1|R","8E40|1|r+8E40|1|R"
"NR_all_62824.1","3J7O|1|7","3J7O|1|7,3J7Q|1|7,3J7P|1|7,3J7R|1|7"
"NR_all_59242.1","8E5K|1|7","8E5K|1|7"
"NR_all_25399.1","8E5O|1|7","8E5O|1|7"
"NR_all_61505.1","3J7P|1|S2","3J7P|1|S2,3J7R|1|S2"
"NR_all_77904.1","8E6W|1|8","8E6W|1|8"
"NR_all_02218.1","8KGF|1|G","8KGF|1|G"
"NR_all_25735.1","1PJG|1|A","1PJG|1|A,1PJO|1|A,1G4Q|1|A,7OOO|1|A,7OOO|1|D,1JB8|1|A,7NRP|1|A,7OOS|1|A,7OZZ|1|A"
"NR_all_39223.1","1MFJ|1|A","1MFJ|1|A"
"NR_all_73958.1","3J7R|1|S5","3J7R|1|S5"
"NR_all_37229.3","1MFQ|1|A","1MFQ|1|A,5M73|1|A,5M73|1|E,4P3E|1|A,3KTV|1|C,3KTV|1|A,7NFX|1|1,7QWQ|1|1"
"NR_all_66490.1","8KI7|1|F","8KI7|1|F"
"NR_all_29328.1","8EDJ|1|R","8EDJ|1|R"
"NR_all_90254.1","8EG7|1|R","8EG7|1|R"
"NR_all_77347.1","8OMR|1|C","8OMR|1|C"
"NR_all_62030.1","1MFY|1|A","1MFY|1|A"
"NR_all_32673.1","8EGB|1|R","8EGB|1|R"
"NR_all_43772.1","1MIS|1|A+1MIS|1|B","1MIS|1|A+1MIS|1|B"
"NR_all_37310.3","8PVL|1|C2","8PVL|1|C2,8PVK|1|C2,8PV8|1|C2,8ONZ|1|2"
"NR_all_90233.1","1MJ1|1|R","1MJ1|1|R"
"NR_all_11616.2","8EHF|1|R","8EHF|1|R,8EH8|1|R,8EHA|1|R,8EH9|1|R,8EHI|1|R"
"NR_all_62367.1","1MJI|1|D","1MJI|1|D,1MJI|1|C"
"NR_all_19065.1","8EHQ|1|R","8EHQ|1|R,8EXY|1|R,8EOE|1|R"
"NR_all_68433.1","4V49|1|AA","4V49|1|AA,4V4A|1|AA,4V4G|1|EA,4V4G|1|CA,4V4G|1|AA,4V4G|1|GA,4V4G|1|IA,1ML5|1|A"
"NR_all_03296.1","8OP1|1|G","8OP1|1|G,8OP1|1|H,8OP1|1|I,8OP1|1|J,8OP1|1|F"
"NR_all_64221.1","8ENK|1|M","8ENK|1|M"
"NR_all_73166.1","1G70|2|A","1G70|2|A"
"NR_all_91694.1","8EOF|1|R","8EOF|1|R"
"NR_all_57348.1","1GAX|1|D","1GAX|1|D,1GAX|1|C,1IVS|1|C,1IVS|1|D"
"NR_all_68441.1","1ML5|1|b","1ML5|1|b"
"NR_all_67761.1","8EPK|1|F","8EPK|1|F,8EPK|1|E"
"NR_all_69808.1","1GID|1|B","1GID|1|B,1GID|1|A"
"NR_all_65028.2","359D|1|B+359D|1|A","359D|1|B+359D|1|A,301D|1|B+301D|1|A,1MME|1|D+1MME|1|C,299D|1|B+299D|1|A,1MME|1|B+1MME|1|A,300D|1|B+300D|1|A,1NYI|1|B+1NYI|1|A,1Q29|1|B+1Q29|1|A,488D|1|D+488D|1|B+488D|1|A+488D|1|C,379D|1|B+379D|1|A"
"NR_all_78541.1","8EUG|1|1+8EUG|1|2","8EUG|1|1+8EUG|1|2,8EUI|1|1+8EUI|1|2,8ESQ|1|1+8ESQ|1|2,8ETC|1|1+8ETC|1|2,8ESR|1|1+8ESR|1|2,8ETG|1|1+8ETG|1|2,8ETJ|1|1+8ETJ|1|2,8EV3|1|1+8EV3|1|2,8EUY|1|1+8EUY|1|2,8EUP|1|1+8EUP|1|2,8ETI|1|1+8ETI|1|2,8ETH|1|1+8ETH|1|2"
"NR_all_39627.5","2R8S|1|R","2R8S|1|R,6D8O|1|A,6D8O|1|B,1HR2|1|B,6BJX|1|A,6BJX|1|B,1HR2|1|A,6D8M|1|B,6D8M|1|A,6D8L|1|A,6D8L|1|B,6D8N|1|B,6D8N|1|A,1X8W|1|A,1X8W|1|D,1X8W|1|B,1L8V|1|B,1L8V|1|A,1GRZ|1|A,1GRZ|1|B"
"NR_all_69913.1","1MNX|5|A","1MNX|5|A"
"NR_all_17438.1","1MT4|2|A","1MT4|2|A"
"NR_all_80888.1","1MUV|1|A+1MUV|1|B","1MUV|1|A+1MUV|1|B,1MV1|1|A+1MV1|1|B,1MV2|1|A+1MV2|1|B,1MV6|1|A+1MV6|1|B"
"NR_all_26915.1","1MVR|1|A","1MVR|1|A"
"NR_all_07539.1","8EUG|1|9","8EUG|1|9,8EUI|1|9"
"NR_all_16356.1","3IZZ|1|E","3IZZ|1|E,1MVR|1|B"
"NR_all_85919.1","8EUY|1|6","8EUY|1|6"
"NR_all_62528.1","5EEU|1|W","5EEU|1|W,5EEV|1|W,5EEX|1|W,5EEW|1|W,5EEY|1|W,5EEZ|1|W,5EF0|1|W,1GTF|1|W,5EF1|1|W,5EF2|1|W,5EF3|1|W"
"NR_all_18337.3","1QZC|1|B","1QZC|1|B,3J0E|1|A,3J0D|1|B,1T1O|1|B,1MVR|1|C,2MER|1|A,2MEQ|1|A"
"NR_all_57362.1","8EVT|1|EC","8EVT|1|EC"
"NR_all_28159.1","8EY6|1|B","8EY6|1|B"
"NR_all_12763.29","7QI4|1|A","7QI4|1|A,7OF0|1|A,6ZM6|1|A,7QI5|1|A,7O9M|1|A,7OF6|1|A,8ANY|1|A,8OIT|1|B8,7OF4|1|A,6ZM5|1|A,7OF7|1|A,7QI6|1|A,6VMI|1|A,8K2A|1|L1,6VLZ|1|A,7OF2|1|A,8OIR|1|B8,7OF3|1|A,7L20|1|A,8XT1|1|L1,8XT3|1|L1,7ODR|1|A,7A5J|1|A,7OF5|1|A,8XT0|1|L1,8QSJ|1|A,8PK0|1|A,7ODT|1|A,7O9K|1|A,8XT2|1|L1,5OOL|1|A,7ODS|1|A,7OIC|1|A,8K2B|1|L1,7A5H|1|A,7L08|1|A,7PO4|1|A,7QH7|1|A,8QU5|1|A,7OIE|1|A,6ZSC|1|XA,7A5K|1|A3,7A5I|1|A3,7OID|1|A,6ZSD|1|XA,7PD3|1|A,7OG4|1|XA,7QH6|1|A,3J9M|1|A,6I9R|1|A,5OOM|1|A,6ZSG|1|XA,6ZSA|1|XA,7OIA|1|A,6ZS9|1|XA,3J7Y|1|A,8QU1|1|A,7OIB|1|A,7OI9|1|A,7A5G|1|A3,6NU2|1|A,7A5F|1|A3,7OI8|1|A,7OI7|1|A,6ZSB|1|XA,6NU3|1|A,6ZSE|1|XA,7OI6|1|A"
"NR_all_35822.1","8EY8|1|B","8EY8|1|B"
"NR_all_98672.1","1MVR|1|D","1MVR|1|D"
"NR_all_02111.1","1MWG|1|A+1MWG|1|B","1MWG|1|A+1MWG|1|B"
"NR_all_84424.1","1GTN|1|W","1GTN|1|W"
"NR_all_90845.1","1MY9|1|B","1MY9|1|B"
"NR_all_15880.1","1H0Q|1|B","1H0Q|1|B"
"NR_all_92211.1","1H1K|1|J+1H1K|1|M","1H1K|1|J+1H1K|1|M"
"NR_all_13358.1","1N32|1|Y+1N32|1|Z","1N32|1|Y+1N32|1|Z"
"NR_all_61174.1","1H2C|1|R","1H2C|1|R,1H2D|1|S,1H2D|1|R"
"NR_all_43166.1","8F5G|1|D","8F5G|1|D,8F5G|1|E,8F5G|1|F"
"NR_all_78287.1","7XW2|1|C","7XW2|1|C"
"NR_all_74924.26","3PEY|1|B","3PEY|1|B,3PEW|1|B,5ELX|1|B,4ALP|1|E,2HYI|1|F,6G2K|1|R,2HYI|1|L,3EX7|1|J,5SZE|1|C,3EX7|1|F,3O8C|1|C,5BTE|1|D,3PF5|1|R,5BTE|1|C,6WRE|1|D,7SOW|1|B,6I0U|1|B,5ZSA|1|C,5ZSA|1|D,3O8R|1|C,4NL3|1|Z,4Y91|1|O,4Y91|1|N,4NL3|1|R,1N34|1|Z,3PF5|1|S,6PPN|1|A,6PPN|1|I,7DUH|1|Y,7ZNJ|1|E,7ZNJ|1|J,7ZNJ|1|O,7ZNJ|1|e,7ZNJ|1|j,7ZNJ|1|o,8RDV|1|Y,7EXA|1|B,6M7D|1|B,7YPW|1|R,7F1M|1|R,7F1M|1|S,7YR8|1|R,9FIA|1|bV,8CBW|1|1,7EWQ|1|B,7QDZ|1|E,5Z9W|1|R,7NSJ|1|AX,6JC3|1|N,7OZR|1|N,8R08|1|Z1"
"NR_all_60757.1","7XYA|1|R","7XYA|1|R"
"NR_all_56594.1","8FCS|17|A","8FCS|17|A"
"NR_all_31445.1","7Y2B|1|S","7Y2B|1|S,7Y2P|1|A+7Y2P|1|B"
"NR_all_98371.1","8DH1|1|G","8DH1|1|G,8DH1|1|C,8DH1|1|K,8DH0|1|C,8DH0|1|G,8DH4|1|C,8DH0|1|K,8DH4|1|K,8DH1|1|N,8DH4|1|G,8DH5|1|G,8DH5|1|C,8DH5|1|K,8DH5|1|O,8DH4|1|O,8DH0|1|O,8DH3|1|C,8DH2|1|C,1S0V|1|F,8DH3|1|G,8DH3|1|K,8DH3|1|O,8DH2|1|G,8DH2|1|K,8DH2|1|N,1S0V|1|O,1S0V|1|I,1S0V|1|L,1H38|1|F,1H38|1|I,1H38|1|L,1H38|1|O"
"NR_all_98207.1","8FER|1|BBB","8FER|1|BBB,8FEP|1|AAA,8FER|1|AAA"
"NR_all_58684.1","8JDK|1|B","8JDK|1|B,8JDK|1|C,7Y7E|1|V,7Y7F|1|V,7Y7C|1|V,8JDJ|1|B,8JDJ|1|C,7Y7D|1|V"
"NR_all_57309.1","7Y7G|1|V","7Y7G|1|V,8JDL|1|B,7Y7H|1|V,8JDM|1|C"
"NR_all_37313.1","3JB7|1|t+3JB7|1|m","3JB7|1|t+3JB7|1|m"
"NR_all_67617.1","7Y7P|1|C+7Y7P|1|D","7Y7P|1|C+7Y7P|1|D,7Y7P|1|E+7Y7P|1|J"
"NR_all_34540.1","8FIX|1|R","8FIX|1|R"
"NR_all_76442.1","3JB9|1|N+3JB9|1|P","3JB9|1|N+3JB9|1|P"
"NR_all_35958.1","7Y7Q|1|C+7Y7Q|1|D","7Y7Q|1|C+7Y7Q|1|D,7Y7Q|1|E"
"NR_all_83451.1","7Y7R|1|D","7Y7R|1|D,7Y7R|1|F,7Y7R|1|G"
"NR_all_45738.1","8FJK|1|a2+8FJK|1|b2","8FJK|1|a2+8FJK|1|b2"
"NR_all_09916.1","3JBU|1|X","3JBU|1|X"
"NR_all_88294.1","8FJL|1|a3+8FJL|1|b3","8FJL|1|a3+8FJL|1|b3,8FJK|1|a3+8FJK|1|b3"
"NR_all_79328.1","8FJK|1|a5+8FJK|1|b5","8FJK|1|a5+8FJK|1|b5"
"NR_all_03107.1","8FJL|1|a6+8FJL|1|b6","8FJL|1|a6+8FJL|1|b6"
"NR_all_32272.1","1HG9|1|B","1HG9|1|B,1OKF|1|B,1HHX|1|B"
"NR_all_97214.1","3JBV|1|W","3JBV|1|W"
"NR_all_96836.1","7Y8P|1|A+7Y8P|1|B","7Y8P|1|A+7Y8P|1|B"
"NR_all_31133.1","1HJI|1|A","1HJI|1|A,1QFQ|1|A"
"NR_all_81539.1","1HLX|1|A","1HLX|1|A"
"NR_all_06497.1","8FKW|1|L2","8FKW|1|L2,8FKV|1|L2,8FLD|1|L2,8FLA|1|L2,8FKX|1|L2,8FL6|1|L2,8FL2|1|L2,8FKY|1|L2,8FKQ|1|L2,8FKU|1|L2,8FKT|1|L2,8FKR|1|L2,8FKP|1|L2,8FKS|1|L2,8FKZ|1|L2"
"NR_all_61004.1","4V5A|1|CV+4V5A|1|CX","4V5A|1|CV+4V5A|1|CX,4V5A|1|AV+4V5A|1|AX,3JCE|1|6,3JCE|1|9,3JCD|1|8,3JCD|1|9"
"NR_all_31741.1","1HNW|1|X","1HNW|1|X,1HR0|1|X,1IBL|1|X,1HNZ|1|X,1IBK|1|X,1IBM|1|X"
"NR_all_25994.1","3JCM|1|E","3JCM|1|E"
"NR_all_27088.1","7YED|1|T+7YED|1|N+7YED|1|M","7YED|1|T+7YED|1|N+7YED|1|M"
"NR_all_73428.23","7QI4|1|B","7QI4|1|B,6ZM6|1|B,7PO4|1|B,7QI5|1|B,6ZM5|1|B,7ODR|1|B,8QSJ|1|B,8ANY|1|B,8PK0|1|B,8OIT|1|B9,7OF0|1|B,7ODT|1|B,7ODS|1|B,7QI6|1|B,7O9M|1|B,8OIR|1|B9,8QU5|1|B,7OF7|1|B,7OF6|1|B,7OF4|1|B,7OF3|1|B,7OF2|1|B,8QU1|1|B,7O9K|1|B,8K2A|1|L2,7OF5|1|B,6VMI|1|B,6VLZ|1|B,7QH6|1|B,8XT1|1|L2,8XT3|1|L2,7A5J|1|B,7OIC|1|B,5OOL|1|B,5OOM|1|B,7L20|1|B,7OIA|1|B,8XT0|1|L2,7OIB|1|B,8XT2|1|L2,7OI9|1|B,7A5H|1|B,8K2B|1|L2,6ZSC|1|XB,7L08|1|B,7OI7|1|B,7OIE|1|B,7OI8|1|B,6ZSD|1|XB,6I9R|1|B,7OID|1|B,7A5I|1|B3,7A5K|1|B3,7OG4|1|XB,3J7Y|1|B,6ZS9|1|XB,6ZSA|1|XB,6ZSG|1|XB,3J9M|1|B,7A5G|1|B3,7A5F|1|B3,6ZSB|1|XB,6ZSE|1|XB,7OI6|1|B"
"NR_all_12466.1","7YEY|1|B","7YEY|1|B"
"NR_all_13524.1","8FMW|1|A","8FMW|1|A"
"NR_all_62068.1","1EGK|1|A","1EGK|1|A,1EGK|1|C"
"NR_all_72866.1","7YFQ|1|B+7YFQ|1|C","7YFQ|1|B+7YFQ|1|C"
"NR_all_65794.1","1HS1|1|A","1HS1|1|A"
"NR_all_65789.2","6N6F|1|D","6N6F|1|D,7MPN|1|B,7MPN|1|N,7MPN|1|J,4OHY|1|B,7MPN|1|P,7MPN|1|H,7MPN|1|L,7MPN|1|D,7MPN|1|F,4OI1|1|B,4OI0|1|B,1N38|1|B"
"NR_all_75601.1","7YFY|1|B","7YFY|1|B"
"NR_all_52164.1","1HS3|1|A","1HS3|1|A"
"NR_all_19474.1","7YG6|1|B","7YG6|1|B"
"NR_all_36608.1","8FN6|1|g","8FN6|1|g"
"NR_all_48165.2","8D28|1|B","8D28|1|B,8D28|1|A,8D5L|1|D,8D5L|1|C,8D5L|1|B,8D5L|1|A,8D2B|1|A,8D2B|1|B,8D2A|1|B,8D2A|1|A,8D5O|1|A,8D5O|1|B,1EHT|3|A,1EHT|8|A,1O15|1|A"
"NR_all_90481.1","1HS8|1|A","1HS8|1|A"
"NR_all_66236.1","7YGN|1|B","7YGN|1|B"
"NR_all_41804.1","8FNC|1|m","8FNC|1|m"
"NR_all_03633.1","8FNF|1|m","8FNF|1|m"
"NR_all_08157.1","8FNI|1|m","8FNI|1|m"
"NR_all_23180.1","1HYS|1|E","1HYS|1|E"
"NR_all_11290.1","1N38|1|C+1N38|1|B","1N38|1|C+1N38|1|B"
"NR_all_81244.1","8FOH|1|P","8FOH|1|P"
"NR_all_11512.1","1I3Y|8|A","1I3Y|8|A"
"NR_all_39177.1","1N66|1|A","1N66|1|A"
"NR_all_68288.1","7YP9|1|H","7YP9|1|H"
"NR_all_98751.1","8FOK|1|P","8FOK|1|P"
"NR_all_84674.1","1I4B|1|A","1I4B|1|A"
"NR_all_59708.1","1N8X|1|A","1N8X|1|A"
"NR_all_13273.1","8FRU|1|4","8FRU|1|4"
"NR_all_99332.1","7YR7|1|A","7YR7|1|A,7YR6|1|A"
"NR_all_24790.1","8FTM|1|C","8FTM|1|C"
"NR_all_32893.1","8FUK|1|1","8FUK|1|1"
"NR_all_92489.3","4DR7|1|b","4DR7|1|b,1I5L|1|Y,1I5L|1|U,4DR6|1|b,5IP2|1|D,8RZA|1|R,8V9K|1|v,8V9J|1|v,6I2N|1|U,4V68|1|A0,6VZ3|1|Y,6VZ5|1|Y,6VZ2|1|Y,1MVR|1|1"
"NR_all_45441.2","6FYY|1|2","6FYY|1|2,8RW1|1|2,8S8D|1|2,6FYX|1|2,6UZ7|1|2,3JAM|1|2,8S8E|1|2,8S8F|1|2,8S8K|1|2,8S8G|1|2,8S8H|1|2,3J80|1|2,5IT7|1|2,3J81|1|2,8S8I|1|2,8I7J|1|2,5IT9|1|2,8S8J|1|2,6GSM|1|2,4V92|1|A2,3JAP|1|2,6GSN|1|2"
"NR_all_28322.3","7ZPJ|1|B","7ZPJ|1|B,7ZPK|1|B,7ZPI|1|B,7YYN|1|B"
"NR_all_01166.1","7Z1L|1|R","7Z1L|1|R,7Z1N|1|R"
"NR_all_57053.1","8FVY|1|g","8FVY|1|g,8G4S|1|g"
"NR_all_78150.1","8FW4|1|Z","8FW4|1|Z"
"NR_all_50956.1","7Z43|1|MaM","7Z43|1|MaM"
"NR_all_17339.1","8FZA|1|A","8FZA|1|A"
"NR_all_56731.1","7Z4O|1|VVV","7Z4O|1|VVV,7Z4O|1|UUU"
"NR_all_77921.1","1I6H|1|R","1I6H|1|R"
"NR_all_90565.1","7ZAH|1|4","7ZAH|1|4,7ZAG|1|4,7ZAI|1|4,7ZHG|1|4"
"NR_all_03720.1","3J92|1|2","3J92|1|2"
"NR_all_13295.1","7ZEW|1|B","7ZEW|1|B"
"NR_all_32674.1","1NBK|1|A","1NBK|1|A"
"NR_all_60551.1","1NBR|12|A","1NBR|12|A"
"NR_all_68255.1","7ZHH|1|C","7ZHH|1|C"
"NR_all_20339.1","1NBS|1|B","1NBS|1|B,1NBS|1|A"
"NR_all_40426.1","1NC0|4|A","1NC0|4|A"
"NR_all_13595.1","7ZJW|1|S","7ZJW|1|S,7ZJX|1|S"
"NR_all_84650.1","8FZT|1|B","8FZT|1|B"
"NR_all_45930.3","6CAP|1|W+6CAP|1|Y","6CAP|1|W+6CAP|1|Y,7DUI|1|W+7DUI|1|Y,7DUL|1|W+7DUL|1|Y,6CAQ|1|W+6CAQ|1|Y,4DR4|1|W+4DR4|1|V,1IBL|1|Y+1IBL|1|Z,6CAO|1|W+6CAO|1|Y,1IBM|1|Y+1IBM|1|Z,6CAS|1|W+6CAS|1|Y,4DR5|1|W+4DR5|1|V,6CAR|1|W+6CAR|1|Y,4AQY|1|Z+4AQY|1|W,7DUK|1|W+7DUK|1|Y,7DUG|1|W+7DUG|1|Y,7DUJ|1|W+7DUJ|1|Y,7DUH|1|W"
"NR_all_06944.1","7ZLQ|1|C","7ZLQ|1|C,7ZLQ|1|D+7ZLQ|1|E"
"NR_all_48342.1","7ZNK|1|2","7ZNK|1|2,7ZNK|1|4"
"NR_all_69993.1","7ZO1|1|A","7ZO1|1|A"
"NR_all_11024.1","7ZTA|1|ATR1","7ZTA|1|ATR1"
"NR_all_98171.1","1ICG|1|A+1ICG|1|B","1ICG|1|A+1ICG|1|B,1ID9|1|A+1ID9|1|B"
"NR_all_51130.1","7ZW0|1|sn","7ZW0|1|sn"
"NR_all_50490.1","1IDV|1|A","1IDV|1|A"
"NR_all_72484.1","1IE2|16|A","1IE2|16|A"
"NR_all_56686.2","8A22|1|A3+8A22|1|A2","8A22|1|A3+8A22|1|A2,8APN|1|A3+8APN|1|A2,8APO|1|A3+8APO|1|A2"
"NR_all_85144.1","1IKD|24|A","1IKD|24|A"
"NR_all_52282.1","1J2B|1|C","1J2B|1|C,1J2B|1|D"
"NR_all_94445.1","1J4Y|1|A","1J4Y|1|A"
"NR_all_77647.2","8A22|1|A7+8A22|1|A6","8A22|1|A7+8A22|1|A6,8APN|1|A7+8APN|1|A6,8APO|1|A7+8APO|1|A6"
"NR_all_86829.2","9DFC|1|1v","9DFC|1|1v,9D0J|1|1v,9DFD|1|1v,9DFC|1|2v,9DFD|1|2v,8VTX|1|1v,8G2C|1|1v,8G2C|1|2v,8G2B|1|1v,9D0J|1|2v,8VTX|1|2v,8G29|1|2v,8G2B|1|2v,8UVS|1|1v,8VTV|1|1v,8G29|1|1v,8G2A|1|1v,8G2D|1|1v,8UVR|1|1v,8VTU|1|1v,8VTU|1|2v,8UVR|1|2v,8VTV|1|2v,8G2A|1|2v,8G2D|1|2v,9B00|1|1v,8UVS|1|2v,9B00|1|2v"
"NR_all_12051.2","8A22|1|A9","8A22|1|A9,8APN|1|A9,8APO|1|A9"
"NR_all_79757.1","8G4I|1|g","8G4I|1|g"
"NR_all_27379.1","8G4S|1|i","8G4S|1|i"
"NR_all_40909.2","8A22|1|B4","8A22|1|B4,8APN|1|B4,8APO|1|B4"
"NR_all_86032.1","8G4W|1|R","8G4W|1|R,8G7E|1|R,8G8Z|1|R"
"NR_all_83593.5","5AXM|1|P","5AXM|1|P,1EVV|1|A,5AXN|1|P,1OB2|1|B,6LVR|1|D,3WC2|1|P,6LVR|1|B,3WC2|1|Q,1SZ1|1|F,1SZ1|1|E,4TNA|1|A,1EHZ|1|A,8CCS|1|Bb,8CDR|1|Bb,8CEH|1|Bb,8CIV|1|Bb,8CG8|1|Bb,6XZ7|1|g,8CF5|1|Bb,8CDL|1|Bb,1I9V|1|A,9F9S|1|DP,6XZB|1|g2,8CKU|1|Bb,6XIR|1|AZ,6XIR|1|AX,6GZ5|1|Bw,1TN2|1|A,1TN1|1|A,6GZ3|1|Bw,1TTT|1|F,5M1J|1|A3,8CTH|1|C,4TRA|1|A,6TNA|1|A,6GQV|1|AY,1TTT|1|D,1TTT|1|E,6GQB|1|AX,6XIQ|1|AX,6XIQ|1|AZ,6GQ1|1|AX,1TRA|1|A,1JGQ|1|C,1JGQ|1|B,4V42|1|AC,4V42|1|AB,1JGO|1|C,1JGO|1|B,4V69|1|AY,1JGP|1|C,1JGP|1|B,1QZB|1|B,1QZA|1|B,1LS2|1|B,1FCW|1|A,1FCW|1|D,1FCW|1|B,1FCW|1|E,1FCW|1|C"
"NR_all_60167.4","3C3Z|1|A+3C3Z|1|B","3C3Z|1|A+3C3Z|1|B,2OIY|1|A+2OIY|1|B,462D|1|B+462D|1|A,1NLC|1|B+1NLC|1|A,3C44|1|A+3C44|1|B,1O3Z|1|B+1O3Z|1|A,3C7R|1|A+3C7R|1|B,3C5D|1|A+3C5D|1|B,2OJ0|1|A+2OJ0|1|B,1Y73|1|B+1Y73|1|A,1Y99|1|A+1Y99|1|B,3DVV|1|A+3DVV|1|B,1WVD|1|B+1WVD|1|A,1Y6T|1|B+1Y6T|1|A,1Y90|1|B+1Y90|1|A,2OIJ|1|A+2OIJ|1|B,1Y95|1|B+1Y95|1|A,3FAR|1|A+3FAR|1|B,1Y6S|1|B+1Y6S|1|A,2QEK|1|A+2QEK|1|B"
"NR_all_06042.1","8OVJ|1|2","8OVJ|1|2,8A98|1|2,8RXH|1|L2,8RXX|1|L2,8A3W|1|2"
"NR_all_90476.1","8GLP|1|Pt","8GLP|1|Pt,8G5Y|1|Pt,8G60|1|Pt,8G6J|1|Pt"
"NR_all_06650.37","7O7Y|1|B5+7O7Y|1|B8","7O7Y|1|B5+7O7Y|1|B8,7O7Z|1|B5+7O7Z|1|B8,7OYD|1|5+7OYD|1|8,8SCB|1|5,8RJB|1|K,7ZJW|1|L5+7ZJW|1|L8,8B6C|1|5+8B6C|1|8,8RJD|1|K,9BDL|1|A28S+9BDL|1|A58S,8BPO|1|A1+8BPO|1|C1,7O80|1|B5+7O80|1|B8,8P2K|1|B5+8P2K|1|B8,7OBR|1|5+7OBR|1|8,8B5L|1|5+8B5L|1|8,6SGC|1|54+6SGC|1|84,7QWQ|1|5+7QWQ|1|8,7UCK|1|5+7UCK|1|8,7TOR|1|A28S+7TOR|1|A58S,8RJC|1|K,7QWR|1|5+7QWR|1|8,9F1B|1|B5+9F1B|1|B8,7TOQ|1|A25S+7TOQ|1|A58S,7O81|1|B5+7O81|1|B8,7NWI|1|5+7NWI|1|8,7ZJX|1|L5+7ZJX|1|L8,8BHF|1|A2+8BHF|1|C2,6R5Q|1|5+6R5Q|1|8,9BDN|1|A28S+9BDN|1|A58S,6P5I|1|5+6P5I|1|8,6R6P|1|5+6R6P|1|8,6P5J|1|5+6P5J|1|8,6P5K|1|5+6P5K|1|8,6ZVK|1|e2+6ZVK|1|h2,7MDZ|1|5+7MDZ|1|8,6P5N|1|5+6P5N|1|8,7UCJ|1|5+7UCJ|1|8,9F1D|1|B5+9F1D|1|B8,7NFX|1|5+7NFX|1|8,6D9J|1|5+6D9J|1|8,7TM3|1|K+7TM3|1|v,6T59|1|54+6T59|1|84,5LZS|1|5+5LZS|1|8,7A01|1|e2+7A01|1|h2,5LZV|1|5+5LZV|1|8,6MTD|1|5+6MTD|1|8,8BTK|1|B5+8BTK|1|B8,7QWS|1|5+7QWS|1|8,6D90|1|5+6D90|1|8,6MTE|1|5+6MTE|1|8,6MTC|1|5+6MTC|1|8,6GZ5|1|A2+6GZ5|1|A3,5LZZ|1|5+5LZZ|1|8,5LZW|1|5+5LZW|1|8,6GZ3|1|A2+6GZ3|1|A3,9BDP|1|A28S+9BDP|1|A58S,6GZ4|1|A2+6GZ4|1|A3,5LZT|1|5+5LZT|1|8,6MTB|1|5+6MTB|1|8,7NWG|1|51+7NWG|1|81,9F1C|1|B5+9F1C|1|B8,5LZX|1|5+5LZX|1|8,6R6G|1|5+6R6G|1|8,6HCJ|1|51+6HCJ|1|81,5LZU|1|5+5LZU|1|8,7TUT|1|K+7TUT|1|v,6FRK|1|5+6FRK|1|8,6R7Q|1|5+6R7Q|1|8,6HCF|1|52+6HCF|1|82,3JAH|1|5+3JAH|1|8,7NWH|1|5+7NWH|1|8,6FTI|1|u+6FTI|1|w,5LZY|1|5+5LZY|1|8,3JAG|1|5+3JAG|1|8,3JAI|1|5+3JAI|1|8,3J92|1|5+3J92|1|8,6FTJ|1|u+6FTJ|1|w,6HCQ|1|51+6HCQ|1|81,6HCM|1|52+6HCM|1|82,4UJE|1|A2+4UJE|1|A3,6FTG|1|u+6FTG|1|w,3JAN|1|5+3JAN|1|8,3JAJ|1|5+3JAJ|1|8,4UJD|1|A2+4UJD|1|A3,4D67|1|2+4D67|1|3,4D5Y|1|2+4D5Y|1|3,4UJC|1|A2+4UJC|1|A3"
"NR_all_31798.1","8A98|1|3","8A98|1|3,8OVJ|1|3,8RXH|1|L3,8RXX|1|L3,8A3W|1|3"
"NR_all_30748.1","8G7P|1|w","8G7P|1|w,8G7Q|1|w"
"NR_all_59956.1","8G7T|1|X+8G7T|1|Y","8G7T|1|X+8G7T|1|Y"
"NR_all_62631.1","8G7V|1|Y+8G7V|1|X","8G7V|1|Y+8G7V|1|X"
"NR_all_82070.1","1NTS|1|A","1NTS|1|A,1NTQ|1|A,1NTT|1|A"
"NR_all_57834.4","7QTT|1|d+7QTT|1|f","7QTT|1|d+7QTT|1|f,8Q7N|1|6,6FF4|1|6,6ID0|1|F+6ID0|1|H,7ABF|1|6,7AAV|1|6,6FF7|1|6,8QO9|1|6,3JCR|1|N"
"NR_all_18574.1","8OVJ|1|4","8OVJ|1|4,8A98|1|4,8RXH|1|L4,8RXX|1|L4,8A3W|1|4"
"NR_all_77736.1","8G9S|1|O","8G9S|1|O"
"NR_all_07779.1","1NUV|1|A+1NUV|1|B","1NUV|1|A+1NUV|1|B,1NUV|1|G+1NUV|1|H,429D|1|A+429D|1|B,1NUJ|1|A+1NUJ|1|B,1NUJ|1|G+1NUJ|1|H"
"NR_all_40535.1","3JCS|1|3","3JCS|1|3"
"NR_all_87992.1","8GAO|1|P","8GAO|1|P"
"NR_all_18471.1","4V4J|1|2","4V4J|1|2,4V4I|1|0,4V4P|1|BC,4V4P|1|BB,4V68|1|AY"
"NR_all_49890.1","1NUV|1|E+1NUV|1|F","1NUV|1|E+1NUV|1|F,1NUV|1|C+1NUV|1|D,1NUJ|1|C+1NUJ|1|D,1NUJ|1|E+1NUJ|1|F,429D|1|C+429D|1|D"
"NR_all_46846.1","8OVJ|1|6","8OVJ|1|6,8A98|1|6,8RXH|1|L6,8RXX|1|L6,8A3W|1|6"
"NR_all_94089.1","8GKH|1|W","8GKH|1|W"
"NR_all_41071.1","1NXR|1|B","1NXR|1|B"
"NR_all_35448.1","3JCS|1|5","3JCS|1|5"
"NR_all_86034.1","8GWE|1|H","8GWE|1|H"
"NR_all_43578.1","4V7H|1|A7","4V7H|1|A7"
"NR_all_88987.9","7A0S|1|X","7A0S|1|X,4IOA|1|X,4IO9|1|X,5JVG|1|X,5DM6|1|X,7A0R|1|X,5JVH|1|X,4IOC|1|X,4U67|1|X,4WFN|1|X,3PIO|1|X,5DM7|1|X,3PIP|1|X,3DLL|1|X,7A18|1|X,1OND|1|0,2AAR|1|0,1Y69|1|0,3JQ4|1|A,3FWO|1|A,2ZJR|1|X,3CF5|1|X,2ZJQ|1|X,2OGM|1|0,2ZJP|1|X,2OGO|1|0,2OGN|1|0,1JZX|1|A,1NKW|1|0,1NWY|1|0,1NJP|1|0,1NWX|1|0,1J5A|1|A,1JZY|1|A,1K01|1|A,1NJM|1|0,1NJN|1|0,1NJO|1|0,1SM1|1|0,1P9X|1|0,1JZZ|1|A,1Z58|1|2,2D3O|1|0,1XBP|1|0,2O44|1|A,2O43|1|A,2O45|1|A"
"NR_all_12262.1","1NZ1|1|A","1NZ1|1|A,1SYZ|2|A"
"NR_all_24274.1","8GXB|1|A","8GXB|1|A,8GXC|1|A"
"NR_all_35537.1","2Z9Q|1|A","2Z9Q|1|A"
"NR_all_81653.1","1J6S|1|A","1J6S|1|A,1J6S|1|C,1J6S|1|D,1J6S|1|B"
"NR_all_24244.1","6AZ3|1|8","6AZ3|1|8,5T2A|1|D,3JCS|1|8"
"NR_all_50971.1","8OVJ|1|8","8OVJ|1|8,8A98|1|8,8A3W|1|8,8RXH|1|L8,8RXX|1|L8"
"NR_all_22486.1","8GXB|1|B","8GXB|1|B,8GXC|1|B"
"NR_all_98716.1","1EI2|9|A","1EI2|9|A"
"NR_all_78359.1","8GZH|1|3","8GZH|1|3"
"NR_all_36393.1","2IY5|1|T","2IY5|1|T,1EIY|1|C"
"NR_all_78038.1","1EKA|1|A+1EKA|1|B","1EKA|1|A+1EKA|1|B"
"NR_all_94840.1","404D|1|A","404D|1|A,1RRR|1|A+1RRR|1|B,1OO7|1|A,1RRD|1|A"
"NR_all_98769.1","8H0I|1|X","8H0I|1|X,8H0I|1|Y"
"NR_all_76740.2","8OVJ|1|S4","8OVJ|1|S4,8A98|1|S4,8A3W|1|S4"
"NR_all_04793.1","8H0V|1|P","8H0V|1|P"
"NR_all_92683.1","2G3S|1|I+2G3S|1|J","2G3S|1|I+2G3S|1|J,2G3S|1|G+2G3S|1|H,2G3S|1|C+2G3S|1|D,2G3S|1|A+2G3S|1|B,2G3S|1|E+2G3S|1|F,1EKD|1|A+1EKD|1|B"
"NR_all_96661.1","1OSW|11|A","1OSW|11|A"
"NR_all_61400.1","8A40|1|P","8A40|1|P"
"NR_all_21822.1","8H1B|1|C","8H1B|1|C,8H1B|1|D"
"NR_all_85681.1","1EKZ|4|B","1EKZ|4|B"
"NR_all_24378.1","1OW9|1|A","1OW9|1|A"
"NR_all_91682.1","8AC0|1|R","8AC0|1|R,8ACP|1|R,8ABY|1|R,8AD1|1|R"
"NR_all_12248.1","8H2H|1|B","8H2H|1|B"
"NR_all_64125.1","1EMI|1|B","1EMI|1|B"
"NR_all_04088.1","1P5M|20|A","1P5M|20|A"
"NR_all_57948.1","8H69|1|5+8H69|1|3","8H69|1|5+8H69|1|3"
"NR_all_41120.1","1ESY|2|A","1ESY|2|A"
"NR_all_85257.1","8H8E|1|G","8H8E|1|G"
"NR_all_47370.1","1P6V|1|B","1P6V|1|B,1P6V|1|D"
"NR_all_86464.1","8ACC|1|B","8ACC|1|B"
"NR_all_41342.1","1I9F|5|A","1I9F|5|A,1ETG|14|A,1ETF|1|A"
"NR_all_10469.1","1P79|1|A","1P79|1|A"
"NR_all_35010.2","8AKN|1|Z","8AKN|1|Z,8HSP|1|X,8HU1|1|X,8G7R|1|w,8G7R|1|y,8G7P|1|y,8G7S|1|x,8G7S|1|y,8G7Q|1|y"
"NR_all_83957.1","8I3Z|1|B+8I3Z|1|A","8I3Z|1|B+8I3Z|1|A,8HB1|1|B+8HB1|1|A,8HB3|1|B+8HB3|1|A"
"NR_all_73434.1","1PJY|1|A","1PJY|1|A"
"NR_all_18489.10","8V87|1|6","8V87|1|6,8V83|1|6,8V84|1|6,7OHQ|1|6,6M62|1|6,6EM3|1|6,7BTB|1|6,7OHX|1|6,6ELZ|1|6,6C0F|1|6,3JCT|1|6,6EM1|1|6,6YLY|1|6,8E5T|1|3,7OHP|1|6,7OHV|1|6,6YLX|1|6,7OHW|1|6,6EM4|1|6,6EM5|1|6,7OHS|1|6,6CB1|1|6,5Z3G|1|C,7OHR|1|6"
"NR_all_03559.1","1PN8|1|D","1PN8|1|D"
"NR_all_79353.1","6NEQ|1|A","6NEQ|1|A,6NF8|1|A,3JD5|1|A"
"NR_all_32482.1","8HE5|1|P","8HE5|1|P"
"NR_all_50890.2","3JXQ|1|B+3JXQ|1|A","3JXQ|1|B+3JXQ|1|A,3JXR|1|A+3JXR|1|B,3JXR|1|K"
"NR_all_70479.1","8HF1|1|H+8HF1|1|E","8HF1|1|H+8HF1|1|E"
"NR_all_71199.5","5Z1I|1|A","5Z1I|1|A,2PWT|1|A+2PWT|1|B,5ZEG|1|A+5ZEG|1|B+5ZEG|1|C,6JBF|1|A+6JBF|1|B,3TD1|1|B+3TD1|1|A,4K32|1|A+4K32|1|B,5ZEI|1|A+5ZEI|1|B,3BNL|1|A+3BNL|1|B,7EDL|1|A+7EDL|1|B,6JBF|1|C+6JBF|1|D,5XZ1|1|C+5XZ1|1|D,4P3S|1|B+4P3S|1|A,5XZ1|1|A+5XZ1|1|B,2ET5|1|A+2ET5|1|B,4GPY|1|A+4GPY|1|B,6JBG|1|C+6JBG|1|D,7EDM|1|A+7EDM|1|B,4GPW|1|A+4GPW|1|B,1MWL|1|A+1MWL|1|B,2ET4|1|A+2ET4|1|B,4GPX|1|A+4GPX|1|B,6JBG|1|A+6JBG|1|B,2ESJ|1|A+2ESJ|1|B,5Z1H|1|B+5Z1H|1|A,2ESI|1|A+2ESI|1|B,4F8V|1|A+4F8V|1|B,3WRU|1|A+3WRU|1|B,4F8U|1|A+4F8U|1|B,3S4P|1|A+3S4P|1|B,4P20|1|A+4P20|1|B,1LC4|1|A+1LC4|1|B,2ET3|1|A+2ET3|1|B,5ZEJ|1|A+5ZEJ|1|B,5ZEM|1|A+5ZEM|1|B,5Z71|1|B+5Z71|1|A,2BE0|1|A+2BE0|1|B,2BEE|1|A+2BEE|1|B,1J7T|1|A+1J7T|1|B,1YRJ|1|A+1YRJ|1|B,2F4T|1|B+2F4T|1|A"
"NR_all_19099.1","3K0J|1|E","3K0J|1|E,3K0J|1|F"
"NR_all_31819.5","1QTQ|1|B","1QTQ|1|B,4JXX|1|B,1ZJW|1|B,4V7M|1|AW,4V7M|1|CW,4V7L|1|AW,4V7L|1|CW,1EUY|1|B,4V7L|1|AY,4V7L|1|CY,1EUQ|1|B,1QRS|1|B,1QRT|1|B,1QRU|1|B,1GTR|1|B,2RD2|1|B,1GTS|1|B,5NWY|1|M,2RE8|1|B,1GSG|1|T,1O0C|1|B,7QGN|1|M,1O0B|1|B,7QG8|1|M,7QGH|1|M,1EXD|1|B,7QGR|1|M"
"NR_all_97296.1","8HJ4|1|B","8HJ4|1|B,8JA0|1|B"
"NR_all_92727.1","3K49|1|F","3K49|1|F,3K49|1|D,3K49|1|B"
"NR_all_73293.1","8HKE|1|C+8HKE|1|D","8HKE|1|C+8HKE|1|D"
"NR_all_15912.1","8AMI|1|B+8AMI|1|A","8AMI|1|B+8AMI|1|A,8AMG|1|H+8AMG|1|G,8AMG|1|E+8AMG|1|F,8AMG|1|A+8AMG|1|B,8AMG|1|C+8AMG|1|D,8AMG|1|J+8AMG|1|I,8AMM|1|I+8AMM|1|J,8AMM|1|G+8AMM|1|H,8AMM|1|E+8AMM|1|F,8AMG|1|K+8AMG|1|L,8AMM|1|K+8AMM|1|L,8AMM|1|A+8AMM|1|B,8AMM|1|O+8AMM|1|P,8AMM|1|C+8AMM|1|D,8AMM|1|M+8AMM|1|N,8AMM|1|Z+8AMM|1|Y,8AMJ|1|A+8AMJ|1|B,8AMM|1|Q+8AMM|1|R,8AMM|1|S+8AMM|1|T,8AMM|1|U+8AMM|1|V,8AMM|1|c+8AMM|1|d,8AMM|1|a+8AMM|1|b,8AMN|1|A+8AMN|1|B,8AMN|1|C+8AMN|1|D,8AMN|1|E+8AMN|1|F,8AMN|1|G+8AMN|1|H,8AMN|1|I+8AMN|1|J,8AMN|1|K+8AMN|1|L,8AMN|1|M+8AMN|1|N,8AMN|1|O+8AMN|1|P,8AMN|1|Q+8AMN|1|R,8AMN|1|S+8AMN|1|T,8AMN|1|U+8AMN|1|V,8AMN|1|Y+8AMN|1|Z,8AMN|1|a+8AMN|1|b,8AMN|1|c+8AMN|1|d,8AMK|1|A+8AMK|1|B,8AMK|1|C+8AMK|1|D,8AMK|1|E+8AMK|1|F,8AMK|1|G+8AMK|1|H,8AMK|1|I+8AMK|1|J,8AMK|1|K+8AMK|1|L,8AMK|1|M+8AMK|1|N,8AMK|1|O+8AMK|1|P,8AMK|1|Q+8AMK|1|R,8AMK|1|S+8AMK|1|T,8AMK|1|U+8AMK|1|V,8AMK|1|Y+8AMK|1|Z,8AMK|1|a+8AMK|1|b,8AMK|1|c+8AMK|1|d,8AML|1|C+8AML|1|D,8AML|1|E+8AML|1|F,8AML|1|G+8AML|1|H,8AML|1|I+8AML|1|J,8AML|1|K+8AML|1|L,8AML|1|M+8AML|1|N,8AML|1|O+8AML|1|P,8AML|1|Q+8AML|1|R,8AML|1|S+8AML|1|T,8AML|1|U+8AML|1|V,8AML|1|Y+8AML|1|Z,8AML|1|a+8AML|1|b,8AML|1|c+8AML|1|d,8AML|1|A+8AML|1|B"
"NR_all_25162.1","3K5Q|1|B","3K5Q|1|B,7S02|1|B"
"NR_all_26816.1","3K5Z|1|B","3K5Z|1|B"
"NR_all_85762.1","3K62|1|B","3K62|1|B"
"NR_all_69729.5","8HKU|1|A5S","8HKU|1|A5S,8HL1|1|A5S,8HL2|1|A5S,8HL4|1|A5S,8HKV|1|A5S,8HKZ|1|A5S,8HL3|1|A5S,8HKY|1|A5S,8HL5|1|A5S"
"NR_all_79672.1","4V7M|1|AY","4V7M|1|AY,4V7M|1|CY"
"NR_all_55696.1","1EXY|1|A","1EXY|1|A"
"NR_all_06439.1","1F27|1|A+1F27|1|B","1F27|1|A+1F27|1|B"
"NR_all_56050.1","1F5H|1|A+1F5H|1|B","1F5H|1|A+1F5H|1|B"
"NR_all_09738.5","8HKX|1|A16S","8HKX|1|A16S,8HL1|1|A16S,8HL2|1|A16S,8HKY|1|A16S,8WQ2|1|A16S,8HL4|1|A16S,8HKZ|1|A16S,8HL3|1|A16S,8WQ4|1|A16S,8WKP|1|A16S,8HL5|1|A16S"
"NR_all_81739.1","1F6U|2|B","1F6U|2|B"
"NR_all_16983.1","1J9H|1|A+1J9H|1|B","1J9H|1|A+1J9H|1|B,1J9H|1|C+1J9H|1|D"
"NR_all_26846.1","1JBR|1|C+1JBR|1|F","1JBR|1|C+1JBR|1|F"
"NR_all_10255.37","7O7Y|1|B7","7O7Y|1|B7,7OYD|1|K,7O7Z|1|B7,8SCB|1|7,8RJB|1|u,8RJD|1|u,8B6C|1|7,7UCK|1|7,8BPO|1|B1,7OBR|1|7,7QWQ|1|7,7ZJW|1|L7,9BDL|1|A5S,8B5L|1|7,6SGC|1|74,7QWR|1|7,8RJC|1|u,8P2K|1|B7,7O80|1|B7,7TOR|1|A5S,9F1B|1|B7,6R5Q|1|7,7UCJ|1|7,6R6P|1|7,7NWI|1|7,8BHF|1|B2,7ZJX|1|L7,6P5K|1|7,7O81|1|B7,7TOQ|1|A5S,6P5J|1|7,6P5I|1|7,6T59|1|74,9BDN|1|A5S,7NFX|1|7,6P5N|1|7,7MDZ|1|7,7TM3|1|u,6D9J|1|7,9F1D|1|B7,5LZV|1|7,5LZS|1|7,6MTD|1|7,7QWS|1|7,6ZVK|1|d2,6MTE|1|7,5LZZ|1|7,6MTC|1|7,5LZW|1|7,8BTK|1|B7,6D90|1|7,7A01|1|d2,5LZT|1|7,6GZ5|1|A4,5LZX|1|7,6MTB|1|7,6GZ3|1|A4,6FRK|1|7,5LZU|1|7,6R6G|1|7,7NWG|1|71,9F1C|1|B7,9BDP|1|A5S,6GZ4|1|A4,6HCJ|1|71,3JAH|1|7,7TUT|1|u,6R7Q|1|7,3J92|1|7,5LZY|1|7,3JAG|1|7,7NWH|1|7,3JAI|1|7,6HCF|1|72,6FTI|1|v,6FTJ|1|v,6HCQ|1|71,6HCM|1|72,4UJE|1|A4,3JAN|1|7,3JAJ|1|7,6FTG|1|v,4UJD|1|A4,4D67|1|4,4D5Y|1|4,4UJC|1|A4"
"NR_all_56766.2","2CD5|1|A","2CD5|1|A,1F6X|1|A,2CD1|1|A,1F78|1|A,1F7F|4|A,1F7F|3|A"
"NR_all_26264.1","1JID|1|B","1JID|1|B,1L1W|1|A"
"NR_all_29474.1","1JO7|18|A","1JO7|18|A"
"NR_all_12733.1","8HL1|1|APTN","8HL1|1|APTN,8HL2|1|APTN,8HKY|1|AATN,8HKY|1|APTN,8HL4|1|APTN,8HKZ|1|APTN,8HL3|1|APTN,8HL5|1|AATN"
"NR_all_15327.1","1JOX|1|A","1JOX|1|A"
"NR_all_66081.1","1JTJ|1|A","1JTJ|1|A"
"NR_all_22453.1","1F7G|4|A","1F7G|4|A"
"NR_all_37285.1","1JTW|5|A","1JTW|5|A"
"NR_all_00165.1","1F7H|5|A","1F7H|5|A"
"NR_all_25049.1","1JUR|1|A","1JUR|1|A"
"NR_all_91495.1","1F84|12|A","1F84|12|A"
"NR_all_19241.1","1JZV|1|B+1JZV|1|A","1JZV|1|B+1JZV|1|A,1JZV|1|D+1JZV|1|C"
"NR_all_50248.3","8HMY|1|T","8HMY|1|T,8ISS|1|E"
"NR_all_30917.1","1F85|9|A","1F85|9|A"
"NR_all_46215.1","1K1G|1|B","1K1G|1|B"
"NR_all_08971.1","8HMZ|1|5+8HMZ|1|3","8HMZ|1|5+8HMZ|1|3"
"NR_all_93725.1","1F9L|1|A","1F9L|1|A"
"NR_all_07899.1","1K4A|1|A","1K4A|1|A"
"NR_all_99953.1","1FEU|1|C+1FEU|1|B","1FEU|1|C+1FEU|1|B,1FEU|1|F+1FEU|1|E"
"NR_all_70019.1","1K5I|2|A","1K5I|2|A"
"NR_all_46899.1","8HR5|1|C","8HR5|1|C"
"NR_all_30897.1","1K6G|2|A","1K6G|2|A"
"NR_all_30874.1","1K8S|1|A+1K8S|1|B","1K8S|1|A+1K8S|1|B"
"NR_all_36712.2","1ZL3|1|B","1ZL3|1|B,2AB4|1|B,1ZE2|1|C,1ZE2|1|D,1K8W|1|B"
"NR_all_51587.3","3J9B|1|K+3J9B|1|L","3J9B|1|K+3J9B|1|L,3J9B|1|D"
"NR_all_73019.1","8ANE|1|R","8ANE|1|R"
"NR_all_96267.1","8APO|1|C1","8APO|1|C1,8APO|1|C2"
"NR_all_28615.1","8HSG|1|R","8HSG|1|R,8HSR|1|R"
"NR_all_58924.1","8HUD|1|B","8HUD|1|B"
"NR_all_51224.1","8J7R|1|C","8J7R|1|C,8HUJ|1|C"
"NR_all_78706.2","1ZCI|1|A+1ZCI|1|B","1ZCI|1|A+1ZCI|1|B,1ZCI|1|C+1ZCI|1|D,2FD0|1|A+2FD0|1|B,2B8S|1|A+2B8S|1|B,2FCZ|1|A+2FCZ|1|B,2FCZ|1|C+2FCZ|1|D,2FCY|1|A+2FCY|1|B,2B8R|1|A+2B8R|1|B,1K9W|1|B+1K9W|1|A,1Y3S|1|A+1Y3S|1|B,2FCX|1|A+2FCX|1|B,1Y3O|1|A+1Y3O|1|B,1K9W|1|D+1K9W|1|C,1YXP|1|A+1YXP|1|B,1XPE|1|A+1XPE|1|B,1XPF|1|A+1XPF|1|B,1XP7|1|A+1XP7|1|B"
"NR_all_04219.1","8HZE|1|B","8HZE|1|B,8HZE|1|A,8HZK|1|A,8HZK|1|B,8HZD|1|A,8HZD|1|B,8HZM|1|A,8HZJ|1|A,8HZJ|1|B,8HZM|1|B,8HZF|1|A,8HZF|1|B"
"NR_all_69082.1","8ASG|1|P","8ASG|1|P"
"NR_all_21507.1","8ATT|1|C","8ATT|1|C"
"NR_all_68093.1","8ATW|1|C","8ATW|1|C"
"NR_all_53992.1","8HZL|1|B","8HZL|1|B,8HZL|1|A"
"NR_all_64635.1","1KD4|1|A+1KD4|1|B","1KD4|1|A+1KD4|1|B"
"NR_all_48776.1","8I0R|1|G","8I0R|1|G"
"NR_all_90687.1","1KH6|1|A","1KH6|1|A,2AGN|1|E"
"NR_all_53333.1","8AW3|1|1","8AW3|1|1"
"NR_all_94535.1","8I0T|1|G","8I0T|1|G,8I0S|1|G"
"NR_all_78686.1","1KIS|1|A","1KIS|1|A"
"NR_all_77912.1","8AZW|1|A+8AZW|1|B","8AZW|1|A+8AZW|1|B,8B2L|1|A3+8B2L|1|B3"
"NR_all_99135.1","8I0W|1|G","8I0W|1|G"
"NR_all_06489.1","1KKS|1|A","1KKS|1|A"
"NR_all_43483.1","8AZW|1|C","8AZW|1|C,8B2L|1|C3"
"NR_all_13991.1","8I43|1|A","8I43|1|A,8I44|1|A"
"NR_all_67715.1","8B0I|1|K","8B0I|1|K"
"NR_all_64698.1","8I45|1|A","8I45|1|A,8I46|1|A"
"NR_all_93855.17","7QI4|1|AA","7QI4|1|AA,7P2E|1|A,6ZM6|1|AA,7QI5|1|AA,7PNX|1|A,8ANY|1|AA,8CSS|1|A,6ZM5|1|AA,7QI6|1|AA,6VMI|1|AA,7PO3|1|A,8K2A|1|S1,7PO1|1|A,7PO0|1|A,6VLZ|1|AA,6RW4|1|A,8OIS|1|AA,8CSR|1|A,8QRN|1|A,8OIR|1|AA,8QRM|1|A,7PO2|1|A,7PNY|1|A,7PNZ|1|A,6RW5|1|A,8CST|1|A,8CSQ|1|A,8XT0|1|S1,8XT2|1|S1,8CSU|1|A,8QRL|1|A,7L08|1|AA,8CSP|1|A,7A5I|1|A6,7A5K|1|A6,6ZSC|1|AA,6ZSD|1|AA,3J9M|1|AA,7OG4|1|AA,6ZSA|1|AA,6ZSG|1|AA,6ZS9|1|AA,7A5G|1|A6,6NU2|1|AA,7A5F|1|A6,6ZSB|1|AA,6NU3|1|AA,6ZSE|1|AA,8QRK|1|A"
"NR_all_97357.1","8I54|1|B","8I54|1|B"
"NR_all_16836.1","1KOD|1|A","1KOD|1|A"
"NR_all_83172.1","8B6Z|1|B","8B6Z|1|B"
"NR_all_41220.1","1KOD|1|B+1KOD|1|A","1KOD|1|B+1KOD|1|A"
"NR_all_40669.1","8B9I|1|C","8B9I|1|C"
"NR_all_72450.1","9FI8|1|hM","9FI8|1|hM"
"NR_all_30691.1","1RMN|1|A","1RMN|1|A"
"NR_all_67965.1","8SH5|1|R","8SH5|1|R"
"NR_all_02585.1","9FI8|1|hS","9FI8|1|hS"
"NR_all_51826.1","1RNA|1|A+1RNA|1|B","1RNA|1|A+1RNA|1|B"
"NR_all_07497.1","4DR6|1|W+4DR6|1|V","4DR6|1|W+4DR6|1|V"
"NR_all_14748.1","8SNY|1|T","8SNY|1|T"
"NR_all_80834.1","9FIA|1|b3","9FIA|1|b3"
"NR_all_31404.1","1RNK|1|A","1RNK|1|A"
"NR_all_95979.1","9FIA|1|bD","9FIA|1|bD"
"NR_all_95110.1","1RPU|1|C+1RPU|1|D","1RPU|1|C+1RPU|1|D"
"NR_all_25419.1","6N6H|1|D","6N6H|1|D,4DW7|1|H,4DW7|1|I"
"NR_all_94660.1","8SPO|1|G","8SPO|1|G,8SQU|1|C,8SPO|1|C,8SPO|1|J,8SP3|1|C,8SP3|1|G,8SPO|1|O"
"NR_all_14868.1","9FIA|1|bI","9FIA|1|bI"
"NR_all_04409.1","9FIA|1|bK","9FIA|1|bK"
"NR_all_23650.1","2A0P|1|A+2A0P|1|B","2A0P|1|A+2A0P|1|B,259D|1|A+259D|1|B,1RXB|1|A+1RXB|1|B,1RXA|1|A"
"NR_all_25361.2","4E48|1|A+4E48|1|B","4E48|1|A+4E48|1|B,4JNX|1|B+4JNX|1|G,4E48|1|D"
"NR_all_82191.1","8SP9|1|C","8SP9|1|C"
"NR_all_78847.1","9FIA|1|bN+9FIA|1|b2","9FIA|1|bN+9FIA|1|b2"
"NR_all_61337.1","8SQJ|1|O","8SQJ|1|O,8SQK|1|O"
"NR_all_50581.1","9FIA|1|bP","9FIA|1|bP"
"NR_all_23287.1","4E59|1|A+4E59|1|B","4E59|1|A+4E59|1|B,4E58|1|D+4E58|1|C+4E58|1|E"
"NR_all_15134.1","8SQJ|1|T+8SQJ|1|P","8SQJ|1|T+8SQJ|1|P"
"NR_all_68846.1","9FIA|1|bR","9FIA|1|bR"
"NR_all_34771.1","7OBR|1|1","7OBR|1|1,6FRK|1|1,6R6G|1|AF,7OBQ|1|1,4UE5|1|A,1RY1|1|A"
"NR_all_53426.1","4E6B|1|A+4E6B|1|B","4E6B|1|A+4E6B|1|B"
"NR_all_41534.1","8SSW|1|C+8SSW|1|D","8SSW|1|C+8SSW|1|D"
"NR_all_05803.1","9FIA|1|bT","9FIA|1|bT"
"NR_all_31642.1","1RY1|1|N+1RY1|1|M","1RY1|1|N+1RY1|1|M"
"NR_all_52691.1","4E78|1|P+4E78|1|T","4E78|1|P+4E78|1|T"
"NR_all_11108.1","8SX6|1|B+8SX6|1|A","8SX6|1|B+8SX6|1|A,8SY1|1|A+8SY1|1|B,8SWO|1|A+8SWO|1|B,8SY1|1|C+8SY1|1|D"
"NR_all_29232.1","9FIA|1|bY","9FIA|1|bY"
"NR_all_05253.1","1RY1|1|Q+1RY1|1|R","1RY1|1|Q+1RY1|1|R"
"NR_all_18052.1","9FMD|1|IN","9FMD|1|IN"
"NR_all_07004.1","1S03|1|B","1S03|1|B"
"NR_all_25893.1","4ERD|1|C+4ERD|1|D","4ERD|1|C+4ERD|1|D"
"NR_all_56321.1","8SXL|1|A+8SXL|1|B","8SXL|1|A+8SXL|1|B"
"NR_all_49621.1","9FO9|2|A","9FO9|2|A"
"NR_all_50024.1","1S34|1|A","1S34|1|A"
"NR_all_48927.1","4EYA|1|m+4EYA|1|n","4EYA|1|m+4EYA|1|n,4EYA|1|a+4EYA|1|b"
"NR_all_77037.1","8SXU|1|C","8SXU|1|C"
"NR_all_98913.1","1S77|1|R","1S77|1|R"
"NR_all_87225.1","4EYA|1|o+4EYA|1|p","4EYA|1|o+4EYA|1|p,4EYA|1|c+4EYA|1|d"
"NR_all_65790.1","8T2P|1|B","8T2P|1|B"
"NR_all_16422.1","1SAQ|1|A+1SAQ|1|B","1SAQ|1|A+1SAQ|1|B,1SAQ|1|C+1SAQ|1|D,1SAQ|1|E"
"NR_all_58977.1","4EYA|1|k+4EYA|1|l","4EYA|1|k+4EYA|1|l,4EYA|1|i+4EYA|1|j"
"NR_all_94151.1","9G6K|1|l0","9G6K|1|l0"
"NR_all_04309.1","8T2Z|1|MR","8T2Z|1|MR"
"NR_all_48198.1","9G6K|1|l2","9G6K|1|l2"
"NR_all_15581.1","1SCL|4|A","1SCL|4|A"
"NR_all_56893.1","3P59|1|E+3P59|1|A+3P59|1|C+3P59|1|G+3P59|1|B+3P59|1|D+3P59|1|F+3P59|1|H","3P59|1|E+3P59|1|A+3P59|1|C+3P59|1|G+3P59|1|B+3P59|1|D+3P59|1|F+3P59|1|H"
"NR_all_29401.1","4F1N|1|F","4F1N|1|F,4F1N|1|E"
"NR_all_28968.1","9G6K|1|l6","9G6K|1|l6"
"NR_all_38388.1","8T65|1|C","8T65|1|C"
"NR_all_33644.1","9G6K|1|l8","9G6K|1|l8"
"NR_all_01779.1","4FRG|1|B","4FRG|1|B,4FRG|1|X"
"NR_all_41549.1","8TDV|1|J","8TDV|1|J"
"NR_all_50419.1","9G6K|1|lB","9G6K|1|lB"
"NR_all_03470.1","1SER|1|T","1SER|1|T"
"NR_all_51234.1","8TDW|1|J","8TDW|1|J"
"NR_all_26543.1","9G6K|1|lE","9G6K|1|lE"
"NR_all_46897.1","1SI3|1|B","1SI3|1|B,8THQ|1|S"
"NR_all_15037.1","3PF4|1|R","3PF4|1|R"
"NR_all_39301.1","4FSJ|1|R","4FSJ|1|R"
"NR_all_59090.1","8TDY|1|A","8TDY|1|A"
"NR_all_26871.1","9G6K|1|lG","9G6K|1|lG"
"NR_all_67819.1","1SLO|1|A","1SLO|1|A,1SLP|1|A"
"NR_all_16650.1","3PKM|1|G","3PKM|1|G"
"NR_all_28948.1","8TE0|1|A","8TE0|1|A"
"NR_all_62262.1","9G6K|1|lI","9G6K|1|lI"
"NR_all_47853.1","1SY4|12|A","1SY4|12|A"
"NR_all_22853.1","3PLA|1|G+3PLA|1|H+3PLA|1|I+3PLA|1|J","3PLA|1|G+3PLA|1|H+3PLA|1|I+3PLA|1|J,3PLA|1|N+3PLA|1|O"
"NR_all_05128.1","4FVU|1|B+4FVU|1|C","4FVU|1|B+4FVU|1|C"
"NR_all_96291.1","8TG4|1|C","8TG4|1|C"
"NR_all_36396.1","9G6K|1|lK","9G6K|1|lK"
"NR_all_28891.1","1SZY|1|A","1SZY|1|A"
"NR_all_16585.1","3PO2|1|P","3PO2|1|P"
"NR_all_99930.1","8THV|16|A","8THV|16|A"
"NR_all_12907.1","9G6K|1|lM","9G6K|1|lM"
"NR_all_85950.1","3PTX|1|R","3PTX|1|R"
"NR_all_93050.1","8TJX|1|N","8TJX|1|N,8TJQ|1|N"
"NR_all_45502.1","9G6K|1|lO","9G6K|1|lO"
"NR_all_29179.1","3PU1|1|R","3PU1|1|R"
"NR_all_24630.1","4G0A|1|F","4G0A|1|F"
"NR_all_49026.1","8TJV|1|A","8TJV|1|A"
"NR_all_94313.1","9G6K|1|lQ","9G6K|1|lQ"
"NR_all_47291.1","1T0K|1|D+1T0K|1|C","1T0K|1|D+1T0K|1|C"
"NR_all_43560.1","3Q0L|1|D","3Q0L|1|D"
"NR_all_47227.1","4G0A|1|H","4G0A|1|H"
"NR_all_24279.1","8TOC|1|R","8TOC|1|R"
"NR_all_08851.1","9G6K|1|lS","9G6K|1|lS"
"NR_all_73383.1","8TSV|1|A+8TSV|1|B","8TSV|1|A+8TSV|1|B"
"NR_all_50087.1","9G6K|1|lU","9G6K|1|lU"
"NR_all_10125.1","8TUX|1|R","8TUX|1|R"
"NR_all_84731.1","9G6K|1|lW","9G6K|1|lW"
"NR_all_81724.1","3Q0N|1|D","3Q0N|1|D,3Q0O|1|C,3Q0O|1|D"
"NR_all_99202.1","8TVV|1|R","8TVV|1|R,8TVS|1|R"
"NR_all_57507.1","9G6K|1|lY","9G6K|1|lY"
"NR_all_73220.1","8U3M|8|A","8U3M|8|A"
"NR_all_23299.1","9G8N|1|X","9G8N|1|X,9G8P|1|X"
"NR_all_34462.1","2LUP|11|A","2LUP|11|A,1T4L|1|A,2LBS|1|A"
"NR_all_08738.1","3Q0P|1|D","3Q0P|1|D,3Q0P|1|C"
"NR_all_91183.1","9GMW|1|T","9GMW|1|T"
"NR_all_84251.1","1TBK|1|A","1TBK|1|A"
"NR_all_19061.1","3Q1Q|1|C","3Q1Q|1|C,3Q1R|1|C"
"NR_all_06970.1","4GG4|1|H","4GG4|1|H"
"NR_all_14792.1","9GR1|1|4","9GR1|1|4"
"NR_all_88604.1","1TFN|1|A","1TFN|1|A"
"NR_all_70557.1","3Q1R|1|D","3Q1R|1|D"
"NR_all_16806.1","9GS9|1|1","9GS9|1|1"
"NR_all_65598.1","1TFW|1|H+1TFW|1|E","1TFW|1|H+1TFW|1|E,1TFW|1|I+1TFW|1|F"
"NR_all_03885.1","3Q2T|1|F","3Q2T|1|F"
"NR_all_00536.1","4GHL|1|E","4GHL|1|E,4GHL|1|F"
"NR_all_84898.1","1TFY|1|G+1TFY|1|J","1TFY|1|G+1TFY|1|J"
"NR_all_65073.1","3Q3Z|1|V","3Q3Z|1|V,3Q3Z|1|A"
"NR_all_79459.1","4GKJ|1|X+4GKJ|1|W","4GKJ|1|X+4GKJ|1|W"
"NR_all_63266.1","8U72|1|M","8U72|1|M,8U72|1|S,8U72|1|U,8U72|1|X"
"NR_all_48037.1","9GUU|1|X","9GUU|1|X,9GUP|1|X,9GUT|1|X,9GUV|1|X,9GUX|1|X+9GUX|1|7+9GUX|1|6,9GUW|1|X+9GUW|1|6+9GUW|1|7,9GUS|1|X"
"NR_all_10014.1","3QGC|1|B","3QGC|1|B,3QG9|1|B"
"NR_all_51944.1","4GL2|1|C+4GL2|1|D","4GL2|1|C+4GL2|1|D,4GL2|1|E+4GL2|1|F"
"NR_all_84600.1","1TLR|1|A","1TLR|1|A"
"NR_all_34353.1","3QJJ|1|R","3QJJ|1|R"
"NR_all_99454.1","4GMA|1|Z","4GMA|1|Z"
"NR_all_97445.1","8U9X|1|R","8U9X|1|R"
"NR_all_70536.1","9GUQ|1|X","9GUQ|1|X"
"NR_all_63125.1","1TOB|1|A","1TOB|1|A"
"NR_all_85566.1","4GV6|1|C+4GV6|1|B","4GV6|1|C+4GV6|1|B,4GV3|1|C+4GV3|1|B,4GV9|1|F+4GV9|1|E"
"NR_all_80575.1","9H82|1|B+9H82|1|E","9H82|1|B+9H82|1|E"
"NR_all_10777.1","1TRJ|1|C","1TRJ|1|C"
"NR_all_68652.1","3QRP|1|B+3QRP|1|C","3QRP|1|B+3QRP|1|C"
"NR_all_36514.1","4GXY|1|A","4GXY|1|A"
"NR_all_44541.1","9H86|1|A+9H86|1|B+9H86|1|C+9H86|1|D","9H86|1|A+9H86|1|B+9H86|1|C+9H86|1|D,9H86|1|E+9H86|1|F+9H86|1|G+9H86|1|H,9H8A|1|A+9H8A|1|B+9H8A|1|C+9H8A|1|D,9H8A|1|E+9H8A|1|F+9H8A|1|G+9H8A|1|H"
"NR_all_51450.1","1TXS|1|A","1TXS|1|A"
"NR_all_23218.1","3QRR|1|B","3QRR|1|B"
"NR_all_76241.1","4GZZ|1|R","4GZZ|1|R"
"NR_all_83386.1","1U0B|1|A","1U0B|1|A"
"NR_all_08724.1","4H5O|1|L","4H5O|1|L,4H5O|1|K"
"NR_all_43532.1","9IIY|1|B+9IIY|1|C","9IIY|1|B+9IIY|1|C"
"NR_all_00747.1","4H5P|1|F","4H5P|1|F,4H5P|1|E"
"NR_all_20405.1","2U2A|1|A","2U2A|1|A,1U2A|1|A"
"NR_all_03341.1","4HOR|1|X","4HOR|1|X"
"NR_all_17782.2","3R1C|1|Q+3R1C|1|R","3R1C|1|Q+3R1C|1|R,3R1C|1|T+3R1C|1|U,3R1C|1|M+3R1C|1|N,3R1C|1|A+3R1C|1|B,3R1C|1|E+3R1C|1|F,3R1C|1|O+3R1C|1|P,3R1C|1|i+3R1C|1|j,3R1C|1|g+3R1C|1|h,3R1C|1|V+3R1C|1|Z,3R1C|1|a+3R1C|1|b,3R1C|1|G+3R1C|1|H,3R1C|1|S+3R1C|1|Y"
"NR_all_43542.1","4HOT|1|X","4HOT|1|X"
"NR_all_36953.1","8UBD|1|H","8UBD|1|H,8UB9|1|H,8UB7|1|H,8UBA|1|H,8UBB|1|H,8UB8|1|H,8UBF|1|H,8UBC|1|H"
"NR_all_30944.5","1U6B|1|B","1U6B|1|B,3BO2|1|B,3BO3|1|B,1ZZN|1|B,3BO4|1|B,3IIN|1|B"
"NR_all_12137.1","4I67|1|B","4I67|1|B"
"NR_all_45478.1","1U6P|16|B","1U6P|16|B"
"NR_all_30547.1","4II9|1|C","4II9|1|C"
"NR_all_78769.1","1ULL|3|A","1ULL|3|A"
"NR_all_71123.1","8UBE|1|G","8UBE|1|G"
"NR_all_75381.1","1UN6|1|F","1UN6|1|F,1UN6|1|E"
"NR_all_73600.1","4IJS|1|H","4IJS|1|H"
"NR_all_71176.1","8UBF|1|I","8UBF|1|I"
"NR_all_31263.1","4ILL|1|R","4ILL|1|R,4ILL|1|C"
"NR_all_52927.1","8UD4|1|G+8UD4|1|H","8UD4|1|G+8UD4|1|H"
"NR_all_63209.1","3R1E|1|A+3R1E|1|B","3R1E|1|A+3R1E|1|B"
"NR_all_48101.1","8UHA|1|P","8UHA|1|P"
"NR_all_41649.1","6SQN|1|Y","6SQN|1|Y,6SQN|1|X,6SQN|1|Z,6SQQ|1|YYY,6SQQ|1|XXX,6SQQ|1|ZZZ,1URN|1|P,1URN|1|Q,1URN|1|R"
"NR_all_14758.1","3R4F|1|A","3R4F|1|A"
"NR_all_36980.1","8UIS|1|P","8UIS|1|P"
"NR_all_95874.1","3R9X|1|C","3R9X|1|C"
"NR_all_07663.1","3RER|1|K","3RER|1|K,4HT9|1|E"
"NR_all_24874.1","8UO6|1|A","8UO6|1|A"
"NR_all_93859.1","4J39|1|B","4J39|1|B,4J5V|1|B"
"NR_all_43788.1","8UPT|1|A","8UPT|1|A"
"NR_all_76114.1","3RKF|1|C","3RKF|1|C,3RKF|1|B,3RKF|1|A,3RKF|1|D"
"NR_all_84318.1","4J7L|1|B","4J7L|1|B,5W0M|1|J,5W0M|1|I,5W0M|1|H,4J7M|1|B,6A4E|1|B,6A4E|1|D,7Z52|1|R"
"NR_all_53098.1","8URW|1|R","8URW|1|R"
"NR_all_55338.1","1UTS|1|B","1UTS|1|B"
"NR_all_81965.2","6N6D|1|D","6N6D|1|D,6N6K|1|C,6N6K|1|D,5O58|1|B,7MW8|1|J,7MW8|1|K,7MW8|1|L,7MW8|1|M,7MW8|1|N,7MW8|1|O,3RTJ|1|D,6TY9|1|M"
"NR_all_35232.1","1UUD|1|B","1UUD|1|B"
"NR_all_82977.1","8UTI|1|D","8UTI|1|D,8UT0|1|D"
"NR_all_99225.1","1UUU|7|A","1UUU|7|A"
"NR_all_60906.1","4JAB|1|A+4JAB|1|B","4JAB|1|A+4JAB|1|B"
"NR_all_13707.1","8UTG|1|B","8UTG|1|B,8UTG|1|A"
"NR_all_27306.1","4JF2|1|A","4JF2|1|A"
"NR_all_81635.1","1UVJ|1|F","1UVJ|1|F,1UVJ|1|D,1UVJ|1|E"
"NR_all_58017.1","4JNG|1|L","4JNG|1|L"
"NR_all_95409.1","1UVM|1|D","1UVM|1|D,1UVM|1|E,1UVM|1|F"
"NR_all_26186.1","4JRC|1|B","4JRC|1|B,4JRC|1|A"
"NR_all_84359.1","3S14|1|R","3S14|1|R"
"NR_all_09810.1","4JRD|1|B","4JRD|1|B,4JRD|1|A,5VXQ|1|B,5VXQ|1|A"
"NR_all_18318.1","3S16|1|R","3S16|1|R"
"NR_all_80760.1","8UUA|1|B","8UUA|1|B,8UU4|1|B,8UU5|1|B,8UU9|1|B,8UU8|1|B,8UU7|1|B,8UU6|1|B"
"NR_all_96728.1","3S1N|1|R","3S1N|1|R"
"NR_all_69202.1","4JV5|1|X","4JV5|1|X"
"NR_all_50138.2","8UU5|1|a","8UU5|1|a,8UU4|1|a,8UU8|1|a,8UU9|1|a,8UU7|1|a,8UU6|1|a"
"NR_all_88937.1","3S2H|1|R","3S2H|1|R"
"NR_all_11173.1","4JVH|1|D","4JVH|1|D"
"NR_all_60842.1","4JYA|1|X","4JYA|1|X"
"NR_all_33107.1","8UYE|1|A","8UYE|1|A,8UYG|1|A"
"NR_all_90200.1","4JYZ|1|B","4JYZ|1|B"
"NR_all_60669.1","8UYJ|1|A","8UYJ|1|A"
"NR_all_89906.2","3WFS|1|A","3WFS|1|A,3WFS|1|B,5HC9|1|D,3WFQ|1|B,3WFQ|1|A,4WC2|1|B,5HC9|1|C,4WC3|1|B,1VFG|1|D,3WFQ|1|C,1VFG|1|C,3WFQ|1|D,4X0B|1|B,4WC7|1|B,3WFR|1|C,4WC5|1|B,3WFR|1|A,4WC4|1|B,4WC6|1|B,4X0A|1|B,3WFR|1|B,3WFR|1|D"
"NR_all_25726.1","8UYL|1|A","8UYL|1|A,8UYK|1|A"
"NR_all_26582.1","4K27|1|U","4K27|1|U"
"NR_all_59180.1","8UYP|1|A","8UYP|1|A"
"NR_all_09443.2","4K4S|1|B+4K4S|1|F+4K4S|1|C+4K4S|1|G+4K4S|1|D+4K4S|1|H","4K4S|1|B+4K4S|1|F+4K4S|1|C+4K4S|1|G+4K4S|1|D+4K4S|1|H,4K4T|1|F+4K4T|1|G+4K4T|1|H,4K4T|1|B+4K4T|1|C+4K4T|1|D"
"NR_all_46933.1","8V1H|1|A","8V1H|1|A"
"NR_all_08155.1","3SIV|1|C+3SIV|1|F","3SIV|1|C+3SIV|1|F,3SIV|1|I+3SIV|1|L"
"NR_all_77188.1","8V1I|1|B","8V1I|1|B,8V1I|1|A"
"NR_all_62516.1","3SJ2|1|A+3SJ2|1|B","3SJ2|1|A+3SJ2|1|B"
"NR_all_49405.1","1VOP|1|A","1VOP|1|A"
"NR_all_60221.1","8VAH|1|D","8VAH|1|D,8VAH|1|E,8VAH|1|F"
"NR_all_78624.1","1VQL|1|4","1VQL|1|4"
"NR_all_63152.1","1VQN|1|4","1VQN|1|4"
"NR_all_18310.1","8VAJ|1|E","8VAJ|1|E"
"NR_all_07091.1","1VTQ|1|A","1VTQ|1|A"
"NR_all_05058.1","8VAK|1|D","8VAK|1|D"
"NR_all_47330.1","3SKL|1|B","3SKL|1|B,3SKT|1|A,3SKT|1|B,3SKL|1|A,3SKW|1|A,3SKR|1|A,3SKR|1|B,3SKW|1|B"
"NR_all_94125.1","8VAK|1|F","8VAK|1|F"
"NR_all_03261.1","8VAT|1|H","8VAT|1|H"
"NR_all_21432.1","8VES|1|H","8VES|1|H"
"NR_all_31201.1","8VJT|1|A","8VJT|1|A"
"NR_all_78245.1","4K50|1|B+4K50|1|C","4K50|1|B+4K50|1|C,4K50|1|J+4K50|1|K,4K50|1|N+4K50|1|O,4K50|1|F+4K50|1|G"
"NR_all_60647.1","8VM8|1|R","8VM8|1|R"
"NR_all_01593.1","8VM9|1|R","8VM9|1|R,8VM9|1|C"
"NR_all_17495.1","3SSF|1|A","3SSF|1|A"
"NR_all_72481.1","4KJI|1|C","4KJI|1|C,4KJI|1|D"
"NR_all_20814.1","3SUX|1|X","3SUX|1|X,3SUH|1|X,3SUY|1|X"
"NR_all_78931.1","4KNQ|1|B","4KNQ|1|B"
"NR_all_35479.1","4KQY|1|A","4KQY|1|A"
"NR_all_94317.1","8VT5|1|A","8VT5|1|A"
"NR_all_01981.1","3T3O|1|B","3T3O|1|B"
"NR_all_27497.1","8W1P|1|R","8W1P|1|R"
"NR_all_66740.1","3T5N|1|C","3T5N|1|C,3T5Q|1|H,3T5Q|1|L"
"NR_all_53766.1","4KR6|1|D","4KR6|1|D"
"NR_all_22656.1","8W35|1|C","8W35|1|C"
"NR_all_57443.1","4KR9|1|M","4KR9|1|M,4KR7|1|M"
"NR_all_98123.1","8W8F|1|P","8W8F|1|P"
"NR_all_18291.1","3T5Q|1|D","3T5Q|1|D"
"NR_all_87561.1","4KR9|1|X","4KR9|1|X,4KR7|1|X"
"NR_all_19649.1","8W8O|1|I","8W8O|1|I"
"NR_all_79660.1","3T5Q|1|J","3T5Q|1|J"
"NR_all_98585.1","4KRF|1|R","4KRF|1|R,8R3Z|1|B"
"NR_all_55682.1","8WA1|1|S","8WA1|1|S"
"NR_all_15508.1","3TRZ|1|U","3TRZ|1|U,3TRZ|1|X,3TRZ|1|W,3TRZ|1|V,3TRZ|1|Y,3TRZ|1|Z"
"NR_all_41922.1","4KTG|1|B","4KTG|1|B,4KTG|1|E"
"NR_all_72022.1","8WAO|1|Z","8WAO|1|Z"
"NR_all_24161.1","4KXT|1|B","4KXT|1|B"
"NR_all_92144.1","8WAQ|1|Z","8WAQ|1|Z"
"NR_all_45626.1","4KZ2|1|B+4KZ2|1|A+4KZ2|1|C","4KZ2|1|B+4KZ2|1|A+4KZ2|1|C"
"NR_all_11158.1","8OPP|1|D","8OPP|1|D"
"NR_all_15578.1","8WAS|1|Z","8WAS|1|Z"
"NR_all_36944.1","8OPT|1|D","8OPT|1|D"
"NR_all_78588.1","8WAU|1|Z","8WAU|1|Z"
"NR_all_62345.1","8OVA|1|AB","8OVA|1|AB,8OVE|1|AB"
"NR_all_65709.1","8WAW|1|Z","8WAW|1|Z"
"NR_all_21945.1","3TS2|1|U","3TS2|1|U"
"NR_all_30437.1","8OVA|1|BE","8OVA|1|BE,8OVE|1|BE"
"NR_all_56485.1","8WAY|1|Z","8WAY|1|Z"
"NR_all_83775.1","3TZR|1|A+3TZR|1|B","3TZR|1|A+3TZR|1|B"
"NR_all_83923.1","8OVA|1|BF","8OVA|1|BF,8OVE|1|BF"
"NR_all_71130.1","8WB0|1|Z","8WB0|1|Z"
"NR_all_15384.1","8OVA|1|BG","8OVA|1|BG,8OVE|1|BG"
"NR_all_24237.1","8WCS|1|G","8WCS|1|G"
"NR_all_30449.1","8OVA|1|BH","8OVA|1|BH,8OVE|1|BH"
"NR_all_98029.1","8WIB|1|C","8WIB|1|C,8WIC|1|C,8WID|1|b"
"NR_all_29672.1","8OZ0|1|z","8OZ0|1|z"
"NR_all_98428.4","6N6I|1|C","6N6I|1|C,6N6I|1|D,6N6A|1|D,7MPL|1|D,7MPL|1|H,7MPL|1|B,7MPL|1|J,7MPL|1|F,7MPL|1|N,7MPL|1|L,9F7M|1|J,9F7M|1|I,9F7M|1|M,9F7M|1|K,7MPL|1|P,9F7M|1|L,9F7M|1|O,9F7M|1|N,9F7M|1|P,7VA3|1|C,6IJ2|1|F,6IJ2|1|G,6IJ2|1|H,6IJ2|1|E,3U2E|1|D,3U2E|1|C,7EH1|1|I,7PVK|1|G,7PVK|1|E,7PVK|1|H,7MPQ|1|R,5UEF|1|C,7PVK|1|F,5UEF|1|D,7EH2|1|R,7EH2|1|I,4X4U|1|H,4AFY|1|D,6OY5|1|I,6OWL|1|B,6OWL|1|C,4AFY|1|C,4LQ3|1|R,6S0M|1|C,7MPU|1|D,7MQB|1|B,7MQB|1|D,7MQB|1|F,7MQB|1|H,7MQB|1|J,7MQB|1|L,7MQB|1|N,7MQB|1|P,7MQC|1|B,7MQC|1|D,7MQC|1|F,7MQC|1|H,7MQC|1|J,7MQC|1|L,7MQC|1|N,7MQC|1|P,6YMW|1|C"
"NR_all_28241.1","8WO8|1|B","8WO8|1|B"
"NR_all_11810.1","8WQ4|1|VTRF","8WQ4|1|VTRF"
"NR_all_58248.1","8WR4|1|O","8WR4|1|O,8WR4|1|N"
"NR_all_12869.1","4OQU|1|A","4OQU|1|A,4L81|1|A"
"NR_all_85495.1","8P0G|1|V+8P0G|1|R","8P0G|1|V+8P0G|1|R,8P0B|1|V,8P0U|1|V"
"NR_all_26576.1","4LCK|1|F","4LCK|1|F,4LCK|1|C,4TZZ|1|C,4TZZ|1|F,4TZZ|1|I,4TZZ|1|L,4TZV|1|C,4TZW|1|C,4TZP|1|C,4TZP|1|F"
"NR_all_15126.1","8WX0|1|D","8WX0|1|D"
"NR_all_33878.1","8P2K|1|AI","8P2K|1|AI"
"NR_all_38888.1","8WX0|1|F","8WX0|1|F"
"NR_all_35439.1","8P4C|1|P","8P4C|1|P"
"NR_all_21420.1","8WZC|1|D","8WZC|1|D"
"NR_all_13781.1","8P4F|1|P","8P4F|1|P"
"NR_all_51569.1","8X5D|1|O","8X5D|1|O"
"NR_all_23655.1","8XCA|1|B","8XCA|1|B,8XCC|1|B"
"NR_all_10935.1","8XI2|1|3","8XI2|1|3"
"NR_all_75631.1","8XI2|1|B","8XI2|1|B"
"NR_all_94350.1","8XI2|1|H","8XI2|1|H"
"NR_all_52719.1","8P7X|1|Y","8P7X|1|Y,8P6P|1|Y,8P7Y|1|Y"
"NR_all_64750.1","8P7B|1|R","8P7B|1|R,8P7B|1|T,8P7C|1|R,8P7C|1|T,8P7D|1|R"
"NR_all_73242.1","8XMD|1|O","8XMD|1|O"
"NR_all_52315.1","4M4O|1|B","4M4O|1|B"
"NR_all_28885.1","8XPO|1|A","8XPO|1|A"
"NR_all_24204.1","8XPP|1|B+8XPP|1|C","8XPP|1|B+8XPP|1|C"
"NR_all_54678.1","8XYC|1|C","8XYC|1|C"
"NR_all_22632.1","4M6D|1|H","4M6D|1|H,4M6D|1|F,4M6D|1|J,4M6D|1|D,4M6D|1|L,4M6D|1|B"
"NR_all_10129.1","8P8B|1|6","8P8B|1|6"
"NR_all_09759.1","8P8V|1|Y","8P8V|1|Y"
"NR_all_17764.1","4M7A|1|P","4M7A|1|P,4M7A|1|O"
"NR_all_41685.1","8PBL|1|R","8PBL|1|R"
"NR_all_42085.1","4M7D|1|P","4M7D|1|P,4M7D|1|O"
"NR_all_22497.1","8PDS|1|E","8PDS|1|E,8PDO|1|C"
"NR_all_04840.1","3UZT|1|B","3UZT|1|B"
"NR_all_51931.1","8PE3|1|C","8PE3|1|C"
"NR_all_24465.1","8Y6O|1|J+8Y6O|1|K","8Y6O|1|J+8Y6O|1|K"
"NR_all_97196.1","3V71|1|B","3V71|1|B"
"NR_all_65235.1","8Y7E|1|H+8Y7E|1|A","8Y7E|1|H+8Y7E|1|A"
"NR_all_47433.1","3V7E|1|C","3V7E|1|C,3V7E|1|D"
"NR_all_80423.1","4MDX|1|C","4MDX|1|C"
"NR_all_90859.1","8PIB|1|R","8PIB|1|R,8PHK|1|R,8PEN|1|R,8PIL|1|R"
"NR_all_08031.1","8Y7Z|1|C","8Y7Z|1|C,8Y80|1|C,8Y80|1|G,8Y80|1|K,8Y80|1|O,8Y82|1|C,8Y82|1|G,8Y82|1|K,8Y82|1|O"
"NR_all_45693.1","3VJR|1|B","3VJR|1|B,3VJR|1|D"
"NR_all_99451.1","3VNU|1|G+3VNU|1|T","3VNU|1|G+3VNU|1|T,4FWT|1|G+4FWT|1|T"
"NR_all_31699.2","4MGN|1|B","4MGN|1|B,4MGN|1|D,4MGM|1|B,4MGM|1|A,6POM|1|B"
"NR_all_68434.1","8PIM|1|R","8PIM|1|R,8PFJ|1|R,8PFG|1|R"
"NR_all_65712.1","3VNV|1|T+3VNV|1|G","3VNV|1|T+3VNV|1|G"
"NR_all_46002.1","8PHJ|1|9","8PHJ|1|9"
"NR_all_46173.1","8PID|1|R","8PID|1|R"
"NR_all_20392.1","3W1K|1|F","3W1K|1|F,3W1K|1|I,3W1K|1|J,3W1K|1|G,3W1K|1|H"
"NR_all_45527.1","4N2Q|1|B","4N2Q|1|B"
"NR_all_70793.1","8YH9|1|C","8YH9|1|C,8YDB|1|C,8YEO|1|C"
"NR_all_98303.1","4N48|1|D","4N48|1|D,4N48|1|G"
"NR_all_97503.1","8YDC|1|A+8YDC|1|B","8YDC|1|A+8YDC|1|B"
"NR_all_38695.1","8PJ9|1|B","8PJ9|1|B"
"NR_all_13007.1","8YE9|1|C","8YE9|1|C"
"NR_all_81333.1","3WBM|1|X+3WBM|1|Y","3WBM|1|X+3WBM|1|Y"
"NR_all_35969.1","4NGC|1|B","4NGC|1|B"
"NR_all_00684.1","8PJB|1|C","8PJB|1|C"
"NR_all_37985.1","8YFQ|1|P","8YFQ|1|P"
"NR_all_06683.1","4NGF|1|G+4NGF|1|H","4NGF|1|G+4NGF|1|H,4NGF|1|E+4NGF|1|F"
"NR_all_74708.1","8YHA|1|T","8YHA|1|T"
"NR_all_73378.1","4NH3|1|B","4NH3|1|B"
"NR_all_46684.1","8YHE|1|N+8YHE|1|M","8YHE|1|N+8YHE|1|M"
"NR_all_68262.1","3X1L|1|I","3X1L|1|I"
"NR_all_33125.1","4NH6|1|B","4NH6|1|B"
"NR_all_82475.1","8YUO|1|V","8YUO|1|V,8YUO|1|X,8YUP|1|X,8YUQ|1|X,8YUS|1|X,8YUR|1|X"
"NR_all_00585.1","8PNF|1|A","8PNF|1|A"
"NR_all_79533.1","3ZLA|1|I","3ZLA|1|I,3ZLA|1|J"
"NR_all_06977.1","3ZN8|1|G","3ZN8|1|G"
"NR_all_51111.1","4NIA|1|o","4NIA|1|o,4NIA|1|p,4NIA|1|s,4NIA|1|j,4NIA|1|r,4NIA|1|k,4NIA|1|l,4NIA|1|q,4NIA|1|f,4OQ9|1|p,4OQ9|1|k,4OQ9|1|o,4OQ9|1|r,4OQ9|1|j,4OQ9|1|q,4OQ9|1|f,4OQ9|1|l,4OQ9|1|s"
"NR_all_35670.1","8YUO|1|W","8YUO|1|W"
"NR_all_58318.1","406D|1|A+406D|1|E","406D|1|A+406D|1|E"
"NR_all_57688.1","409D|1|C+409D|1|D","409D|1|C+409D|1|D,409D|1|A+409D|1|B,409D|1|E+409D|1|F"
"NR_all_90819.1","413D|1|A","413D|1|A"
"NR_all_21181.1","8PSQ|1|V","8PSQ|1|V,8PT7|1|V,8PSS|1|V"
"NR_all_12183.1","421D|1|B","421D|1|B"
"NR_all_99184.1","433D|1|A+433D|1|B","433D|1|A+433D|1|B"
"NR_all_03900.1","8Z4L|1|M+8Z4L|1|N","8Z4L|1|M+8Z4L|1|N,8Z4J|1|M+8Z4J|1|N,8Z9E|1|M+8Z9E|1|N,8Z9C|1|M+8Z9C|1|N,8Z99|1|M+8Z99|1|N"
"NR_all_11458.2","4O26|1|E","4O26|1|E,4O26|1|F"
"NR_all_82547.1","8Z70|1|s","8Z70|1|s"
"NR_all_41964.1","4O8J|1|D","4O8J|1|D,4O8J|1|E"
"NR_all_49228.1","4OAV|1|A","4OAV|1|A"
"NR_all_07579.1","4OHZ|1|B","4OHZ|1|B"
"NR_all_91413.1","4OL8|1|C","4OL8|1|C,4OL8|1|G"
"NR_all_19513.1","438D|1|A+438D|1|B","438D|1|A+438D|1|B"
"NR_all_42877.1","4OLA|1|B","4OLA|1|B,4OLB|1|B"
"NR_all_42979.1","8PTG|1|R","8PTG|1|R"
"NR_all_91564.1","4OO1|1|S","4OO1|1|S"
"NR_all_29885.1","8PVL|1|C3","8PVL|1|C3,8PV6|1|C3"
"NR_all_66856.1","8PXS|1|R","8PXS|1|R"
"NR_all_67600.1","8PZQ|1|D","8PZQ|1|D,8PZQ|1|E,8PZP|1|B"
"NR_all_46771.1","8Q4F|1|X","8Q4F|1|X"
"NR_all_10107.1","8Z98|1|D","8Z98|1|D"
"NR_all_05151.1","8Q5I|1|10+8Q5I|1|g","8Q5I|1|10+8Q5I|1|g"
"NR_all_30137.1","8Z9Q|1|D","8Z9Q|1|D,8Z9R|1|K"
"NR_all_86909.1","7A9N|1|K+7A9N|1|L","7A9N|1|K+7A9N|1|L,6ZRS|1|K+6ZRS|1|L,7A9O|1|K+7A9O|1|L,6ZR1|1|K+6ZR1|1|L,6ZQ9|1|K+6ZQ9|1|L,6ZPF|1|K+6ZPF|1|L,6ZWU|1|M+6ZWU|1|N,7A9T|1|K+7A9T|1|L,6ZW3|1|M+6ZW3|1|N,6ZX5|1|K+6ZX5|1|L,7A9Q|1|K+7A9Q|1|L,439D|1|A+439D|1|B,7A9L|1|M+7A9L|1|N,6ZRL|1|M+6ZRL|1|N,6ZX8|1|K+6ZX8|1|L,7A9S|1|K+7A9S|1|L,7A9R|1|M+7A9R|1|N,7A9P|1|M+7A9P|1|N"
"NR_all_71883.1","8Q87|1|A2","8Q87|1|A2,8Q7Z|1|A2"
"NR_all_99699.1","8Q87|1|B5+8Q87|1|B8","8Q87|1|B5+8Q87|1|B8,8Q7Z|1|B5+8Q7Z|1|B8"
"NR_all_73067.1","8ZOL|1|A","8ZOL|1|A,8ZLU|1|A,8ZM3|1|A"
"NR_all_64462.1","8Q87|1|B7","8Q87|1|B7,8Q7Z|1|B7"
"NR_all_61738.1","8Q87|1|V","8Q87|1|V,8Q7Z|1|V"
"NR_all_44344.1","9ASH|1|P","9ASH|1|P"
"NR_all_34537.1","484D|2|B","484D|2|B"
"NR_all_53040.1","8QCF|1|N","8QCF|1|N"
"NR_all_45112.1","486D|1|C","486D|1|C"
"NR_all_64348.1","9ASO|1|E","9ASO|1|E"
"NR_all_11210.1","486D|1|F","486D|1|F"
"NR_all_91105.1","4OOG|1|D","4OOG|1|D"
"NR_all_28267.1","8QG0|1|Q","8QG0|1|Q"
"NR_all_58572.1","9AUR|1|R","9AUR|1|R"
"NR_all_92005.1","4A2X|1|L+4A2X|1|M","4A2X|1|L+4A2X|1|M,4A2X|1|N+4A2X|1|O"
"NR_all_07169.1","4P3U|1|B+4P3U|1|A","4P3U|1|B+4P3U|1|A"
"NR_all_38505.1","9AUS|1|R","9AUS|1|R,9AUS|1|C"
"NR_all_28969.1","4A36|1|R+4A36|1|S","4A36|1|R+4A36|1|S,4A36|1|T+4A36|1|U"
"NR_all_02378.1","4P43|1|B+4P43|1|A","4P43|1|B+4P43|1|A,7EDN|1|A"
"NR_all_30757.1","8QLP|1|C","8QLP|1|C,8QLP|1|G,8QLP|1|K,8QLP|1|O"
"NR_all_64994.1","4A3B|1|P","4A3B|1|P,4A3M|1|P"
"NR_all_02656.1","4P5J|1|A","4P5J|1|A"
"NR_all_90612.1","9CG5|1|X","9CG5|1|X,9AX8|1|x,9CG6|1|X,9AX7|1|X,9CG7|1|X"
"NR_all_07798.1","4A3C|1|P","4A3C|1|P,4A3E|1|P"
"NR_all_43274.1","4P97|1|A+4P97|1|B","4P97|1|A+4P97|1|B,4P97|1|C+4P97|1|D"
"NR_all_82856.3","4A3D|1|P","4A3D|1|P,4A3F|1|P"
"NR_all_01178.1","9AXV|1|AA","9AXV|1|AA,9AXT|1|AA"
"NR_all_15251.1","4A3G|1|P","4A3G|1|P"
"NR_all_57460.4","6GYV|1|A","6GYV|1|A,4P9R|1|A,6G7Z|1|A+6G7Z|1|B"
"NR_all_24203.1","9AXU|1|2","9AXU|1|2,9AXT|1|B2,9AXV|1|B2"
"NR_all_84255.1","4A3K|1|P","4A3K|1|P"
"NR_all_78937.1","8QO2|7|A","8QO2|7|A"
"NR_all_36159.1","4A4R|1|A","4A4R|1|A"
"NR_all_18718.1","4PDB|1|I","4PDB|1|I"
"NR_all_43511.1","8QO4|1|A","8QO4|1|A"
"NR_all_82922.1","4A4T|1|A","4A4T|1|A"
"NR_all_06848.1","8QPP|1|V","8QPP|1|V"
"NR_all_50830.1","9AXU|1|4","9AXU|1|4,9AXT|1|B4,9AXV|1|B4"
"NR_all_28840.1","4A93|1|P","4A93|1|P"
"NR_all_38515.1","8QUE|1|H","8QUE|1|H"
"NR_all_59583.1","9AXV|1|S3","9AXV|1|S3"
"NR_all_96573.1","4ADX|1|8","4ADX|1|8"
"NR_all_68854.1","9AXV|1|Sn","9AXV|1|Sn"
"NR_all_06402.1","4AL5|1|B","4AL5|1|B,4AL7|1|B"
"NR_all_63679.1","9BCI|2|A","9BCI|2|A"
"NR_all_94632.1","8QZ8|1|P","8QZ8|1|P"
"NR_all_68633.1","9BCU|1|7","9BCU|1|7"
"NR_all_83934.1","8R09|1|2","8R09|1|2,8R0B|1|2,8RM5|1|2"
"NR_all_23078.1","9BDN|1|MRNA","9BDN|1|MRNA,9BDP|1|MRNA"
"NR_all_11428.1","4ANG|1|R","4ANG|1|R,4ANG|1|S"
"NR_all_29205.1","4AOB|1|A","4AOB|1|A"
"NR_all_38153.1","8R3K|1|V+8R3K|1|M","8R3K|1|V+8R3K|1|M"
"NR_all_43251.1","4AY2|1|C","4AY2|1|C"
"NR_all_65963.1","8R55|1|V","8R55|1|V"
"NR_all_14977.1","4B3G|1|H","4B3G|1|H"
"NR_all_01597.2","7NQ4|1|C","7NQ4|1|C,1Q2R|1|E,1Q2R|1|F,1Q2S|1|F,1Q2S|1|E"
"NR_all_95734.1","4B3R|1|Z+4B3R|1|W","4B3R|1|Z+4B3R|1|W,4B3M|1|Z+4B3M|1|W,4B3T|1|Z+4B3T|1|W,4B3S|1|Z+4B3S|1|W"
"NR_all_53342.2","9CAI|1|DA","9CAI|1|DA,9BH5|1|DB,9BH5|1|DA"
"NR_all_93156.1","1Q8N|1|A","1Q8N|1|A"
"NR_all_48446.1","8R6W|1|C","8R6W|1|C"
"NR_all_85607.1","9CAI|1|DC","9CAI|1|DC,9BH5|1|DC"
"NR_all_52894.1","4B3P|1|R","4B3P|1|R"
"NR_all_03756.1","8R8M|1|Z","8R8M|1|Z"
"NR_all_27919.1","9BS3|1|C","9BS3|1|C"
"NR_all_30844.1","1QC0|1|B+1QC0|1|A","1QC0|1|B+1QC0|1|A"
"NR_all_08767.1","4B8T|1|B","4B8T|1|B"
"NR_all_10723.1","8RAM|1|P","8RAM|1|P,8RAN|1|P"
"NR_all_53530.1","9BS4|1|C","9BS4|1|C"
"NR_all_82252.1","1QC8|1|A","1QC8|1|A"
"NR_all_94132.3","4BBL|1|Y","4BBL|1|Y,4BBL|1|Z"
"NR_all_17047.1","9BUN|1|A","9BUN|1|A,9BUN|1|C,9BUN|1|B,9BUN|1|D"
"NR_all_20366.1","1QCU|1|C+1QCU|1|D","1QCU|1|C+1QCU|1|D"
"NR_all_50895.1","4BBS|1|P","4BBS|1|P"
"NR_all_42465.1","8RAS|1|Z","8RAS|1|Z,8RDJ|1|Z"
"NR_all_77105.1","1QD3|5|A","1QD3|5|A"
"NR_all_06891.1","4BKK|1|A","4BKK|1|A"
"NR_all_47767.1","8RBX|1|P","8RBX|1|P"
"NR_all_15220.1","9BW0|1|R","9BW0|1|R"
"NR_all_65311.1","1QET|1|A+1QET|1|B","1QET|1|A+1QET|1|B"
"NR_all_27378.1","1QLN|1|R","1QLN|1|R"
"NR_all_56855.1","3KNA|1|B+3KNA|1|C","3KNA|1|B+3KNA|1|C,4IQX|1|B+4IQX|1|C,3KMS|1|B+3KMS|1|C,3KLV|1|B+3KLV|1|C"
"NR_all_84991.1","9C0I|1|R","9C0I|1|R"
"NR_all_35816.1","3KMQ|1|B+3KMQ|1|C","3KMQ|1|B+3KMQ|1|C"
"NR_all_81928.1","9C3H|1|S4","9C3H|1|S4"
"NR_all_60049.5","3CD6|1|4","3CD6|1|4,3CMA|1|5,6N9E|1|2w,1VQO|1|4,1QVG|1|3,3CME|1|5,7Y38|1|Z,8OIT|1|B7,8IP8|1|dl,8OIR|1|B7,5LZD|1|w,8OIQ|1|B7,5LZE|1|w,8OIN|1|B7,5LZC|1|w,5LZB|1|w"
"NR_all_60357.1","3KOA|1|B+3KOA|1|C","3KOA|1|B+3KOA|1|C"
"NR_all_28090.1","4BS2|1|B","4BS2|1|B"
"NR_all_25621.1","9C3I|1|A","9C3I|1|A"
"NR_all_32874.1","3KTW|1|C","3KTW|1|C,3KTW|1|D"
"NR_all_52739.1","9C4G|1|b","9C4G|1|b"
"NR_all_34992.1","3L25|1|C+3L25|1|F","3L25|1|C+3L25|1|F,3L26|1|C"
"NR_all_77392.1","9C69|1|C","9C69|1|C"
"NR_all_63265.1","3LA5|1|A","3LA5|1|A"
"NR_all_80911.1","4V5O|1|BA","4V5O|1|BA,4V5O|1|AA,4BTS|1|AA,4BTS|1|CA,4BTS|1|DA,4BTS|1|BA"
"NR_all_16336.1","9C77|1|G","9C77|1|G,9C77|1|H"
"NR_all_86182.1","3LOB|1|R","3LOB|1|R"
"NR_all_60433.1","8RDV|1|iN","8RDV|1|iN,8RD8|1|iN,8RDW|1|iN"
"NR_all_09889.1","9C77|1|I","9C77|1|I"
"NR_all_61988.1","3OG8|1|C+3OG8|1|D","3OG8|1|C+3OG8|1|D,3LRN|1|C+3LRN|1|D"
"NR_all_71845.1","8RE4|1|R","8RE4|1|R,8REA|1|R"
"NR_all_33956.1","9C7B|1|B","9C7B|1|B"
"NR_all_80872.1","3M3Y|1|R","3M3Y|1|R"
"NR_all_48598.1","8REB|1|R","8REB|1|R"
"NR_all_92404.1","9CDB|1|I","9CDB|1|I"
"NR_all_52004.1","1QWA|1|A","1QWA|1|A"
"NR_all_96295.1","3M7N|1|X","3M7N|1|X,3M7N|1|Z,3M7N|1|Y,3M85|1|X,3M85|1|Z,3M85|1|Y"
"NR_all_84491.1","8RED|1|R","8RED|1|R"
"NR_all_80630.1","9CER|1|W","9CER|1|W"
"NR_all_32799.1","1QZC|1|A","1QZC|1|A"
"NR_all_46866.1","4BWM|1|G","4BWM|1|G"
"NR_all_86318.1","8RJB|1|q","8RJB|1|q,8RJD|1|q,8RJC|1|q"
"NR_all_62858.1","1QZW|1|F","1QZW|1|F,1QZW|1|H,1QZW|1|B,1QZW|1|D"
"NR_all_13395.1","3MDG|1|C","3MDG|1|C"
"NR_all_49359.1","4BY9|1|A","4BY9|1|A,4BY9|1|B"
"NR_all_31224.1","1R2P|9|A","1R2P|9|A"
"NR_all_86272.1","3MEI|1|A+3MEI|1|B","3MEI|1|A+3MEI|1|B"
"NR_all_87578.1","8SCB|1|8","8SCB|1|8,8RJB|1|v,8RJD|1|v,8RJC|1|v"
"NR_all_43901.1","1R3E|1|D+1R3E|1|E","1R3E|1|D+1R3E|1|E"
"NR_all_38078.1","3MJ0|1|B","3MJ0|1|B"
"NR_all_57545.1","8RO0|1|5","8RO0|1|5,8RO1|1|5"
"NR_all_48141.1","9CF3|1|W+9CF3|1|T+9CF3|1|N","9CF3|1|W+9CF3|1|T+9CF3|1|N"
"NR_all_13558.1","1R4H|1|A","1R4H|1|A"
"NR_all_96977.1","3MQK|1|D+3MQK|1|E","3MQK|1|D+3MQK|1|E"
"NR_all_23936.1","9CPD|1|A+9CPD|1|B","9CPD|1|A+9CPD|1|B"
"NR_all_75363.1","1R7W|5|A","1R7W|5|A"
"NR_all_22038.1","7BAH|1|C+7BAH|1|D","7BAH|1|C+7BAH|1|D,3NCU|1|C+3NCU|1|D,7BAI|1|C+7BAI|1|D,7BAI|1|V"
"NR_all_00810.1","4C7O|1|E","4C7O|1|E"
"NR_all_17703.1","8RO1|1|2","8RO1|1|2"
"NR_all_44052.1","9CPI|1|A+9CPI|1|B","9CPI|1|A+9CPI|1|B"
"NR_all_99773.1","1R9F|1|B","1R9F|1|B,6BJG|1|D,6BJH|1|D,6BJV|1|D"
"NR_all_91365.1","4C8Z|1|C","4C8Z|1|C"
"NR_all_92694.1","8RO2|1|IN","8RO2|1|IN"
"NR_all_61386.1","9CPO|1|T+9CPO|1|P","9CPO|1|T+9CPO|1|P"
"NR_all_82939.1","3ND4|1|A","3ND4|1|A"
"NR_all_88374.1","4C9D|1|D","4C9D|1|D,4C9D|1|C"
"NR_all_95559.1","1R9F|1|C","1R9F|1|C,6BJG|1|C,6BJH|1|C,6BJV|1|C"
"NR_all_43090.1","9DLL|1|B","9DLL|1|B"
"NR_all_97629.1","3NL0|1|B+3NL0|1|C","3NL0|1|B+3NL0|1|C"
"NR_all_54491.1","9DTT|1|B","9DTT|1|B"
"NR_all_69142.1","3NMR|1|B","3NMR|1|B"
"NR_all_24610.3","7NSH|1|BA","7NSH|1|BA,6GAW|1|BA,6GB2|1|BA,7NQL|1|BA,8OIQ|1|B8,7NQH|1|BA,8OIN|1|B8,4V19|1|A,7NSJ|1|BA,5AJ4|1|BA,7NSI|1|BA,4CE4|1|A"
"NR_all_28920.1","8RXH|1|S3","8RXH|1|S3,8RXX|1|S3"
"NR_all_46231.1","3NMU|1|E+3NMU|1|K","3NMU|1|E+3NMU|1|K,3NMU|1|D+3NMU|1|I"
"NR_all_94340.1","8RXH|1|S4","8RXH|1|S4,8RXX|1|S4"
"NR_all_42177.1","9E6Q|1|1","9E6Q|1|1,9E71|1|1,9E7F|1|1"
"NR_all_50067.1","3NNC|1|B","3NNC|1|B"
"NR_all_27345.1","8RZA|1|B","8RZA|1|B"
"NR_all_49747.1","3NNH|1|F","3NNH|1|F"
"NR_all_06322.1","8S52|1|P","8S52|1|P"
"NR_all_83027.1","3NPQ|1|A","3NPQ|1|A,3NPQ|1|C,3NPQ|1|B,3NPN|1|A"
"NR_all_77787.1","8S55|1|P","8S55|1|P,8S54|1|P"
"NR_all_26765.1","9E71|1|4","9E71|1|4,9E7F|1|4"
"NR_all_33476.1","8S8K|1|3","8S8K|1|3"
"NR_all_02051.1","9ENE|1|C","9ENE|1|C,9ENE|1|D"
"NR_all_50588.1","3NVI|1|F","3NVI|1|F,3NVI|1|E"
"NR_all_01937.1","9EOW|5|A","9EOW|5|A"
"NR_all_36481.1","4CSF|1|u","4CSF|1|u,4CSF|1|q,4CSF|1|g,4CSF|1|m,4CSF|1|k,4CSF|1|a,4CSF|1|i,4CSF|1|s,4CSF|1|c,4CSF|1|w,4CSF|1|o,4CSF|1|e"
"NR_all_84685.1","9GMX|1|T","9GMX|1|T,9ERE|1|T"
"NR_all_39109.1","4CXG|1|1","4CXG|1|1,4CXH|1|1"
"NR_all_69281.1","9ERF|1|T","9ERF|1|T"
"NR_all_40560.1","3OIN|1|C","3OIN|1|C,3OIJ|1|D,3OIJ|1|C"
"NR_all_43355.1","4CXG|1|2","4CXG|1|2,4CXH|1|2"
"NR_all_40063.1","8SA3|1|A","8SA3|1|A,8SA3|1|B,8SA2|1|B,8SA2|1|A,8SA4|1|A+8SA4|1|B,8SA5|1|A,8SA5|1|B"
"NR_all_72858.1","4CXG|1|Y","4CXG|1|Y,4CXH|1|Y"
"NR_all_31659.2","9GCH|1|T","9GCH|1|T,9EY0|1|T,9EY2|1|T"
"NR_all_18260.1","4CXG|1|a","4CXG|1|a,4CXH|1|a"
"NR_all_14295.1","9F1B|1|AH","9F1B|1|AH,9F1D|1|AH,9F1C|1|AH"
"NR_all_62991.1","4CXG|1|b","4CXG|1|b,4CXH|1|b"
"NR_all_11234.1","4CXG|1|c","4CXG|1|c,4CXH|1|c"
"NR_all_16849.1","8SCF|7|A","8SCF|7|A"
"NR_all_92078.1","4CXH|1|x","4CXH|1|x"
"NR_all_00804.1","8SD0|1|B","8SD0|1|B"
"NR_all_90903.1","9F9S|1|CM","9F9S|1|CM"
"NR_all_17965.1","1RFR|3|A","1RFR|3|A"
"NR_all_91235.1","4D61|1|j","4D61|1|j,4D5N|1|X"
"NR_all_80614.1","9FI8|1|hB","9FI8|1|hB"
"NR_all_82596.1","1RHT|1|A","1RHT|1|A"
"NR_all_22976.1","8SFO|1|B","8SFO|1|B,8SFQ|1|B,8SFN|1|B,8SFR|1|B,8SFL|1|B,8SFP|1|B,8SFI|1|B,8SFJ|1|B"
"NR_all_65418.1","9FI8|1|hG+9FI8|1|bN","9FI8|1|hG+9FI8|1|bN"
"NR_all_24553.1","4V4S|1|AX","4V4S|1|AX"
"NR_all_17333.1","4V6D|1|CV","4V6D|1|CV,4V6D|1|AV,4V50|1|CW,4V50|1|AW"
"NR_all_63520.1","4TU0|1|F","4TU0|1|F,4TU0|1|G"
"NR_all_72820.1","4TUE|1|QV","4TUE|1|QV,4TUE|1|XV"
"NR_all_52096.2","4TUW|1|C","4TUW|1|C,4TUW|1|D,4TV0|1|B,4TUX|1|D,4TUX|1|C"
"NR_all_70313.2","5H9F|1|L","5H9F|1|L,5CD4|1|L,5CD4|1|X,5H9E|1|L,4TVX|1|X,4TVX|1|L"
"NR_all_21747.1","4TYY|1|B","4TYY|1|B"
"NR_all_29022.1","4V5Z|1|AA","4V5Z|1|AA"
"NR_all_75005.1","4TZ6|1|B","4TZ6|1|B"
"NR_all_86990.1","4V5Z|1|AC","4V5Z|1|AC"
"NR_all_19686.1","4V5Z|1|AE","4V5Z|1|AE"
"NR_all_21216.1","4V5Z|1|AG","4V5Z|1|AG"
"NR_all_19224.1","4V5Z|1|B0","4V5Z|1|B0"
"NR_all_77014.1","4V5Z|1|BA","4V5Z|1|BA"
"NR_all_81830.1","4V5Z|1|BC","4V5Z|1|BC"
"NR_all_69504.1","4V5Z|1|BE","4V5Z|1|BE"
"NR_all_56210.1","4V5Z|1|BG","4V5Z|1|BG"
"NR_all_93250.1","4V5Z|1|BI","4V5Z|1|BI"
"NR_all_50990.1","4U34|1|B+4U34|1|A","4U34|1|B+4U34|1|A"
"NR_all_87385.1","4V5Z|1|BK","4V5Z|1|BK"
"NR_all_04974.3","4U3L|1|A+4U3L|1|B","4U3L|1|A+4U3L|1|B,4U3O|1|A+4U3O|1|B,4U3R|1|A+4U3R|1|B,4U78|1|A+4U78|1|B,4U47|1|A+4U47|1|B,4U3P|1|A+4U3P|1|B"
"NR_all_59744.1","4V5Z|1|BM","4V5Z|1|BM"
"NR_all_41639.1","4V5Z|1|BP","4V5Z|1|BP"
"NR_all_39792.1","4U7U|1|L","4U7U|1|L,4U7U|1|X"
"NR_all_33072.1","4V5Z|1|BR","4V5Z|1|BR,4V5Z|1|BT"
"NR_all_13890.1","4V5Z|1|BS","4V5Z|1|BS"
"NR_all_00144.1","4V5Z|1|BW","4V5Z|1|BW"
"NR_all_32617.1","4V5Z|1|BY","4V5Z|1|BY"
"NR_all_02491.2","4V6E|1|AX","4V6E|1|AX,4V6E|1|CV,4V6E|1|CX,8FOM|1|XY"
"NR_all_60605.1","4UER|1|A","4UER|1|A"
"NR_all_35045.1","4V6N|1|BB","4V6N|1|BB,4V6P|1|AB,4V6O|1|AB"
"NR_all_95133.1","4V6R|1|AB","4V6R|1|AB,4V6Q|1|AB"
"NR_all_98554.1","4V6U|1|A1","4V6U|1|A1"
"NR_all_94544.1","4V6U|1|B1","4V6U|1|B1"
"NR_all_56644.1","4V7H|1|AA","4V7H|1|AA"
"NR_all_48954.1","4V7H|1|B5+4V7H|1|B4","4V7H|1|B5+4V7H|1|B4"
"NR_all_71771.1","4V83|1|CV","4V83|1|CV,4V83|1|AV"
"NR_all_73216.6","4WSM|1|1K","4WSM|1|1K,4WSM|1|2K,4WSM|1|2L,4WSM|1|1L,4V8B|1|AB,4V8C|1|CB,4V8C|1|DB,4V8B|1|CB,7NSO|1|8,7NSQ|1|8,6HA1|1|x,6D9J|1|3,6D90|1|3,7NSP|1|8,5KCR|1|1x"
"NR_all_95556.6","4WT8|1|C3","4WT8|1|C3,4WT8|1|D3,4WT8|1|C2,4V8U|1|AV,4V8U|1|CV,3J9Z|1|S7,4V68|1|AW,5AA0|1|BC,3BBV|1|z,5AA0|1|BE,5AA0|1|BD"
"NR_all_72539.1","1WKS|1|A","1WKS|1|A"
"NR_all_18961.1","1WMQ|1|D","1WMQ|1|D,1WMQ|1|C,1WRQ|1|C,1WRQ|1|D"
"NR_all_19039.1","1WPU|1|C","1WPU|1|C,1WPU|1|D"
"NR_all_04852.2","2UWM|1|D","2UWM|1|D,2UWM|1|C,2PLY|1|C,2PLY|1|E,1WSU|1|E,1WSU|1|F,1WSU|1|G"
"NR_all_28253.1","1WWE|1|B","1WWE|1|B"
"NR_all_28933.1","1WWG|1|B","1WWG|1|B"
"NR_all_46102.2","1WZ2|1|D","1WZ2|1|D,1WZ2|1|C"
"NR_all_44641.1","1X18|1|B","1X18|1|B"
"NR_all_66919.1","1X18|1|D","1X18|1|D"
"NR_all_45092.1","2OM7|1|C","2OM7|1|C,1X1L|1|A,1ZC8|1|Z,2OB7|1|D"
"NR_all_61825.2","8OVA|1|BB","8OVA|1|BB,8OVE|1|BB,4V8M|1|BB"
"NR_all_18068.1","4V8M|1|BF","4V8M|1|BF"
"NR_all_18056.1","4V8M|1|BH","4V8M|1|BH"
"NR_all_98705.5","2P7E|1|D+2P7E|1|C+2P7E|1|P","2P7E|1|D+2P7E|1|C+2P7E|1|P,2NPY|1|D+2NPY|1|C+2NPY|1|A+2NPY|1|B,1ZFT|1|D+1ZFT|1|C+1ZFT|1|A+1ZFT|1|B,2P7F|1|D+2P7F|1|C+2P7F|1|A+2P7F|1|B,1ZFV|1|D+1ZFV|1|C+1ZFV|1|A+1ZFV|1|B,2OUE|1|D+2OUE|1|C+2OUE|1|A+2OUE|1|B,2P7D|1|D+2P7D|1|C+2P7D|1|P,2D2L|1|D+2D2L|1|C+2D2L|1|A+2D2L|1|B,2FGP|1|D+2FGP|1|C+2FGP|1|A+2FGP|1|B,1X9C|1|D+1X9C|1|C+1X9C|1|A+1X9C|1|B,1ZFX|1|D+1ZFX|1|C+1ZFX|1|A+1ZFX|1|B,2BCZ|1|D+2BCZ|1|C+2BCZ|1|A+2BCZ|1|B,2D2K|1|D+2D2K|1|C+2D2K|1|A+2D2K|1|B,2BCY|1|D+2BCY|1|C+2BCY|1|A+2BCY|1|B,2NPZ|1|D+2NPZ|1|C+2NPZ|1|A+2NPZ|1|B,1X9K|1|D+1X9K|1|C+1X9K|1|A+1X9K|1|B,4G6R|1|D+4G6R|1|C+4G6R|1|A+4G6R|1|B,3GS8|1|D+3GS8|1|C+3GS8|1|A+3GS8|1|B,3GS1|1|D+3GS1|1|C+3GS1|1|A+3GS1|1|B,3CR1|1|C,3I2Q|1|C,3I2S|1|C,3CQS|1|C,3I2U|1|C,3I2R|1|C"
"NR_all_02142.2","4V8N|1|CV","4V8N|1|CV,4V8N|1|AY,4V8N|1|AV,4V8N|1|CY,4V8N|1|AW,4V8N|1|CW,8HTZ|1|X"
"NR_all_08212.1","1XJR|1|A","1XJR|1|A"
"NR_all_45855.1","4V8Q|1|BY","4V8Q|1|BY"
"NR_all_69172.1","4V8Y|1|CN","4V8Y|1|CN"
"NR_all_97575.1","6UZ7|1|3","6UZ7|1|3,4V8Y|1|CW"
"NR_all_27835.1","4V8Z|1|CX","4V8Z|1|CX"
"NR_all_56744.1","1XNR|1|X+1XNR|1|W","1XNR|1|X+1XNR|1|W"
"NR_all_57789.1","6UZ7|1|5+6UZ7|1|8","6UZ7|1|5+6UZ7|1|8,4V91|1|1+4V91|1|4"
"NR_all_09128.1","1XPU|1|G","1XPU|1|G,1XPU|1|L,1XPR|1|L,1XPU|1|H,1XPO|1|K,1XPO|1|J,1XPU|1|J,1XPO|1|H,1XPR|1|J,1XPU|1|K,1XPR|1|K,1XPO|1|M,1XPO|1|L,1XPU|1|M,1XPR|1|M,1XPO|1|G,1XPR|1|H,1XPR|1|G"
"NR_all_52143.1","1XSG|1|A","1XSG|1|A,1XST|1|A"
"NR_all_52752.30","8GLP|1|L7","8GLP|1|L7,8A3D|1|B,8QYX|1|B2,8QOI|1|L7,8YOO|1|L7,9C3H|1|L9,8YOP|1|L7,7OW7|1|B,8QFD|1|7,8JDK|1|E,8G5Y|1|L7,8K2C|1|L7,8XSX|1|L7,8JDL|1|E,7XNY|1|L2,8JDJ|1|E,8G60|1|L7,8IFE|1|1B,8FL7|1|L4,8FLE|1|L4,8IFD|1|1B,8FLB|1|L4,6ZMI|1|L7,8G5Z|1|L7,8FL6|1|L4,9GMO|1|B,8JDM|1|E,8FLA|1|L4,8FLD|1|L4,6ZM7|1|L7,7XNX|1|L2,8FL3|1|L4,7F5S|1|L7,8FLF|1|L4,8FL9|1|L4,8G6J|1|L7,6XA1|1|L7,8IDT|1|5,8FLC|1|L4,6Y6X|1|L7,8FL2|1|L4,8OJ5|1|7,6Z6N|1|L7,6QZP|1|L7,8FL0|1|L4,8G61|1|L7,8XSY|1|L7,6Z6L|1|L7,6ZME|1|L7,7QVP|1|L7,7QVP|1|L9,8IDY|1|5,8INF|1|5,8UKB|1|L7,6LQM|1|5,8OHD|1|7,6Z6M|1|L7,6ZMO|1|L7,6LSR|1|5,6LU8|1|5,6OLE|1|E,8FL4|1|L4,6Y2L|1|L7,6OM0|1|E,8XSZ|1|L7,8INE|1|5,6LSS|1|5,6Y0G|1|L7,8OJ8|1|7,8OJ0|1|7,7BHP|1|L7,8IR1|1|W,8IE3|1|5,9G8M|1|L7,8Y0X|1|L7,8IPD|1|3,8IPY|1|3,8INK|1|3,8Y0W|1|L7,8IR3|1|5,6OLG|1|A4,6OLI|1|E,6Y57|1|L7,5T2C|1|B,4UG0|1|L7,6OM7|1|E,6W6L|1|E,6OLF|1|E,6IP5|1|1B,6OLZ|1|A4,6IP8|1|1B,5LKS|1|L7,5AJ0|1|A4,8IPX|1|3,6IP6|1|1B,4V6X|1|A7"
"NR_all_98387.1","1XWP|1|A","1XWP|1|A"
"NR_all_48365.1","1Y1Y|1|P","1Y1Y|1|P"
"NR_all_70496.1","1Y27|1|X","1Y27|1|X"
"NR_all_81815.1","8T2Y|1|tA","8T2Y|1|tA,8T2Y|1|tP,8T2Z|1|tA,8T2Z|1|tP,8T2X|1|tA,8T2X|1|tP,6TB3|1|n,8UTI|1|n,8Z70|1|t,8UT0|1|n,8K82|1|C5,7B7D|1|Sm,7B7D|1|Sn,6TNU|1|n,6FYY|1|1,8XU8|1|s,8XU8|1|t,8Z71|1|t,8CAS|1|1,8RW1|1|1,8S8D|1|1,6FYX|1|1,7NRC|1|Sn,8YLD|1|s,8YLD|1|t,8YLR|1|t,8YLR|1|u,1YFG|1|A,8S8E|1|1,8S8F|1|1,8S8K|1|1,8S8H|1|1,8S8G|1|1,7NRD|1|Sn,5OA3|1|1,8S8I|1|1,3J81|1|1,8S8J|1|1,6GSM|1|1,6GSN|1|1,6ZU9|1|1"
"NR_all_46995.44","5VYC|1|i2","5VYC|1|i2,5VYC|1|i3,5VYC|1|i5,5VYC|1|i1,5VYC|1|i6,5VYC|1|i4,8GLP|1|S2,8YOO|1|S2,8QOI|1|S2,8YOP|1|S2,9C3H|1|S2,8K2C|1|S2,8XSX|1|S2,7R4X|1|2,8IFE|1|2m,8IFD|1|2m,8G5Y|1|S2,6ZMI|1|S2,7XNY|1|S2,8JDK|1|w,6ZM7|1|S2,8T4S|1|2,8PPL|1|A2,6ZLW|1|2,7XNX|1|S2,8JDL|1|w,9BKD|1|A,8JDJ|1|w,6ZVH|1|2,6Z6N|1|S2,8G60|1|S2,8G5Z|1|S2,6ZOJ|1|2,8PJ5|1|A,6ZP4|1|2,6ZXG|1|2,6QZP|1|S2,6ZME|1|S2,6Z6L|1|S2,8XSY|1|S2,8PJ6|1|A,6ZV6|1|2,6ZON|1|2,8XXL|1|S2,6ZXH|1|2,8UKB|1|S2,7QVP|1|S2,7K5I|1|2,8G6J|1|S2,8JDM|1|w,7QVP|1|S3,8PPK|1|2,6ZMO|1|S2,6Z6M|1|S2,7MQA|1|L1,8XSZ|1|S2,8XP2|1|S2,6ZXE|1|2,8PJ4|1|A,6Y2L|1|S2,8G61|1|S2,6ZUO|1|2,6XA1|1|S2,9G8M|1|S2,6OM0|1|S2,8Y0X|1|S2,6OLE|1|S2,7WTZ|1|2,6ZN5|1|2,7WTU|1|2,8XXM|1|S2,7WTX|1|2,8XP3|1|S2,6ZXD|1|2,9G8O|1|S2,8Y0W|1|S2,6Y0G|1|S2,8PJ1|1|A,8PJ2|1|A,6ZMT|1|2,7WTT|1|2,7WTW|1|2,7A09|1|2,6OLG|1|B1,7TQL|1|2,8OZ0|1|W,7WU0|1|2,6OLI|1|S2,8PJ3|1|A,8XXN|1|S2,7QP7|1|A,6ZMW|1|A,6Y57|1|S2,6ZVJ|1|2,6G18|1|2,6G5I|1|2,4UG0|1|S2,6ZXF|1|2,7WTS|1|2,6IP8|1|2m,6IP5|1|2m,6G5H|1|2,6ZOK|1|2,6OM7|1|S2,7WTV|1|2,6OLZ|1|B1,9BLN|1|A,5AJ0|1|B1,6OLF|1|S2,5A2Q|1|2,6YBW|1|A,6G51|1|2,6G4S|1|2,6IP6|1|2m,5OA3|1|2,5LKS|1|S2,7MQ8|1|L1,6G53|1|2,7QP6|1|A,7MQ9|1|L1,6G4W|1|2,4V6X|1|B2,6ZOL|1|2,5T2C|1|AA,6FEC|1|A,8RG0|1|A,5A8L|1|B"
"NR_all_63319.1","3JAP|1|1","3JAP|1|1"
"NR_all_22999.1","1YG4|1|A","1YG4|1|A"
"NR_all_86751.1","1YNE|4|A","1YNE|4|A,1YLG|13|A"
"NR_all_62450.1","1YNC|1|A","1YNC|1|A"
"NR_all_51779.4","1Z7F|1|A","1Z7F|1|A,1Z79|1|C,1Z79|1|A+1Z79|1|B,1YRM|1|C,1YRM|1|A+1YRM|1|B,1YY0|1|C,1YY0|1|A+1YY0|1|B,405D|1|A+405D|1|B"
"NR_all_06133.1","4PEH|1|Z","4PEH|1|Z"
"NR_all_02574.1","4PHY|1|A+4PHY|1|B","4PHY|1|A+4PHY|1|B"
"NR_all_37008.1","4PLX|1|A","4PLX|1|A,4PLX|1|B,4PLX|1|C"
"NR_all_72021.1","4PQV|1|A","4PQV|1|A"
"NR_all_33669.1","4PY5|1|B","4PY5|1|B"
"NR_all_89275.1","4Q0B|1|t","4Q0B|1|t,4Q0B|1|e"
"NR_all_33313.1","4UJE|1|AW","4UJE|1|AW"
"NR_all_19645.1","4QI2|1|G","4QI2|1|G,4QI2|1|F,4QI2|1|E,4QI2|1|H"
"NR_all_80577.1","5FQ5|1|A","5FQ5|1|A,5FW2|1|A,4UN4|1|A,4UN5|1|A,5FW3|1|A,4UN3|1|A,5FW1|1|A"
"NR_all_13250.1","4QIK|1|C+4QIK|1|D","4QIK|1|C+4QIK|1|D"
"NR_all_07557.1","4QJD|1|D+4QJD|1|C","4QJD|1|D+4QJD|1|C,4QJD|1|B+4QJD|1|A,4QJD|1|H+4QJD|1|G,4QJD|1|F+4QJD|1|E"
"NR_all_53105.1","4UYK|1|R","4UYK|1|R,4UYJ|1|S,4UYJ|1|R"
"NR_all_20180.2","4V1N|1|P","4V1N|1|P,4V1O|1|P"
"NR_all_75200.1","4V2S|1|Q","4V2S|1|Q"
"NR_all_36101.3","8JIV|1|Ab","8JIV|1|Ab,8IP8|1|TB,8IPB|1|TB,8IPA|1|TB,4V7E|1|Ab,4V3P|1|L3"
"NR_all_53735.1","4QLM|1|A","4QLM|1|A,4QLN|1|A"
"NR_all_18913.1","4QPX|1|P+4QPX|1|T","4QPX|1|P+4QPX|1|T"
"NR_all_29353.1","4QQB|1|P","4QQB|1|P,4QQB|1|C"
"NR_all_78910.1","4V3P|1|S3","4V3P|1|S3"
"NR_all_22602.1","4QU7|1|X","4QU7|1|X,4QU7|1|V,4QU7|1|U"
"NR_all_78430.1","4QVD|1|H","4QVD|1|H"
"NR_all_65973.1","4V49|1|B9","4V49|1|B9,4V4A|1|B9,4V4G|1|FA,4V4G|1|JA,4V4G|1|BA,4V4G|1|DA,4V4G|1|HA"
"NR_all_50652.1","4RBY|1|A","4RBY|1|A"
"NR_all_47141.1","4RC0|1|A","4RC0|1|A"
"NR_all_62810.1","4V4B|1|B3","4V4B|1|B3"
"NR_all_42401.1","4RDX|1|C","4RDX|1|C"
"NR_all_48149.1","4RMO|1|B","4RMO|1|B,4RMO|1|D,4RMO|1|H,4RMO|1|F,4RMO|1|J,4RMO|1|L,4RMO|1|N,4RMO|1|P"
"NR_all_88154.1","4RUM|1|A","4RUM|1|A"
"NR_all_11665.1","4V4N|1|A1","4V4N|1|A1"
"NR_all_64485.1","4V4N|1|B1","4V4N|1|B1"
"NR_all_49799.1","2B63|1|R","2B63|1|R"
"NR_all_02127.1","7OM7|1|H+7OM7|1|G","7OM7|1|H+7OM7|1|G,7OM6|1|E+7OM6|1|C,7OM7|1|F+7OM7|1|E,7OM7|1|I+7OM7|1|J,7OM6|1|F+7OM6|1|D,4WTA|1|T+4WTA|1|P,7OM7|1|K+7OM7|1|L,7OMA|1|F+7OMA|1|E,4WTF|1|T+4WTF|1|P,4WTG|1|T+4WTG|1|P,7OMA|1|J+7OMA|1|I,7OMA|1|H+7OMA|1|G,7OMA|1|K+7OMA|1|L"
"NR_all_29999.1","5FJ8|1|T","5FJ8|1|T"
"NR_all_99512.1","2B7G|1|A","2B7G|1|A"
"NR_all_57734.1","2BGG|1|P+2BGG|1|Q","2BGG|1|P+2BGG|1|Q,2BGG|1|R+2BGG|1|S"
"NR_all_78714.1","5FMZ|1|H","5FMZ|1|H,5FMZ|1|V"
"NR_all_76085.1","5FN1|1|B","5FN1|1|B"
"NR_all_10172.1","4WTD|1|T+4WTD|1|P","4WTD|1|T+4WTD|1|P"
"NR_all_01782.1","4WTI|1|T+4WTI|1|P","4WTI|1|T+4WTI|1|P"
"NR_all_61884.1","4WTK|1|T+4WTK|1|P","4WTK|1|T+4WTK|1|P"
"NR_all_64208.1","5G4U|1|I+5G4U|1|J","5G4U|1|I+5G4U|1|J,5G4U|1|A+5G4U|1|B,5G4V|1|A+5G4V|1|B,5G4V|1|E+5G4V|1|F,5G4U|1|E+5G4U|1|F"
"NR_all_70063.1","4WTM|1|T+4WTM|1|P","4WTM|1|T+4WTM|1|P"
"NR_all_45609.6","6TNU|1|m","6TNU|1|m,8UTI|1|m,8UT0|1|m,7RR5|1|A,6HD7|1|A,5MC6|1|m,7NRC|1|Sm,5GAK|1|A"
"NR_all_77778.1","4WZQ|1|B+4WZQ|1|C","4WZQ|1|B+4WZQ|1|C"
"NR_all_23989.1","2BTE|1|B","2BTE|1|B,2BTE|1|E,2BYT|1|B,2BYT|1|E,2V0G|1|B,2V0G|1|F"
"NR_all_07902.3","5GAN|1|V+5GAN|1|W","5GAN|1|V+5GAN|1|W,5GAO|1|V"
"NR_all_89185.1","5GAP|1|V","5GAP|1|V"
"NR_all_00896.1","2BX2|1|R","2BX2|1|R"
"NR_all_37879.1","2C0B|1|R","2C0B|1|R"
"NR_all_18247.1","2CJK|1|B","2CJK|1|B"
"NR_all_49730.1","4X4V|1|B","4X4V|1|B,4X4V|1|D,4X4U|1|B,4X4U|1|D"
"NR_all_33059.1","4X4U|1|G","4X4U|1|G"
"NR_all_05749.1","4X6A|1|R","4X6A|1|R"
"NR_all_39150.1","2CZJ|1|H","2CZJ|1|H,2CZJ|1|B,2CZJ|1|F,2CZJ|1|D"
"NR_all_38286.2","7DCO|1|B","7DCO|1|B,7B9V|1|5,6J6G|1|D,6BK8|1|5,5GMK|1|D,5GM6|1|D,5Y88|1|B,6EXN|1|5,5YLZ|1|B,6J6H|1|D,5LJ3|1|U,5MPS|1|5,6J6N|1|D,6J6Q|1|D,5WSG|1|D,5MQ0|1|5,5LJ5|1|U"
"NR_all_46633.1","2D18|1|A+2D18|1|B","2D18|1|A+2D18|1|B"
"NR_all_45065.1","2D1A|1|A+2D1A|1|B","2D1A|1|A+2D1A|1|B"
"NR_all_26354.1","4XJN|1|N","4XJN|1|N"
"NR_all_84454.1","4XK0|1|C","4XK0|1|C"
"NR_all_62940.1","2D6F|1|F","2D6F|1|F,2D6F|1|E"
"NR_all_93593.1","5GM6|1|N","5GM6|1|N"
"NR_all_05778.1","5GXH|1|B","5GXH|1|B"
"NR_all_90795.7","6KQE|1|I","6KQE|1|I,5VI5|1|Q,4XLN|1|T,4XLR|1|T,4XLN|1|Q,4XLR|1|Q,8GZG|1|3"
"NR_all_93255.1","5H0R|1|H+5H0R|1|I","5H0R|1|H+5H0R|1|I"
"NR_all_59959.1","2DD3|1|A+2DD3|1|B","2DD3|1|A+2DD3|1|B"
"NR_all_70938.1","4XW0|1|A+4XW0|1|B","4XW0|1|A+4XW0|1|B"
"NR_all_67036.1","5H1L|1|B","5H1L|1|B"
"NR_all_44285.2","2DER|1|D","2DER|1|D,2DER|1|C,2DET|1|C,2DEU|1|D,2DEU|1|C,8HSP|1|V,8YUP|1|V,8HTZ|1|V,8YUQ|1|V,8YUS|1|V,8YUR|1|V,8HU1|1|V"
"NR_all_59694.1","5HAB|1|C","5HAB|1|C,5HAB|1|D"
"NR_all_09504.1","4XWW|1|D","4XWW|1|D"
"NR_all_23118.1","5HBY|1|A","5HBY|1|A,5V0K|1|A"
"NR_all_20856.1","5HJZ|1|C","5HJZ|1|C"
"NR_all_68446.1","4U6K|1|A","4U6K|1|A,4U6K|1|C,4U6M|1|A,4U6L|1|A,479D|1|B,2DQP|1|B,2DQO|1|B,2DQQ|1|B"
"NR_all_00839.1","4Y52|1|R","4Y52|1|R,4Y7N|1|R"
"NR_all_79685.1","4YHW|1|E+4YHW|1|C","4YHW|1|E+4YHW|1|C"
"NR_all_65615.1","5HR6|1|C","5HR6|1|C,5HR6|1|D"
"NR_all_66108.1","2DRA|1|B","2DRA|1|B,2DVI|1|B,2ZH6|1|B,2DR8|1|B,2DRB|1|B,2DR9|1|B,2ZH3|1|B,2ZH2|1|B,2ZHB|1|B,2ZH1|1|B,2ZH4|1|B,2ZH8|1|B,2ZH7|1|B,2DR7|1|B,2ZH5|1|B,2ZHA|1|B,2ZH9|1|B,2DR5|1|B"
"NR_all_91999.1","5HSW|1|B","5HSW|1|B"
"NR_all_56203.1","5I4A|1|D","5I4A|1|D,5I4A|1|B"
"NR_all_05054.1","5I8Q|1|F","5I8Q|1|F"
"NR_all_66760.1","5I9F|1|F","5I9F|1|F"
"NR_all_36938.1","5I9H|1|B","5I9H|1|B"
"NR_all_33389.1","2DU3|1|D","2DU3|1|D,2DU4|1|C,2DU5|1|D,2DU6|1|D"
"NR_all_39569.1","4YYE|1|C","4YYE|1|C,4YYE|1|D"
"NR_all_61479.1","5IBB|1|1L","5IBB|1|1L"
"NR_all_20840.1","5IEM|9|A","5IEM|9|A"
"NR_all_73713.1","4Z31|1|C+4Z31|1|D","4Z31|1|C+4Z31|1|D"
"NR_all_14903.1","4Z7L|1|I","4Z7L|1|I,4Z7L|1|F,4Z7L|1|C"
"NR_all_02935.1","5IP2|1|F","5IP2|1|F"
"NR_all_27625.1","4ZC7|1|A+4ZC7|1|B","4ZC7|1|A+4ZC7|1|B,4ZC7|1|C+4ZC7|1|D"
"NR_all_10920.1","4ZLD|1|B","4ZLD|1|B"
"NR_all_96438.2","7ZJX|1|I","7ZJX|1|I,5IT9|1|i,7JQC|1|i"
"NR_all_45659.1","4ZNP|1|A","4ZNP|1|A,4ZNP|1|B"
"NR_all_15997.1","5IYD|1|Z","5IYD|1|Z,5IY9|1|Z"
"NR_all_89498.1","5J1O|2|B","5J1O|2|B"
"NR_all_10954.1","2E9R|1|A+2E9R|1|B","2E9R|1|A+2E9R|1|B"
"NR_all_69379.1","5J8B|1|w","5J8B|1|w"
"NR_all_86148.1","5A0T|1|E","5A0T|1|E,5A0T|1|F"
"NR_all_16755.1","2EC0|1|B+2EC0|1|C","2EC0|1|B+2EC0|1|C,2EC0|1|E+2EC0|1|F"
"NR_all_60836.1","5A0V|1|E","5A0V|1|E,5A0V|1|F"
"NR_all_24509.1","2ERR|1|B","2ERR|1|B"
"NR_all_87573.1","2ESE|1|B","2ESE|1|B"
"NR_all_16360.1","2EVY|1|A","2EVY|1|A"
"NR_all_40313.5","7ZHG|1|2","7ZHG|1|2,7ZAI|1|2,7ZAH|1|2,7ZAG|1|2,6SWC|1|2,6SW9|1|2,5JB3|1|2,5JBH|1|2"
"NR_all_78025.1","5A2T|1|Z","5A2T|1|Z"
"NR_all_60222.1","5JBJ|1|X+5JBJ|1|Y","5JBJ|1|X+5JBJ|1|Y"
"NR_all_83799.1","5AJ0|1|Bv","5AJ0|1|Bv"
"NR_all_87852.1","5JCH|1|U+5JCH|1|V","5JCH|1|U+5JCH|1|V,5JCH|1|X+5JCH|1|Y,5JC3|1|X+5JC3|1|Y,5JCF|1|C+5JCF|1|D,5JC3|1|C+5JC3|1|D"
"NR_all_52870.1","5JC7|1|X+5JC7|1|Y","5JC7|1|X+5JC7|1|Y"
"NR_all_40777.1","5JEA|1|R","5JEA|1|R"
"NR_all_82951.1","2O3X|1|A+2O3X|1|B","2O3X|1|A+2O3X|1|B,2F4S|1|A+2F4S|1|B"
"NR_all_33071.1","2F4X|1|A+2F4X|1|B","2F4X|1|A+2F4X|1|B"
"NR_all_88451.1","5JJK|1|G","5JJK|1|G"
"NR_all_26758.1","5JPQ|1|2","5JPQ|1|2"
"NR_all_03598.2","2LPT|1|A","2LPT|1|A,2LPS|2|A,2F88|1|A"
"NR_all_10263.1","5AKA|1|7","5AKA|1|7"
"NR_all_89476.1","5JRC|1|E","5JRC|1|E"
"NR_all_59799.1","2F8S|1|C+2F8S|1|D","2F8S|1|C+2F8S|1|D"
"NR_all_40155.1","5AMR|1|B+5AMR|1|C","5AMR|1|B+5AMR|1|C,5AMQ|1|B+5AMQ|1|c,6Z6G|1|H+6Z6G|1|X,6Z8K|1|H+6Z8K|1|X"
"NR_all_81978.1","2FDT|7|A","2FDT|7|A"
"NR_all_28277.1","7D6Z|1|3","7D6Z|1|3,5JTE|1|AX,5JU8|1|AX,7D80|1|y"
"NR_all_31135.1","5AOR|1|C","5AOR|1|C,5AOR|1|D"
"NR_all_55504.1","5JXS|1|B+5JXS|1|C","5JXS|1|B+5JXS|1|C"
"NR_all_59099.1","5AOX|1|C","5AOX|1|C,5AOX|1|F"
"NR_all_51632.1","2FTC|1|R","2FTC|1|R"
"NR_all_43992.1","5AWH|1|C","5AWH|1|C,5AWH|1|E"
"NR_all_31791.1","2FZ2|1|D","2FZ2|1|D,2XPJ|1|D"
"NR_all_76611.1","2G1G|1|A","2G1G|1|A"
"NR_all_96162.2","7EL1|1|B","7EL1|1|B,5CZZ|1|B,5AXW|1|B"
"NR_all_26733.1","2G4B|1|B","2G4B|1|B"
"NR_all_38498.1","5K36|1|M","5K36|1|M"
"NR_all_90160.4","5B2P|1|B","5B2P|1|B,5B2O|1|B,5B2Q|1|B"
"NR_all_51078.1","5K77|1|X","5K77|1|X,5K77|1|Y,5K77|1|W"
"NR_all_74407.1","5XH7|1|B","5XH7|1|B,5XH6|1|B,5B43|1|B"
"NR_all_28661.1","5K78|1|X","5K78|1|X"
"NR_all_55114.1","5B63|1|D","5B63|1|D,5B63|1|B,5YYN|1|D,5YYN|1|B"
"NR_all_33619.1","5K78|1|x","5K78|1|x,5K78|1|y"
"NR_all_79446.1","2G91|1|A+2G91|1|B","2G91|1|A+2G91|1|B"
"NR_all_36148.1","5KH8|2|A","5KH8|2|A"
"NR_all_70012.2","8D71|1|B","8D71|1|B,5KI6|1|B"
"NR_all_03624.1","5KL1|1|C","5KL1|1|C"
"NR_all_80545.1","5BKL|1|WW+5BKL|1|V","5BKL|1|WW+5BKL|1|V"
"NR_all_11837.1","5KLA|1|B","5KLA|1|B"
"NR_all_30399.1","5BKL|1|a","5BKL|1|a"
"NR_all_74174.1","5KPY|1|A","5KPY|1|A"
"NR_all_76723.1","5BKL|1|h+5BKL|1|S","5BKL|1|h+5BKL|1|S"
"NR_all_25170.1","5BKL|1|kk+5BKL|1|TT","5BKL|1|kk+5BKL|1|TT"
"NR_all_83764.1","5BKN|1|T+5BKN|1|i","5BKN|1|T+5BKN|1|i"
"NR_all_70596.1","5BKN|1|UU+5BKN|1|ll","5BKN|1|UU+5BKN|1|ll"
"NR_all_16683.1","5BKN|1|X+5BKN|1|m","5BKN|1|X+5BKN|1|m"
"NR_all_02486.1","5BKN|1|e","5BKN|1|e"
"NR_all_63255.1","5BTP|1|B","5BTP|1|B,5BTP|1|A"
"NR_all_79747.1","5BUD|1|E","5BUD|1|E"
"NR_all_85979.1","5L1Z|1|N","5L1Z|1|N"
"NR_all_74556.1","5BZV|1|B","5BZV|1|B,5BYM|1|C"
"NR_all_73988.1","5L2L|1|D","5L2L|1|D,5L2L|1|C,5L2L|1|H,5L2L|1|G"
"NR_all_86160.1","5BZ5|1|B","5BZ5|1|B"
"NR_all_26454.1","5C0W|1|N","5C0W|1|N"
"NR_all_09580.1","5C0Y|1|C","5C0Y|1|C"
"NR_all_20325.1","5C4X|1|R","5C4X|1|R,5C4J|1|R,5C3E|1|R,5C4A|1|R,5C44|1|R"
"NR_all_30196.1","5C9H|1|C+5C9H|1|D","5C9H|1|C+5C9H|1|D"
"NR_all_72172.1","5CCB|1|N","5CCB|1|N,5CCX|1|N,5CD1|1|N,5CD1|1|M"
"NR_all_82905.1","2GIO|1|A","2GIO|1|A,2GIP|1|A"
"NR_all_56975.1","5CKI|1|D","5CKI|1|D,5CKK|1|D"
"NR_all_02070.1","5CNR|1|A+5CNR|1|B","5CNR|1|A+5CNR|1|B,5CNR|1|E+5CNR|1|F"
"NR_all_55964.1","5D5L|1|A","5D5L|1|A,5D5L|1|D,5D5L|1|B,5D5L|1|C"
"NR_all_84517.1","5FJC|1|A","5FJC|1|A,5FK4|1|A,2YGH|1|A,3GX5|1|A,4B5R|1|A,5FK3|1|A,5FK2|1|A,5FKF|1|A,3GX3|1|A,5FK6|1|A,3IQR|1|A,7EAF|1|A,3IQP|1|A,3GX7|1|A,3IQN|1|A,5FK1|1|A,5FKD|1|A,2GIS|1|A,2YDH|1|A,3GX2|1|A,5FKH|1|A,5FKG|1|A,5FKE|1|A,3GX6|1|A,5FK5|1|A"
"NR_all_87665.1","5D8T|1|A+5D8T|1|B","5D8T|1|A+5D8T|1|B,6CY2|1|A+6CY2|1|B,6CXZ|1|A+6CXZ|1|B,5VR4|1|C+5VR4|1|D,5VR4|1|A+5VR4|1|B,6CY4|1|C+6CY4|1|D,6CY4|1|A+6CY4|1|B,6CY4|1|E+6CY4|1|F,6CY4|1|G+6CY4|1|H,5DER|1|A+5DER|1|B,5DER|1|C+5DER|1|D,6CY0|1|A+6CY0|1|B,6CY0|1|C+6CY0|1|D,6CY0|1|E+6CY0|1|F,6CY0|1|G+6CY0|1|H"
"NR_all_10362.1","5LM7|1|G","5LM7|1|G,5LM7|1|R"
"NR_all_30489.1","5LQO|1|A+5LQO|1|B","5LQO|1|A+5LQO|1|B"
"NR_all_94479.1","5LQW|1|6+5LQW|1|2","5LQW|1|6+5LQW|1|2"
"NR_all_86088.1","5LR4|1|A+5LR4|1|B","5LR4|1|A+5LR4|1|B,5LR4|1|C+5LR4|1|D"
"NR_all_78802.1","2GJE|1|S","2GJE|1|S"
"NR_all_54661.1","2GJW|1|I+2GJW|1|J+2GJW|1|L","2GJW|1|I+2GJW|1|J+2GJW|1|L,2GJW|1|E+2GJW|1|F+2GJW|1|H"
"NR_all_92938.1","5LSN|1|A","5LSN|1|A"
"NR_all_20250.1","2GO5|1|9","2GO5|1|9"
"NR_all_93087.1","5LWJ|1|A","5LWJ|1|A"
"NR_all_67479.1","2J37|1|A","2J37|1|A,2GO5|1|A"
"NR_all_33278.1","5LYS|1|B","5LYS|1|B,5LYV|1|B,5LYS|1|A,5LYU|1|B,5LYU|1|A,5LYV|1|A"
"NR_all_69350.1","5DDO|1|A","5DDO|1|A"
"NR_all_46720.3","5DDP|1|A","5DDP|1|A,5DDP|1|B,5DDQ|1|A,5DDQ|1|B,5DDR|1|B,5DDR|1|A"
"NR_all_58299.1","2GRB|1|F","2GRB|1|F,2GRB|1|A,2GRB|1|C,2GRB|1|B,2GRB|1|E,2GRB|1|H,2GRB|1|G,2GRB|1|D"
"NR_all_83636.2","5LZC|1|x","5LZC|1|x,5LZB|1|x"
"NR_all_70873.1","2GTT|1|W","2GTT|1|W,8FFR|1|W"
"NR_all_97393.1","5LZD|1|x","5LZD|1|x"
"NR_all_34284.1","5LZS|1|ii","5LZS|1|ii,8Z71|1|s"
"NR_all_53424.1","2GUN|1|B","2GUN|1|B"
"NR_all_66328.1","5M0H|1|A","5M0H|1|A"
"NR_all_97787.1","2GV4|3|A","2GV4|3|A"
"NR_all_89128.1","5DET|1|P","5DET|1|P"
"NR_all_86202.1","5M0I|1|F","5M0I|1|F"
"NR_all_76177.1","2GXB|1|E+2GXB|1|F","2GXB|1|E+2GXB|1|F"
"NR_all_29795.1","5DH6|1|A+5DH6|1|B","5DH6|1|A+5DH6|1|B,5DI4|1|A+5DI4|1|B,5DQK|1|A+5DQK|1|B,5EAO|1|A+5EAO|1|B,5DH7|1|A+5DH7|1|B,5DI2|1|A+5DI2|1|B,5DH8|1|A+5DH8|1|B,5EAQ|1|A+5EAQ|1|B"
"NR_all_78625.1","5M0J|1|F","5M0J|1|F"
"NR_all_04723.1","2HEM|1|A","2HEM|1|A"
"NR_all_21811.1","2HNS|1|A","2HNS|1|A"
"NR_all_25696.1","2HUA|1|A","2HUA|1|A"
"NR_all_84026.2","5DHB|1|A+5DHB|1|B","5DHB|1|A+5DHB|1|B,5DHB|1|C+5DHB|1|D,5HBW|1|A+5HBW|1|B,6U89|1|A+6U89|1|B"
"NR_all_46722.1","2I2Y|1|B","2I2Y|1|B"
"NR_all_38180.1","5MFX|1|B","5MFX|1|B"
"NR_all_98374.1","2I82|1|F","2I82|1|F,2I82|1|E,2I82|1|G,2I82|1|H"
"NR_all_19413.1","2I91|1|F+2I91|1|E","2I91|1|F+2I91|1|E,2I91|1|D+2I91|1|C"
"NR_all_47156.1","2IL9|1|A","2IL9|1|A,2IL9|1|M"
"NR_all_25700.1","5DO4|1|A","5DO4|1|A"
"NR_all_01620.1","2IRN|1|A+2IRN|1|B","2IRN|1|A+2IRN|1|B"
"NR_all_38685.1","5DTO|1|B","5DTO|1|B"
"NR_all_96380.1","2IX1|1|B","2IX1|1|B"
"NR_all_40734.1","2IXZ|1|A","2IXZ|1|A"
"NR_all_51660.3","5NCO|1|1","5NCO|1|1,5GAH|1|1,5GAD|1|1,5GAG|1|1,5GAF|1|1,2IY3|1|B"
"NR_all_10425.1","2J28|1|8","2J28|1|8"
"NR_all_78207.1","1YSH|1|A","1YSH|1|A"
"NR_all_98897.1","1YSH|1|F","1YSH|1|F"
"NR_all_65678.1","1YVP|1|C+1YVP|1|D","1YVP|1|C+1YVP|1|D,1YVP|1|E+1YVP|1|F"
"NR_all_08150.1","1YVP|1|G","1YVP|1|G"
"NR_all_85514.1","1YYK|1|C+1YYK|1|D","1YYK|1|C+1YYK|1|D,1YYK|1|E+1YYK|1|F,1YYO|1|E+1YYO|1|F,1YYO|1|C+1YYO|1|D"
"NR_all_24746.1","1YYW|1|I+1YYW|1|J","1YYW|1|I+1YYW|1|J,1YYW|1|E+1YYW|1|F,1YYW|1|G+1YYW|1|H,1YYW|1|K+1YYW|1|L"
"NR_all_44326.1","1YZ9|1|C+1YZ9|1|D+1YZ9|1|E+1YZ9|1|F","1YZ9|1|C+1YZ9|1|D+1YZ9|1|E+1YZ9|1|F,5OC6|1|B+5OC6|1|C"
"NR_all_38795.1","1YZD|1|A+1YZD|1|B","1YZD|1|A+1YZD|1|B"
"NR_all_78862.1","4V9E|1|Ag","4V9E|1|Ag,4V9E|1|Bm,4V9E|1|Am,4V9E|1|Aa,4V9E|1|Ba,4V9E|1|Bg"
"NR_all_10487.1","4NFQ|1|A","4NFQ|1|A,4NFQ|1|B+4NFQ|1|C,4NFO|1|A,4NFP|1|B+4NFP|1|C,4NFP|1|A,4NFO|1|B+4NFO|1|C,1YZD|1|C"
"NR_all_37335.1","5E08|1|N","5E08|1|N"
"NR_all_28395.1","1Z2J|1|A","1Z2J|1|A"
"NR_all_18111.1","1Z31|1|A","1Z31|1|A"
"NR_all_93523.1","1ZBI|1|C","1ZBI|1|C,1ZBL|1|C"
"NR_all_56345.1","5SWD|1|B","5SWD|1|B,5E54|1|B,5E54|1|A,5SWD|1|A"
"NR_all_10635.1","1ZBN|1|A","1ZBN|1|A"
"NR_all_59748.1","1ZC8|1|A","1ZC8|1|A"
"NR_all_34216.1","1ZC8|1|C","1ZC8|1|C"
"NR_all_09737.1","1ZC8|1|G","1ZC8|1|G"
"NR_all_54091.1","1ZC8|1|I","1ZC8|1|I"
"NR_all_53827.1","1ZDJ|1|R","1ZDJ|1|R,1ZDJ|1|S"
"NR_all_94396.3","4WAN|1|B","4WAN|1|B,4WAN|1|F,4WAN|1|H,4WAN|1|D,4WAL|1|B"
"NR_all_40597.1","2HW8|1|B","2HW8|1|B,1ZHO|1|D,1ZHO|1|B,1ZHO|1|F,1ZHO|1|H"
"NR_all_56729.1","1ZIG|1|A","1ZIG|1|A"
"NR_all_91367.1","1ZN1|1|B","1ZN1|1|B"
"NR_all_51487.1","4L8H|1|R","4L8H|1|R,2BS1|1|R,2BS1|1|S,2BS0|1|R,1ZSE|1|R,2BS0|1|S,2B2D|1|R,2B2D|1|S"
"NR_all_87784.1","1ZX7|1|C+1ZX7|1|E+1ZX7|1|D+1ZX7|1|F","1ZX7|1|C+1ZX7|1|E+1ZX7|1|D+1ZX7|1|F,1ZX7|1|A+1ZX7|1|G+1ZX7|1|B+1ZX7|1|H"
"NR_all_89779.1","219D|1|B","219D|1|B"
"NR_all_19715.1","255D|1|A","255D|1|A"
"NR_all_23362.2","5EBI|1|A","5EBI|1|A,5EBI|1|B,5EBI|1|D,5EBI|1|C,5EBI|1|E,5EBI|1|G"
"NR_all_03631.1","2A64|1|A","2A64|1|A"
"NR_all_33315.1","2A8V|1|E","2A8V|1|E"
"NR_all_50566.1","2AD9|1|B","2AD9|1|B"
"NR_all_63204.1","5EBI|1|F","5EBI|1|F"
"NR_all_91357.1","2ADC|19|B","2ADC|19|B"
"NR_all_54107.1","5ED1|1|C+5ED1|1|B","5ED1|1|C+5ED1|1|B,5HP3|1|C+5HP3|1|B,5HP2|1|C+5HP2|1|B"
"NR_all_45605.1","5ED2|1|F+5ED2|1|E","5ED2|1|F+5ED2|1|E,5ED2|1|C+5ED2|1|B"
"NR_all_28115.1","2AGN|1|A","2AGN|1|A"
"NR_all_55334.1","5ELK|1|R","5ELK|1|R"
"NR_all_73745.1","2AGN|1|D","2AGN|1|D"
"NR_all_51148.1","5ELS|1|H","5ELS|1|H"
"NR_all_52699.1","2AKE|1|B","2AKE|1|B,2DR2|1|B"
"NR_all_36231.1","2ANN|1|B","2ANN|1|B,2ANR|1|B"
"NR_all_54156.1","5EME|1|A","5EME|1|A"
"NR_all_94252.1","5EMO|1|E","5EMO|1|E"
"NR_all_67463.1","2AP0|9|A","2AP0|9|A"
"NR_all_15161.1","5EN1|1|B","5EN1|1|B"
"NR_all_37298.1","2ASB|1|B","2ASB|1|B"
"NR_all_62764.1","5EV1|1|B","5EV1|1|B"
"NR_all_41357.1","5EV3|1|B","5EV3|1|B,5EV2|1|B"
"NR_all_30433.1","5EW4|1|B+5EW4|1|A","5EW4|1|B+5EW4|1|A,5EW7|1|B+5EW7|1|A"
"NR_all_44263.1","2AWQ|3|A","2AWQ|3|A"
"NR_all_28023.1","5EX7|1|B","5EX7|1|B"
"NR_all_98033.1","2AZX|1|D","2AZX|1|D,2AZX|1|C"
"NR_all_21689.1","2B3J|1|G","2B3J|1|G"
"NR_all_27096.1","4WFL|1|A","4WFL|1|A,4WFM|1|A,4WFM|1|B"
"NR_all_39506.1","5F5F|1|F","5F5F|1|F"
"NR_all_58991.1","5F5H|1|D","5F5H|1|D"
"NR_all_98703.1","4WQS|1|H","4WQS|1|H"
"NR_all_21055.1","4WRT|1|V+4WRT|1|R","4WRT|1|V+4WRT|1|R,7Z43|1|VVV+7Z43|1|RRR,4WSA|1|V+4WSA|1|R,5M3J|1|V+5M3J|1|R,5MSG|1|V+5MSG|1|R,6T0N|1|V+6T0N|1|R,6SZV|1|V,6QCS|1|V+6QCS|1|R,7R1F|1|V,6QCT|1|V,6F5O|1|V+6F5O|1|R"
"NR_all_47349.1","4WT8|1|D4","4WT8|1|D4"
"NR_all_44672.1","5O61|1|BW","5O61|1|BW"
"NR_all_06388.1","6C6K|1|F","6C6K|1|F,6C6K|1|E"
"NR_all_23975.1","5O7H|1|A","5O7H|1|A,5O6U|1|A"
"NR_all_83717.145","5J7L|1|DA","5J7L|1|DA,5J8A|1|DA,5JC9|1|DA,4YBB|1|DA,5IT8|1|DA,4WOI|1|BA,4WOI|1|CA,6I7V|1|DA,5J91|1|DA,4V9P|1|EA,5J88|1|DA,4V9P|1|CA,4V9P|1|GA,4V9P|1|AA,6LKQ|1|t,4V9D|1|CA,4V9O|1|AA,4V9O|1|EA,4WWW|1|RA,4V9O|1|CA,4V6C|1|BA,5J7L|1|CA,4V7T|1|BA,4U27|1|BA,4WF1|1|BA,5J8A|1|CA,5JC9|1|CA,4V7U|1|BA,4V7V|1|BA,4V52|1|DB,4U24|1|BA,4U25|1|BA,4V9D|1|DA,4U26|1|BA,4V7S|1|BA,4V57|1|DB,4V52|1|BB,4V57|1|BB,4V9O|1|GA,4U1U|1|BA,4V85|1|BA,4V54|1|DB,4V64|1|DB,4V50|1|DB,4V54|1|BB,4V64|1|BB,6BY1|1|CA,4V53|1|DB,4V50|1|BB,4YBB|1|CA,4U1V|1|BA,5J88|1|CA,4V53|1|BB,4V9C|1|DA,4V56|1|DB,4U20|1|BA,4V56|1|BB,6I7V|1|CA,6BY1|1|DA,4U27|1|DA,4V55|1|DB,4V4Q|1|DB,4V55|1|BB,4V4Q|1|BB,4V6D|1|BA,4U25|1|DA,4U1U|1|DA,4V9C|1|BA,4U1V|1|DA,4V89|1|BA,5IT8|1|CA,4V6E|1|BA,4WF1|1|DA,4U24|1|DA,4U26|1|DA,4U20|1|DA,4V6C|1|DA,4V5Y|1|DB,5J91|1|CA,4WWW|1|YA,4V7T|1|DA,4V5Y|1|BB,4V6D|1|DA,4V7V|1|DA,4V7S|1|DA,4V7U|1|DA,4V6E|1|DA,4V5B|1|CB,4V5B|1|AB,5J5B|1|DA,4V4H|1|DB,4V4H|1|BB,5J5B|1|CA,6HRM|1|1,8B0X|1|a,8CGK|1|a,8CGV|1|a,8CEU|1|a,8FTO|1|a,8E30|1|I,8CAM|1|a,8AYE|1|a,8E3O|1|I,7K00|1|a,8CGD|1|a,8E49|1|I,8QOA|1|a,8G6W|1|a,7QQ3|1|I,8BIM|1|0,8E43|1|I,7ZP8|1|b,8BIL|1|0,8G6Y|1|a,8E41|1|I,8EMM|1|a,6XZ7|1|A,8QBT|1|A,8ANA|1|a,8BGE|1|0,7LVK|1|I,7Z20|1|b,6PJ6|1|I,8E35|1|I,8E48|1|I,7N1P|1|23,8R6C|1|a,8E33|1|I,8BHL|1|0,7PJS|1|A,8E3M|1|I,7S1H|1|I,8E47|1|I,8E45|1|I,8EIU|1|a,8E42|1|I,8E46|1|I,8YUO|1|a,8E32|1|I,8E3L|1|I,8RQ2|1|A,8RQ0|1|A,8RPZ|1|A,7S1K|1|I,7O1A|1|BA,8AKN|1|a,8BF7|1|0,8G6X|1|a,8HSP|1|a,7S1J|1|I,7Y7G|1|a,7S1I|1|I,7S1G|1|I,8E36|1|I,8BHP|1|0,7BL4|1|A,8YUP|1|a,7YLA|1|I,7N2U|1|23,9FBV|1|a,8HTZ|1|a,7N2V|1|23,8W51|1|A,7ZOD|1|b,7Y7E|1|a,8YUQ|1|a,8R8M|1|a,7SA4|1|1,8IFB|1|a,7Y7F|1|a,8YUS|1|a,6YS3|1|b,7UG7|1|23,6YSS|1|A,8YUR|1|a,9AX8|1|A,6PCR|1|I,6PC6|1|I,6PC7|1|I,7Y7C|1|a,7Y7H|1|a,8E44|1|I,7NWT|1|1,7N30|1|23,6XZB|1|A2,7ZQ5|1|b,7N31|1|23,7O1C|1|BA,7ZTA|1|23S1,6TBV|1|23S1,6TC3|1|23S1,7Y7D|1|a,9CG5|1|a,8RPY|1|A,8BH4|1|0,7ZQ6|1|b,6PCQ|1|I,7N2C|1|23,9CG6|1|a,8EKC|1|A,9AX7|1|a,8P16|1|1,8P18|1|1,8QK7|1|1,8P17|1|1,6XZA|1|A2,7M5D|1|1,8G7R|1|A,7UPH|1|I,6QDW|1|b,8HU1|1|a,6PC5|1|I,7NSO|1|A,7ST2|1|1,9CG7|1|a,7OT5|1|1,7OTC|1|A,8FZH|1|A,8G7P|1|A,7B5K|1|A,8BHJ|1|0,6WYV|1|I,8AM9|1|a,6PCT|1|I,6U48|1|CA,8J1Z|1|a,6Y69|1|A,8SYL|1|A,6PCS|1|I,7O19|1|BA,7ST6|1|1,7TOS|1|23S,5AFI|1|A,6WNT|1|4,8BGH|1|0,5NWY|1|N,6WD0|1|1,7OII|1|1,7OIF|1|1,6WDE|1|1,8B7Y|1|I,8FZE|1|A,8FZJ|1|A,8BHN|1|0,5H5U|1|A,7OIZ|1|a,7P3K|1|a,8IFC|1|a,7NWW|1|1,6ORE|1|1,7Q4K|1|BA,6PC8|1|I,5MDV|1|1,8G2U|1|B,6H4N|1|A,7AC7|1|1,7NSQ|1|A,6WNW|1|4,6ZTO|1|BA,6ZU1|1|BA,6ZTP|1|BA,6PCH|1|I,8PKL|1|7,6OM6|1|1,8URY|1|a,6X7K|1|a,6YSR|1|A,7PJY|1|A,7PJV|1|A,8FZI|1|A,8FZG|1|A,8G7S|1|A,8FZD|1|A,8G7Q|1|A,7NBU|1|a,8AP4|1|a,5MDW|1|1,6SZS|1|A,5MGP|1|A,7K54|1|1,7K53|1|1,7SSN|1|1,7LV0|1|1,7SSO|1|1,7ST7|1|1,8G34|1|B,8G38|1|B,5MDZ|1|1,6S0K|1|A,5U9G|1|01,5U9F|1|01,6WDD|1|1,5UYM|1|01,7OIG|1|1,7ACJ|1|1,6ENU|1|A,8UQL|1|a,6X6T|1|a,6YST|1|A,8FZF|1|A,7ABZ|1|1,6QUL|1|A,8Q4F|1|a,6VWL|1|2,5WFS|1|A,8T5D|1|B,7BL5|1|A,8R3V|1|72,7K55|1|1,7JT1|1|1,8T5H|1|B,7SSD|1|1,6WDG|1|1,8G31|1|B,6WDF|1|1,6WD1|1|1,6OG7|1|1,5WE4|1|A,6OFX|1|1,8PEG|1|7,3JBV|1|b,7CPJ|1|A,9GR1|1|a,6C4I|1|A,5WDT|1|A,7QGN|1|N,7BV8|1|A,6ENF|1|A,7K50|1|1,7K52|1|1,6WNV|1|4,6OGI|1|1,8UR0|1|a,5GAE|1|A,8A3L|1|a,3JCE|1|A,7ACR|1|1,5MDY|1|1,5LZD|1|A,7D6Z|1|A,6ZTM|1|BA,5WE6|1|A,6I0Y|1|A,7NSP|1|A,7JT2|1|1,7K51|1|1,8RCL|1|72,6X7F|1|a,6BU8|1|01,5WFK|1|A,5O2R|1|A,5LZE|1|A,8C8Y|1|A,6ZTJ|1|BA,5U4I|1|A,6VWN|1|2,6VWM|1|2,5UYL|1|01,6WD2|1|1,6WDK|1|1,6WD5|1|1,6WDM|1|1,6WD3|1|1,7OJ0|1|a,8RCM|1|72,5IQR|1|1,6OSQ|1|1,3JBU|1|b,5LZA|1|A,5KCR|1|1A,5JU8|1|BA,5JTE|1|BA,7JT3|1|1,7JSZ|1|1,7JSS|1|1,6WDJ|1|1,6WD4|1|1,6WD8|1|1,6WD6|1|1,7BL3|1|A,6WD9|1|1,6WDL|1|1,6XDQ|1|a,6VU3|1|a,6VYQ|1|a,6VYS|1|a,6YSU|1|A,6ORL|1|1,8PHJ|1|a,6OSK|1|1,3J9Z|1|LA,6DNC|1|B,3JCJ|1|A,5WF0|1|A,7ODE|1|I,7JSW|1|1,7SSL|1|1,7SSW|1|1,5UYQ|1|01,6WDA|1|1,8UQP|1|a,6VYR|1|a,6ENJ|1|A,6Q9A|1|1,5L3P|1|A,5GAD|1|A,6GC8|1|A,5UYP|1|01,7SS9|1|1,5UYK|1|01,6OGF|1|1,6WD7|1|1,6ZTL|1|BA,8VSA|1|23S,7BL2|1|A,6GWT|1|A,6OUO|1|1,5KPW|1|27,6GXM|1|A,5GAG|1|A,5GAH|1|A,6GBZ|1|A,7QG8|1|N,5KPS|1|28,5UYN|1|01,6WDI|1|1,6WDB|1|1,6GC0|1|A,3J9Y|1|A,7PJW|1|A,6GXO|1|A,8C8Z|1|A,6GXN|1|A,6O9K|1|A,6O9J|1|B,5KPX|1|27,3JCD|1|A,4UY8|1|A,7D80|1|A,5KCS|1|1A,6VZJ|1|a,8VS9|1|23S,6OT3|1|1,6Q97|1|1,8FIZ|1|BA,6ZTN|1|BA,8C90|1|A,6OGG|1|1,6WDC|1|1,7BL6|1|A,3J7Z|1|A,5NP6|1|Y,6WDH|1|1,5KPV|1|27,8CGJ|1|a,8C8X|1|A,5GAF|1|A,8CGU|1|a,8RCS|1|72,7QGH|1|N,6GXP|1|A,6Q98|1|1,3JA1|1|LA,3JCN|1|A,8CEP|1|a,6OST|1|1,8PVA|1|a,6GC4|1|A,8CGR|1|a,5LZF|1|A,6XDR|1|a,8KIE|1|a,6X9Q|1|a,5LZC|1|A,5NCO|1|A,8C92|1|A,6XGF|1|a,6GC6|1|A,8C91|1|A,8C94|1|A,6C4H|1|A,6GC7|1|A,8C99|1|A,8UPR|1|a,8UQM|1|a,8URI|1|a,8RCT|1|72,5LZB|1|A,8C93|1|A,8UPO|1|a,8C98|1|A,7QGR|1|N,8URH|1|a,4CSU|1|B,8C97|1|A,8R3V|1|71,4V5H|1|BB,8C96|1|A,7PJZ|1|A,7PJT|1|A,8RCL|1|71,8RCM|1|71,5U4J|1|A,3J8G|1|B,9CL9|1|CA,7PJX|1|A,8URX|1|a,8C95|1|A,4V69|1|BB,5AKA|1|B,6VYU|1|a,6VZ7|1|a,6XII|1|a,6VYW|1|a,8RCS|1|71,4V6M|1|B8,4V7B|1|BA,5ADY|1|B,8C9A|1|A,3J5L|1|A,4V7C|1|BA,4V7D|1|AA,8RCT|1|71,6H58|1|AA,6H58|1|A,6XIJ|1|a,5ZZM|1|N,4V6K|1|AB,8C9B|1|A,6VZ5|1|a,6VZ3|1|a,4V7A|1|BA,4V65|1|BB,4V66|1|BB,8C9C|1|A,4V6T|1|BA,7PJU|1|A,2J28|1|B,2RDO|1|B,4V6V|1|BA,6VYY|1|a,6VYX|1|a,6VYZ|1|a,6VZ2|1|a,3DG2|1|B,3DG0|1|B,4V6R|1|BB,4V6Q|1|BB,4V7I|1|A8,4V48|1|A0,4V75|1|BA,4V6Z|1|BA,4V6Y|1|BA,3BBX|1|B,4V6N|1|AB,4V47|1|A0,4V72|1|BA,4V6S|1|AB,4V6L|1|BB,3DG4|1|B,4V6P|1|BB,6VYT|1|a,4V6O|1|BB,4V73|1|BA,4V79|1|BA,3DG5|1|B,4V4W|1|B0,4V4V|1|B0,4V76|1|BA,4V70|1|BA,4V74|1|BA,4V77|1|BA,4V78|1|BA,4V71|1|BA"
"NR_all_69813.13","7EQJ|1|B","7EQJ|1|B,7EQJ|1|A,6OF1|1|1w,5IBB|1|1K,6CAE|1|1y,6O97|1|1w,6OF1|1|1y,6BY1|1|AW,6OF1|1|2w,6O97|1|1y,6ND6|1|1y,5IBB|1|3L,6BY1|1|BW,6CAE|1|1w,6BY1|1|BV,6BY1|1|AV,6OF1|1|2y,6CAE|1|2y,6ND6|1|1w,6CAE|1|2w,6O97|1|2y,6ND6|1|2y,5IBB|1|3K,6O97|1|2w,6ND6|1|2w,6N1D|1|BPTN,6N1D|1|APTN,6BY1|1|AY,7K00|1|Y,7B5K|1|9,8PEG|1|Y,8R3V|1|Y1,8PVA|1|Y,8RCL|1|Y1,8RCM|1|Y1,8RCS|1|Y1,8RCT|1|Y1,4V7A|1|A1,4V6Y|1|A1,4V75|1|A1,4V6Z|1|A1,4V72|1|A1,4V73|1|A1,4V79|1|A1,4V70|1|A1,4V76|1|A1,4V77|1|A1,4V74|1|A1,4V78|1|A1,4V71|1|A1,2K4C|1|A"
"NR_all_57264.1","7L0Z|1|G","7L0Z|1|G,5OB3|1|A"
"NR_all_71960.1","6X50|1|R","6X50|1|R,6C6T|1|R,6X4Y|1|R,6X43|1|R,6C6U|1|R,6C6S|1|R,6X4W|1|R,6X2N|1|R,6X2F|1|R,6X26|1|R"
"NR_all_25919.1","6CF2|1|G","6CF2|1|G"
"NR_all_03988.1","2K65|1|A+2K65|1|B","2K65|1|A+2K65|1|B"
"NR_all_54932.1","2K7E|1|A+2K7E|1|B","2K7E|1|A+2K7E|1|B"
"NR_all_03015.1","2KD8|1|A","2KD8|1|A"
"NR_all_32738.1","6XH2|1|D","6XH2|1|D,6CMN|1|D,6XH3|1|D,6XH1|1|D,6XH0|1|D"
"NR_all_17139.1","2KUU|1|A","2KUU|1|A,2KUV|6|A,2KUR|10|A,2KE6|1|A"
"NR_all_75310.1","6CU1|1|A","6CU1|1|A"
"NR_all_98268.1","6CZR|1|1a","6CZR|1|1a,6CZR|1|2a"
"NR_all_31185.1","2KFY|1|B","2KFY|1|B"
"NR_all_17058.1","2KG1|1|B","2KG1|1|B"
"NR_all_79100.1","6D12|1|C","6D12|1|C"
"NR_all_06591.1","2KH9|1|B","2KH9|1|B"
"NR_all_65802.1","6D2Z|1|C","6D2Z|1|C,7EH0|1|I"
"NR_all_64884.1","2KM8|1|A","2KM8|1|A"
"NR_all_59155.1","6RXU|1|C1+6RXU|1|C2","6RXU|1|C1+6RXU|1|C2,5OQL|1|1+5OQL|1|2,6RXV|1|C1+6RXV|1|C2,6RXZ|1|C1+6RXZ|1|C2,6RXY|1|C1+6RXY|1|C2,6RXT|1|C1+6RXT|1|C2"
"NR_all_56742.1","6D3P|1|A","6D3P|1|A"
"NR_all_36960.1","2KOC|1|A","2KOC|1|A,6BY4|1|A,6BY5|9|A"
"NR_all_08389.1","6D6R|1|N","6D6R|1|N,6D6Q|1|N"
"NR_all_01039.2","5OR0|1|B+5OR0|1|A","5OR0|1|B+5OR0|1|A,6HMO|1|B+6HMO|1|A,6HMI|1|B+6HMI|1|A,8R63|1|B+8R63|1|A,8R8P|1|B+8R8P|1|A,8R62|1|B+8R62|1|A"
"NR_all_12111.2","6D8A|1|C","6D8A|1|C,6D92|1|C,6D92|1|H,6D8P|1|E,6D8P|1|C,6D8A|1|H,6D9K|1|H,6D9K|1|C,6D95|1|B,6D95|1|H,6D8F|1|C,6D8F|1|H"
"NR_all_50577.3","2KP4|1|B","2KP4|1|B,2KP3|1|B"
"NR_all_72946.1","2KPD|10|A","2KPD|10|A"
"NR_all_80875.1","2KRL|10|A","2KRL|10|A"
"NR_all_65186.1","2KRQ|1|A","2KRQ|1|A"
"NR_all_12772.1","6AZ1|1|1","6AZ1|1|1,5T2A|1|2,5OSG|1|2"
"NR_all_44431.1","2KRW|1|A","2KRW|1|A"
"NR_all_60942.1","5OT7|1|3","5OT7|1|3"
"NR_all_22508.1","2KRZ|1|A","2KRZ|1|A"
"NR_all_84648.1","6D90|1|4","6D90|1|4"
"NR_all_13046.1","2KU0|4|A","2KU0|4|A"
"NR_all_05919.1","6D9L|1|C","6D9L|1|C,6D9L|1|H"
"NR_all_32754.1","2KVN|19|A","2KVN|19|A"
"NR_all_76247.1","2KX8|1|A","2KX8|1|A"
"NR_all_45128.1","5T2A|1|B","5T2A|1|B"
"NR_all_99100.1","6AZ3|1|3","6AZ3|1|3,5T2A|1|E"
"NR_all_38306.1","6DCL|1|C","6DCL|1|C"
"NR_all_45331.1","2KXN|1|A","2KXN|1|A"
"NR_all_15150.1","6AZ3|1|6","6AZ3|1|6,5T2A|1|F"
"NR_all_61864.1","2KY0|1|A+2KY0|1|B","2KY0|1|A+2KY0|1|B"
"NR_all_82286.1","6AZ3|1|5","6AZ3|1|5,5T2A|1|H"
"NR_all_56623.1","2KY2|1|A+2KY2|1|B","2KY2|1|A+2KY2|1|B"
"NR_all_25467.1","5T5H|1|A+5T5H|1|C","5T5H|1|A+5T5H|1|C"
"NR_all_60207.1","2KYE|1|A","2KYE|1|A"
"NR_all_54575.1","5T5H|1|D","5T5H|1|D"
"NR_all_90150.1","5T5H|1|G","5T5H|1|G"
"NR_all_30259.1","5T7B|1|R","5T7B|1|R"
"NR_all_91539.1","5T83|1|A","5T83|1|A"
"NR_all_95363.4","3K1V|1|A","3K1V|1|A,3FU2|1|C,3FU2|1|B,3FU2|1|A,2L1V|1|A"
"NR_all_74018.1","5TCU|1|D","5TCU|1|D,5TCU|1|E"
"NR_all_73308.1","2L2K|1|A","2L2K|1|A"
"NR_all_03882.1","2L3E|11|A","2L3E|11|A"
"NR_all_92430.1","6DMN|1|B","6DMN|1|B,6DMV|1|B,6DOC|1|B"
"NR_all_35362.1","2L41|1|B","2L41|1|B"
"NR_all_98138.1","5TKO|1|A+5TKO|1|B","5TKO|1|A+5TKO|1|B,5TKO|1|C+5TKO|1|D"
"NR_all_01439.1","5TPY|1|A","5TPY|1|A"
"NR_all_48491.1","2L6I|1|A","2L6I|1|A"
"NR_all_75087.1","5TZS|1|2","5TZS|1|2"
"NR_all_85531.1","6DNH|1|E","6DNH|1|E"
"NR_all_82774.1","2L8F|1|A+2L8F|1|B","2L8F|1|A+2L8F|1|B"
"NR_all_00317.1","2L8U|1|A+2L8U|1|B","2L8U|1|A+2L8U|1|B"
"NR_all_80173.1","2L94|1|A","2L94|1|A"
"NR_all_50424.1","5U30|1|B","5U30|1|B,5U31|1|B,5U33|1|B,5U34|1|B,5WQE|1|B"
"NR_all_18912.1","2LA5|6|A","2LA5|6|A"
"NR_all_31352.3","2LAC|1|A","2LAC|1|A,2LBQ|4|A,2LA9|1|A"
"NR_all_10812.1","2LBJ|5|A","2LBJ|5|A"
"NR_all_77106.1","5U9B|4|B","5U9B|4|B"
"NR_all_43408.1","2LBL|3|A","2LBL|3|A"
"NR_all_41221.1","2LC8|1|A","2LC8|1|A"
"NR_all_87104.1","2LDT|4|A","2LDT|4|A"
"NR_all_88047.3","5UDI|1|B","5UDI|1|B,5UDL|1|B,5UDK|1|B,5UDJ|1|B,5W5I|1|B,5W5I|1|D,5W5H|1|B,5W5H|1|D"
"NR_all_29618.1","2LEC|1|B","2LEC|1|B"
"NR_all_02664.1","2LI4|1|A","2LI4|1|A"
"NR_all_80099.1","2LJJ|1|A","2LJJ|1|A"
"NR_all_23876.1","2LKR|3|A","2LKR|3|A"
"NR_all_01949.5","5UED|1|A+5UED|1|B","5UED|1|A+5UED|1|B,6C8J|1|A+6C8J|1|B,7KUP|1|A+7KUP|1|B,7KUK|1|A+7KUK|1|B,7KUM|1|A+7KUM|1|B,8SWG|1|A+8SWG|1|B,7KUL|1|A+7KUL|1|B,6C8D|1|A+6C8D|1|B,6C8I|1|A+6C8I|1|B,5UEE|1|A+5UEE|1|B,6C8L|1|A+6C8L|1|B,6C8E|1|A+6C8E|1|B,6U8U|1|A+6U8U|1|B,5UEF|1|A+5UEF|1|B,7KUO|1|A+7KUO|1|B,6C8K|1|A+6C8K|1|B,6CAB|1|A+6CAB|1|B,6OWL|1|A,5UEG|1|A+5UEG|1|B,5UEG|1|C+5UEG|1|D"
"NR_all_81284.1","2LPA|1|A","2LPA|1|A"
"NR_all_28320.1","2LU0|7|A","2LU0|7|A"
"NR_all_52795.1","2LUN|8|A","2LUN|8|A"
"NR_all_71895.1","2LWK|8|A","2LWK|8|A"
"NR_all_79081.1","2M12|2|A","2M12|2|A"
"NR_all_95796.1","2M1V|1|A","2M1V|1|A"
"NR_all_43385.1","2M22|6|A","2M22|6|A"
"NR_all_04787.1","2M24|9|A","2M24|9|A"
"NR_all_77764.1","5UF3|1|A","5UF3|1|A"
"NR_all_71956.1","2M57|5|A","2M57|5|A"
"NR_all_88394.1","5UH8|1|I","5UH8|1|I"
"NR_all_32689.1","2M5U|1|A","2M5U|1|A"
"NR_all_41858.1","5UJ2|1|T+5UJ2|1|P","5UJ2|1|T+5UJ2|1|P"
"NR_all_11528.1","2M8K|5|A","2M8K|5|A"
"NR_all_14079.1","2MF0|6|G","2MF0|6|G"
"NR_all_38259.2","5UK4|1|x","5UK4|1|x,5UK4|1|v,5UK4|1|w,5UK4|1|u"
"NR_all_35756.1","2MFC|1|B","2MFC|1|B,2MFC|1|D"
"NR_all_42417.1","5UX0|1|B","5UX0|1|B,5UX0|1|E"
"NR_all_39433.1","2MFD|1|A","2MFD|1|A"
"NR_all_44976.1","2MFE|1|D","2MFE|1|D,2MFE|1|B,2MFG|1|B,2MFG|1|D"
"NR_all_36964.1","2MFH|3|D","2MFH|3|D"
"NR_all_24404.1","2MHI|6|A","2MHI|6|A"
"NR_all_90658.1","2MI0|12|B","2MI0|12|B"
"NR_all_01339.1","2MJH|1|B","2MJH|1|B"
"NR_all_94467.7","6VQV|1|L","6VQV|1|L,7TAW|1|M,7TAW|1|m,7TAX|1|M,7ELN|1|J,7ELN|1|T,7ELM|1|T,7T3J|1|M,7JZZ|1|M,6B46|1|M,7JZW|1|M,6VQX|1|K,7WE6|1|J,7WE6|1|T,7ELM|1|J,6B47|1|M,7JZX|1|M,7T3K|1|M,7T3K|1|m,5UZ9|2|M,6B45|1|M,7T3L|1|M,7JZY|1|M,7T3L|1|m,6B48|1|M,7ECV|1|M,7ECW|1|M,6W1X|1|M,6VQW|1|K,6WHI|1|M"
"NR_all_73195.1","2MKK|7|B","2MKK|7|B"
"NR_all_14163.1","2MN0|2|A","2MN0|2|A"
"NR_all_72402.1","2MQO|1|B","2MQO|1|B"
"NR_all_60917.1","2MQQ|1|B","2MQQ|1|B"
"NR_all_66174.1","2MQT|2|A","2MQT|2|A"
"NR_all_43244.1","2MS0|8|B","2MS0|8|B"
"NR_all_83514.1","2MS5|1|A+2MS5|1|S","2MS5|1|A+2MS5|1|S,5XI1|1|A+5XI1|1|S"
"NR_all_65047.1","2MTJ|1|A","2MTJ|1|A"
"NR_all_30107.1","2MTV|1|B","2MTV|1|B"
"NR_all_64202.1","2MVY|1|1+2MVY|1|2","2MVY|1|1+2MVY|1|2"
"NR_all_93978.1","2MXK|1|B+2MXK|1|A","2MXK|1|B+2MXK|1|A"
"NR_all_16778.1","2MXY|1|B","2MXY|1|B"
"NR_all_44257.1","2N0R|1|A","2N0R|1|A"
"NR_all_47899.1","5UZZ|1|A","5UZZ|1|A"
"NR_all_26375.1","2N2O|1|A","2N2O|1|A"
"NR_all_71100.1","5V17|1|A","5V17|1|A"
"NR_all_12586.1","2N3O|1|B","2N3O|1|B"
"NR_all_82429.1","5V2R|1|A+5V2R|1|B","5V2R|1|A+5V2R|1|B"
"NR_all_71957.1","6DO9|1|b","6DO9|1|b,6DOH|1|b,6DOI|1|b"
"NR_all_45460.1","2N3R|5|A","2N3R|5|A"
"NR_all_82659.1","2N6S|1|A","2N6S|1|A"
"NR_all_43515.1","6DP8|1|B","6DP8|1|B"
"NR_all_10877.1","2N6W|6|A","2N6W|6|A"
"NR_all_23462.1","6DTA|1|D","6DTA|1|D"
"NR_all_17677.1","2N7C|1|B","2N7C|1|B"
"NR_all_63494.1","6DTI|1|X+6DTI|1|W","6DTI|1|X+6DTI|1|W"
"NR_all_01761.1","2N7X|15|A","2N7X|15|A"
"NR_all_34039.1","6DU5|1|B","6DU5|1|B"
"NR_all_82371.1","2N8L|1|B","2N8L|1|B"
"NR_all_57915.1","6DVB|1|I","6DVB|1|I,6DVC|1|I,6DV9|1|I,6TYE|1|I"
"NR_all_82460.1","2N8V|1|X","2N8V|1|X"
"NR_all_20761.1","2NBY|6|A","2NBY|6|A"
"NR_all_14960.1","2NC0|1|A","2NC0|1|A"
"NR_all_81112.1","6E7L|1|A","6E7L|1|A"
"NR_all_37659.1","2NCI|1|A","2NCI|1|A"
"NR_all_25676.1","2NCR|1|A+2NCR|1|S","2NCR|1|A+2NCR|1|S,2NCQ|1|A+2NCQ|1|S"
"NR_all_30516.1","6E8U|1|B","6E8U|1|B,8U5J|1|A,6E8T|1|A,6E8T|1|C,6E8T|1|B,6PQ7|1|C"
"NR_all_38945.1","2NOQ|1|A","2NOQ|1|A"
"NR_all_89051.1","2NOQ|1|D+2NOQ|1|C","2NOQ|1|D+2NOQ|1|C"
"NR_all_27521.1","6E9E|1|B","6E9E|1|B"
"NR_all_11709.2","3ZGZ|1|B","3ZGZ|1|B,4AQ7|1|B,5OMW|1|B,8POT|1|B,3ZGZ|1|E,4AS1|1|B,4ARI|1|B,4AQ7|1|E,4CQN|1|B,3ZJT|1|B,5OMW|1|E,5ON2|1|B,3ZJU|1|B,5ONH|1|B,5ON2|1|E,5ONH|1|E,4ARC|1|B,5ON3|1|B,4CQN|1|E,3ZJV|1|B,5ON3|1|E,2NQP|1|F"
"NR_all_07366.1","6EEN|1|F","6EEN|1|F"
"NR_all_18559.1","6EEN|1|H","6EEN|1|H"
"NR_all_20857.1","5VAJ|1|C","5VAJ|1|C"
"NR_all_01643.1","6EXN|1|2+6EXN|1|6","6EXN|1|2+6EXN|1|6"
"NR_all_95948.1","5VCI|1|A+5VCI|1|B","5VCI|1|A+5VCI|1|B,5VGW|1|A+5VGW|1|B,6U8F|1|A+6U8F|1|B,5VCF|1|A+5VCF|1|B,6U7Z|1|A+6U7Z|1|B,6U7Y|1|A+6U7Y|1|B"
"NR_all_24223.1","6F3H|1|C","6F3H|1|C,6F4A|1|C"
"NR_all_81482.1","6F3H|1|D","6F3H|1|D"
"NR_all_81641.1","6F4G|1|C","6F4G|1|C,6F4G|1|F"
"NR_all_44402.1","5VH8|1|A+5VH8|1|B","5VH8|1|A+5VH8|1|B"
"NR_all_56099.1","6F4H|1|B","6F4H|1|B,6F4H|1|F"
"NR_all_64766.1","6F4H|1|D","6F4H|1|D"
"NR_all_45153.1","6FLQ|1|R","6FLQ|1|R"
"NR_all_63322.1","6FPX|1|B","6FPX|1|B,6FPX|1|F"
"NR_all_48333.1","6FPX|1|D","6FPX|1|D"
"NR_all_32430.1","5VM9|1|D","5VM9|1|D"
"NR_all_26209.1","6FQL|1|B","6FQL|1|B"
"NR_all_80987.1","2NUE|1|C","2NUE|1|C"
"NR_all_31816.1","7AJU|1|EA","7AJU|1|EA,6FSZ|1|2,7AJT|1|EA"
"NR_all_45251.1","5VPO|1|XV","5VPO|1|XV,5VPO|1|QV"
"NR_all_44868.1","6FZ0|1|A","6FZ0|1|A"
"NR_all_33534.2","7BKP|1|X+7BKP|1|Z","7BKP|1|X+7BKP|1|Z,6G19|1|X+6G19|1|Y,6GKM|1|X+6GKM|1|Y,6GJZ|1|X+6GJZ|1|Y"
"NR_all_05181.1","5VT0|1|R","5VT0|1|R"
"NR_all_64827.1","5VZJ|1|M","5VZJ|1|M"
"NR_all_86801.1","6G3B|1|C","6G3B|1|C"
"NR_all_64405.1","6G90|1|1","6G90|1|1"
"NR_all_85536.1","5W1H|1|B","5W1H|1|B,5W1I|1|B,5W1I|1|D"
"NR_all_64411.1","6G99|1|A","6G99|1|A"
"NR_all_27133.1","5W3V|1|G+5W3V|1|H","5W3V|1|G+5W3V|1|H"
"NR_all_97440.1","5W51|1|R","5W51|1|R,5W4U|1|R"
"NR_all_22333.1","2O32|1|A","2O32|1|A"
"NR_all_33675.3","6YDP|1|BB","6YDP|1|BB,7NSH|1|BB,6GAW|1|BB,8OIQ|1|B9,6GB2|1|BB,8OIN|1|B9,7NQL|1|BB,7NQH|1|BB,7NSJ|1|BB,6YDW|1|BB,7NSI|1|BB"
"NR_all_48589.1","2O3V|1|A+2O3V|1|B","2O3V|1|A+2O3V|1|B"
"NR_all_07034.1","5W64|1|R","5W64|1|R"
"NR_all_35629.1","2O5I|1|Y","2O5I|1|Y,2O5J|1|H,2O5I|1|H,2O5J|1|Y,2PPB|1|Y,2PPB|1|H"
"NR_all_17334.1","5WEA|1|B","5WEA|1|B"
"NR_all_27039.1","5WNP|1|a+5WNP|1|b","5WNP|1|a+5WNP|1|b,5WNV|1|a+5WNV|1|b"
"NR_all_93152.1","5WNT|1|b+5WNT|1|a","5WNT|1|b+5WNT|1|a"
"NR_all_64534.1","2O83|1|A+2O83|1|B","2O83|1|A+2O83|1|B"
"NR_all_43908.1","5WQ1|1|A","5WQ1|1|A"
"NR_all_48702.2","6GC5|1|E","6GC5|1|E,6GC5|1|F,6GC5|1|H"
"NR_all_73746.1","2OE5|1|B+2OE5|1|A","2OE5|1|B+2OE5|1|A"
"NR_all_39327.1","5WS2|1|D","5WS2|1|D,5WS2|1|C"
"NR_all_75945.1","2OE8|1|B+2OE8|1|A","2OE8|1|B+2OE8|1|A,2OE6|1|B+2OE6|1|A"
"NR_all_27778.1","5WT1|1|C","5WT1|1|C,5WT1|1|F,5WT3|1|C"
"NR_all_45842.1","6GD2|1|D","6GD2|1|D"
"NR_all_41309.1","6GE1|1|A","6GE1|1|A,6GE1|1|B,6GE1|1|C,6GE1|1|D"
"NR_all_90696.1","5WTK|1|B","5WTK|1|B"
"NR_all_63837.1","5WTY|1|D","5WTY|1|D"
"NR_all_45934.1","6GFW|1|R","6GFW|1|R"
"NR_all_84932.1","5WWF|1|B","5WWF|1|B,5WWF|1|D"
"NR_all_98839.1","6GMH|1|P","6GMH|1|P,6TED|1|P"
"NR_all_19056.1","5WWG|1|B","5WWG|1|B"
"NR_all_93158.1","6GML|1|P","6GML|1|P"
"NR_all_24952.1","6GOV|1|R","6GOV|1|R"
"NR_all_14761.1","5WWX|1|C","5WWX|1|C"
"NR_all_42548.1","5WZH|1|B","5WZH|1|B"
"NR_all_90371.1","5WZJ|1|B","5WZJ|1|B"
"NR_all_60079.1","5X2G|1|B","5X2G|1|B,5X2H|1|B"
"NR_all_73925.1","5X3Z|1|B","5X3Z|1|B"
"NR_all_10013.1","5X70|1|E","5X70|1|E,5X70|1|G"
"NR_all_17090.1","5XC6|1|C","5XC6|1|C,5XC6|1|D"
"NR_all_07550.1","5XJ2|1|G","5XJ2|1|G"
"NR_all_58228.1","5XLP|1|K","5XLP|1|K"
"NR_all_14992.1","5XPA|1|D","5XPA|1|D"
"NR_all_37028.1","5XTM|1|D","5XTM|1|D"
"NR_all_71483.1","5MJV|1|D","5MJV|1|D"
"NR_all_52614.1","5ML7|1|B","5ML7|1|B,5ML7|1|A"
"NR_all_22777.1","5XUZ|1|B","5XUZ|1|B,5XUZ|1|F,5XUT|1|B,5XUS|1|B,5XUU|1|B"
"NR_all_12290.1","5MMM|1|z","5MMM|1|z"
"NR_all_37454.1","5XWG|1|A","5XWG|1|A"
"NR_all_23931.1","5MPL|1|B","5MPL|1|B"
"NR_all_10510.1","6BK8|1|2+6BK8|1|6+6BK8|1|i","6BK8|1|2+6BK8|1|6+6BK8|1|i,5MQ0|1|2+5MQ0|1|6"
"NR_all_75645.1","5XXB|1|1+5XXB|1|4","5XXB|1|1+5XXB|1|4"
"NR_all_48721.1","5XXU|1|2","5XXU|1|2"
"NR_all_46024.1","5XY3|1|3","5XY3|1|3"
"NR_all_79669.1","5Y36|1|B","5Y36|1|B"
"NR_all_13312.1","5Y6Z|1|B+5Y6Z|1|C","5Y6Z|1|B+5Y6Z|1|C,5Y6Z|1|F+5Y6Z|1|G"
"NR_all_73426.10","7EVO|1|H","7EVO|1|H,8HK1|1|H,8H6L|1|2A,7Q4O|1|2+7Q4O|1|h,8H6K|1|2A,7Q4P|1|2,7Q3L|1|2,8I0V|1|H+8I0V|1|F,8I0R|1|H+8I0R|1|F,7VPX|1|H,8I0T|1|H+8I0T|1|F,8I0U|1|H+8I0U|1|F,8H6E|1|2A,8H6J|1|2A,6QX9|1|2,7ONB|1|H+7ONB|1|G,8I0P|1|H+8I0P|1|F,8I0S|1|H+8I0S|1|F,6Y50|1|2,7ABH|1|2+7ABH|1|Z,8QO9|1|2,8CH6|1|f+8CH6|1|d,5Z58|1|H+5Z58|1|F,5MQF|1|2+5MQF|1|6,5Z56|1|H+5Z56|1|F,6Y5Q|1|2,6Y53|1|2,5Z57|1|H+5Z57|1|F,7ABI|1|2+7ABI|1|6"
"NR_all_04353.1","5Y88|1|x","5Y88|1|x"
"NR_all_61114.1","5YDT|1|SA","5YDT|1|SA"
"NR_all_32973.1","5YTS|1|B","5YTS|1|B"
"NR_all_97456.1","5YTV|1|B","5YTV|1|B"
"NR_all_35335.1","5Z4A|1|B","5Z4A|1|B"
"NR_all_30582.1","5Z98|1|C","5Z98|1|C"
"NR_all_56860.1","5Z9X|1|R","5Z9X|1|R"
"NR_all_62436.1","5ZAM|1|C","5ZAM|1|C"
"NR_all_25652.1","5MRC|1|bb","5MRC|1|bb,5MRE|1|bb,5MRF|1|bb"
"NR_all_19166.1","5ZEY|1|A","5ZEY|1|A"
"NR_all_03275.1","5MS0|1|R","5MS0|1|R"
"NR_all_00121.1","5ZQ0|1|B","5ZQ0|1|B"
"NR_all_21041.1","5MWI|1|A","5MWI|1|A"
"NR_all_33499.1","5ZQ8|1|D","5ZQ8|1|D,5ZQ8|1|C"
"NR_all_59982.1","5MYJ|1|BA","5MYJ|1|BA"
"NR_all_59396.1","5N5C|4|A","5N5C|4|A"
"NR_all_25711.1","5N8L|1|B+5N8L|1|C","5N8L|1|B+5N8L|1|C,5N8M|1|B+5N8M|1|C"
"NR_all_37135.1","5ZSC|1|D","5ZSC|1|D,5ZSC|1|C"
"NR_all_40848.1","5ZSL|1|D","5ZSL|1|D,5ZSD|1|C"
"NR_all_77294.1","5NDH|1|A","5NDH|1|A,5NDH|1|B,5NDH|1|D,5NDH|1|C"
"NR_all_03325.1","5ZUU|1|E+5ZUU|1|F","5ZUU|1|E+5ZUU|1|F"
"NR_all_02657.1","5ZUU|1|I","5ZUU|1|I,5ZUU|1|G"
"NR_all_36828.1","5ZWM|1|H+5ZWM|1|I+5ZWM|1|F","5ZWM|1|H+5ZWM|1|I+5ZWM|1|F"
"NR_all_91124.3","6HC5|1|A","6HC5|1|A,5NEP|1|A,6HBX|1|A,6HBT|1|A,5NEX|1|A,5NEO|1|A,5NEQ|1|A,5NEF|1|A,5NOM|1|A"
"NR_all_88747.1","5NFV|1|B","5NFV|1|B,6I1L|1|E,6I1L|1|B,6I1K|1|B,5NG6|1|F,5NG6|1|H,5NG6|1|D,5NG6|1|B"
"NR_all_99228.1","5ZWO|1|H+5ZWO|1|I+5ZWO|1|F","5ZWO|1|H+5ZWO|1|I+5ZWO|1|F"
"NR_all_84795.1","6KOO|1|I","6KOO|1|I,5ZX2|1|I,6KQH|1|I"
"NR_all_18808.1","6A5L|1|P","6A5L|1|P,6A5T|1|P,6A5U|1|P"
"NR_all_55865.1","5NRL|1|2+5NRL|1|4+5NRL|1|6","5NRL|1|2+5NRL|1|4+5NRL|1|6"
"NR_all_52476.1","6A5P|1|P","6A5P|1|P"
"NR_all_44609.1","2J37|1|Z","2J37|1|Z"
"NR_all_47665.1","2JA7|1|3","2JA7|1|3,2JA7|1|6,2JA5|1|P"
"NR_all_01077.1","6AAU|1|A","6AAU|1|A"
"NR_all_37861.1","2JA6|1|P","2JA6|1|P"
"NR_all_77683.1","2JEA|1|C","2JEA|1|C"
"NR_all_14386.1","6AEG|1|A","6AEG|1|A,6K4Q|1|A,6K4P|1|A,6K57|1|A,6AEB|1|A,6AEB|1|E,6K4S|1|A,6K4U|1|A,6K3Z|1|A"
"NR_all_09332.1","2JLV|1|C","2JLV|1|C,2JLV|1|D,2JLX|1|C,2JLX|1|D,2JLU|1|C,2JLZ|1|D,2JLZ|1|C,2JLU|1|D,2JLY|1|C,2JLY|1|D"
"NR_all_53005.1","5NXT|1|U","5NXT|1|U"
"NR_all_20497.1","5O1Z|1|B","5O1Z|1|B"
"NR_all_61682.1","2JPP|1|C","2JPP|1|C,2JPP|1|D"
"NR_all_62804.1","6AHU|1|T","6AHU|1|T"
"NR_all_39077.1","2JR4|4|A","2JR4|4|A"
"NR_all_90197.1","2JRQ|6|A","2JRQ|6|A"
"NR_all_68860.1","6ALH|1|R","6ALH|1|R"
"NR_all_06213.1","2JSG|1|A","2JSG|1|A"
"NR_all_97539.6","8FR8|1|a","8FR8|1|a,8WHX|1|a,8WIF|1|a,8V9L|1|a,8V9K|1|a,8V9J|1|a,5O61|1|BA,5ZEB|1|a,5ZEP|1|a,6DZI|1|h,8WID|1|a,8WIB|1|a,8WI7|1|a,8WI9|1|a,5O5J|1|A,5ZEU|1|a,6DZK|1|A,5XYU|1|A"
"NR_all_99058.1","2JUK|8|A","2JUK|8|A"
"NR_all_14006.1","2JXQ|1|A+2JXQ|1|B","2JXQ|1|A+2JXQ|1|B"
"NR_all_48328.1","6ASO|1|I","6ASO|1|I"
"NR_all_43728.1","2JXV|1|A","2JXV|1|A"
"NR_all_06706.1","2JYH|1|B","2JYH|1|B,2JYH|1|A,2JYJ|2|A,2JYJ|2|B"
"NR_all_83196.1","5O5J|1|W","5O5J|1|W"
"NR_all_98766.1","6B19|1|C+6B19|1|D","6B19|1|C+6B19|1|D"
"NR_all_23183.1","2K3Z|1|A+2K3Z|1|B","2K3Z|1|A+2K3Z|1|B"
"NR_all_00301.1","6BG9|1|A+6BG9|1|B","6BG9|1|A+6BG9|1|B"
"NR_all_76090.9","8FR8|1|A","8FR8|1|A,8WHX|1|A,8WHY|1|A,8WI8|1|A,7S0S|1|C,8V9L|1|A,8V9K|1|A,8V9J|1|A,5O60|1|A,8KAB|1|A,5O61|1|A,5ZET|1|A,7XAM|1|A,6DZP|1|A,8WI7|1|A,8WIB|1|A,6DZI|1|A,5ZEB|1|A,5XYM|1|A,5ZEP|1|A,8XZ3|1|A,8WIC|1|A,7Y41|1|A"
"NR_all_29415.1","6BSG|1|R","6BSG|1|R,6BSH|1|R,6BSJ|1|R"
"NR_all_61819.1","6BU9|1|B+6BU9|1|C","6BU9|1|B+6BU9|1|C"
"NR_all_89181.3","8FR8|1|B","8FR8|1|B,8WHX|1|B,8WHY|1|B,8WI8|1|B,8V9L|1|B,7S0S|1|i,8V9J|1|B,8V9K|1|B,5XYM|1|B,5O60|1|B,8KAB|1|B,5O61|1|B,7XAM|1|B,8WI7|1|B,8WIB|1|B,6DZP|1|B,6DZI|1|B,8WIC|1|B,8XZ3|1|B,7Y41|1|B"
"NR_all_12819.1","2XS7|1|B","2XS7|1|B"
"NR_all_17264.1","2XSL|1|C+2XSL|1|D","2XSL|1|C+2XSL|1|D,2XSL|1|A+2XSL|1|B"
"NR_all_28332.1","6JJI|1|B","6JJI|1|B"
"NR_all_62361.1","6JOO|1|B","6JOO|1|B"
"NR_all_26157.1","2XZO|1|D","2XZO|1|D"
"NR_all_85745.1","6JQ6|1|U","6JQ6|1|U"
"NR_all_65669.2","7UNW|1|a","7UNW|1|a,7UNV|1|a,7UNU|1|a,7UNR|1|a,6SPC|1|a,8CD1|1|a,6SPF|1|a,6SPG|1|a,6SPE|1|a"
"NR_all_78183.1","2Y8Y|1|B","2Y8Y|1|B"
"NR_all_62996.1","6JXM|1|B","6JXM|1|B"
"NR_all_44617.1","6STY|1|C","6STY|1|C,6STY|1|F"
"NR_all_70863.1","6SVS|1|A","6SVS|1|A,6SVS|1|B"
"NR_all_11347.1","7PO6|1|F","7PO6|1|F,7PO6|1|D,7PO6|1|E,2Y95|1|A,7POF|1|A"
"NR_all_17762.1","6K0B|1|V","6K0B|1|V,6K0B|1|U"
"NR_all_50218.1","6K84|2|A","6K84|2|A"
"NR_all_46586.1","2Y9H|1|J","2Y9H|1|J,2Y9H|1|L"
"NR_all_21609.1","7CPU|1|L7","7CPU|1|L7,7CPV|1|L7,7LS2|1|B2,6SWA|1|s,7LS1|1|B2"
"NR_all_15533.1","2Y9H|1|N","2Y9H|1|N,2Y9H|1|P"
"NR_all_85410.1","2YH1|1|B","2YH1|1|B"
"NR_all_18881.1","6SWD|1|2","6SWD|1|2"
"NR_all_90532.1","6KOQ|1|I","6KOQ|1|I"
"NR_all_15937.1","6SWE|1|4","6SWE|1|4"
"NR_all_48564.1","6SX2|1|C+6SX2|1|D","6SX2|1|C+6SX2|1|D,6SX0|1|C+6SX0|1|D"
"NR_all_20925.1","6KQM|1|I","6KQM|1|I"
"NR_all_67557.1","6KR6|1|B","6KR6|1|B"
"NR_all_78647.1","6KUG|1|B","6KUG|1|B,6KTC|1|V"
"NR_all_56002.1","6KUK|1|V+6KUK|1|R","6KUK|1|V+6KUK|1|R,6KUP|1|V+6KUP|1|R"
"NR_all_04437.1","6KUR|1|V+6KUR|1|R","6KUR|1|V+6KUR|1|R,6KUU|1|V+6KUU|1|R,6KUT|1|V+6KUT|1|R"
"NR_all_75133.1","6DN2|1|Y+6DN2|1|X","6DN2|1|Y+6DN2|1|X,6DN3|1|Y+6DN3|1|X,3F4H|1|Y+3F4H|1|X,6DN1|1|Z+6DN1|1|X,6BFB|1|Y+6BFB|1|X,3F4E|1|Y+3F4E|1|X,2YIF|1|Z+2YIF|1|X"
"NR_all_65081.1","6SY6|1|D","6SY6|1|D"
"NR_all_73930.1","2YJY|1|C","2YJY|1|C,2YJY|1|D"
"NR_all_93820.1","6KWQ|1|B+6KWQ|1|C","6KWQ|1|B+6KWQ|1|C"
"NR_all_21738.1","6SZV|1|R+6SZV|1|M","6SZV|1|R+6SZV|1|M"
"NR_all_96736.1","6T0S|1|V+6T0S|1|M","6T0S|1|V+6T0S|1|M"
"NR_all_01522.1","6T0V|1|R+6T0V|1|M","6T0V|1|R+6T0V|1|M"
"NR_all_70696.1","6L0Y|1|A","6L0Y|1|A,6L0Y|1|B"
"NR_all_28499.1","6L1W|1|C","6L1W|1|C"
"NR_all_51514.1","6L5N|1|D","6L5N|1|D"
"NR_all_40309.1","6T2C|1|V","6T2C|1|V,6T0W|1|V"
"NR_all_81754.1","6LLB|1|C","6LLB|1|C"
"NR_all_11167.1","6LNB|1|M","6LNB|1|M,6LNC|1|M"
"NR_all_47865.1","6LQS|1|3A+6LQS|1|5A","6LQS|1|3A+6LQS|1|5A,6ZQC|1|D4,7D4I|1|3A,7AJT|1|D4,7D5T|1|3A+7D5T|1|5A"
"NR_all_07714.1","6LSF|1|C+6LSF|1|B","6LSF|1|C+6LSF|1|B"
"NR_all_40788.1","6T7T|1|6","6T7T|1|6,6T7T|1|7,6T83|1|6b,6T83|1|8"
"NR_all_09807.1","6LSH|1|B+6LSH|1|C","6LSH|1|B+6LSH|1|C"
"NR_all_42560.1","2ZI0|1|C+2ZI0|1|D","2ZI0|1|C+2ZI0|1|D"
"NR_all_26368.1","6LTU|1|B","6LTU|1|B,6LTR|1|B,6LU0|1|B,6LTP|1|H,6LTP|1|B"
"NR_all_88542.1","6LXD|1|D","6LXD|1|D"
"NR_all_80360.2","6TFF|1|A","6TFF|1|A,6TFG|1|A,6TF1|1|A,6TF3|1|A,6TF2|1|A,6TB7|1|A,6TF0|1|A,6TFH|1|A,6TFE|1|A"
"NR_all_90848.1","6M6C|1|R","6M6C|1|R"
"NR_all_79284.1","6TMF|1|A","6TMF|1|A"
"NR_all_98075.1","2ZZM|1|B","2ZZM|1|B"
"NR_all_37536.1","6M6S|1|C+6M6S|1|D","6M6S|1|C+6M6S|1|D"
"NR_all_90969.1","2ZZN|1|D","2ZZN|1|D,2ZZN|1|C"
"NR_all_07356.1","6MCE|1|A","6MCE|1|A"
"NR_all_24985.1","6TQA|1|G","6TQA|1|G,6TQA|1|E,6TQA|1|F,6TQA|1|H"
"NR_all_79329.1","332D|1|A+332D|1|B","332D|1|A+332D|1|B"
"NR_all_88023.1","6MCI|1|A","6MCI|1|A,6MCF|2|A"
"NR_all_50760.1","6TQB|1|B","6TQB|1|B"
"NR_all_99060.1","353D|1|A+353D|1|B","353D|1|A+353D|1|B"
"NR_all_24846.1","6TY9|1|T+6TY9|1|N","6TY9|1|T+6TY9|1|N"
"NR_all_73526.1","361D|1|A","361D|1|A"
"NR_all_01839.1","6TYG|1|I","6TYG|1|I"
"NR_all_70871.1","377D|1|A+377D|1|B","377D|1|A+377D|1|B,377D|1|C+377D|1|D"
"NR_all_18726.1","6MFN|1|E+6MFN|1|C","6MFN|1|E+6MFN|1|C"
"NR_all_87226.1","6TZ1|1|T+6TZ1|1|M","6TZ1|1|T+6TZ1|1|M"
"NR_all_96653.1","387D|1|A","387D|1|A"
"NR_all_79426.1","6MJ0|1|B","6MJ0|1|B,6MJ0|1|A"
"NR_all_84250.1","6U6Y|1|E","6U6Y|1|E"
"NR_all_78414.1","6MPF|1|X+6MPF|1|W","6MPF|1|X+6MPF|1|W"
"NR_all_05533.1","6U6Y|1|G","6U6Y|1|G"
"NR_all_65114.1","3A2K|1|C","3A2K|1|C,3A2K|1|D"
"NR_all_31286.1","6MSF|1|R","6MSF|1|R"
"NR_all_78082.1","6U79|10|A","6U79|10|A"
"NR_all_74364.1","6UES|1|A","6UES|1|A,6UET|1|A"
"NR_all_90840.6","8G9Z|1|E","8G9Z|1|E,4ZDO|1|E,3A3A|1|A,4RQE|1|B,4RQE|1|D,4ZDP|1|E,4RQF|1|C,3HL2|1|E,7ZJW|1|F"
"NR_all_60628.1","6MWN|1|B","6MWN|1|B,6MWN|1|A"
"NR_all_70719.1","6N2V|1|A","6N2V|1|A,6N2V|1|B"
"NR_all_70717.1","6UFG|1|A","6UFG|1|A"
"NR_all_97675.1","6N4O|1|C+6N4O|1|D","6N4O|1|C+6N4O|1|D"
"NR_all_66016.1","6N8H|1|A+6N8H|1|B","6N8H|1|A+6N8H|1|B"
"NR_all_39323.1","3ADL|1|B+3ADL|1|C","3ADL|1|B+3ADL|1|C"
"NR_all_11911.1","6N9U|1|P","6N9U|1|P,6N9W|1|P,6N9V|1|P,6N9X|1|P"
"NR_all_23187.1","3AGV|1|S","3AGV|1|S,3AGV|1|U"
"NR_all_44698.1","6UFM|1|A","6UFM|1|A"
"NR_all_75304.1","3AHU|1|X","3AHU|1|X"
"NR_all_65848.1","6NBJ|1|C","6NBJ|1|C"
"NR_all_92029.1","6UGI|1|A","6UGI|1|A,6UGJ|1|A"
"NR_all_11200.1","6NE0|1|M","6NE0|1|M"
"NR_all_65602.1","6UQ1|1|R","6UQ1|1|R"
"NR_all_83142.1","6URO|1|D","6URO|1|D"
"NR_all_07243.1","3AL0|1|E","3AL0|1|E"
"NR_all_37438.1","6UU4|1|333","6UU4|1|333,6UU0|1|333,6UUC|1|333,6UU2|1|333"
"NR_all_40944.1","6NOA|5|A","6NOA|5|A"
"NR_all_51028.1","3AOI|1|S","3AOI|1|S"
"NR_all_82877.1","6UU6|1|333","6UU6|1|333"
"NR_all_75747.1","3AVT|1|T","3AVT|1|T"
"NR_all_88909.1","6UU8|1|333","6UU8|1|333"
"NR_all_26115.1","3AVV|1|T+3AVV|1|G","3AVV|1|T+3AVV|1|G"
"NR_all_43929.1","6UV1|1|C","6UV1|1|C"
"NR_all_51980.1","3AVX|1|T+3AVX|1|G","3AVX|1|T+3AVX|1|G"
"NR_all_16093.1","6UV2|1|C","6UV2|1|C"
"NR_all_46354.1","6NU2|1|B","6NU2|1|B,6NU3|1|B"
"NR_all_73160.1","6UV4|1|C","6UV4|1|C"
"NR_all_64404.2","3TUP|1|T","3TUP|1|T,3B0V|1|A,4V4Z|1|AD,3B0V|1|B,4V4X|1|AD"
"NR_all_61996.1","6NUT|1|D","6NUT|1|D"
"NR_all_96115.1","6NY2|1|B","6NY2|1|B,6NY3|1|B"
"NR_all_12115.1","6NY5|1|C","6NY5|1|C"
"NR_all_20965.3","7Z4D|1|A","7Z4D|1|A,7Z4D|1|F,7Z4L|1|A,7S4X|1|B,7Z4J|1|A,8U3Y|1|B,6O0X|1|B,7Z4I|1|A,7S4V|1|B,9CGU|1|B,6O0Y|1|B,9C9P|1|B,6O0Z|1|B,8TZZ|1|B,7S4U|1|B,7Z4H|1|A,7Z4G|1|A,7Z4C|1|A,7Z4K|1|A,7Z4E|1|A"
"NR_all_02086.1","3BBM|1|B+3BBM|1|C+3BBM|1|A","3BBM|1|B+3BBM|1|C+3BBM|1|A,3B5S|1|B+3B5S|1|C+3B5S|1|A,3B5A|1|B+3B5A|1|C+3B5A|1|A,3BBI|1|B+3BBI|1|C+3BBI|1|A,3BBK|1|B+3BBK|1|C+3BBK|1|A,3B91|1|B+3B91|1|C+3B91|1|A,3B5F|1|B+3B5F|1|C+3B5F|1|A,3B58|1|B+3B58|1|C+3B58|1|A,4G6P|1|B+4G6P|1|C+4G6P|1|A,4G6S|1|B+4G6S|1|C+4G6S|1|A"
"NR_all_96169.3","7UVZ|1|A","7UVZ|1|A,7UW1|1|A,7UVX|1|A,7UVW|1|A,7UVY|1|A,7RYG|1|A,7RYH|1|A,7M4Y|1|A,7UVV|1|A,7M4W|1|A,6YSI|1|1,7M4V|1|A,7M4X|1|A,6V3A|1|AN1,7RYF|1|A,6YHS|1|1,6V3B|1|AN1,6V3D|1|AN1,7M4Z|1|A,6V39|1|AN1"
"NR_all_46403.1","3BNN|1|C+3BNN|1|D","3BNN|1|C+3BNN|1|D,3BNN|1|A+3BNN|1|B,3BNO|1|A+3BNO|1|B,3BNO|1|C+3BNO|1|D,3BNP|1|A+3BNP|1|B"
"NR_all_21191.1","3BNT|1|A","3BNT|1|A"
"NR_all_39089.1","3BO1|1|D","3BO1|1|D,3BO0|1|D"
"NR_all_01016.1","3BO1|1|F","3BO1|1|F,3BO0|1|F"
"NR_all_94767.1","6O5F|1|D+6O5F|1|C","6O5F|1|D+6O5F|1|C"
"NR_all_12827.1","6O75|1|D","6O75|1|D,6O75|1|C,7P8Q|1|B"
"NR_all_76670.1","3BSB|1|C","3BSB|1|C"
"NR_all_65380.1","7P9I|1|E","7P9I|1|E,8PE3|1|D,8PE3|1|E,7P9I|1|D,6O78|1|E"
"NR_all_51674.1","3BT7|1|D","3BT7|1|D,3BT7|1|C"
"NR_all_12971.6","7P7Q|1|B","7P7Q|1|B,6W6P|1|B,7P7T|1|B,7NHK|1|B,7P7R|1|B,7P7S|1|B,6WU9|1|B,7P7U|1|B,6O90|1|B,6O8Z|1|B,6O8W|1|B,6O8X|1|B,6O8Y|1|B"
"NR_all_02872.1","6V4X|1|Z+6V4X|1|Y","6V4X|1|Z+6V4X|1|Y"
"NR_all_66687.6","7P7Q|1|a","7P7Q|1|a,6W6P|1|a,7P7R|1|a,7P7T|1|a,7NHK|1|a,7P7S|1|a,7P7U|1|a,6O90|1|a,6O8Z|1|a,6O8W|1|a,6O8X|1|a,6O8Y|1|a,6WUB|1|a,6WUA|1|a"
"NR_all_16834.1","6VA2|1|A+6VA2|1|B","6VA2|1|A+6VA2|1|B"
"NR_all_91904.1","6VA4|1|A+6VA4|1|B","6VA4|1|A+6VA4|1|B"
"NR_all_99259.1","6VEM|1|A+6VEM|1|B","6VEM|1|A+6VEM|1|B"
"NR_all_55306.1","8E0F|1|D+8E0F|1|C","8E0F|1|D+8E0F|1|C,6VFF|1|D+6VFF|1|C"
"NR_all_72776.2","6WZR|1|A","6WZR|1|A,6WZS|1|B,6WZS|1|A,6WZR|1|B,6OD9|1|B,6OD9|1|A"
"NR_all_47294.1","6VPC|1|A","6VPC|1|A"
"NR_all_39499.1","6VRC|1|B","6VRC|1|B"
"NR_all_21826.1","6VU1|1|A","6VU1|1|A"
"NR_all_34877.1","6VWL|1|4","6VWL|1|4,6VWM|1|4,6VWN|1|4"
"NR_all_20585.3","6ORD|1|QY","6ORD|1|QY,6ORD|1|XY,6OJ2|1|XY,6OPE|1|QY,8PKL|1|Y,6OPE|1|XY,6OJ2|1|XW,6OF6|1|XY,6OJ2|1|QY,6OF6|1|QY,6OJ2|1|QW,6OF6|1|QW,8R3V|1|Y2,8RCL|1|Y2,6OF6|1|XW,8RCM|1|Y2,8RCS|1|Y,8RCT|1|Y"
"NR_all_64549.1","6VYW|1|Y","6VYW|1|Y,6VYU|1|Y,6VZ7|1|Y,6VYY|1|Y,6VYZ|1|Y,6VYT|1|Y"
"NR_all_40453.1","6VYU|1|7","6VYU|1|7,6VYW|1|7,6VZ7|1|7,6VZ3|1|7,6VYY|1|7,6VYX|1|7"
"NR_all_45734.1","6OGY|1|M","6OGY|1|M"
"NR_all_30784.1","6OGZ|1|B+6OGZ|1|C","6OGZ|1|B+6OGZ|1|C"
"NR_all_25897.1","6VYX|1|Y","6VYX|1|Y"
"NR_all_80225.1","6OL3|1|C","6OL3|1|C"
"NR_all_36247.1","2OIU|1|Q","2OIU|1|Q"
"NR_all_26035.1","2OJ8|1|A","2OJ8|1|A"
"NR_all_95053.1","6OSI|1|QV","6OSI|1|QV,6OSI|1|XV"
"NR_all_11040.1","2OM7|1|B","2OM7|1|B"
"NR_all_78730.1","2OM7|1|F","2OM7|1|F"
"NR_all_22252.1","2OM7|1|H","2OM7|1|H"
"NR_all_90313.1","2OM7|1|J","2OM7|1|J"
"NR_all_22747.1","2OZB|1|C","2OZB|1|C,2OZB|1|F"
"NR_all_61171.1","6GSK|1|3L","6GSK|1|3L,6GSK|1|3K,6GSJ|1|3L,6GSJ|1|3K"
"NR_all_04821.1","2P89|1|A+2P89|1|B","2P89|1|A+2P89|1|B"
"NR_all_24890.5","6GSL|1|1L","6GSL|1|1L,6GSL|1|1K,6TBV|1|PTR1,6TC3|1|PTR1,7NSQ|1|v,8PKL|1|X,7NSP|1|v,8R3V|1|X2,8RCL|1|X2,8RCM|1|X2"
"NR_all_37706.1","6OZP|1|C+6OZP|1|D","6OZP|1|C+6OZP|1|D,6OZS|1|C+6OZS|1|D"
"NR_all_00085.1","2PCV|5|A","2PCV|5|A"
"NR_all_97453.1","6OZP|1|c","6OZP|1|c,6OZP|1|d,6OZS|1|c,6OZS|1|d"
"NR_all_68957.1","2PJP|1|B","2PJP|1|B"
"NR_all_32733.1","2PO1|1|C","2PO1|1|C"
"NR_all_55512.1","6P18|1|R","6P18|1|R"
"NR_all_64649.1","2PY9|1|F","2PY9|1|F,2PY9|1|E"
"NR_all_23920.1","6P2H|1|A","6P2H|1|A"
"NR_all_43749.1","2Q1O|1|C+2Q1O|1|D","2Q1O|1|C+2Q1O|1|D,2Q1O|1|A+2Q1O|1|B"
"NR_all_12548.1","6GSL|1|3L","6GSL|1|3L,6GSL|1|3K"
"NR_all_63291.1","6GVY|1|C+6GVY|1|B","6GVY|1|C+6GVY|1|B"
"NR_all_47162.1","3PDR|1|X","3PDR|1|X,3PDR|1|A,2QBZ|1|X"
"NR_all_56431.1","6GZK|1|A","6GZK|1|A,6GZR|2|A"
"NR_all_78250.1","6P5N|1|1","6P5N|1|1"
"NR_all_98616.1","2QH3|1|A","2QH3|1|A"
"NR_all_13447.1","6H0R|1|A","6H0R|1|A,6H0R|1|B"
"NR_all_67137.1","6P7M|1|B","6P7M|1|B,6P7N|1|B,6P7N|1|F"
"NR_all_73487.1","2QK9|1|B","2QK9|1|B"
"NR_all_84781.1","6H25|1|R","6H25|1|R"
"NR_all_60226.1","6H5Q|1|R","6H5Q|1|R"
"NR_all_52030.1","6H9H|1|D","6H9H|1|D,6H9I|1|C,6H9I|1|E"
"NR_all_91640.1","6PK9|5|A","6PK9|5|A"
"NR_all_57733.1","4H8K|1|C","4H8K|1|C,2QKK|1|G,2QKK|1|O,2QKK|1|T,2QKK|1|C,2QKK|1|K,2QKK|1|X"
"NR_all_57792.1","6HA8|1|x","6HA8|1|x"
"NR_all_93447.1","6POM|1|A","6POM|1|A"
"NR_all_05648.1","6HAU|1|D","6HAU|1|D"
"NR_all_02858.1","2QUX|1|F","2QUX|1|F,2QUX|1|I,2QUX|1|C,2QUX|1|R,2QUX|1|O,2QUX|1|L"
"NR_all_02956.1","6HCT|1|E+6HCT|1|F","6HCT|1|E+6HCT|1|F"
"NR_all_81682.1","6PPV|1|H","6PPV|1|H"
"NR_all_63269.1","6Q8V|1|A","6Q8V|1|A"
"NR_all_60828.6","6HIW|1|CA","6HIW|1|CA,7PUB|1|CA,6HIY|1|CA,6HIZ|1|CA,6HIV|1|CA"
"NR_all_33684.1","2R1G|1|A","2R1G|1|A"
"NR_all_35945.1","6Q97|1|7","6Q97|1|7"
"NR_all_44960.1","2R1G|1|C","2R1G|1|C"
"NR_all_58013.1","6HPJ|1|A","6HPJ|1|A"
"NR_all_54715.1","7Q4K|1|D2","7Q4K|1|D2,6Q97|1|8"
"NR_all_38243.1","2R1G|1|E","2R1G|1|E"
"NR_all_37848.1","6HTU|1|D+6HTU|1|F","6HTU|1|D+6HTU|1|F,6HU6|1|A+6HU6|1|E"
"NR_all_97621.1","6Q9A|1|7","6Q9A|1|7"
"NR_all_05459.1","2R1G|1|X","2R1G|1|X"
"NR_all_07634.1","6HU6|1|B+6HU6|1|F","6HU6|1|B+6HU6|1|F"
"NR_all_27149.1","6QCT|1|R+6QCT|1|M","6QCT|1|R+6QCT|1|M"
"NR_all_96051.1","6QCW|1|V+6QCW|1|R+6QCW|1|M","6QCW|1|V+6QCW|1|R+6QCW|1|M,6QCX|1|V+6QCX|1|R+6QCX|1|M,6QCV|1|V+6QCV|1|R+6QCV|1|M"
"NR_all_46386.1","2R7T|1|X","2R7T|1|X"
"NR_all_70523.1","2R7V|1|X","2R7V|1|X"
"NR_all_50660.1","2R92|1|T+2R92|1|P","2R92|1|T+2R92|1|P"
"NR_all_48282.1","2RFK|1|E+2RFK|1|D+2RFK|1|F","2RFK|1|E+2RFK|1|D+2RFK|1|F"
"NR_all_99409.1","6QIT|1|A+6QIT|1|B","6QIT|1|A+6QIT|1|B,6QIT|1|C+6QIT|1|D,6QIR|1|A+6QIR|1|B,6QIR|1|C+6QIR|1|D,6QIV|1|A,6QIQ|1|A+6QIQ|1|B,6QIS|1|A+6QIS|1|B+6QIS|1|C+6QIS|1|D,6QIS|1|E+6QIS|1|F,6QIS|1|G+6QIS|1|H"
"NR_all_38276.1","2RN1|3|A+2RN1|3|B","2RN1|3|A+2RN1|3|B"
"NR_all_30499.1","6QWL|1|W+6QWL|1|T","6QWL|1|W+6QWL|1|T"
"NR_all_20137.1","2RPK|1|A","2RPK|1|A"
"NR_all_66903.1","2RQC|1|B","2RQC|1|B"
"NR_all_51689.1","2RRC|4|A","2RRC|4|A"
"NR_all_57924.1","6R47|1|A+6R47|1|B","6R47|1|A+6R47|1|B"
"NR_all_92379.1","2RU3|1|B","2RU3|1|B"
"NR_all_97434.1","2TOB|1|A","2TOB|1|A"
"NR_all_97731.1","8OPC|1|Ab","8OPC|1|Ab,8OPC|1|Ad,8OPC|1|Af,8OPC|1|Ah,8OPC|1|Aj,8OPC|1|Al,8OPC|1|An,8OPC|1|Ap,8OPC|1|Ar,8OPC|1|At,8OPC|1|Av,8OPC|1|Ax,8OPC|1|Az,8OPC|1|Bb,8OPC|1|Bd,8OPC|1|Bf,8OPC|1|Bh,8OPC|1|Bj,8OPC|1|Bl,8OPC|1|Bn,8OPC|1|Bp,8OPC|1|Br,8OPC|1|Bt,8OPC|1|Bv,8OPC|1|Bx,8OPC|1|Bz,8OPC|1|Cb,8OPC|1|Cd,6HXX|1|Aa,6HXX|1|Ab,6HXX|1|Ac,6HXX|1|Ad,6HXX|1|Ae,6HXX|1|Af,6HXX|1|Ag,6HXX|1|Ah,6HXX|1|Ai,6HXX|1|Aj,6HXX|1|Ak,6HXX|1|Al,6HXX|1|Am,6HXX|1|An,6HXX|1|Ao,6HXX|1|Ap,6HXX|1|Aq,6HXX|1|Ar,6HXX|1|As,6HXX|1|At,6HXX|1|Au,6HXX|1|Av,6HXX|1|Aw,6HXX|1|Ax,6HXX|1|Ay,6HXX|1|Az,6HXX|1|Ba,6HXX|1|Bb,6HXX|1|Bc,6HXX|1|Bd,6HXX|1|Be,6HXX|1|Bf,6HXX|1|Bg,6HXX|1|Bh,6HXX|1|Bi"
"NR_all_73703.1","6R6P|1|2","6R6P|1|2,6R6G|1|2,6R7Q|1|2,6R5Q|1|2"
"NR_all_82452.1","2UU9|1|Y+2UU9|1|X","2UU9|1|Y+2UU9|1|X,2UUA|1|Y+2UUA|1|X,2UUC|1|Y+2UUC|1|X,2UUB|1|Y+2UUB|1|X"
"NR_all_24366.1","6R5Q|1|3","6R5Q|1|3,6R6P|1|3,6R6G|1|3,6R7Q|1|3"
"NR_all_71302.1","2UXB|1|Y+2UXB|1|X","2UXB|1|Y+2UXB|1|X"
"NR_all_93101.1","6R7G|1|R","6R7G|1|R"
"NR_all_12173.1","2UXD|1|Y+2UXD|1|X","2UXD|1|Y+2UXD|1|X"
"NR_all_65010.1","2V7R|1|A+2V7R|1|B","2V7R|1|A+2V7R|1|B"
"NR_all_30422.1","2VNU|1|B","2VNU|1|B"
"NR_all_16324.1","2VOD|1|D","2VOD|1|D,2VOD|1|C"
"NR_all_09706.1","2VPL|1|B","2VPL|1|B,2VPL|1|D"
"NR_all_69872.1","2VQE|1|Y+2VQE|1|X","2VQE|1|Y+2VQE|1|X,2VQF|1|Y+2VQF|1|X"
"NR_all_99944.1","2VRT|1|G","2VRT|1|G"
"NR_all_67948.1","6R9M|1|B","6R9M|1|B"
"NR_all_01515.1","2VUM|1|P","2VUM|1|P"
"NR_all_06460.1","6HYK|2|A","6HYK|2|A"
"NR_all_19332.1","6R9P|1|B","6R9P|1|B"
"NR_all_47406.1","2W2H|1|R","2W2H|1|R,2W2H|1|S"
"NR_all_47295.1","6I0V|1|B","6I0V|1|B"
"NR_all_71760.1","6RA4|1|L+6RA4|1|M","6RA4|1|L+6RA4|1|M"
"NR_all_97569.1","2W89|1|A+2W89|1|B","2W89|1|A+2W89|1|B,2W89|1|C+2W89|1|D"
"NR_all_05252.1","6I1W|1|B+6I1W|1|A","6I1W|1|B+6I1W|1|A"
"NR_all_58324.1","6I3P|1|F","6I3P|1|F,6I3P|1|H,6I3P|1|E,6I3P|1|G"
"NR_all_05934.1","9ENB|1|D","9ENB|1|D,9ENB|1|C,8PTX|1|X,6RFL|1|U,8OKD|1|C,9ENC|1|D,8PTZ|1|X,8OKD|1|X,8PU0|1|X"
"NR_all_96274.2","6T4Q|1|7","6T4Q|1|7,6Q8Y|1|m,6T7I|1|7,7ZRS|1|6,6I7O|1|m"
"NR_all_65166.1","6RI9|1|R","6RI9|1|R,6RIP|1|R"
"NR_all_42919.1","6RIN|1|R","6RIN|1|R"
"NR_all_11689.6","7ZUX|1|7","7ZUX|1|7,8T3A|1|tE,9F9S|1|DQ,6ZVI|1|e,6SV4|1|mc,6SV4|1|mb,7NRD|1|Sm,6I7O|1|mb"
"NR_all_12697.1","6RJA|1|D","6RJA|1|D,6RJA|1|G,6RJ9|1|D,6RJG|1|D,6RJD|1|D"
"NR_all_20129.1","6RM3|1|L50","6RM3|1|L50"
"NR_all_04427.1","6RM3|1|S60","6RM3|1|S60"
"NR_all_38961.4","7OSM|1|ASIT","7OSM|1|ASIT,7ZUX|1|6,6ZVI|1|d,6SV4|1|nb,6SV4|1|nc,6I7O|1|nb"
"NR_all_55630.1","6I84|1|P","6I84|1|P"
"NR_all_81676.1","6IFK|1|N+6IFK|1|J","6IFK|1|N+6IFK|1|J,6IFU|1|I+6IFU|1|J,6IG0|1|N+6IG0|1|J,6IFZ|1|I+6IFZ|1|J,6IFY|1|I+6IFY|1|J"
"NR_all_77521.1","6RR7|1|F","6RR7|1|F"
"NR_all_63313.1","6RT4|1|D","6RT4|1|D,6RT4|1|C"
"NR_all_91940.1","6INQ|1|P","6INQ|1|P"
"NR_all_10291.1","6RT7|1|E","6RT7|1|E,6RT7|1|A"
"NR_all_70280.1","6RXX|1|C1+6RXX|1|C2","6RXX|1|C1+6RXX|1|C2"
"NR_all_23520.1","6IP8|1|zy","6IP8|1|zy,6IP5|1|zy,6IP5|1|zu,6IP6|1|zy"
"NR_all_91756.1","6S8B|1|V+6S8B|1|U","6S8B|1|V+6S8B|1|U,6S6B|1|V,6S91|1|V+6S91|1|U,6SHB|1|V+6SHB|1|U,6S8E|1|V+6S8E|1|U,6SH8|1|V+6SH8|1|U,6SIC|1|V+6SIC|1|U"
"NR_all_81584.1","6IP8|1|zz","6IP8|1|zz,6IP6|1|zz"
"NR_all_21999.1","6IR9|1|P","6IR9|1|P,6J4Z|1|P,6J50|1|P"
"NR_all_78722.1","2WWB|1|E","2WWB|1|E"
"NR_all_54922.1","6SDW|1|B","6SDW|1|B"
"NR_all_11900.1","2WWB|1|G","2WWB|1|G"
"NR_all_74739.1","6IV6|1|G","6IV6|1|G"
"NR_all_50982.1","2WYY|1|S","2WYY|1|S,2WYY|1|R"
"NR_all_75086.1","6SGA|1|CA","6SGA|1|CA"
"NR_all_28594.1","2X1F|1|B","2X1F|1|B,2X1A|1|B"
"NR_all_51853.1","6IZP|1|A","6IZP|1|A"
"NR_all_62870.1","2XB2|1|E","2XB2|1|E"
"NR_all_95657.1","6TH6|1|Aa","6TH6|1|Aa,6SKG|1|Aa,6SKF|1|Aa"
"NR_all_45692.1","2XBM|1|E+2XBM|1|F","2XBM|1|E+2XBM|1|F"
"NR_all_34948.2","6J51|1|P","6J51|1|P,6J4X|1|P,6J4Y|1|P,8JH2|1|P"
"NR_all_39521.1","8SYI|1|R","8SYI|1|R,6J9E|1|I,6J9F|1|I"
"NR_all_36061.1","6SO9|1|B","6SO9|1|B"
"NR_all_33189.1","6KQF|1|I","6KQF|1|I,6KON|1|I,6LDI|1|3,6KJ6|1|I,6JBQ|1|I"
"NR_all_75614.1","2XEB|1|A+2XEB|1|B","2XEB|1|A+2XEB|1|B"
"NR_all_11258.1","2XGJ|1|C","2XGJ|1|C"
"NR_all_38966.4","6JDV|1|B","6JDV|1|B,6JE4|1|F,6KC8|1|B,6JE4|1|L,6JE4|1|P,6JE4|1|B,6JE3|1|B,6JE9|1|B,6JFU|1|B,6JE9|1|D,6KC7|1|B,6JDQ|1|B"
"NR_all_08417.2","7UNW|1|A","7UNW|1|A,7UNV|1|A,6SPB|1|A,7UNU|1|A,7UNR|1|A,6SPF|1|A,8CD1|1|A,6SPG|1|A,6SPD|1|A"
"NR_all_80967.1","2XKV|1|B","2XKV|1|B"
"NR_all_24558.1","2XNR|1|C","2XNR|1|C"
"NR_all_69465.1","7KUN|1|A+7KUN|1|B","7KUN|1|A+7KUN|1|B"
"NR_all_42729.1","7KX7|1|B","7KX7|1|B"
"NR_all_05013.1","7L1F|1|T+7L1F|1|P","7L1F|1|T+7L1F|1|P"
"NR_all_92086.1","7L49|1|E","7L49|1|E,7L48|1|E"
"NR_all_13032.1","7L6T|1|C","7L6T|1|C,7L6R|1|C"
"NR_all_80027.1","7LHD|1|A","7LHD|1|A"
"NR_all_36410.1","7LIU|1|Y","7LIU|1|Y,7LIU|1|X"
"NR_all_29651.1","7LJY|1|B","7LJY|1|B"
"NR_all_45705.1","6YW5|1|aa","6YW5|1|aa,6YWE|1|aa,6YWY|1|aa,6YWX|1|aa"
"NR_all_85596.2","7UY6|1|B","7UY6|1|B,7UY5|1|B,7LMA|1|B,8GAP|1|B,7LMB|1|B"
"NR_all_07962.1","7LNE|1|A+7LNE|1|B","7LNE|1|A+7LNE|1|B,7LNF|1|A+7LNF|1|B,7LNG|1|A+7LNG|1|B"
"NR_all_87724.1","6YWX|1|bb","6YWX|1|bb"
"NR_all_38802.1","7LYF|1|A","7LYF|1|A"
"NR_all_06835.1","6YXX|1|AA","6YXX|1|AA"
"NR_all_82338.1","6YYT|1|P+6YYT|1|Q+6YYT|1|U+6YYT|1|T","6YYT|1|P+6YYT|1|Q+6YYT|1|U+6YYT|1|T"
"NR_all_83577.1","7LYS|1|B","7LYS|1|B"
"NR_all_27244.1","6Z1P|1|Bb+6Z1P|1|Ba","6Z1P|1|Bb+6Z1P|1|Ba"
"NR_all_08043.1","6Z6B|1|UUU","6Z6B|1|UUU,6Z6B|1|BBB,6Z8K|1|C,6Z6G|1|U"
"NR_all_05610.1","6Z6B|1|HHH+6Z6B|1|XXX","6Z6B|1|HHH+6Z6B|1|XXX,6Z6B|1|CCC+6Z6B|1|DDD"
"NR_all_69011.1","6Z6M|1|CC","6Z6M|1|CC,8Y0X|1|E"
"NR_all_66417.1","6Z8K|1|P+6Z8K|1|T","6Z8K|1|P+6Z8K|1|T"
"NR_all_49839.1","6ZDP|1|B","6ZDP|1|B"
"NR_all_03921.1","6ZDU|1|C","6ZDU|1|C,6ZDU|1|D,6ZDQ|1|C"
"NR_all_54580.1","6ZJ3|1|LC+6ZJ3|1|LA+6ZJ3|1|LB","6ZJ3|1|LC+6ZJ3|1|LA+6ZJ3|1|LB"
"NR_all_36360.1","6ZJ3|1|LE","6ZJ3|1|LE"
"NR_all_90326.1","6ZJ3|1|LH+6ZJ3|1|LG","6ZJ3|1|LH+6ZJ3|1|LG"
"NR_all_08919.1","6ZJ3|1|LJ","6ZJ3|1|LJ"
"NR_all_32401.1","6ZJ3|1|LL","6ZJ3|1|LL"
"NR_all_79566.1","6ZJ3|1|LO","6ZJ3|1|LO"
"NR_all_50080.1","6ZJ3|1|S4","6ZJ3|1|S4"
"NR_all_93290.1","6ZMO|1|CB","6ZMO|1|CB"
"NR_all_53336.1","6ZQA|1|D3+6ZQA|1|D2+6ZQA|1|D4","6ZQA|1|D3+6ZQA|1|D2+6ZQA|1|D4"
"NR_all_54274.1","124D|1|B","124D|1|B"
"NR_all_07561.2","6ZQD|1|D4+6ZQD|1|D2","6ZQD|1|D4+6ZQD|1|D2,7AJU|1|D4+7AJU|1|D2,6ZQE|1|D4+6ZQE|1|D2"
"NR_all_56778.1","6ZU5|1|L50","6ZU5|1|L50"
"NR_all_24936.2","8PFQ|1|A","8PFQ|1|A,6XUS|1|A,8PFQ|1|B,6XUR|1|A,2Q1R|1|A,8PFK|1|A,157D|1|A+157D|1|B"
"NR_all_82907.1","6ZU5|1|S60","6ZU5|1|S60"
"NR_all_88533.1","6ZWW|1|B","6ZWW|1|B"
"NR_all_87893.1","1IHA|1|A+1IHA|1|B","1IHA|1|A+1IHA|1|B,165D|1|A+165D|1|B,1IDW|1|A+1IDW|1|B"
"NR_all_97995.1","6ZWW|1|F","6ZWW|1|F"
"NR_all_82060.1","17RA|7|A","17RA|7|A"
"NR_all_34349.1","6ZYM|1|6","6ZYM|1|6"
"NR_all_22270.1","7A3Y|1|A+7A3Y|1|B","7A3Y|1|A+7A3Y|1|B"
"NR_all_24132.3","4NIA|1|c","4NIA|1|c,4NIA|1|W,4NIA|1|a,4NIA|1|S+4NIA|1|h,4NIA|1|Y+4NIA|1|n,4NIA|1|R+4NIA|1|g,4NIA|1|d,4NIA|1|b,4NIA|1|T+4NIA|1|i,4NIA|1|V,4NIA|1|U,4NIA|1|P+4NIA|1|e,4NIA|1|Q,4NIA|1|X+4NIA|1|m,4NIA|1|Z,1A34|1|B+1A34|1|C,4OQ9|1|U,7M50|1|X+7M50|1|m,4OQ9|1|T+4OQ9|1|i,4OQ9|1|R+4OQ9|1|g,4OQ9|1|c,4OQ9|1|Q,4OQ9|1|S+4OQ9|1|h,4OQ9|1|W,4OQ9|1|Y+4OQ9|1|n,4OQ9|1|a,4OQ9|1|d,4OQ9|1|V,4OQ9|1|P+4OQ9|1|e,4OQ9|1|X+4OQ9|1|m,4OQ9|1|Z,4OQ9|1|b,4OQ8|1|B+4OQ8|1|C"
"NR_all_38810.1","7A5G|1|j","7A5G|1|j"
"NR_all_13520.1","8I0V|1|G","8I0V|1|G,8Q7N|1|Z,8I0U|1|G,7A5P|1|Y,8QO9|1|Z"
"NR_all_97545.1","7A9X|1|B","7A9X|1|B"
"NR_all_78169.1","7ABG|1|2+7ABG|1|6","7ABG|1|2+7ABG|1|6"
"NR_all_21752.1","7ACS|1|B+7ACS|1|C","7ACS|1|B+7ACS|1|C"
"NR_all_66286.1","1A4D|1|A+1A4D|1|B","1A4D|1|A+1A4D|1|B"
"NR_all_83261.1","7Z1O|1|R","7Z1O|1|R,7AE1|1|R,7Z1M|1|R,7AE3|1|R,7AEA|1|R"
"NR_all_75320.1","7M2V|1|S+7M2V|1|h","7M2V|1|S+7M2V|1|h,7M2V|1|ff+7M2V|1|xx,7M2V|1|X+7M2V|1|m,7M2V|1|Y+7M2V|1|n,7M2V|1|V+7M2V|1|ww,7M2V|1|P+7M2V|1|e,7M2V|1|TT+7M2V|1|i,7M2V|1|U,7M2T|1|Q,7M2T|1|RR,7M2T|1|U,7M2T|1|VV,7M2T|1|W,7M2T|1|YY,7M2T|1|Z,7M2T|1|a,7M2T|1|b,7M2T|1|c,7M2T|1|cc,7M2T|1|d,7M2T|1|dd,7M2T|1|ee,7M2T|1|ff,7M2T|1|gg,7M2T|1|V+7M2T|1|WW"
"NR_all_65451.1","1A51|3|A","1A51|3|A"
"NR_all_35349.1","7AM2|1|1","7AM2|1|1"
"NR_all_92131.1","1A60|3|A","1A60|3|A"
"NR_all_40133.1","7AM2|1|R2+7AM2|1|R5","7AM2|1|R2+7AM2|1|R5"
"NR_all_42139.1","7ANE|1|2","7ANE|1|2"
"NR_all_70878.1","7AOR|1|2","7AOR|1|2"
"NR_all_33390.1","7M2V|1|T+7M2V|1|k","7M2V|1|T+7M2V|1|k,7M2V|1|yy+7M2V|1|zz"
"NR_all_83722.1","1AFX|2|A","1AFX|2|A"
"NR_all_09823.1","7AOZ|1|P","7AOZ|1|P,7AP9|1|P,7AP8|1|P"
"NR_all_64573.1","7M3T|1|P","7M3T|1|P"
"NR_all_52254.1","1AJL|1|A+1AJL|1|B","1AJL|1|A+1AJL|1|B"
"NR_all_70891.1","7M3T|1|UU","7M3T|1|UU"
"NR_all_29722.1","1AJU|9|A","1AJU|9|A"
"NR_all_51844.1","7M3T|1|X+7M3T|1|m","7M3T|1|X+7M3T|1|m"
"NR_all_07975.1","1AL5|1|A+1AL5|1|B","1AL5|1|A+1AL5|1|B"
"NR_all_16975.1","7M3T|1|a","7M3T|1|a"
"NR_all_52900.1","1ANR|2|A","1ANR|2|A"
"NR_all_04998.1","7M3T|1|e","7M3T|1|e"
"NR_all_92412.1","8S1P|1|a","8S1P|1|a,7AQC|1|T,7AQD|1|T,7AQC|1|P,7AS8|1|2,7AS9|1|2,7OPE|1|2,8S1U|1|a,8S1U|1|c,7ASA|1|2"
"NR_all_10062.1","7M3T|1|i+7M3T|1|T","7M3T|1|i+7M3T|1|T"
"NR_all_52561.1","7M3T|1|n","7M3T|1|n"
"NR_all_04094.1","7M50|1|UU","7M50|1|UU"
"NR_all_59826.1","7M50|1|a","7M50|1|a"
"NR_all_31915.1","7B3C|1|T+7B3C|1|P","7B3C|1|T+7B3C|1|P"
"NR_all_15746.1","7M50|1|e+7M50|1|P","7M50|1|e+7M50|1|P"
"NR_all_12110.1","7BG6|1|C","7BG6|1|C,7NUQ|1|C,7NUN|1|C"
"NR_all_59443.1","7M50|1|i+7M50|1|T","7M50|1|i+7M50|1|T"
"NR_all_72146.1","7M50|1|n+7M50|1|Y","7M50|1|n+7M50|1|Y"
"NR_all_92345.1","7QXA|1|B","7QXA|1|B,7V99|1|R,7TRD|1|B,7TRE|1|B,7BG9|1|B,7QXB|1|B,7QXS|1|B,7TRF|1|B"
"NR_all_71916.1","7M57|1|W","7M57|1|W,7M57|1|Z,7M57|1|Q,7M57|1|d,7M57|1|U,7M57|1|ee,7M57|1|a,7M57|1|b,7M57|1|cc,7M57|1|gg,7M57|1|V+7M57|1|WW,7M57|1|YY,7M57|1|VV,7M57|1|RR,7M57|1|ff,7M57|1|dd,7M57|1|c"
"NR_all_49675.1","7BPF|1|A","7BPF|1|A,7BPF|1|B"
"NR_all_38728.1","7M5O|1|B","7M5O|1|B"
"NR_all_08834.1","7MEI|1|R","7MEI|1|R,7MK9|1|R"
"NR_all_59412.1","1AQO|7|A","1AQO|7|A"
"NR_all_15457.1","7BPV|1|S","7BPV|1|S"
"NR_all_76462.1","1ARJ|7|N","1ARJ|7|N"
"NR_all_62395.1","7BZF|1|F+7BZF|1|G","7BZF|1|F+7BZF|1|G"
"NR_all_67601.1","7MJV|1|E","7MJV|1|E"
"NR_all_26439.1","7C06|1|C","7C06|1|C,7C06|1|R,7C06|1|F,7C06|1|I,7C08|1|U,7C08|1|L,7C06|1|U,7C08|1|C,7C08|1|F,7C06|1|L,7C08|1|R"
"NR_all_40180.1","7MKT|1|A","7MKT|1|A"
"NR_all_79182.1","4V7E|1|Ae","4V7E|1|Ae,4V3P|1|S2"
"NR_all_73491.1","7MLB|1|I","7MLB|1|I"
"NR_all_07425.1","1ATV|1|A","1ATV|1|A"
"NR_all_26324.1","7MLJ|1|I","7MLJ|1|I"
"NR_all_70406.1","1ATW|1|A","1ATW|1|A"
"NR_all_68707.1","7C06|1|X","7C06|1|X,7C06|1|O,7C08|1|X"
"NR_all_80074.1","7MLX|1|R","7MLX|1|R"
"NR_all_89800.1","1AUD|8|B","1AUD|8|B"
"NR_all_03625.1","7C07|1|1","7C07|1|1"
"NR_all_34221.1","1B23|1|R","1B23|1|R"
"NR_all_63119.1","7C07|1|I","7C07|1|I"
"NR_all_43482.1","7MQA|1|L2","7MQA|1|L2"
"NR_all_02802.1","7C07|1|X","7C07|1|X"
"NR_all_80069.1","7C08|1|I","7C08|1|I"
"NR_all_88912.1","7C2K|1|F+7C2K|1|G","7C2K|1|F+7C2K|1|G"
"NR_all_93862.1","7C7A|1|R","7C7A|1|R"
"NR_all_31139.1","1B36|4|A","1B36|4|A"
"NR_all_43688.1","7CGF|1|B","7CGF|1|B"
"NR_all_61964.1","1B7F|1|P","1B7F|1|P"
"NR_all_77859.1","7CGK|1|B","7CGK|1|B,7CGG|1|B"
"NR_all_25450.1","1BAU|1|A+1BAU|1|B","1BAU|1|A+1BAU|1|B"
"NR_all_98426.1","7CGI|1|B","7CGI|1|B"
"NR_all_45541.1","1BIV|5|A","1BIV|5|A"
"NR_all_25251.1","7CGL|1|B","7CGL|1|B"
"NR_all_51105.1","7CPU|1|S2","7CPU|1|S2,7LS2|1|m2,7CPV|1|S2,7LS1|1|m2"
"NR_all_64055.1","1BN0|2|A","1BN0|2|A"
"NR_all_76134.1","1BVJ|1|A","1BVJ|1|A"
"NR_all_19931.1","7CPU|1|S6","7CPU|1|S6,7CPV|1|S6,7LS2|1|n2,7LS1|1|n2"
"NR_all_54907.1","1PBR|1|A","1PBR|1|A,1BYJ|31|A"
"NR_all_25417.1","1BZ2|1|A","1BZ2|1|A"
"NR_all_68817.1","7CTT|1|T+7CTT|1|Q","7CTT|1|T+7CTT|1|Q"
"NR_all_16304.1","1BZT|1|A","1BZT|1|A,1BZ3|1|A"
"NR_all_93197.1","7D12|1|A","7D12|1|A"
"NR_all_04192.1","6VZ2|1|7","6VZ2|1|7"
"NR_all_43343.1","7D3J|1|B","7D3J|1|B,7D2L|1|B"
"NR_all_86477.1","6VZC|1|A","6VZC|1|A"
"NR_all_00559.1","7D7V|1|A","7D7V|1|A"
"NR_all_43471.1","6W3M|3|A","6W3M|3|A"
"NR_all_31329.1","6W62|1|B","6W62|1|B"
"NR_all_01601.1","7D8C|1|C","7D8C|1|C"
"NR_all_94952.1","6WBR|1|B","6WBR|1|B,6WC0|1|B,8D2L|1|B,8D2K|1|B,8D2P|1|B,8D2O|1|B,8D2Q|1|B,8D2N|1|B"
"NR_all_48565.1","1C0O|1|A","1C0O|1|A"
"NR_all_91559.1","1C2W|1|B","1C2W|1|B"
"NR_all_30824.1","7DD3|1|G","7DD3|1|G"
"NR_all_98506.1","1C4L|1|A+1C4L|1|B","1C4L|1|A+1C4L|1|B"
"NR_all_69769.1","6WDR|1|2","6WDR|1|2"
"NR_all_48635.1","7DFG|1|T+7DFG|1|P","7DFG|1|T+7DFG|1|P"
"NR_all_01451.1","6WLJ|3|A","6WLJ|3|A,6WLK|11|A"
"NR_all_35047.1","7DIC|1|C","7DIC|1|C"
"NR_all_68372.1","2TMV|1|R","2TMV|1|R,1CGM|1|I,8U3B|1|3,5A79|1|R,5A7A|1|R,2OM3|1|R,3PDM|1|R,2XEA|1|R"
"NR_all_56532.1","7DLZ|1|X","7DLZ|1|X,7DLZ|1|Y,7DWH|1|Y,7DWH|1|X"
"NR_all_48784.1","6WLN|38|A","6WLN|38|A,6WLO|24|A"
"NR_all_61138.1","6WLQ|3|A","6WLQ|3|A,6WLR|9|A"
"NR_all_90447.1","7DMQ|1|B+7DMQ|1|C","7DMQ|1|B+7DMQ|1|C"
"NR_all_61090.1","7DOI|1|T+7DOI|1|P","7DOI|1|T+7DOI|1|P"
"NR_all_79034.1","7DOL|1|C","7DOL|1|C"
"NR_all_85902.1","1CVJ|1|M","1CVJ|1|M"
"NR_all_42385.1","7DU2|1|R","7DU2|1|R"
"NR_all_74971.1","7E8O|1|X","7E8O|1|X"
"NR_all_05106.1","1CWP|1|D","1CWP|1|D"
"NR_all_48777.2","4NKU|1|D","4NKU|1|D,4NKU|1|H,8GWB|1|M,1CWP|1|E"
"NR_all_75220.1","7ECK|1|I+7ECK|1|J","7ECK|1|I+7ECK|1|J,7ECK|1|G+7ECK|1|H,7ECJ|1|A+7ECJ|1|B,7ECK|1|E+7ECK|1|F,7ECK|1|A+7ECK|1|B,7ECL|1|E+7ECL|1|F,7ECL|1|I+7ECL|1|J,7ECL|1|K+7ECL|1|L,7ECL|1|G+7ECL|1|H,7ECL|1|A+7ECL|1|B,7ECK|1|K+7ECK|1|L,7ECL|1|C+7ECL|1|D,7ECK|1|C+7ECK|1|D,7ECJ|1|C"
"NR_all_63585.1","1CX5|1|B","1CX5|1|B"
"NR_all_33353.1","1D0U|14|A","1D0U|14|A"
"NR_all_03657.1","1DDL|1|D","1DDL|1|D"
"NR_all_02841.1","7ECN|1|A+7ECN|1|B","7ECN|1|A+7ECN|1|B,7ECN|1|C+7ECN|1|D,7ECM|1|A+7ECM|1|B,7ECM|1|C+7ECM|1|D"
"NR_all_36012.1","7ECO|1|E+7ECO|1|F","7ECO|1|E+7ECO|1|F,7ECO|1|A+7ECO|1|B,7ECO|1|C+7ECO|1|D"
"NR_all_73125.1","7EDT|1|A+7EDT|1|B","7EDT|1|A+7EDT|1|B"
"NR_all_37355.1","6WOO|1|3","6WOO|1|3"
"NR_all_93869.1","6WOY|1|I","6WOY|1|I,6WOX|1|I"
"NR_all_24584.1","6WW6|1|D","6WW6|1|D,6WW6|1|F"
"NR_all_00429.1","6WXY|1|A","6WXY|1|A"
"NR_all_10909.1","6XA1|1|Bv","6XA1|1|Bv"
"NR_all_17196.3","8GWE|1|J+8GWE|1|I","8GWE|1|J+8GWE|1|I,8GWB|1|J+8GWB|1|I,8GWI|1|J+8GWI|1|I,8GWG|1|J+8GWG|1|I,8GWF|1|J+8GWF|1|I,7EGQ|1|J+7EGQ|1|I,7EGQ|1|M+7EGQ|1|L,8GWN|1|J+8GWN|1|I"
"NR_all_83974.1","6XBU|1|E","6XBU|1|E"
"NR_all_83778.1","7KRN|1|T+7KRN|1|P","7KRN|1|T+7KRN|1|P,7KRO|1|T+7KRO|1|P,6XEZ|1|T+6XEZ|1|P"
"NR_all_21571.1","6XIQ|1|AY","6XIQ|1|AY"
"NR_all_68426.1","7ELA|1|C","7ELA|1|C"
"NR_all_43401.1","7ELE|1|G","7ELE|1|G"
"NR_all_88496.1","1ET4|1|A","1ET4|1|A,1ET4|1|C,1ET4|1|B,1ET4|1|D,1ET4|1|E,1DDY|1|C,1DDY|1|G,1DDY|1|A,1DDY|1|E"
"NR_all_66641.1","7ELH|1|N+7ELH|1|O","7ELH|1|N+7ELH|1|O"
"NR_all_75761.1","6XLL|1|R","6XLL|1|R"
"NR_all_84582.3","7ELH|1|T+7ELH|1|U","7ELH|1|T+7ELH|1|U,7ELH|1|P+7ELH|1|Q"
"NR_all_86840.1","6XLN|1|R","6XLN|1|R,6XLM|1|R"
"NR_all_94195.1","6XLW|1|B","6XLW|1|B,6XLV|1|B,6XLX|1|B"
"NR_all_74244.2","7ELQ|1|A","7ELQ|1|A,7ELR|1|A,7ELR|1|B,7ELP|1|A,7ELS|1|A,8Q6N|1|A,7ELQ|1|B,7ELP|1|B,7ELS|1|B"
"NR_all_87038.1","1NAO|1|A","1NAO|1|A,1DRN|1|A,1DHH|1|A"
"NR_all_74101.1","6XMF|1|C","6XMF|1|C,6XMG|1|C"
"NR_all_18996.1","1DI2|1|E","1DI2|1|E,1DI2|1|C+1DI2|1|D,1RC7|1|B+1RC7|1|C,1RC7|1|D+1RC7|1|E,1DI2|1|G"
"NR_all_61960.1","6XN3|1|R+6XN3|1|T","6XN3|1|R+6XN3|1|T,6XN7|1|R+6XN7|1|T"
"NR_all_47956.1","6XN4|1|R+6XN4|1|T","6XN4|1|R+6XN4|1|T"
"NR_all_53861.1","6XQB|1|F+6XQB|1|E","6XQB|1|F+6XQB|1|E"
"NR_all_04304.1","7ENR|1|B","7ENR|1|B,8JFT|1|B,8JG9|1|E,8JG9|1|B"
"NR_all_23049.1","1KUQ|1|B","1KUQ|1|B,1F7Y|1|B,1DK1|1|B"
"NR_all_82754.1","6XRQ|1|B","6XRQ|1|B"
"NR_all_57060.1","1DQH|1|B+1DQH|1|A","1DQH|1|B+1DQH|1|A"
"NR_all_73734.1","6XWJ|1|A","6XWJ|1|A"
"NR_all_54098.2","7EOG|1|A","7EOG|1|A,7EOH|1|A,7EOP|1|A,7EOI|1|A,7EOJ|1|A,7EOK|1|A,7EON|1|A,7EOO|1|A,7EOL|1|A"
"NR_all_14075.1","6XXA|1|A","6XXA|1|A"
"NR_all_15780.1","6XYW|1|1","6XYW|1|1"
"NR_all_63930.1","6XYW|1|3","6XYW|1|3"
"NR_all_93100.1","7EQG|1|M","7EQG|1|M"
"NR_all_54992.1","6Y0C|1|IN1","6Y0C|1|IN1"
"NR_all_37961.1","7EU9|1|B","7EU9|1|B"
"NR_all_73165.3","4PRF|1|B","4PRF|1|B,2OJ3|1|B,1SJF|1|B,1VC0|1|B,1VC6|1|B,1VBZ|1|B,1SJ4|1|R,1SJ3|1|R,2OIH|1|B,1VC5|1|B,1VBY|1|B,1VBX|1|B,1DRZ|1|B"
"NR_all_19366.1","7F3I|1|B","7F3I|1|B"
"NR_all_41208.1","7F3J|1|B","7F3J|1|B,7F3J|1|F,7F3J|1|H"
"NR_all_49851.1","8OZ0|1|y","8OZ0|1|y,6ZMW|1|w,7QP7|1|w,6YBV|1|w,7QP6|1|w"
"NR_all_59550.1","7F3K|1|B","7F3K|1|B"
"NR_all_67561.1","7FGI|1|M","7FGI|1|M,7FGI|1|N,7FGI|1|O,7FGI|1|P,7FGI|1|Q,7FGI|1|R,7FGI|1|S,7FGI|1|T,7FGI|1|U,7FGI|1|V,7FGI|1|W,7FGI|1|X,8WAL|1|Z"
"NR_all_24974.1","1DUQ|1|B+1DUQ|1|A","1DUQ|1|B+1DUQ|1|A,1DUQ|1|D+1DUQ|1|C,1DUQ|1|F+1DUQ|1|E,1DUQ|1|H+1DUQ|1|G"
"NR_all_56977.1","1DZ5|1|C+1DZ5|1|D","1DZ5|1|C+1DZ5|1|D"
"NR_all_64798.1","8OIT|1|AG","8OIT|1|AG,6YDP|1|AV,8OIS|1|AG,8OIR|1|AG,7NQL|1|AV,7NQH|1|AV,8OIQ|1|AG,8OIP|1|AG,8OIN|1|AG,6YDW|1|AV"
"NR_all_66000.1","1E4P|8|A","1E4P|8|A"
"NR_all_89167.1","7FJ0|1|A","7FJ0|1|A"
"NR_all_19817.1","7FJJ|1|R","7FJJ|1|R,7FJI|1|R"
"NR_all_19932.1","1E8S|1|C","1E8S|1|C"
"NR_all_03110.1","7JIL|1|1","7JIL|1|1"
"NR_all_15923.1","1E95|14|A","1E95|14|A"
"NR_all_54615.1","7JIL|1|3","7JIL|1|3"
"NR_all_17006.1","1EBR|1|A","1EBR|1|A"
"NR_all_94113.1","1EC6|1|C","1EC6|1|C"
"NR_all_73942.1","1EFO|1|B","1EFO|1|B"
"NR_all_91654.1","7JNH|1|B","7JNH|1|B"
"NR_all_45061.1","7JRS|1|B+7JRS|1|A","7JRS|1|B+7JRS|1|A"
"NR_all_96686.1","8AYE|1|5","8AYE|1|5,7K00|1|5,8QOA|1|5,7NBU|1|W,8PVA|1|5"
"NR_all_26568.1","7K4L|2|A","7K4L|2|A"
"NR_all_94729.10","4NLF|1|A","4NLF|1|A,5D99|1|A,6Y0Y|1|A,1Q9A|1|A,7QP2|1|A,4NMG|1|A,6ZYB|1|A,3DW4|1|A,3DW6|1|A,7L3R|1|A,4Y27|1|A,7JJE|1|A,3DVZ|1|A,4NXH|1|A,5NQI|1|A,3S7C|1|A,5MRX|1|A,7QSH|1|A,3DW5|1|A,3DW7|1|A,483D|1|A,3S8U|1|A,7JJD|1|A,1MSY|1|A,480D|1|A,6Y0T|1|B,6Y0T|1|A,7M3V|1|A,7JJF|1|A,1JBR|1|D,7EEN|1|A,7EEN|1|B,7EEM|1|A,1JBT|1|C,6ZXZ|1|B,7EEN|1|D,1JBT|1|D,1JBS|1|D,7EEN|1|C,6ZXZ|1|A,6ZXZ|1|C,1JBS|1|C,7EEO|1|A,7EEO|1|B,7UCR|1|A,3EQ3|1|D,3EP2|1|D,3DEG|1|I,1EG0|1|M,3EQ4|1|D"
"NR_all_52157.1","7K5L|1|R","7K5L|1|R"
"NR_all_72196.1","7KKV|1|B","7KKV|1|B,7K9D|1|B,7K9E|1|B,7K9E|1|D"
"NR_all_26590.1","7K9Y|1|F","7K9Y|1|F,7K9Y|1|C"
"NR_all_74766.1","6YHS|1|8+6YHS|1|6","6YHS|1|8+6YHS|1|6"
"NR_all_41488.1","7K9Y|1|H","7K9Y|1|H"
"NR_all_43225.1","7KGA|1|B","7KGA|1|B"
"NR_all_42371.1","7KHA|1|J","7KHA|1|J"
"NR_all_68310.1","7KL3|1|B","7KL3|1|B"
"NR_all_81627.1","7KRP|1|P+7KRP|1|T","7KRP|1|P+7KRP|1|T"
"NR_all_20791.1","7KUC|1|A","7KUC|1|A"
"NR_all_46289.1","7UBM|1|R","7UBM|1|R,7UBN|1|R"
"NR_all_88906.1","3CZ3|1|G+3CZ3|1|H","3CZ3|1|G+3CZ3|1|H,3CZ3|1|E+3CZ3|1|F"
"NR_all_33763.1","3D0M|1|X","3D0M|1|X"
"NR_all_84981.1","7UGA|3|A","7UGA|3|A"
"NR_all_99149.1","7UIN|1|B","7UIN|1|B,8T2T|1|B,7UIM|1|B,8T2R|1|B"
"NR_all_26424.1","7UJ1|1|E","7UJ1|1|E"
"NR_all_81668.1","7UMD|1|A","7UMD|1|A"
"NR_all_17203.1","3DEG|1|E","3DEG|1|E"
"NR_all_96684.1","7UMK|1|R","7UMK|1|R"
"NR_all_18034.1","3DEG|1|G","3DEG|1|G"
"NR_all_84151.1","7UNC|1|P","7UNC|1|P"
"NR_all_15428.1","3DEG|1|K","3DEG|1|K"
"NR_all_40854.1","7UO0|1|C","7UO0|1|C"
"NR_all_60807.1","7UQB|1|6","7UQB|1|6,7UQZ|1|6"
"NR_all_96800.1","7UR5|1|v","7UR5|1|v,7UR5|1|w,7UR5|1|y,7URI|1|y,7URM|1|v"
"NR_all_91663.1","3DKN|1|D+3DKN|1|E","3DKN|1|D+3DKN|1|E"
"NR_all_39268.1","3E2E|1|R","3E2E|1|R"
"NR_all_46343.1","3E3J|1|Z","3E3J|1|Z,3E3J|1|R"
"NR_all_76251.2","8P8B|1|4","8P8B|1|4,8P7X|1|4,7P6Z|1|4,7OOD|1|4,8P7Y|1|4,7PIB|1|4,7PAL|1|4,7PHB|1|4,7PAK|1|4,7PIT|1|4,7PI9|1|4,7PAI|1|4,7PAM|1|4,7PAO|1|4,7PAJ|1|4,7PAR|1|4,7PHA|1|4,8P8W|1|4,8P8V|1|4,7PAU|1|4,7PH9|1|4,7PI8|1|4,7PAQ|1|4,7PIC|1|4,7PIP|1|4,7PAH|1|4,7PIO|1|4,7PAT|1|4,7PIQ|1|4,7PAN|1|4,7PHC|1|4,7PIR|1|4,7PIA|1|4,7PIS|1|4,7PAS|1|4"
"NR_all_20765.1","7UU3|1|C+7UU3|1|D","7UU3|1|C+7UU3|1|D"
"NR_all_30439.1","3EGZ|1|B","3EGZ|1|B"
"NR_all_09965.1","7UU5|1|M+7UU5|1|N","7UU5|1|M+7UU5|1|N"
"NR_all_19572.1","7UWS|1|H","7UWS|1|H"
"NR_all_30893.1","3EP2|1|B","3EP2|1|B,3EQ3|1|B,3EQ4|1|B,3J0D|1|A"
"NR_all_91710.1","7UZ0|1|A","7UZ0|1|A"
"NR_all_27092.1","7UZX|1|G+7UZX|1|L","7UZX|1|G+7UZX|1|L,7V00|1|G,7UZY|1|G+7UZY|1|L"
"NR_all_74887.1","3EP2|1|C","3EP2|1|C,3EQ3|1|C,3EQ4|1|C"
"NR_all_28070.1","7V06|6|A","7V06|6|A"
"NR_all_45040.1","3EPH|1|E","3EPH|1|E,3EPK|1|E,3EPH|1|F,3EPK|1|F,3EPJ|1|E,3EPL|1|F,3EPJ|1|F,3EPL|1|E"
"NR_all_31299.1","7ORJ|1|P","7ORJ|1|P"
"NR_all_00883.1","7V4G|1|D","7V4G|1|D,7V4G|1|E,7V4G|1|F,7WL0|1|F,7WL0|1|B,7WKV|1|B,7WKV|1|D,7WKV|1|F,7WL0|1|H,7WL0|1|D,7WL0|1|J"
"NR_all_88592.1","7ORM|1|P+7ORM|1|T","7ORM|1|P+7ORM|1|T"
"NR_all_25020.1","7OUO|1|AAA+7OUO|1|BBB","7OUO|1|AAA+7OUO|1|BBB"
"NR_all_71214.1","3EQ4|1|Y","3EQ4|1|Y"
"NR_all_44791.1","7QR0|1|A","7QR0|1|A,7QR1|1|A,7OX8|1|A"
"NR_all_58433.1","3ER8|1|F","3ER8|1|F,5O3J|1|B,3J0Q|1|y"
"NR_all_55025.1","7QQP|1|A","7QQP|1|A,7QQR|1|A,7QQO|1|A,7QR7|1|A,7QQQ|1|A,7OX9|1|A"
"NR_all_87272.1","7V9A|1|R","7V9A|1|R"
"NR_all_25967.1","3ER8|1|H","3ER8|1|H,3ER8|1|G"
"NR_all_07227.1","3ERC|1|F","3ERC|1|F,3ERC|1|E"
"NR_all_63356.1","7OYC|1|22","7OYC|1|22"
"NR_all_49345.1","7OYC|1|71","7OYC|1|71"
"NR_all_45428.1","7OZQ|1|H","7OZQ|1|H,7OZQ|1|E,7OZQ|1|F,7OZQ|1|G"
"NR_all_80904.1","3FHT|1|C","3FHT|1|C"
"NR_all_79523.1","3FOZ|1|D","3FOZ|1|D"
"NR_all_73482.1","7VBC|1|R","7VBC|1|R"
"NR_all_55295.1","3FTE|1|C+3FTE|1|D","3FTE|1|C+3FTE|1|D"
"NR_all_13077.1","7OZV|1|T+7OZV|1|P","7OZV|1|T+7OZV|1|P,7OZU|1|T+7OZU|1|P"
"NR_all_83025.1","7VG2|1|D+7VG2|1|C","7VG2|1|D+7VG2|1|C"
"NR_all_73563.1","8ID2|1|C","8ID2|1|C,8ID2|1|D,7P0V|1|B"
"NR_all_32759.1","7VKI|1|B","7VKI|1|B"
"NR_all_69076.1","3G0H|1|E","3G0H|1|E"
"NR_all_87112.1","7P48|1|5","7P48|1|5"
"NR_all_00196.1","7VNV|1|A","7VNV|1|A,7VNV|1|B,7VNW|1|A,7VNW|1|B"
"NR_all_91870.1","7VRL|1|A","7VRL|1|A"
"NR_all_92884.1","7VTI|1|B","7VTI|1|B"
"NR_all_52700.1","7VW3|1|B","7VW3|1|B"
"NR_all_82961.1","3GIB|1|H","3GIB|1|H"
"NR_all_52584.1","7W0D|1|C+7W0D|1|D","7W0D|1|C+7W0D|1|D"
"NR_all_81896.2","3GLP|1|C+3GLP|1|D","3GLP|1|C+3GLP|1|D,3GLP|1|E"
"NR_all_24791.1","3GS5|1|A","3GS5|1|A"
"NR_all_49381.1","7WAH|1|R+7WAH|1|D","7WAH|1|R+7WAH|1|D"
"NR_all_93052.1","3GTG|1|R","3GTG|1|R"
"NR_all_60450.1","3GTM|1|M","3GTM|1|M,3GTJ|1|R"
"NR_all_04785.1","7WB1|1|D","7WB1|1|D"
"NR_all_74183.1","3GTL|1|R","3GTL|1|R"
"NR_all_65219.1","7WBW|1|P","7WBW|1|P"
"NR_all_28179.1","3GTP|1|R","3GTP|1|R"
"NR_all_80567.1","3GVN|1|A+3GVN|1|B","3GVN|1|A+3GVN|1|B"
"NR_all_34126.1","3HAX|1|E","3HAX|1|E"
"NR_all_16564.1","7WJU|1|C","7WJU|1|C"
"NR_all_20904.1","7WM4|1|A+7WM4|1|B","7WM4|1|A+7WM4|1|B"
"NR_all_05647.1","7WNU|1|D","7WNU|1|D"
"NR_all_44916.1","3HJF|1|Y","3HJF|1|Y"
"NR_all_74214.1","7P7T|1|C","7P7T|1|C"
"NR_all_74768.1","7PD3|1|B","7PD3|1|B"
"NR_all_44002.1","7WWV|1|M","7WWV|1|M"
"NR_all_57417.1","3HO1|1|Y","3HO1|1|Y"
"NR_all_49702.1","7PDV|1|F","7PDV|1|F"
"NR_all_10218.1","3HOU|1|6","3HOU|1|6,3HOU|1|3"
"NR_all_34753.1","3HOW|1|3","3HOW|1|3,3HOX|1|P"
"NR_all_37091.1","3HOY|1|P","3HOY|1|P,8HIM|1|P,6HLR|1|R,6HLQ|1|R,5M5X|1|R,6HKO|1|R,5M3F|1|R"
"NR_all_59225.1","7PKQ|1|4","7PKQ|1|4"
"NR_all_20717.1","7PKT|1|0","7PKT|1|0"
"NR_all_81338.1","7PKT|1|3+7PKT|1|4+7PKT|1|5+7PKT|1|2","7PKT|1|3+7PKT|1|4+7PKT|1|5+7PKT|1|2"
"NR_all_26809.1","7PKT|1|8","7PKT|1|8"
"NR_all_21756.2","8GNA|1|C+8GNA|1|J","8GNA|1|C+8GNA|1|J,8D9G|1|C+8D9G|1|D,7Y8T|1|D,7X8A|1|C,7XC7|1|C+7XC7|1|J,7Y8Y|1|D+7Y8Y|1|E,8D9F|1|C,7X7A|1|C,8GU6|1|C+8GU6|1|J,7X7R|1|C+7X7R|1|J,8D9H|1|C+8D9H|1|D,8D8N|1|C+8D8N|1|D,8D9E|1|C+8D9E|1|D,8D9I|1|C+8D9I|1|D"
"NR_all_23301.1","3HSB|1|X","3HSB|1|X"
"NR_all_17943.1","7PLI|1|G","7PLI|1|G"
"NR_all_74379.1","7PMM|1|D","7PMM|1|D,7PMM|1|C"
"NR_all_65987.1","7XD9|1|B+7XD9|1|C","7XD9|1|B+7XD9|1|C,7XD9|1|H+7XD9|1|I,7XD9|1|E+7XD9|1|F,7XD9|1|N+7XD9|1|O,7XD9|1|Q+7XD9|1|R,7XD9|1|K+7XD9|1|L,7XD8|1|B+7XD8|1|C,7XD8|1|E+7XD8|1|F,7XD8|1|N+7XD8|1|O,7XD8|1|H+7XD8|1|I,7XD8|1|K+7XD8|1|L,7XD8|1|Q+7XD8|1|R"
"NR_all_83504.1","3I4N|1|P","3I4N|1|P"
"NR_all_30013.1","7PMQ|1|F","7PMQ|1|F,7PMQ|1|H,7PMQ|1|E,7PMQ|1|G"
"NR_all_51748.1","3I62|1|B","3I62|1|B,3I61|1|B,3I5X|1|B,3I5Y|1|B"
"NR_all_67665.1","7XFZ|1|E","7XFZ|1|E"
"NR_all_07832.1","3IBK|1|A","3IBK|1|A"
"NR_all_78175.1","3ICE|1|G","3ICE|1|G"
"NR_all_00136.1","7PTK|1|B","7PTK|1|B"
"NR_all_17498.1","3ICQ|1|E","3ICQ|1|E,3ICQ|1|D"
"NR_all_42308.1","7PTQ|1|C","7PTQ|1|C"
"NR_all_00917.1","7XHT|1|B","7XHT|1|B"
"NR_all_44800.1","3ID5|1|H","3ID5|1|H"
"NR_all_74642.1","7PUA|1|CA","7PUA|1|CA"
"NR_all_97567.1","7XK0|1|B","7XK0|1|B,7XJZ|1|B,7XK1|1|D,7XK1|1|B,8H1C|1|C,8H1C|1|D"
"NR_all_85527.1","7XN7|1|P","7XN7|1|P,7XSE|1|P"
"NR_all_47353.1","7XPG|1|D","7XPG|1|D,7XPG|1|E,7XPG|1|F"
"NR_all_60443.4","8FVY|1|2","8FVY|1|2,7PWO|1|2,8G4S|1|2,7PWF|1|2,8BTR|1|St,8BRM|1|St,8BR8|1|St,8BSI|1|St,8G4I|1|2,8BTD|1|St,8BSJ|1|St"
"NR_all_24351.1","7XS4|1|B","7XS4|1|B"
"NR_all_58564.1","3IVK|1|M","3IVK|1|M,3IVK|1|C"
"NR_all_87221.2","7XSP|1|D+7XSP|1|A","7XSP|1|D+7XSP|1|A,7XSQ|1|D,7XSO|1|D,7XSR|1|D+7XSR|1|A,7XSS|1|D+7XSS|1|A"
"NR_all_35919.1","7XSX|1|P","7XSX|1|P,7XT7|1|P"
"NR_all_51668.1","3IY9|1|A","3IY9|1|A"
"NR_all_55726.1","7XSZ|1|P","7XSZ|1|P"
"NR_all_86019.1","3IYR|1|A","3IYR|1|A"
"NR_all_17064.1","3IZD|1|A","3IZD|1|A"
"NR_all_50467.1","3IZZ|1|B","3IZZ|1|B"
"NR_all_40208.1","3J06|1|R","3J06|1|R"
"NR_all_17900.1","3J0E|1|B","3J0E|1|B,3J0D|1|C"
"NR_all_67629.2","8FRU|1|3","8FRU|1|3,7PWO|1|3,7PWG|1|3,8BTR|1|LE,8BRM|1|LE,8BR8|1|LE,8BSI|1|LE,8BTD|1|LE,8BSJ|1|LE"
"NR_all_00844.3","3J0E|1|C","3J0E|1|C,3J0D|1|D"
"NR_all_79448.1","7PWO|1|w2","7PWO|1|w2"
"NR_all_10994.1","3J0E|1|D","3J0E|1|D,3J0D|1|E"
"NR_all_69065.1","3J0L|1|1","3J0L|1|1"
"NR_all_11808.1","3J0O|1|2","3J0O|1|2,3J0L|1|2,3J0P|1|2,3J0Q|1|2"
"NR_all_71842.1","3J0O|1|3","3J0O|1|3,3J0L|1|3,3J0Q|1|3,3J0P|1|3"
"NR_all_93451.1","3J0O|1|4","3J0O|1|4,3J0L|1|4"
"NR_all_71228.8","8C3A|1|1","8C3A|1|1,8C3A|1|AS,8OI5|1|1,8OI5|1|AS,8CRE|1|AS+8CRE|1|AU,8CRE|1|1+8CRE|1|4,8CQ7|1|AS+8CQ7|1|AU,8CQ7|1|1+8CQ7|1|4,8CQW|1|AS+8CQW|1|AU,8CQW|1|1+8CQW|1|4,8OEQ|1|1,8OEQ|1|AS,8OJ3|1|1,8OJ3|1|AS,8OH6|1|1,8OH6|1|AS,7PZY|1|1+7PZY|1|4,7Q08|1|1+7Q08|1|4,8Q5I|1|1+8Q5I|1|4,7Q0F|1|1+7Q0F|1|4,7Q0R|1|1+7Q0R|1|4,7Q0P|1|1+7Q0P|1|4,8OGJ|1|1"
"NR_all_68052.1","3J0O|1|5","3J0O|1|5,3J0L|1|5"
"NR_all_63046.1","3J0O|1|6","3J0O|1|6,3J0L|1|6"
"NR_all_28256.1","3J0O|1|7","3J0O|1|7,3J0L|1|7,3J0Q|1|7,3J0P|1|7"
"NR_all_57105.1","3J0O|1|8","3J0O|1|8,3J0L|1|8"
"NR_all_39771.1","3J0O|1|E+3J0O|1|e","3J0O|1|E+3J0O|1|e,3J0L|1|E+3J0L|1|e"
"NR_all_72694.3","7PZY|1|10","7PZY|1|10,7Q0R|1|10,7Q0P|1|10,8OGJ|1|10"
"NR_all_60411.1","7MSF|1|R","7MSF|1|R,7MSF|1|S"
"NR_all_16515.2","7N06|1|G","7N06|1|G,7N06|1|H,7N06|1|I,7N06|1|J,7N06|1|K,7N06|1|L,8QRN|1|6,7N33|1|G,7N33|1|H,7N33|1|I,7N33|1|J,7N33|1|K,7N33|1|L"
"NR_all_53003.3","6N6C|1|D","6N6C|1|D,6N6J|1|C,6N6J|1|D,7MPM|1|B,7MPM|1|H,7MPM|1|L,7MPM|1|F,7MPM|1|J,7MPM|1|D,7MPM|1|P,7MPM|1|N,6P7Q|1|E,6P7Q|1|F,6P7Q|1|D,6RCL|1|C,8JBB|1|D,8JBB|1|C,5JJU|1|C,8Y7G|1|E,8Y7G|1|D,4EJT|1|G,3J0O|1|w,3J0L|1|w,3J0Q|1|w,3J0P|1|w"
"NR_all_74559.1","7N0C|1|T+7N0C|1|D","7N0C|1|T+7N0C|1|D"
"NR_all_04412.1","7Q0J|1|R","7Q0J|1|R"
"NR_all_18038.1","7N2V|1|Pt","7N2V|1|Pt"
"NR_all_16489.1","7Q48|1|A","7Q48|1|A"
"NR_all_37077.1","7Q6L|5|A","7Q6L|5|A"
"NR_all_25280.1","3J0Q|1|9","3J0Q|1|9"
"NR_all_63923.1","7Q80|1|B+7Q80|1|C+7Q80|1|A","7Q80|1|B+7Q80|1|C+7Q80|1|A,7Q81|1|B+7Q81|1|C+7Q81|1|A,7Q7X|1|B+7Q7X|1|C+7Q7X|1|A,7Q7Z|1|B+7Q7Z|1|C+7Q7Z|1|A,7Q7Y|1|B+7Q7Y|1|C+7Q7Y|1|A"
"NR_all_20398.1","3J16|1|K","3J16|1|K"
"NR_all_85482.5","8RDU|1|1","8RDU|1|1,8RKT|1|1,8AXA|1|B,8AXB|1|B,7PLA|1|B,8BD5|1|B,7N3P|1|B,7N3O|1|B,8BD6|1|B"
"NR_all_27475.1","7N4E|1|R","7N4E|1|R"
"NR_all_92997.1","7Q82|1|C+7Q82|1|B+7Q82|1|A","7Q82|1|C+7Q82|1|B+7Q82|1|A"
"NR_all_41448.1","3J2C|1|O","3J2C|1|O"
"NR_all_61877.3","7R6Q|1|6","7R6Q|1|6,7NAC|1|6,7R7A|1|6,7UOO|1|6,7V08|1|6,7U0H|1|6"
"NR_all_39468.1","7QCA|1|L50","7QCA|1|L50,8P5D|1|L50,8P60|1|L50,8P60|1|K50"
"NR_all_25416.1","7QCA|1|L70","7QCA|1|L70,8P5D|1|L70,8P60|1|L70,8P60|1|K70"
"NR_all_62666.1","7QCA|1|S60","7QCA|1|S60,8P5D|1|S60,8P60|1|R60,8P60|1|S60"
"NR_all_00935.1","7NDJ|1|C","7NDJ|1|C"
"NR_all_63400.1","7QDD|3|A","7QDD|3|A"
"NR_all_17321.1","7QDU|1|Q","7QDU|1|Q"
"NR_all_55652.1","7QE0|1|E","7QE0|1|E"
"NR_all_96182.1","7QEP|1|2","7QEP|1|2"
"NR_all_55569.1","7QGG|1|E","7QGG|1|E"
"NR_all_64397.2","7P7Q|1|D","7P7Q|1|D,7P7R|1|D,7P7T|1|D,7NHK|1|D,7P7S|1|D,7P7U|1|D"
"NR_all_96955.1","7QGG|1|t+7QGG|1|D","7QGG|1|t+7QGG|1|D"
"NR_all_44680.1","7QGG|1|v","7QGG|1|v"
"NR_all_86000.1","7QGR|1|x","7QGR|1|x"
"NR_all_48295.1","7NHM|1|D","7NHM|1|D"
"NR_all_18709.1","7QI4|1|Aw","7QI4|1|Aw"
"NR_all_41466.1","8A57|1|A","8A57|1|A,8A5I|1|A,7NHN|1|A,8A63|1|A"
"NR_all_32685.1","7QI6|1|Ax","7QI6|1|Ax"
"NR_all_68529.1","8A57|1|B","8A57|1|B,8A5I|1|B,7NHN|1|B,8A63|1|B"
"NR_all_61969.1","7NHN|1|a","7NHN|1|a"
"NR_all_85107.1","7NIQ|1|C+7NIQ|1|G","7NIQ|1|C+7NIQ|1|G"
"NR_all_97023.1","7NKX|1|P","7NKX|1|P"
"NR_all_50502.1","7NSI|1|AV","7NSI|1|AV"
"NR_all_96834.1","7NSJ|1|AY","7NSJ|1|AY"
"NR_all_51945.1","7NT6|1|X","7NT6|1|X"
"NR_all_47859.1","7NWG|1|33","7NWG|1|33"
"NR_all_82540.1","7QR3|1|C","7QR3|1|C,7QR3|1|D"
"NR_all_27268.1","7NWH|1|hh","7NWH|1|hh"
"NR_all_07720.1","7QR4|1|B","7QR4|1|B"
"NR_all_47926.1","7OIF|1|z","7OIF|1|z,7NWW|1|z,7OIG|1|z"
"NR_all_53904.1","7QTL|1|M+7QTL|1|R","7QTL|1|M+7QTL|1|R"
"NR_all_98594.1","7O0G|1|E","7O0G|1|E"
"NR_all_65991.1","7QUA|1|A","7QUA|1|A"
"NR_all_97435.16","8S1P|1|B","8S1P|1|B,8QCQ|1|B,6TPQ|1|V,8BUU|1|B,7AQC|1|B,7AS8|1|B,7AQD|1|B,6TNN|1|V,6HA1|1|B,7OPE|1|B,7O5B|1|Y,8S1U|1|B,8QPP|1|Y,7QV2|1|B,7AS9|1|B,7QV1|1|B,6HA8|1|B,8R55|1|Y,6PPF|1|B,5NJT|1|V,3J9W|1|BB,6HTQ|1|B,6PPK|1|B,7QGU|1|B,7QV3|1|B,7QH4|1|B,3J3V|1|B"
"NR_all_06653.1","3J45|1|1","3J45|1|1,3J46|1|1"
"NR_all_22108.1","7O7Y|1|AT","7O7Y|1|AT,7O7Z|1|AT"
"NR_all_76432.1","7R21|1|R","7R21|1|R"
"NR_all_82908.1","3J45|1|2","3J45|1|2,3J46|1|2"
"NR_all_37888.1","7O7Z|1|AH","7O7Z|1|AH"
"NR_all_55442.1","7R6K|1|1","7R6K|1|1"
"NR_all_18404.1","3J45|1|3","3J45|1|3"
"NR_all_06465.1","7O81|1|AJ","7O81|1|AJ"
"NR_all_65051.1","7R7C|1|1","7R7C|1|1"
"NR_all_86022.1","3J45|1|5","3J45|1|5,3J46|1|4"
"NR_all_85225.1","7R81|1|A2","7R81|1|A2"
"NR_all_38367.1","3J46|1|3","3J46|1|3"
"NR_all_30383.1","7R81|1|t1","7R81|1|t1,7R81|1|u1"
"NR_all_22527.1","7R9F|1|B","7R9F|1|B"
"NR_all_86951.1","7RDQ|1|I","7RDQ|1|I"
"NR_all_84656.1","7OAX|1|A","7OAX|1|A,7OAX|1|D,7OAX|1|C,7OAX|1|B,7OAV|1|D,7OAV|1|A,7OA3|1|A,7OAV|1|B,7OAV|1|C,7OA3|1|B,7OAW|1|A,7OAW|1|D,7OAW|1|B,7OAW|1|C"
"NR_all_89241.1","3J5S|1|B","3J5S|1|B"
"NR_all_30485.1","7OB9|1|R","7OB9|1|R"
"NR_all_30938.1","7OEA|1|E","7OEA|1|E,7OEB|1|E"
"NR_all_36586.1","7OFW|1|C","7OFW|1|C"
"NR_all_16888.1","3J6B|1|e","3J6B|1|e"
"NR_all_02644.1","7OG6|1|R","7OG6|1|R"
"NR_all_77788.1","7OI3|1|B","7OI3|1|B"
"NR_all_02527.1","7OT5|1|z","7OT5|1|z,7OII|1|z"
"NR_all_85316.1","7OJL|1|D+7OJL|1|E","7OJL|1|D+7OJL|1|E,7OJN|1|D"
"NR_all_87898.1","7OJN|1|E","7OJN|1|E"
"NR_all_02173.1","7RQ5|15|A","7RQ5|15|A"
"NR_all_96179.1","7RYG|1|w","7RYG|1|w"
"NR_all_95458.1","7OL0|1|P","7OL0|1|P,7OKX|1|P,7OKY|1|P"
"NR_all_44560.1","8SJ7|1|B","8SJ7|1|B,7RZZ|1|B"
"NR_all_87323.3","8YGJ|1|B","7S3H|1|R,8YGJ|1|B,8WUS|1|B,8G1I|1|B,8T6O|1|B,7S36|1|R,7S38|1|R,7S37|1|R"
"NR_all_57322.1","7S3B|1|B","7S3B|1|B"
"NR_all_02320.1","7S7B|1|D","7S7B|1|D"
"NR_all_36040.1","7S7C|1|D+7S7C|1|L","7S7C|1|D+7S7C|1|L"
"NR_all_46017.1","7SBA|1|Z","7SBA|1|Z,7SBB|1|Z+7SBB|1|X"
"NR_all_51805.1","7SC6|1|C","7SC6|1|C,7SCQ|1|C"
"NR_all_20520.1","7SHX|1|A","7SHX|1|A"
"NR_all_93493.6","8PV7|1|C1+8PV7|1|C2","8PV7|1|C1+8PV7|1|C2,8PVL|1|C1,8PVK|1|C1,8PV1|1|C1+8PV1|1|C2,8PV2|1|C1+8PV2|1|C2,7OLC|1|1+7OLC|1|4,8IA0|1|C1+8IA0|1|C2,7OLD|1|1+7OLD|1|4,8PV4|1|C1+8PV4|1|C2,8PV5|1|C1+8PV5|1|C2,8PV3|1|C1+8PV3|1|C2,8PV8|1|C1,8PV6|1|C1+8PV6|1|C2,8OO0|1|1+8OO0|1|4,8I9Z|1|C1+8I9Z|1|C2,7Z3N|1|1+7Z3N|1|4,7Z3O|1|1+7Z3O|1|4,8I9X|1|C1+8I9X|1|C2,8I9Y|1|C1+8I9Y|1|C2,8I9W|1|C1+8I9W|1|C2,8I9V|1|C1+8I9V|1|C2,8I9R|1|C1+8I9R|1|C2,8I9T|1|C1+8I9T|1|C2,8I9P|1|C1+8I9P|1|C2,8ONZ|1|1"
"NR_all_92531.1","7SLQ|1|R","7SLQ|1|R"
"NR_all_80277.1","7SOT|1|B","7SOT|1|B,8G90|1|B,8G91|1|B"
"NR_all_48690.3","7OLC|1|2","7OLC|1|2,7OLD|1|2,8OO0|1|2,7Z3N|1|2,7Z3O|1|2"
"NR_all_42542.1","7SOV|1|B","7SOV|1|B"
"NR_all_93060.1","7SWF|1|B+7SWF|1|D","7SWF|1|B+7SWF|1|D"
"NR_all_47854.1","7SXP|1|A","7SXP|1|A"
"NR_all_00676.1","7OLD|1|5","7OLD|1|5"
"NR_all_12406.4","7SYQ|1|z","7SYQ|1|z,7SYV|1|z,7SYP|1|z,7SYS|1|z,7SYR|1|z,7SYW|1|z,7SYX|1|z,7SYN|1|z,7SYT|1|z,7SYK|1|z,7SYG|1|z,7SYU|1|z,7SYL|1|z,7SYO|1|z,7SYH|1|z,7SYM|1|z,7SYJ|1|z"
"NR_all_12878.1","7SYP|1|7","7SYP|1|7"
"NR_all_45028.1","7TNY|1|C+7TNY|1|B","7TNY|1|C+7TNY|1|B,7TNZ|1|C+7TNZ|1|B"
"NR_all_73006.1","7TO0|1|B+7TO0|1|C","7TO0|1|B+7TO0|1|C"
"NR_all_52698.2","8SCZ|1|B","8SCZ|1|B,8DVU|1|B,7TO2|1|B,8DVS|1|B,8DVR|1|B,7TO1|1|B"
"NR_all_27661.1","3BX2|1|D","3BX2|1|D,3BX2|1|C"
"NR_all_87862.1","7TQL|1|3","7TQL|1|3"
"NR_all_42021.1","7TRA|1|R","7TRA|1|R"
"NR_all_46216.1","3CGS|1|B+3CGS|1|A","3CGS|1|B+3CGS|1|A"
"NR_all_49428.1","7U2A|1|C","7U2A|1|C"
"NR_all_96160.1","3CJZ|1|A+3CJZ|1|B","3CJZ|1|A+3CJZ|1|B"
"NR_all_05114.1","3CR1|1|A","3CR1|1|A,3CQS|1|A"
"NR_all_89111.1","7U2I|1|1w","7U2I|1|1w,7U2J|1|1w,7U2H|1|1w,7U2J|1|2w,7U2I|1|2w,7U2H|1|2w,7U2J|1|1y,7U2H|1|1y,7U2J|1|2y,7U2H|1|2y,7U2I|1|1y,7U2I|1|2y"
"NR_all_33460.5","3PGW|1|R","3PGW|1|R,3PGW|1|N,3CW1|1|x,3CW1|1|w,3CW1|1|V,3CW1|1|v,7B0Y|1|a,7VPX|1|L,6QX9|1|1,8R08|1|1"
"NR_all_96772.1","7U4A|1|A","7U4A|1|A"
"NR_all_18592.1","7U5E|1|1","7U5E|1|1,7U5D|1|1"
"NR_all_04560.1","8BF5|1|M+8BF5|1|R","8BF5|1|M+8BF5|1|R"
"NR_all_14947.1","1KOG|1|O","1KOG|1|O,1KOG|1|J,1KOG|1|M,1KOG|1|P,1KOG|1|L,1KOG|1|I,1KOG|1|K,1KOG|1|N"
"NR_all_54825.1","1KOS|1|A","1KOS|1|A"
"NR_all_68290.1","2AGN|1|B","2AGN|1|B,1KP7|1|A"
"NR_all_08049.1","8BF9|1|8","8BF9|1|8"
"NR_all_93618.1","8IBW|1|D","8IBW|1|D,8IBX|1|D"
"NR_all_01697.1","8BH9|1|B","8BH9|1|B"
"NR_all_85680.1","8IBY|1|E","8IBY|1|E"
"NR_all_92049.2","1KPZ|1|A","1KPZ|1|A,1KPY|3|A,1KPY|6|A"
"NR_all_19793.1","3J9M|1|u","3J9M|1|u,7A5K|1|u3,6NU2|1|u,7A5G|1|u3,6NU3|1|u"
"NR_all_29984.1","8BMW|1|R","8BMW|1|R"
"NR_all_18353.1","8IDF|1|B","8IDF|1|B"
"NR_all_26998.1","1KXK|1|A","1KXK|1|A"
"NR_all_02356.1","8IFK|1|C","8IFK|1|C,8IFM|1|P,8IFM|1|C,8IFM|1|H,8IFM|1|L,8IFL|1|C,8IFL|1|H,8IFL|1|L,8IFL|1|P,8K34|1|C"
"NR_all_37735.1","1L2X|1|A","1L2X|1|A,437D|1|A,1L3D|1|A"
"NR_all_57530.1","8BSI|1|y","8BSI|1|y"
"NR_all_54586.1","1L3Z|1|B","1L3Z|1|B,1L3Z|1|A"
"NR_all_97963.1","8BTR|1|v","8BTR|1|v,8BSJ|1|v"
"NR_all_30326.1","8BTD|1|v","8BTD|1|v"
"NR_all_51182.1","8BTZ|1|A","8BTZ|1|A"
"NR_all_20599.1","8IN8|1|I","8IN8|1|I"
"NR_all_59420.1","8BUU|1|V","8BUU|1|V"
"NR_all_89661.1","8IP0|1|F","8IP0|1|F"
"NR_all_98031.1","8BVJ|1|B","8BVJ|1|B"
"NR_all_62740.1","8BWS|1|R","8BWS|1|R"
"NR_all_27495.1","8C3A|1|4","8C3A|1|4,8C3A|1|AU,8OI5|1|4,8OI5|1|AU,8OEQ|1|AU,8OEQ|1|4,8OJ3|1|AU,8OJ3|1|4,8OH6|1|4,8OH6|1|AU,8OGJ|1|4"
"NR_all_53815.1","8ISZ|1|C","8ISZ|1|C,8IT1|1|P,8K9G|1|C,8IT1|1|H,8K9G|1|G,8IT1|1|D,8IT1|1|L,8IT0|1|G,8IT0|1|C"
"NR_all_65223.11","6Q1H|1|D","6Q1H|1|D,6Q1H|1|H,6P7P|1|F,6P7P|1|E,6P7P|1|D,7ZGV|1|D,7SOQ|1|B,8KBH|1|J,8KBH|1|L,7SOR|1|D,7SOR|1|B,8KBH|1|K,6VM6|1|J,6VM6|1|G,6WAN|1|K,8KBF|1|D,6WAN|1|H,6WAN|1|G,6WAN|1|L,6WAN|1|I,8KBF|1|C,6YWO|1|F,6WAN|1|J,4OAU|1|A,6YWO|1|E,6YWO|1|K,8KBC|1|O,8KBC|1|N,8KBC|1|Q,6VM6|1|I,6VM6|1|H,8KBC|1|P,6YWO|1|I,2A1R|1|C,6M6V|1|F,6M6V|1|E,2A1R|1|D,3GPQ|1|E,3GPQ|1|F,6O79|1|C,6VM6|1|K,6M6V|1|G,6HYU|1|D,1LAJ|1|R,8TL0|1|E,8ZWJ|1|F,8TL0|1|F,8TL0|1|G,8TL0|1|H,8TL0|1|J,8TL0|1|M,8TL0|1|N,8ZWJ|1|Q,8ZWK|1|G,8ZWK|1|Q,7QQK|1|F,7QQK|1|G,7QQK|1|H,6YBV|1|k,7QQK|1|E"
"NR_all_16987.1","8IUO|1|F","8IUO|1|F"
"NR_all_73223.1","8C4U|1|H+8C4U|1|T","8C4U|1|H+8C4U|1|T,8C4V|1|H+8C4V|1|V,8C4T|1|C"
"NR_all_50500.1","8C4V|1|S","8C4V|1|S"
"NR_all_89773.1","8C5S|1|C","8C5S|1|C"
"NR_all_00982.1","8J1J|1|C","8J1J|1|C,8J3R|1|C"
"NR_all_01008.1","8J62|1|X","8J62|1|X,8J62|1|Y"
"NR_all_75147.1","8C8J|1|C","8C8J|1|C"
"NR_all_17134.1","8J72|1|C","8J72|1|C"
"NR_all_27151.1","8CBK|1|T","8CBK|1|T"
"NR_all_44655.1","8CBM|1|T","8CBM|1|T"
"NR_all_07315.1","8CD1|1|Dt","8CD1|1|Dt"
"NR_all_73655.1","8CDV|1|A","8CDV|1|A"
"NR_all_21998.1","8CEC|1|B","8CEC|1|B,8CEE|1|B,8CED|1|B"
"NR_all_65422.1","8CI5|1|C","8CI5|1|C"
"NR_all_60819.1","8CLR|1|A","8CLR|1|A"
"NR_all_54266.1","8JDM|1|B","8JDM|1|B"
"NR_all_18586.69","8P9A|1|AS","8P9A|1|AS,8P9A|1|3,5TBW|1|AS,5TBW|1|3,4V88|1|A3,8P4V|1|AS,4V88|1|A7,8P4V|1|3,7OSA|1|AB,5I4L|1|7,6HHQ|1|AS,5MEI|1|AS,5MEI|1|3,5OBM|1|7,6HHQ|1|3,5LYB|1|7,5ON6|1|3,5I4L|1|3,5ON6|1|AS,5LYB|1|3,5OBM|1|3,5NDW|1|7,7OSM|1|AB,5NDW|1|3,5NDV|1|7,5NDV|1|3,5FCJ|1|7,5FCJ|1|3,5NDG|1|7,5NDG|1|3,5TGM|1|7,5TGM|1|3,4V7R|1|B2,4V7R|1|D2,5DAT|1|7,5DGV|1|7,5DGF|1|7,5DAT|1|3,5DGE|1|7,5DGV|1|3,5TGA|1|7,5DC3|1|7,5DGE|1|3,5DC3|1|3,5FCI|1|7,5TGA|1|3,5DGF|1|3,5FCI|1|3,8CCS|1|BB,8CDR|1|BB,8CEH|1|BB,8P8N|1|LE,8PFR|1|LE,8EVT|1|A3,8P8U|1|LE,8T2Y|1|A3,8CGN|1|BB,7UOO|1|3,8EVP|1|A3,7V08|1|3,7ZW0|1|LC,8AGX|1|h,8BN3|1|3,7TOP|1|A5S,8T2Z|1|A3,8EWC|1|A3,7UQB|1|3,8CIV|1|BB,7UQZ|1|3,8T2X|1|A3,7ZUX|1|4,8AAF|1|h,8EUB|1|A3,8CG8|1|BB,6T4Q|1|C4,8AGV|1|h,8AGT|1|h,8AGW|1|h,8AGZ|1|h,8EVS|1|A3,8HFR|1|2f,8P8M|1|LE,8AGU|1|h,8CF5|1|BB,8EVQ|1|A3,8CDL|1|BB,7TOO|1|A5S,7MPJ|1|A3,6TB3|1|BR,6SNT|1|4,8EWB|1|A3,8EVR|1|A3,7AZY|1|F,8T3A|1|A3,4U4R|1|3,4U3U|1|7,6WOO|1|7,9F9S|1|M3,7UG6|1|3,9F9S|1|L3,8T30|1|A3,4U4R|1|7,4U3U|1|3,8T3D|1|A3,8K82|1|C4,7N8B|1|A3,7MPI|1|A3,4U4Q|1|7,4U4Q|1|3,8T3E|1|A3,4U3M|1|7,4U52|1|7,4U3M|1|3,8BIP|1|C4,6QIK|1|x,7OHQ|1|3,8CKU|1|BB,8T3B|1|A3,4U4U|1|7,7BT6|1|3,8T3F|1|A3,6Q8Y|1|BR,8UTI|1|B,6YLG|1|3,4U6F|1|7,5T62|1|B,4U52|1|3,4U4U|1|3,6T7T|1|C4,8K2D|1|C4,6XIR|1|3,6RZZ|1|x,7ZS5|1|3,8Z70|1|B,6M62|1|3,8UT0|1|B,7BTB|1|3,7RR5|1|C4,6YLH|1|3,4U4N|1|7,4U6F|1|3,6TNU|1|BR,3JCT|1|3,4U3N|1|3,4U4Z|1|7,4U4N|1|3,6T7I|1|C4,7B7D|1|LB,6RI5|1|x,6S47|1|AB,4U4Z|1|3,4U55|1|7,4U50|1|3,5M1J|1|34,4U50|1|7,4U3N|1|7,4U4Y|1|7,4U4Y|1|3,4U51|1|7,6Z6K|1|C4,6Z6J|1|C4,6QT0|1|x,7OH3|1|3,8XU8|1|B,4U55|1|3,5H4P|1|3,6SV4|1|YR,6SV4|1|ZR,4U53|1|3,7ZPQ|1|4,5APO|1|7,6QTZ|1|x,6R86|1|3,6N8M|1|B,4U51|1|3,4U53|1|7,6SV4|1|BR,6N8O|1|B,6N8J|1|2,6R87|1|3,6HD7|1|3,8Y0U|1|C4,5JUP|1|D,6N8K|1|2,8Z71|1|B,6N8L|1|2,4U56|1|7,6R84|1|3,8CMJ|1|BB,4U56|1|3,8BQX|1|BR,8BJQ|1|C4,6OIG|1|7,7Z34|1|2,6N8N|1|B,8T3C|1|A3,8BQD|1|BR,6S05|1|x,7NRC|1|LB,8YLR|1|B,8YLD|1|B,6GQB|1|3,5MC6|1|BR,6T83|1|Bb,6T83|1|4b,5JUT|1|D,6FT6|1|3,5JUO|1|D,5JUU|1|D,6GQV|1|3,5APN|1|7,4U4O|1|7,5JUS|1|D,6XIQ|1|3,5T6R|1|B,4U4O|1|3,7ZUW|1|4,7NRD|1|LB,4V8Y|1|B7,8BGU|1|3,5GAK|1|3,6GQ1|1|3,7ZRS|1|4,7OHT|1|3,6I7O|1|YR,6I7O|1|BR,7OF1|1|3,3J6Y|1|5S,3J6X|1|5S,3J77|1|5S,3J78|1|5S,4V8Z|1|B7,4V8T|1|7,4V7F|1|3,5JCS|1|z,4V6I|1|DC"
"NR_all_91831.1","8CQ1|4|A","8CQ1|4|A"
"NR_all_31842.1","8JH4|1|P","8JH4|1|P"
"NR_all_20721.10","5E81|1|2K","5E81|1|2K,5J8B|1|x,4V95|1|AV,4V7J|1|Av,4V9B|1|AC,4V7J|1|Bv,5E81|1|2L,4V9B|1|CC,4V95|1|CV,4V7K|1|Bv,4V7K|1|Av,4WT8|1|C4,4V9A|1|AC,4L47|1|XV,4V7K|1|Bw,4L47|1|QV,4V7K|1|Aw,4V9A|1|CC,4V7J|1|Aw,4V7J|1|Bw,4V9B|1|CD,4V4J|1|z,4V9B|1|AD,4V8X|1|AV,4V9N|1|CW,4V8X|1|CV,4V9N|1|AW,4V8U|1|CW,4V8U|1|AW,4V8X|1|CW,4V8X|1|AW,6BOK|1|IA,6BOK|1|LC,6BOK|1|D,6BOK|1|GB,3J9Z|1|S6,3JA1|1|S2,5LMT|1|Z,5LMR|1|Z,4V68|1|AV,4V5N|1|AV,4V5M|1|AV"
"NR_all_41726.1","8JOZ|1|B","8JOZ|1|B"
"NR_all_09608.1","1LC6|23|A","1LC6|23|A"
"NR_all_29695.1","1LDZ|3|A","1LDZ|3|A,2LDZ|1|A"
"NR_all_30612.1","8CTI|1|C","8CTI|1|C"
"NR_all_56552.1","8JTJ|1|B","8JTJ|1|B"
"NR_all_95834.1","1LMV|1|B+1LMV|1|A","1LMV|1|B+1LMV|1|A"
"NR_all_73413.1","8CX1|1|K","8CX1|1|K"
"NR_all_62048.1","8JY0|1|B","8JY0|1|B,8JY0|1|D,8JY0|1|F"
"NR_all_70397.1","8CX2|1|K","8CX2|1|K"
"NR_all_25303.3","4V9F|1|9","4V9F|1|9,1S72|1|9,1YI2|1|9,1JJ2|1|9,3CCL|1|9,3CCU|1|9,1YIJ|1|9,3G71|1|9,1YHQ|1|9,3CMA|1|9,3G6E|1|9,1YJW|1|9,3I56|1|9,3CCV|1|9,3CD6|1|9,2QEX|1|9,3CCM|1|9,1YJ9|1|9,3CC4|1|9,1YJN|1|9,2OTL|1|9,1YIT|1|9,3CC2|1|9,3CCS|1|9,2OTJ|1|9,3CCQ|1|9,1KQS|1|9,3CC7|1|9,3CCR|1|9,3G4S|1|9,3I55|1|9,3CCJ|1|9,2QA4|1|9,3CCE|1|9,3OW2|1|9,1VQ8|1|9,1VQO|1|9,1VQM|1|9,1VQK|1|9,1VQL|1|9,1VQ9|1|9,1VQP|1|9,1VQ7|1|9,1VQN|1|9,1VQ4|1|9,1VQ6|1|9,3CME|1|9,1M90|1|B,1QVG|1|9,1VQ5|1|9,1NJI|1|B,3CXC|1|9,3CPW|1|9,1Q81|1|B,1Q86|1|B,1KC8|1|B,1K73|1|B,1Q82|1|B,1K9M|1|B,1QVF|1|9,1M1K|1|B,1KD1|1|B,1K8A|1|B,1Q7Y|1|B,1FFK|1|9,1N8R|1|B,1W2B|1|9"
"NR_all_64004.1","8D1V|1|J+8D1V|1|N","8D1V|1|J+8D1V|1|N"
"NR_all_32544.1","1LNT|1|A+1LNT|1|B","1LNT|1|A+1LNT|1|B"
"NR_all_47265.1","8D29|1|J","8D29|1|J"
"NR_all_21059.1","8K0R|1|A","8K0R|1|A,8K0R|1|C,8K0P|1|A,8K0P|1|C,8K0Q|1|A,8K0Q|1|C,8K0S|1|C,8K0S|1|A"
"NR_all_16624.1","1LU3|1|A","1LU3|1|A"
"NR_all_31790.1","8D4A|1|B+8D4A|1|C","8D4A|1|B+8D4A|1|C,8D4B|1|B+8D4B|1|C"
"NR_all_08227.1","1LUX|1|A","1LUX|1|A"
"NR_all_93499.1","8D6J|1|B","8D6J|1|B"
"NR_all_41189.1","8K15|1|C","8K15|1|C"
"NR_all_84438.1","1FHK|4|A","1FHK|4|A"
"NR_all_75326.1","1M5K|1|B","1M5K|1|B,1M5K|1|E,1M5O|1|B,1M5P|1|B,1M5O|1|E,1M5V|1|B,1M5P|1|E,1M5V|1|E"
"NR_all_92759.1","1FIX|1|A","1FIX|1|A"
"NR_all_75719.1","8D9K|1|C","8D9K|1|C,8D9L|1|C"
"NR_all_04576.2","8EVP|1|EC","8EVP|1|EC,8EWC|1|EC,8EUB|1|EC,8EVQ|1|EC,8EVR|1|EC,8T3B|1|EC,5JUP|1|EC,8EWB|1|EC,8T3C|1|EC,5JUU|1|EC,5JUO|1|EC,5JUT|1|EC,8T3D|1|EC,5JUS|1|EC,8T3E|1|EC,8T3F|1|EC,3J6X|1|IR,3J6Y|1|IR"
"NR_all_25308.1","8DC2|1|B","8DC2|1|B"
"NR_all_21603.1","8DFA|1|L","8DFA|1|L,8DEJ|1|L+8DEJ|1|N"
"NR_all_30210.1","8K28|1|P","8K28|1|P"
"NR_all_47361.1","1M5L|1|A","1M5L|1|A"
"NR_all_91378.1","8K4E|1|V","8K4E|1|V"
"NR_all_20614.1","8DFV|1|E","8DFV|1|E,8DG5|1|E"
"NR_all_93553.1","8K5A|1|J","8K5A|1|J"
"NR_all_45854.1","8DG7|1|F+8DG7|1|E","8DG7|1|F+8DG7|1|E"
"NR_all_95755.3","3J79|1|A+3J79|1|C","3J79|1|A+3J79|1|C,5UMD|1|A+5UMD|1|C,8TPU|1|AA+8TPU|1|AC,3JBN|1|AA+3JBN|1|AC,3JBO|1|AA+3JBO|1|AC,3JBP|1|AA+3JBP|1|AC"
"NR_all_68467.12","8SCB|1|2","8SCB|1|2,8P2K|1|AT,7NWI|1|2,6T59|1|23,7TM3|1|q,5LZS|1|2,5LZV|1|2,6GZ5|1|Bv,5LZZ|1|2,5LZW|1|2,6GZ4|1|Bv,6GZ3|1|Bv,6MTB|1|2,5LZX|1|2,5LZT|1|2,6FRK|1|2,7TUT|1|q,3JAH|1|2,6HCF|1|23,3JAG|1|2,3JAI|1|2,6FTI|1|q,5LZU|1|2,6HCM|1|23,3JAJ|1|3,3JAN|1|3"
"NR_all_22162.1","8K8B|2|A","8K8B|2|A"
"NR_all_97416.1","8DO6|1|I+8DO6|1|J","8DO6|1|I+8DO6|1|J"
"NR_all_15840.1","1FL8|1|A","1FL8|1|A"
"NR_all_03375.1","8DRH|1|B","8DRH|1|B,8PSH|1|B"
"NR_all_18107.1","8KAL|1|A","8KAL|1|A,8KAL|1|E,8KAK|1|A,8KAK|1|E,8KAG|1|A,8KAM|1|A"
"NR_all_30413.1","1FNX|1|R","1FNX|1|R"
"NR_all_48641.1","1M8X|1|D","1M8X|1|D,1M8W|1|D"
"NR_all_17605.3","3J79|1|B","3J79|1|B,5UMD|1|B,8TPU|1|AB,3JBN|1|AB,3JBO|1|AB,3JBP|1|AB"
"NR_all_53399.1","8DWJ|1|P","8DWJ|1|P"
"NR_all_27833.1","1FOQ|1|B","1FOQ|1|B,1FOQ|1|A,1FOQ|1|C,1FOQ|1|E,1FOQ|1|D"
"NR_all_93459.1","1M8W|1|F","1M8W|1|F"
"NR_all_81175.1","1M8Y|1|D","1M8Y|1|D,1M8Y|1|C"
"NR_all_04798.2","8DZK|1|N","8DZK|1|N,8DZK|1|F,8DZK|1|G"
"NR_all_18069.1","1FQZ|1|A","1FQZ|1|A"
"NR_all_41946.1","8DZK|1|P","8DZK|1|P"
"NR_all_50753.2","6OKK|1|g","6OKK|1|g,3J7A|1|7,8TPU|1|S7,3JBP|1|7"
"NR_all_48560.1","8E29|1|B","8E29|1|B"
"NR_all_87543.1","8KBD|1|O","8KBD|1|O,8KBD|1|N,8KBD|1|Q,8KBD|1|P"
"NR_all_45231.2","3J7A|1|A","3J7A|1|A,6OKK|1|A,8TPU|1|SA"
"NR_all_52226.1","1FYP|1|A","1FYP|1|A"
"NR_all_40657.1","1G1X|1|J+1G1X|1|I","1G1X|1|J+1G1X|1|I"
"NR_all_76721.1","8E3I|1|E","8E3I|1|E"
"NR_all_36794.1","1G2J|1|A","1G2J|1|A"
"NR_all_57635.1","8E4X|1|C+8E4X|1|D","8E4X|1|C+8E4X|1|D"
"NR_all_21280.33","4KZY|1|i","4KZY|1|i,4KZZ|1|i,4KZX|1|i,7O7Y|1|A2,7OYD|1|9,7O7Z|1|A2,8SCB|1|9,7JQB|1|A,9BDL|1|A18S,7ZJW|1|S2,7UCK|1|9,6SGC|1|A1,7TOR|1|A18S,7O80|1|A2,8P2K|1|A2,8P03|1|2,9F1B|1|A2,7NWI|1|9,6YAL|1|2,8BHF|1|A3,6R5Q|1|K,9BDN|1|A18S,7TOQ|1|A18S,7ZJX|1|S2,7O81|1|A2,6ZVK|1|K3,6P5I|1|2,6P5K|1|2,6P5J|1|2,7UCJ|1|9,6P4G|1|2,7MDZ|1|9,6R6P|1|K,6P4H|1|2,6P5N|1|2,9F1D|1|A2,6D9J|1|2,7JQC|1|A,6W2T|1|a,7A01|1|K3,8P09|1|2,5LZS|1|9,6MTD|1|9,5LZV|1|9,6D90|1|2,7SYS|1|2,8BTK|1|A2,6YAN|1|2,6MTC|1|9,6MTE|1|9,6W2S|1|A,6GZ5|1|B1,7SYR|1|2,5LZZ|1|9,5LZW|1|9,6GZ3|1|B1,7SYX|1|2,7SYW|1|2,7NWG|1|A2,9BDP|1|A18S,6GZ4|1|B1,5LZT|1|9,6YAM|1|2,6MTB|1|9,5LZX|1|9,9F1C|1|A2,6HCJ|1|A2,7SYQ|1|2,6R6G|1|K,5LZU|1|9,6HCF|1|A1,7SYV|1|2,6R7Q|1|K,3JAH|1|9,7SYN|1|2,7SYP|1|2,7NWH|1|9,5FLX|1|1,5LZY|1|9,3JAG|1|9,3JAI|1|9,7SYG|1|2,7SYK|1|2,7SYT|1|2,7SYI|1|2,7SYL|1|2,7SYU|1|2,7SYH|1|2,7SYO|1|2,7SYM|1|2,7SYJ|1|2,5K0Y|1|A,6HCQ|1|A2,6HCM|1|A1,4UJE|1|B1,3JAN|1|S2,3JAJ|1|S2,4UJD|1|C1,4D61|1|1,4D5L|1|1,4UJC|1|C1"
"NR_all_31627.1","8E5L|1|7","8E5L|1|7"
"NR_all_40120.1","1PBM|1|A+1PBM|1|B","1PBM|1|A+1PBM|1|B,1G3A|1|A+1G3A|1|B,1G3A|1|A,1G3A|1|B"
"NR_all_94764.1","8E5P|1|7","8E5P|1|7"
"NR_all_25068.1","1ME1|1|A","1ME1|1|A"
"NR_all_47897.1","8KI7|1|B","8KI7|1|B"
"NR_all_57169.1","1MFK|1|A","1MFK|1|A"
"NR_all_83547.1","3J7R|1|S6","3J7R|1|S6"
"NR_all_10702.1","8E8M|1|R","8E8M|1|R,8E74|1|R,8E79|1|R"
"NR_all_63957.1","8KI8|1|E","8KI8|1|E,8KI7|1|E"
"NR_all_05518.1","8E95|1|R","8E95|1|R,8E82|1|R"
"NR_all_06702.1","8EA4|1|7","8EA4|1|7,8EA3|1|7"
"NR_all_23614.1","8OEW|1|P","8OEW|1|P,8OEV|1|P,8OEU|1|P,8OF0|1|P"
"NR_all_90279.1","8EG0|1|C","8EG0|1|C"
"NR_all_11916.1","8OIV|1|D","8OIV|1|D"
"NR_all_51883.1","8EG8|1|R","8EG8|1|R"
"NR_all_29085.1","1N78|1|C","1N78|1|C,1N78|1|D,2DXI|1|C,1N77|1|C,2DXI|1|D,2CV2|1|C,1N77|1|D,2CV2|1|D,2CV1|1|D,2CV1|1|C,2CV0|1|C,2CV0|1|D,1G59|1|B,1G59|1|D"
"NR_all_39003.1","1MHK|1|L+1MHK|1|S","1MHK|1|L+1MHK|1|S"
"NR_all_53343.1","1MJ1|1|Q","1MJ1|1|Q"
"NR_all_60623.1","8OP2|1|C","8OP2|1|C,8OP2|1|U,8OOU|1|U,8OOU|1|e"
"NR_all_36389.1","8EJ3|1|R","8EJ3|1|R"
"NR_all_28653.1","1G70|1|A","1G70|1|A"
"NR_all_40477.1","8ENK|1|N","8ENK|1|N"
"NR_all_35540.1","8EOS|1|R","8EOS|1|R,8EOT|1|R"
"NR_all_68844.1","1ML5|1|a","1ML5|1|a"
"NR_all_27965.1","1MNB|1|B","1MNB|1|B"
"NR_all_99181.1","1MSW|1|R","1MSW|1|R"
"NR_all_11927.1","8ESQ|1|6","8ESQ|1|6,8EV3|1|6,8ESR|1|6,8EUP|1|6,8ETG|1|6,8ETI|1|6,8ETH|1|6"
"NR_all_37932.1","1MT4|4|A","1MT4|4|A"
"NR_all_01867.1","8EVS|1|EC","8EVS|1|EC"
"NR_all_06844.1","8EWG|1|B","8EWG|1|B"
"NR_all_70889.1","8EY7|1|B","8EY7|1|B"
"NR_all_98067.1","8EYU|1|A","8EYU|1|A,8EYU|1|B,8EYW|1|B,8EYW|1|A,8EYV|1|B,8EYV|1|A,8F0N|1|A,8F0N|1|B"
"NR_all_69068.1","1MVR|1|E","1MVR|1|E"
"NR_all_44959.1","1MY9|1|A","1MY9|1|A"
"NR_all_10396.1","1GUC|1|A+1GUC|1|B","1GUC|1|A+1GUC|1|B"
"NR_all_46884.1","1MZP|1|B","1MZP|1|B,2NOQ|1|E"
"NR_all_65795.80","4LFB|1|A","4LFB|1|A,5WNV|1|A,4DR6|1|A,4LF8|1|A,4LF7|1|A,4X65|1|A,5WNT|1|A,8VTW|1|1a,4JI1|1|A,9DFC|1|1a,8VTW|1|2a,4X64|1|A,4DUY|1|A,4DR2|1|A,4LF9|1|A,4Y4O|1|1a,9DFE|1|1a,4LF6|1|A,7RQB|1|1a,9DFE|1|2a,9DFC|1|2a,8FC5|1|1a,8FC6|1|1a,7DUI|1|A,9D0J|1|1a,4LF4|1|A,4Y4O|1|2a,4DR5|1|A,9DFD|1|1a,8FC2|1|1a,8FC5|1|2a,8FC6|1|2a,4KHP|1|A,4V9H|1|AA,8G2C|1|1a,4DV6|1|A,4JI7|1|A,5FDV|1|2a,4X62|1|A,7DUL|1|A,8FC2|1|2a,9DFD|1|2a,7RQB|1|2a,5FDV|1|1a,8FC1|1|1a,8VTU|1|1a,4DV7|1|A,5FDU|1|2a,8UD7|1|1a,8G2A|1|1a,5FDU|1|1a,5WNU|1|A,8T8B|1|1a,4DR3|1|A,4JYA|1|A,5HCQ|1|1a,4JI3|1|A,6CAE|1|1a,8G2A|1|2a,5IBB|1|1G,8VTY|1|1a,4JI6|1|A,8VTU|1|2a,5WNP|1|A,8UD7|1|2a,8FC3|1|1a,5IBB|1|13,6CFL|1|1a,4LFC|1|A,5HCQ|1|2a,4JI0|1|A,7RQE|1|1a,8G29|1|1a,8G2C|1|2a,8VTV|1|1a,6XHX|1|1a,7U2H|1|1a,8UVS|1|1a,4WQ1|1|13,4WSM|1|13,8VTX|1|1a,7U2J|1|1a,4WSM|1|1G,8UVR|1|1a,8UD8|1|1a,4WQR|1|13,9D0J|1|2a,5IB7|1|13,8T8B|1|2a,8FC3|1|2a,6MPF|1|A,8UD6|1|1a,5J4B|1|1a,8FC1|1|2a,4WZD|1|1G,5E81|1|13,8G2B|1|1a,8VTY|1|2a,4X66|1|A,7RQ8|1|1a,5EL7|1|13,8VTV|1|2a,6CFK|1|1a,8G29|1|2a,4WZD|1|13,8UD8|1|2a,5E81|1|1G,6CFL|1|2a,8EKB|1|1a,5EL7|1|1G,4JI8|1|A,6XHX|1|2a,4WQ1|1|1G,6XHY|1|1a,8EV7|1|1a,6CAE|1|2a,2UUC|1|A,4DR1|1|A,4WQR|1|1G,7U2J|1|2a,7RQE|1|2a,8VTX|1|2a,5EL6|1|13,8G2B|1|2a,4LFA|1|A,5IB8|1|13,8EKB|1|2a,4DV5|1|A,5IB7|1|1G,6CFJ|1|1a,6OF1|1|1a,9D7T|1|1a,6CFK|1|2a,4DV0|1|A,6MPI|1|A,5J4C|1|1a,9D7R|1|2a,5W4K|1|1a,9D7R|1|1a,4DV3|1|A,8T8C|1|1a,7RQC|1|1a,5EL6|1|1G,5J4B|1|2a,6QNR|1|13,5DFE|1|XA,5J8B|1|a,4Z8C|1|1a,6CAP|1|A,5HCR|1|1a,9D7T|1|2a,4DV4|1|A,6XHY|1|2a,7U2H|1|2a,8UVR|1|2a,6QNR|1|1G,4WSD|1|13,8UD6|1|2a,5NDK|1|1G,4Z8C|1|2a,5WIS|1|1a,6CAQ|1|A,4V8I|1|AA,7AZO|1|16SB,5DFE|1|QA,8EV7|1|2a,5IB8|1|1G,2UXC|1|A,5NDK|1|13,8UVS|1|2a,7AZO|1|16SA,6NY6|1|A,4WPO|1|BA,2VQF|1|A,9D7S|1|1a,6OF1|1|2a,4K0K|1|A,6XHW|1|1a,1VY4|1|AA,5EL4|1|13,5HCR|1|2a,7U2I|1|1a,6ND5|1|1a,8T8C|1|2a,4V6G|1|CA,4Z3S|1|1a,4V5F|1|CA,8FC4|1|1a,4JI2|1|A,2VQE|1|A,6CFJ|1|2a,4WT8|1|Ab,8EV6|1|1a,7RQC|1|2a,6XHV|1|1a,4LNT|1|XA,2UUA|1|A,4DR4|1|A,4V8D|1|AA,4V6G|1|AA,9D7S|1|2a,5J4C|1|2a,5EL4|1|1G,6FKR|1|1a,4JV5|1|A,4NXN|1|A,4W2I|1|AA,7MD7|1|1a,5HD1|1|1a,4DUZ|1|A,4LNT|1|QA,7RQ8|1|2a,5HCP|1|1a,4W2I|1|CA,2UU9|1|A,5W4K|1|2a,6QNQ|1|13,4LF5|1|A,4W2G|1|AA,4JI4|1|A,4WPO|1|DA,4V8D|1|CA,4DV1|1|A,6FKR|1|2a,8G2D|1|1a,8CVK|1|1a,4V5R|1|AA,6QNQ|1|1G,7RQD|1|1a,6O97|1|1a,8FC4|1|2a,4V5F|1|AA,9B00|1|1a,4Z3S|1|2a,5E7K|1|13,5IWA|1|A,6MKN|1|A,5EL5|1|13,6XHV|1|2a,4WSD|1|1G,5HCP|1|2a,5HAU|1|1a,4NXM|1|A,4DV2|1|A,4W2G|1|CA,4GKK|1|A,5E7K|1|1G,4V5R|1|CA,4WT8|1|Bb,6XHW|1|2a,5HAU|1|2a,5HD1|1|2a,4W2H|1|AA,6ND5|1|2a,8EV6|1|2a,4V95|1|AA,4WT1|1|13,4V7M|1|AA,4V8I|1|CA,4W4G|1|XA,4W2H|1|CA,7U2I|1|2a,5WIS|1|2a,4GKJ|1|A,7RQD|1|2a,4V8B|1|AA,4Y4P|1|1a,5WIT|1|1a,4JI5|1|A,4W4G|1|QA,4W2F|1|AA,5DOY|1|1a,1FJG|1|A,8CVK|1|2a,5WNQ|1|A,1VY4|1|CA,7MD7|1|2a,5WNS|1|A,4WRA|1|13,4V9B|1|CA,4WR6|1|13,8CVJ|1|1a,1IBL|1|A,4V9B|1|AA,4WRA|1|1G,8G2D|1|2a,5DOY|1|2a,5VP2|1|1a,4DR7|1|A,4W2E|1|a,6O97|1|2a,6C5L|1|AA,6C5L|1|CA,4V8B|1|CA,4V95|1|CA,7RQ9|1|1a,4V9S|1|AA,7RQA|1|1a,4WU1|1|13,1VY5|1|AA,4WU1|1|1G,7JQM|1|1a,6XQD|1|2a,7RQA|1|2a,4WR6|1|1G,4V7J|1|Aa,6XQD|1|1a,4YZV|1|XA,4V9S|1|CA,6DTI|1|A,4WQU|1|BA,4V7J|1|Ba,4ZER|1|1a,4V9R|1|CA,4ZER|1|2a,4WT1|1|1G,5WIT|1|2a,8CVL|1|1a,4V9R|1|AA,9B00|1|2a,5EL5|1|1G,6ND6|1|1a,4W2F|1|CA,6UO1|1|1a,7RQ9|1|2a,4WZO|1|1G,1HNW|1|A,4YPB|1|XA,4V5J|1|CA,4WZO|1|13,4Y4P|1|2a,4V5Q|1|AA,4V5P|1|CA,4V5S|1|AA,8CVJ|1|2a,1VY7|1|AA,6UO1|1|2a,4ZSN|1|XA,4YPB|1|QA,4V5L|1|AA,4YZV|1|QA,4WQF|1|BA,8CVL|1|2a,1VY6|1|AA,4V5C|1|AA,4V5P|1|AA,4V5J|1|AA,3OTO|1|A,5NDJ|1|1G,5VP2|1|2a,4WRO|1|13,1XNR|1|A,4V5S|1|CA,4V6F|1|CA,7JQM|1|2a,4ZSN|1|QA,6ND6|1|2a,5NDJ|1|13,4L47|1|XA,5V8I|1|1a,1XMQ|1|A,1VY5|1|CA,4V6F|1|BA,4V51|1|AA,4V7M|1|CA,4L47|1|QA,4V8C|1|DA,1HR0|1|A,4V5Q|1|CA,1VY6|1|CA,1IBM|1|A,4WQF|1|DA,4V8C|1|CA,4TUA|1|XA,4V8Q|1|BA,7JQL|1|1a,6CAO|1|A,6GSK|1|1G,4V5D|1|AA,1HNZ|1|A,4TUD|1|QA,4V7K|1|Ba,6GSK|1|13,4TUA|1|QA,4WQU|1|DA,4V51|1|CA,4V9A|1|AA,6CAS|1|A,6CAR|1|A,1VY7|1|CA,7JQL|1|2a,4V7K|1|Aa,4V5K|1|AA,4TUC|1|XA,4V5E|1|CA,2UXB|1|A,5V8I|1|2a,4YHH|1|A,4WQY|1|BA,4P6F|1|XA,4TUD|1|XA,4V5C|1|CA,4WRO|1|1G,7LH5|1|CA,4TUE|1|QA,4V87|1|BA,4V8E|1|DA,1IBK|1|A,4V5D|1|CA,4TUE|1|XA,1N32|1|A,3T1H|1|A,3T1Y|1|A,4V87|1|CA,5F8K|1|1a,4V8E|1|BA,4V5E|1|AA,1XNQ|1|A,4V90|1|AA,4V8H|1|AA,4P6F|1|QA,4TUB|1|XA,4V8F|1|CA,4V9A|1|CA,2HHH|1|A,4LSK|1|XA,4YY3|1|A,4TUB|1|QA,6XQE|1|1a,4V8H|1|CA,7LH5|1|AA,4V83|1|AA,4WQY|1|DA,4V7L|1|AA,5F8K|1|2a,4V97|1|AA,4V8F|1|BA,4TUC|1|QA,4V8G|1|CA,6XQE|1|2a,4V9K|1|AA,4V9K|1|CA,7AZS|1|16SA,4V97|1|CA,4V9I|1|AA,6N9F|1|2a,6N9E|1|2a,4LSK|1|QA,5CZP|1|XA,1VVJ|1|XA,4LT8|1|QA,4LT8|1|XA,5CZP|1|QA,7AZS|1|16SB,4V9Q|1|BA,4V7L|1|CA,4V67|1|AA,6N9F|1|1a,4V9I|1|CA,5VPO|1|XA,4KVB|1|A,6N9E|1|1a,1VVJ|1|QA,4OX9|1|A,5VPO|1|QA,4L71|1|XA,6B4V|1|EB,4LFZ|1|XA,5WNR|1|A,4V83|1|CA,6B4V|1|A,4P70|1|QA,4V8A|1|DA,1HNX|1|A,6N1D|1|A16S,4P70|1|XA,4V8A|1|CA,6N1D|1|B16S,4L71|1|QA,4LFZ|1|QA,4V9Q|1|DA,2UXD|1|A,1N33|1|A,4V67|1|CA,6UCQ|1|1a,4V8J|1|CA,4XEJ|1|A16S,4V8J|1|AA,4XEJ|1|B16S,4V7Y|1|CA,4V9L|1|AA,4V7Y|1|AA,4V7P|1|AA,4V7P|1|DA,4V63|1|AA,4V8G|1|AA,4V9L|1|CA,4V84|1|AA,4LEL|1|XA,5D8B|1|UC,4V9M|1|AA,5DOX|1|2a,4V9M|1|CA,6UCQ|1|2a,4V5G|1|CA,4V5G|1|AA,4V63|1|CA,4LEL|1|QA,4V5K|1|CA,5DOX|1|1a,4V84|1|CA,4V4J|1|y,5D8B|1|YC,4V7W|1|CA,1XMO|1|A,4V7X|1|CA,4V7X|1|AA,2E5L|1|A,4V7W|1|AA,4V7Z|1|AA,4V7Z|1|CA,4V5A|1|AA,4V5A|1|CA,2ZM6|1|A,4V4I|1|y,1N36|1|A,4V8O|1|AA,1N34|1|A,2UUB|1|A,4V4R|1|AA,4V4T|1|AA,4V4S|1|AA,4V4X|1|AA,4V4Z|1|AA,4V4Y|1|AA,4V4P|1|BA+4V4P|1|B1,4B3M|1|A,4B3T|1|A,4B3R|1|A,6GSJ|1|1G,6GSJ|1|13,4B3S|1|A,5BR8|1|A,1J5E|1|A,4AQY|1|A,4V8X|1|AA,4V6A|1|CA,4V6A|1|AA,4V8U|1|AA,4V8U|1|CA,4V9N|1|AA,4V8X|1|CA,4V8N|1|AA,4V8N|1|CA,4V9J|1|AA,4V9N|1|CA,4V9J|1|CA,6GSL|1|13,6GSL|1|1G,7DUK|1|A,7DUG|1|A,7DUJ|1|A,7DUH|1|A,6BOK|1|DB,6BOK|1|A,6BOH|1|A,6BOH|1|FB,5VPP|1|QA,5VPP|1|XA,5J3C|1|XA,5J3C|1|QA,6OPE|1|XA,6OTR|1|QA,6OTR|1|XA,6ORD|1|QA,5UQ8|1|a+5UQ8|1|x,6ORD|1|XA,6OPE|1|QA,6NTA|1|QA,6NTA|1|XA,6BZ6|1|XA,6OJ2|1|QA,6BZ6|1|QA,5J30|1|XA,6OJ2|1|XA,6OF6|1|XA,6OXA|1|QA,5J30|1|QA,6OF6|1|QA,6NUO|1|QA,6OXA|1|XA,6NUO|1|XA,7V2L|1|A,1FKA|1|A,6NSH|1|QA,5UQ7|1|a+5UQ7|1|x,6NSH|1|XA,7V2M|1|A,6OXI|1|XA,6OXI|1|QA,7V2Q|1|A,6GZQ|1|A2,6NWY|1|XA,6NWY|1|QA,7V2O|1|A,7V2P|1|A,8FOM|1|XA,6BUW|1|XA,6BUW|1|QA,8FOM|1|QA,8FON|1|XA,8FON|1|QA,6NDK|1|XA,1I94|1|A,6BZ8|1|QA,6BZ7|1|QA,6BZ8|1|XA,6BZ7|1|XA,6NDK|1|QA,5ZLU|1|G,6Q95|1|2,5OT7|1|1,7V2N|1|A,6O3M|1|QA,6O3M|1|XA,5LMN|1|A,6OSI|1|QA,6OSI|1|XA,6GZZ|1|A3,6GZZ|1|A4,1I96|1|A,1I95|1|A,5LMQ|1|A,5LMU|1|A,5LMT|1|A,6GZX|1|A3,5LMO|1|A,6GZX|1|A4,2F4V|1|A,5LMR|1|A,5LMV|1|A,5LMS|1|A,5IMQ|1|A,5LMP|1|A,1I97|1|A,4V68|1|AA,1JGQ|1|A,4V42|1|AA,1JGO|1|A,5IMR|1|A,4V5N|1|AA,4V5M|1|AA,1JGP|1|A,5A9Z|1|BA,5AA0|1|BA"
"NR_all_83601.1","1H1K|1|I+1H1K|1|L","1H1K|1|I+1H1K|1|L"
"NR_all_92778.1","1N1H|1|B","1N1H|1|B"
"NR_all_86458.1","8F3C|1|R","8F3C|1|R,8G00|1|R,8G2W|1|R"
"NR_all_70990.1","1H1K|1|K+1H1K|1|N","1H1K|1|K+1H1K|1|N"
"NR_all_65818.1","1N33|1|Y+1N33|1|Z","1N33|1|Y+1N33|1|Z"
"NR_all_00443.1","7XUE|1|R","7XUE|1|R,7XUG|1|R"
"NR_all_62404.1","8F4O|1|B","8F4O|1|B,8F4O|1|A"
"NR_all_44180.1","7XUI|1|R","7XUI|1|R"
"NR_all_36650.2","7XWZ|1|C+7XWZ|1|D","7XWZ|1|C+7XWZ|1|D,7XWZ|1|E"
"NR_all_37691.1","8FCJ|1|M","8FCJ|1|M,8FD3|1|M,8FD2|1|M"
"NR_all_35591.1","7XWZ|1|F","7XWZ|1|F"
"NR_all_61951.1","7XYB|1|R","7XYB|1|R"
"NR_all_21270.1","8FF5|1|M","8FF5|1|M,8FCU|1|M,8FF4|1|M"
"NR_all_28163.1","8FEQ|1|AAA","8FEQ|1|AAA,8FEO|1|AAA"
"NR_all_81009.1","8FFI|1|C","8FFI|1|C,8FFI|1|G,8FFI|1|O,8FFI|1|J,8SP0|1|G,8SP0|1|C"
"NR_all_35965.1","3JAN|1|4","3JAN|1|4,3JAJ|1|4"
"NR_all_06910.1","8FFY|1|C","8FFY|1|C"
"NR_all_87230.1","3JB9|1|C","3JB9|1|C"
"NR_all_78300.1","8FIY|1|R","8FIY|1|R"
"NR_all_07053.1","3JBN|1|A","3JBN|1|A,3JBO|1|A,3JBP|1|A"
"NR_all_14235.1","8FJL|1|a1+8FJL|1|b1","8FJL|1|a1+8FJL|1|b1,8FJK|1|a1+8FJK|1|b1"
"NR_all_09629.1","7Y7S|1|D","7Y7S|1|D,7Y7S|1|J"
"NR_all_82445.1","8FJK|1|a4+8FJK|1|b4","8FJK|1|a4+8FJK|1|b4"
"NR_all_59019.1","7Y7T|1|D","7Y7T|1|D"
"NR_all_28046.1","8FJK|1|a6+8FJK|1|b6","8FJK|1|a6+8FJK|1|b6,8FJL|1|a5+8FJL|1|b5"
"NR_all_13221.1","1H3E|1|B","1H3E|1|B"
"NR_all_83324.1","7Y81|1|B+7Y81|1|C","7Y81|1|B+7Y81|1|C,7Y84|1|B,7Y82|1|B+7Y82|1|C,7Y80|1|B,7Y85|1|B+7Y85|1|C,7Y83|1|B+7Y83|1|C"
"NR_all_93104.1","8FJL|1|a2+8FJL|1|b2","8FJL|1|a2+8FJL|1|b2"
"NR_all_26284.1","1H4S|1|T","1H4S|1|T,1H4Q|1|T"
"NR_all_56633.6","7P3K|1|V","7P3K|1|V,7OIZ|1|V,6I0Y|1|V,7OJ0|1|V,3JBU|1|v,4UY8|1|V,5NP6|1|B,4V5H|1|AV,4V6M|1|AV"
"NR_all_40229.1","1HHW|1|B","1HHW|1|B"
"NR_all_92888.2","7Y9X|1|R","7Y9X|1|R,8EEY|1|C+8EEY|1|D,7Y9Y|1|R+7Y9Y|1|D,8EEX|1|C"
"NR_all_35542.140","9DFC|1|1x","9DFC|1|1x,5L4O|1|A,9DFD|1|1x,9DFC|1|2x,9D0J|1|1x,5HCQ|1|1x,8G2C|1|1x,9DFD|1|2x,8G2A|1|1x,8VTU|1|1x,8UD7|1|1x,4V6G|1|CC,8G29|1|1x,8G2A|1|2x,8G29|1|2x,8G2C|1|2x,8VTU|1|2x,4WQ1|1|2K,8VTX|1|1x,8VTV|1|1x,5IBB|1|2K,8EKB|1|1x,6CAE|1|1x,8UD7|1|2x,7U2J|1|1x,8G2B|1|1x,8VTX|1|2x,8UD8|1|1x,8UD6|1|1x,4WQR|1|2K,5HCQ|1|2x,8VTV|1|2x,8EKB|1|2x,8UD8|1|2x,4V5F|1|CV,7OSA|1|PSIT,7U2H|1|1x,8G2B|1|2x,8UVR|1|1x,5IB7|1|2K,4V8D|1|CC,9D0J|1|2x,7RQ8|1|1x,5HCR|1|1x,4Z8C|1|1x,5J4B|1|1x,7U2J|1|2x,4WQ1|1|2L,6XHY|1|1x,5EL7|1|2K,4WSD|1|2L,8UD6|1|2x,8EV7|1|1x,4V8D|1|AC,5IBB|1|2L,8UVS|1|1x,6XHY|1|2x,5J4B|1|2x,4Z8C|1|2x,4WSD|1|2K,6CAE|1|2x,4WT1|1|2L,8UVR|1|2x,4WQR|1|2L,5J4C|1|1x,4WPO|1|BX,5W4K|1|1x,1VY4|1|AX,6OF1|1|1x,4V6G|1|AC,5DFE|1|XV,6QNQ|1|2K,6XHW|1|1x,4W2H|1|AX,7RQ8|1|2x,5HCR|1|2x,5EL7|1|2L,5HD1|1|1x,4LNT|1|XV,5HCP|1|1x,6OF1|1|2x,8CVK|1|1x,5HAU|1|1w,5J4C|1|2x,7U2I|1|1x,4W2I|1|AX,6XHV|1|1x,5WIS|1|1x,5IB7|1|2L,5EL6|1|2K,4WT1|1|2K,5IB8|1|2K,4W2G|1|CX,6XQD|1|1x,6ND5|1|1x,4LNT|1|QV,4W2H|1|CX,4V7M|1|AX,5W4K|1|2x,8EV7|1|2x,4YZV|1|XV,8CVK|1|2x,7U2H|1|2x,4V5F|1|AV,8G2D|1|1x,5DFE|1|QV,4WRA|1|2K,6XHW|1|2x,4WRA|1|2L,5EL6|1|2L,5HAU|1|2w,5E7K|1|2K,6XQD|1|2x,6XHV|1|2x,5IB8|1|2L,4V9S|1|AX,4Y4P|1|1x,4W2G|1|AX,4WR6|1|2K,6O97|1|1x,8CVJ|1|1x,4WR6|1|2L,3CW5|1|A,5EL4|1|2K,5HCP|1|2x,5DOY|1|1x,4ZER|1|1x,5WIT|1|1x,4W4G|1|XV,5EL5|1|2K,5VP2|1|1x,6QNQ|1|2L,8EV6|1|1x,5HD1|1|2x,9B00|1|1x,4W2I|1|CX,4V9S|1|CX,6ND5|1|2x,8CVJ|1|2x,8CVL|1|1x,5E7K|1|2L,7RQ9|1|1x,1VY7|1|AX,4Z3S|1|1x,8G2D|1|2x,1VY4|1|CX,4W2F|1|AX,1VY5|1|AX,4YZV|1|QV,4WPO|1|DX,4V51|1|CV,4V8Q|1|BV,7JQL|1|1x,7U2I|1|2x,8CVL|1|2x,4ZSN|1|XV,7JQM|1|1x,4YPB|1|XV,7JQL|1|2x,4W4G|1|QV,4V9R|1|AX,4WZO|1|2K,7RQ9|1|2x,5EL4|1|2L,4V9R|1|CX,4W2F|1|CX,5WIS|1|2x,4WRO|1|2K,4V8E|1|DC,4V51|1|AV,6ND6|1|1x,4V5C|1|AV,6O97|1|2x,4Y4P|1|2x,7JQM|1|2x,1VY6|1|AX,4Z3S|1|2x,8UVS|1|2x,4ZER|1|2x,6UO1|1|2x,6UO1|1|1x,5VP2|1|2x,4ZSN|1|QV,1VY6|1|CX,8EV6|1|2x,4WQY|1|BX,5DOY|1|2x,4WRO|1|2L,5WIT|1|2x,4V8F|1|BC,5F8K|1|1x,4V5C|1|CV,4V87|1|CC,7OSM|1|PSIT,4WZO|1|2L,4TUC|1|QV,6ND6|1|2x,1VY5|1|CX,4YPB|1|QV,4V8B|1|AC,4P6F|1|XV,4LT8|1|XV,4V87|1|BC,4V8C|1|DC,9B00|1|2x,4TUC|1|XV,5EL5|1|2L,4V7M|1|CX,4V5F|1|AW,4V8E|1|BC,4V5F|1|CW,4TUA|1|XV,6XQE|1|1x,7LH5|1|AV,4V9I|1|AV,7LH5|1|CV,4TUA|1|QV,6GSK|1|2L,4V67|1|AY,6XQE|1|2x,4TUB|1|XV,4V7L|1|CX,6N9E|1|1x,4V7P|1|DW,4V8B|1|CC,4TUB|1|QV,4V7L|1|AX,4TUD|1|QV,4LT8|1|QV,4P6F|1|QV,6N9E|1|2x,4P70|1|XV,4V8C|1|CC,6N9F|1|1x,4V5K|1|AV,5F8K|1|2x,4V7P|1|AW,4V67|1|CY,4P70|1|QV,4TUD|1|XV,1VVJ|1|XV,6QNQ|1|3K,4WQY|1|DX,1VY7|1|CX,6N9F|1|2x,5CZP|1|XV,6GSK|1|2K,5CZP|1|QV,4V9I|1|CV,4V8F|1|CC,4LSK|1|XV,4V6G|1|CD,4V63|1|AY,4LFZ|1|XV,4LSK|1|QV,4V63|1|CY,1VVJ|1|QV,4LFZ|1|QV,3CW6|1|A,3QSY|1|D,4L71|1|XV,6QNQ|1|3L,5D8B|1|FD,6B4V|1|HB,4V97|1|AV,4LEL|1|XV,4V6G|1|AD,4V8C|1|DD,4WZO|1|1K,4L71|1|QV,6B4V|1|IA,5D8B|1|ED,6B4V|1|D,4V5K|1|CV,6B4V|1|MC,4LEL|1|QV,4V8C|1|CD,4V97|1|CV,4V8B|1|AD,4V87|1|BD,6QNQ|1|1K,4W4G|1|XW,4W4G|1|QW,4V87|1|CD,4V63|1|CZ,4V8B|1|CD,7CHD|1|J,4V67|1|AZ,4V63|1|AZ,5D8B|1|XC,4V8J|1|CV,7CHD|1|I,4V6G|1|CB,4V8O|1|AV,5D8B|1|BD,4V8J|1|AV,4V67|1|CZ,4V5K|1|AW,4V5K|1|CW,3V11|1|D,4YPB|1|XW,4YPB|1|QW,4V5A|1|AW,4V4Z|1|AC,4V5A|1|CW,4V8Q|1|BW,4V4X|1|AC,6GSJ|1|2L,5J4D|1|NC,6GSJ|1|2K,5J4D|1|IA,4V6A|1|CW,4V6A|1|AW,5J4D|1|D,5J4D|1|IB,6GSL|1|2L,6GSL|1|2K,6BOH|1|NC,6BOH|1|IA,6BOH|1|D,6BOH|1|IB,8B0X|1|Z,8FTO|1|Z,8CCS|1|Cc,8AYE|1|Z,7K00|1|Z,8P2G|1|D,8CDR|1|Cc,8CEH|1|Cc,8G6W|1|Z,8BIL|1|4,8EMM|1|Y,8EMM|1|Z,6XZ7|1|f,8G6Y|1|Z,8BIM|1|4,8BGE|1|4,8CGN|1|Bb,8CGN|1|Cc,8EIU|1|Y,8EIU|1|Z,8BF7|1|4,8BHL|1|4,7TOP|1|APTN,8P2F|1|D,7Y7G|1|Z,8P2F|1|F,8G6X|1|Z,8CIV|1|Cc,9FBV|1|Z,8P2H|1|D,7Y7E|1|Z,8BHP|1|4,8IFB|1|6,7Y7F|1|Z,7SA4|1|5,7SA4|1|6,8CG8|1|Cc,9AX8|1|y,7Y7C|1|Z,7Y7H|1|Z,9CG5|1|Z,6XZB|1|f2,9CG6|1|Z,9AX7|1|Z,9GUU|1|W,8BH4|1|4,7UG7|1|Dt,7Y7D|1|Z,7TOO|1|APTN,7UNW|1|v,7MT7|1|y,7MT7|1|x,8CF5|1|Cc,8CDL|1|Cc,8G5Z|1|Pt,7MT2|1|y,6XZA|1|f2,8P16|1|5,8P18|1|5,8QK7|1|5,9CG7|1|Z,9BDL|1|ETRN,7MT3|1|y,9BDL|1|PTRN,8P17|1|5,8CVM|1|C,7UNV|1|v,8EKC|1|x,7NWT|1|5,6AZ1|1|3,8BHJ|1|4,8BGH|1|4,8CRX|1|C,7TOR|1|ETRN,7ST2|1|6,8G7R|1|x,8AM9|1|Y,6Y69|1|w,7M5D|1|5,7TOR|1|PTRN,5AFI|1|v,5AFI|1|w,6WDE|1|5,7ST6|1|6,6H4N|1|w,6WD0|1|5,6WD0|1|6,6WDE|1|6,7ST6|1|7,7UNU|1|v,8G7P|1|x,8SYL|1|x,7UNR|1|v,8IFC|1|6,8B7Y|1|n,5H5U|1|5,8G61|1|Pt,9GUT|1|W,5J3C|1|XV,5WFS|1|v,5WDT|1|v,5WDT|1|w,5WFS|1|w,6OPE|1|XV,6OPE|1|QV,7TOQ|1|PTRN,9BDN|1|PTRN,9BDN|1|ETRN,6ORE|1|5,8CKU|1|Cc,5J3C|1|QV,6OTR|1|XV,6OTR|1|QV,6OTR|1|QW,8Q4F|1|Z,6X7K|1|A,8URY|1|A,8URY|1|B,6X7K|1|B,6ORD|1|QV,9GUV|1|W,5MDV|1|5,6OTR|1|XW,6ORD|1|XV,6BZ6|1|QV,6ZTP|1|AW,6ZTO|1|AW,6ZU1|1|AW,5WE4|1|v,7PJV|1|v,7PJY|1|v,5WE4|1|w,7NBU|1|V,5U9G|1|W,8T5D|1|5,6WNW|1|5,7K53|1|5,5UYM|1|W,5U9F|1|W,7ST7|1|6,7K54|1|6,6WDD|1|5,5UQ8|1|y,5U9F|1|X,5UYM|1|X,5U9G|1|X,7LV0|1|6,7SSN|1|6,7K53|1|6,7SSO|1|6,8G7Q|1|x,5MDW|1|5,6BZ6|1|XV,6X6T|1|A,8UQL|1|A,8UQL|1|B,6X6T|1|B,6OJ2|1|QV,6OF6|1|XV,6WDD|1|6,6C4I|1|y,6C4I|1|x,6OXA|1|XV,6OXA|1|QW,8BHN|1|4,5J30|1|QV,5J30|1|XV,9GR1|1|Y,6OF6|1|QV,6OJ2|1|XV,5MDZ|1|5,8T5H|1|5,7JT1|1|5,7SSD|1|6,7K55|1|6,8AP4|1|Z,6OXA|1|QV,6WD1|1|5,6YEF|1|x,6OFX|1|5,6WDG|1|5,6OXA|1|XW,7K50|1|5,7K52|1|6,5ZEB|1|v,7K50|1|6,5ZEP|1|w,6WDF|1|5,6OG7|1|5,8A3L|1|W,8UR0|1|A,8UR0|1|B,6OGI|1|5,5LZD|1|v,5WE6|1|v,5WFK|1|v,5WFK|1|w,5WE6|1|w,5MDY|1|5,6BU8|1|X,7JT2|1|5,6BU8|1|W,5UQ7|1|y,5U4I|1|y,7K51|1|6,5U4I|1|x,8A3L|1|V,6X7F|1|A,6X7F|1|B,6OXI|1|XV,6OXI|1|QV,6BUW|1|XV,9GUQ|1|W,6WDK|1|5,6WDK|1|6,6WDM|1|5,6WD3|1|5,5UYL|1|X,6WD2|1|5,6WDM|1|6,5UYL|1|W,6WD5|1|5,6ZTJ|1|AW,6ZTM|1|AW,6WD5|1|6,6BUW|1|QV,6WD3|1|6,5WF0|1|v,5LZA|1|v,5WF0|1|w,7JSZ|1|5,6WDJ|1|5,6WD6|1|5,7JSS|1|5,6WDL|1|5,6WD8|1|5,6WDL|1|6,6WD8|1|6,6WDJ|1|6,9BDP|1|ETRN,6WD4|1|5,6WD9|1|5,6WD4|1|6,9BDP|1|PTRN,5ZEU|1|v,6WD2|1|6,7JT3|1|5,6XDQ|1|A,6VYS|1|A,6VU3|1|A,6VYQ|1|A,6VYQ|1|B,6VYS|1|B,6XDQ|1|B,6VU3|1|B,6WD9|1|6,6DNC|1|D,6DNC|1|LA,6WD6|1|6,6OSQ|1|5,8R6C|1|5,6OSK|1|5,8PHJ|1|8,6SWC|1|4,7ZKI|1|4,5L3P|1|x,3JCJ|1|v,6BZ7|1|XV,8PHJ|1|7,6Q95|1|7,6WDA|1|5,7JSW|1|5,5UYQ|1|X,6GXM|1|x,5UYQ|1|W,6GWT|1|x,6WDA|1|6,7SSW|1|6,7SSL|1|6,6BZ8|1|QV,6BZ8|1|XV,6ORL|1|5,6VYR|1|A,8UQP|1|A,8UQP|1|B,6VYR|1|B,6NDK|1|XV,6BZ7|1|QV,5KPS|1|31,5KPW|1|31,5UYK|1|W,5UYP|1|W,6GXN|1|x,6WD7|1|5,5UYK|1|X,5UYP|1|X,8VS9|1|ETRN,7SS9|1|6,6GXO|1|x,6NDK|1|QV,5KPX|1|31,6WD7|1|6,5KPS|1|32,6OGF|1|5,3J9Y|1|v,5UYN|1|X,5UYN|1|W,6WDI|1|5,6WDB|1|5,6WDI|1|6,6O9K|1|y,5IQR|1|5,6BZ7|1|XW,6WDB|1|6,5KPW|1|32,6OUO|1|5,6BZ8|1|XW,6BZ7|1|QW,7PJW|1|v,5KPV|1|31,6BZ8|1|QW,5KPX|1|32,6VZJ|1|A,6VZJ|1|B,6ZTL|1|AW,6WDC|1|5,6O7K|1|v,9GUS|1|W,6WDC|1|6,6ZTN|1|AW,6OGG|1|5,6OT3|1|5,6WDH|1|5,6WDH|1|6,5KPV|1|32,6OST|1|5,8PVA|1|Z,5LMU|1|Z,5LZF|1|v,3JCN|1|v,3JBN|1|7,6XDR|1|A,6XDR|1|B,6X9Q|1|A,6X9Q|1|B,5U4J|1|x+5U4J|1|z,5LZC|1|v,6XGF|1|A,6XGF|1|B,8URI|1|A,8UPR|1|A,8UQM|1|A,8URI|1|B,8UQM|1|B,8UPR|1|B,5LZB|1|v,8FIZ|1|BB,8UPO|1|A,8UPO|1|B,8URH|1|A,8URH|1|B,5LMV|1|Z,3JBO|1|7,5LMQ|1|Z,7PJZ|1|v,7PJT|1|v,3J77|1|PT,3J78|1|ET,3J78|1|PT,5LMS|1|Z,6SW9|1|4,5JBH|1|4,5JB3|1|4,7PJX|1|v,8URX|1|A,8URX|1|B,4V69|1|AV,6XII|1|A,6VZ7|1|A,6VYU|1|A,6VYW|1|A,6VYW|1|B,6VYU|1|B,6XII|1|B,6VZ7|1|B,4V7B|1|AV,3J5S|1|E,6H58|1|w,6H58|1|ww,6XIJ|1|A,6XIJ|1|B,6VZ3|1|A,6VZ5|1|A,6VZ5|1|B,6VZ3|1|B,7PJU|1|v,4V6V|1|A3,6VYX|1|A,6VYY|1|A,6VYZ|1|A,6VYX|1|B,6VYZ|1|B,6VYY|1|B,6VZ2|1|A,6VZ2|1|B,4V6T|1|AX,3DEG|1|B,4V6R|1|AD,4V6Q|1|AD,1EG0|1|O,4V6Y|1|A3,4V6Z|1|A3,4V75|1|A3,4V6N|1|BD,5ZEY|1|B,4V72|1|A3,4V6S|1|BC,4V6P|1|AD,6VYT|1|A,6VYT|1|B,5ME1|1|X,4V6O|1|AD,4V79|1|A3,4V73|1|A3,5ME0|1|X,4V70|1|A3,4V74|1|A3,4V77|1|A3,4V76|1|A3,4V71|1|A3,4V78|1|A3"
"NR_all_82681.1","1HMH|1|A","1HMH|1|A"
"NR_all_39444.1","7YCX|1|c","7YCX|1|c,8P4B|1|P,8P4D|1|P"
"NR_all_55907.2","1HMH|1|E","1HMH|1|E,1HMH|1|C"
"NR_all_06868.1","3JCE|1|8","3JCE|1|8"
"NR_all_41171.1","7YEW|1|B","7YEW|1|B,7YEW|1|D"
"NR_all_57770.1","1N35|1|C+1N35|1|B","1N35|1|C+1N35|1|B"
"NR_all_06389.1","5ZWM|1|B","5ZWM|1|B,5ZWO|1|B,3JCM|1|F,5NRL|1|5"
"NR_all_11027.1","7YEX|1|B","7YEX|1|B"
"NR_all_37823.1","7YFE|1|T+7YFE|1|N+7YFE|1|M","7YFE|1|T+7YFE|1|N+7YFE|1|M"
"NR_all_03898.1","8FMW|1|AA","8FMW|1|AA,8FN2|1|A"
"NR_all_73146.1","4KHP|1|X","4KHP|1|X,1HNX|1|X"
"NR_all_30534.1","7YFX|1|B","7YFX|1|B"
"NR_all_05698.1","8FMW|1|AB","8FMW|1|AB,8FN2|1|B"
"NR_all_87560.1","1HS2|1|A","1HS2|1|A"
"NR_all_48045.1","7YFY|1|C","7YFY|1|C"
"NR_all_46934.1","8FMW|1|X","8FMW|1|X"
"NR_all_91356.1","1HS4|1|A","1HS4|1|A"
"NR_all_62230.1","7YG7|1|U","7YG7|1|U"
"NR_all_15963.1","8FNC|1|g","8FNC|1|g"
"NR_all_53767.1","7YHS|1|M","7YHS|1|M"
"NR_all_90190.1","8FNF|1|g","8FNF|1|g"
"NR_all_59504.1","1HVU|1|I","1HVU|1|I,1HVU|1|L,1HVU|1|C,1HVU|1|F"
"NR_all_03718.1","8FNI|1|g","8FNI|1|g"
"NR_all_58813.1","1HWQ|1|A","1HWQ|1|A"
"NR_all_19987.1","1N38|1|C","1N38|1|C"
"NR_all_41143.1","7YNC|1|B+7YNC|1|C","7YNC|1|B+7YNC|1|C,7YNB|1|B+7YNB|1|C,7YND|1|B,7YN9|1|B,7YNA|1|B+7YNA|1|C"
"NR_all_48854.1","8FNK|1|m+8FNK|1|g","8FNK|1|m+8FNK|1|g"
"NR_all_92805.1","1I3X|1|A","1I3X|1|A"
"NR_all_94897.1","1N53|1|A+1N53|1|B","1N53|1|A+1N53|1|B"
"NR_all_04163.1","7YOJ|1|B","7YOJ|1|B"
"NR_all_24532.1","8FOJ|1|P","8FOJ|1|P"
"NR_all_18772.1","1I46|1|A","1I46|1|A"
"NR_all_57080.1","1N66|2|A","1N66|2|A"
"NR_all_18206.1","7YPA|1|H+7YPA|1|I","7YPA|1|H+7YPA|1|I,7YPB|1|H+7YPB|1|I"
"NR_all_47494.1","8FR8|1|E","8FR8|1|E"
"NR_all_14769.1","1I4C|1|A","1I4C|1|A"
"NR_all_94450.1","1NA2|1|A","1NA2|1|A"
"NR_all_51486.1","8FTI|1|B","8FTI|1|B"
"NR_all_31099.1","7YYM|1|B","7YYM|1|B"
"NR_all_93073.1","8FTM|1|D","8FTM|1|D"
"NR_all_79376.1","8FVI|1|B+8FVI|1|C","8FVI|1|B+8FVI|1|C"
"NR_all_81393.1","8FVW|1|C","8FVW|1|C,8FVR|1|C"
"NR_all_43130.1","7Z42|1|V","7Z42|1|V,7Z42|1|H"
"NR_all_71994.1","8FYH|1|M","8FYH|1|M"
"NR_all_82548.1","4V4R|1|AV","4V4R|1|AV,4V4S|1|AV,4V4T|1|AV,4V4R|1|AW,4V4S|1|AW,4V4T|1|AW,4V49|1|AW,4V49|1|AV,4V66|1|AE,4V65|1|AE,3EP2|1|Y,3EQ3|1|Y,4V65|1|AA,4V66|1|AA,4V66|1|AP,4V65|1|AP,4V48|1|A6,3DEG|1|A,1MJ1|1|C,1ZO1|1|F,1ZO3|1|A,1ZO3|1|B,1ML5|1|B,1MJ1|1|D,4V4W|1|AW,4V4W|1|AV,4V4W|1|AU,4V4V|1|AV,4V4V|1|AW,4V4V|1|AU"
"NR_all_04796.1","8FZA|1|B","8FZA|1|B"
"NR_all_49782.1","1I6U|1|C","1I6U|1|C,1I6U|1|D"
"NR_all_96683.7","5Z4J|1|B","5Z4J|1|B,5GMF|1|E,5GMF|1|H,6E4P|1|J,5GMF|1|F,5GMF|1|G,5GMG|1|D,5GMG|1|C,6E4P|1|K,3IE1|1|E,3IE1|1|H,3IE1|1|F,4DR7|1|V,3IE1|1|G,3S4G|1|C+3S4G|1|B,2QQP|1|R,8V9L|1|v,9FIA|1|bG,1NB7|1|E,1NB7|1|F"
"NR_all_73286.27","8H6L|1|5A","8H6L|1|5A,8H6K|1|5A,8C6J|1|5,6QW6|1|5,7DVQ|1|B,7QTT|1|e,8QPE|1|5,8Q7N|1|5,8H6E|1|5A,8H6J|1|5A,8I0V|1|B,8Q7Q|1|5,8I0R|1|B,8Q91|1|5,6QX9|1|5,8RC0|1|5,8QOZ|1|5,9FMD|1|5,8I0T|1|B,6QDV|1|5,6ZYM|1|5,8I0U|1|B,8Y6O|1|B,6ICZ|1|B,8RO2|1|5,7W59|1|B,7W5A|1|B,8QP8|1|5,6FF4|1|5,8Q7V|1|5,8I0W|1|B,8QPA|1|5,8QPB|1|5,6ID0|1|B,5XJC|1|B,8Q7W|1|5,8QZS|1|5,8I0P|1|B,6ID1|1|B,8QP9|1|5,8R09|1|5,7W5B|1|B,7AAV|1|5,8R0B|1|5,5YZG|1|B,8QPK|1|5,6AHD|1|B,5O9Z|1|5,8Q7X|1|5,8I0S|1|B,6FF7|1|5,7ABF|1|5,8QO9|1|5,5Z58|1|B,7A5P|1|5,5Z56|1|B,8R0A|1|5,8CH6|1|e,6AH0|1|B,5MQF|1|5,8R08|1|5,8RM5|1|5,5Z57|1|B,3JCR|1|H,7ABG|1|5,7ABI|1|5,8QXD|1|5"
"NR_all_16996.1","1I9K|1|A","1I9K|1|A,1I9K|1|B,1I9K|1|C,1I9K|1|D"
"NR_all_21551.1","7ZAP|7|B","7ZAP|7|B"
"NR_all_13814.1","7ZEX|1|B","7ZEX|1|B"
"NR_all_94873.1","9D7R|1|1v","9D7R|1|1v,9D7R|1|2v,9D7S|1|1v,9D7S|1|2v,9D7T|1|1v,9D7T|1|2v,8FZH|1|z,8FZG|1|z,8FZE|1|z,8FZD|1|z,8FZJ|1|z,8FZI|1|z,8FZF|1|z"
"NR_all_16044.1","1I9X|1|A+1I9X|1|B","1I9X|1|A+1I9X|1|B"
"NR_all_91317.1","1NBR|10|A","1NBR|10|A"
"NR_all_91843.1","7ZGR|1|E","7ZGR|1|E,7ZGP|1|E"
"NR_all_13632.1","7ZJ4|1|E","7ZJ4|1|E,7ZJ5|1|E"
"NR_all_59452.1","1NC0|2|A","1NC0|2|A"
"NR_all_29450.1","7ZJW|1|I","7ZJW|1|I"
"NR_all_27059.1","8FZR|1|R","8FZR|1|R"
"NR_all_53161.1","1NEM|1|A","1NEM|1|A"
"NR_all_62619.1","8G1S|1|R","8G1S|1|R"
"NR_all_85104.1","1NJP|1|5","1NJP|1|5,1NJM|1|5"
"NR_all_13922.1","7ZOL|1|C","7ZOL|1|C,7ZOQ|1|C"
"NR_all_29679.1","7ZRZ|1|ZN1","7ZRZ|1|ZN1"
"NR_all_56916.1","7ZTA|1|ETR1","7ZTA|1|ETR1"
"NR_all_38557.2","8A22|1|A1","8A22|1|A1,8APN|1|A1,8APO|1|A1"
"NR_all_34670.1","1IE1|4|A","1IE1|4|A"
"NR_all_83520.1","1IK1|1|A","1IK1|1|A"
"NR_all_70420.1","1J1U|1|B","1J1U|1|B"
"NR_all_43040.2","8A22|1|A5+8A22|1|A4","8A22|1|A5+8A22|1|A4,8APN|1|A5+8APN|1|A4,8APO|1|A5+8APO|1|A4"
"NR_all_11738.2","8A22|1|A8","8A22|1|A8,8APN|1|A8,8APO|1|A8"
"NR_all_17405.9","7A0S|1|Y","7A0S|1|Y,4IOA|1|Y,4IO9|1|Y,5JVG|1|Y,5DM6|1|Y,7A0R|1|Y,4IOC|1|Y,5JVH|1|Y,4U67|1|Y,3PIO|1|Y,4WFN|1|Y,3PIP|1|Y,5DM7|1|Y,3DLL|1|Z,7A18|1|Y,3JQ4|1|B,1Y69|1|9,3FWO|1|B,2ZJR|1|Y,3CF5|1|Z,2ZJQ|1|Y,2ZJP|1|Z,1SM1|1|9,1NKW|1|9,1NWY|1|9,1XBP|1|9,1NWX|1|9"
"NR_all_18569.1","8H6L|1|4A","8H6L|1|4A,8H6K|1|4A,6QW6|1|4,8H6E|1|4A,8H6J|1|4A,8QOZ|1|4,8Q7N|1|4,6QX9|1|4,8QPE|1|4,8QP8|1|4,8QPB|1|4,6AHD|1|I+6AHD|1|H+6AHD|1|F,8QZS|1|4,8QPA|1|4,8R09|1|4,8R0B|1|4,8QP9|1|4,8QPK|1|4,5O9Z|1|4+5O9Z|1|2+5O9Z|1|6,8QO9|1|4,8R0A|1|4,6AH0|1|I+6AH0|1|H+6AH0|1|F,8R08|1|4,8RM5|1|4,3JCR|1|M,8QXD|1|4"
"NR_all_67969.2","8A22|1|B3+8A22|1|B2+8A22|1|B1","8A22|1|B3+8A22|1|B2+8A22|1|B1,8APN|1|B3+8APN|1|B2+8APN|1|B1,8APO|1|B3+8APO|1|B2+8APO|1|B1"
"NR_all_15663.1","8G4S|1|h","8G4S|1|h"
"NR_all_07488.1","8G4S|1|k","8G4S|1|k"
"NR_all_45021.1","8G5M|1|R","8G5M|1|R,8G5O|1|R,8G5N|1|R,8G5P|1|R"
"NR_all_23368.1","8OVJ|1|1+8OVJ|1|7","8OVJ|1|1+8OVJ|1|7,8A98|1|1+8A98|1|7,8RXH|1|L1+8RXH|1|L7,8RXX|1|L1+8RXX|1|L7,8A3W|1|1"
"NR_all_20039.1","8G60|1|At","8G60|1|At,8G6J|1|At"
"NR_all_19500.1","8G6R|1|I+8G6R|1|J","8G6R|1|I+8G6R|1|J"
"NR_all_74199.1","1NTA|1|A+1NTA|1|B","1NTA|1|A+1NTA|1|B,1NTB|1|A+1NTB|1|B"
"NR_all_59529.1","8G7U|1|X+8G7U|1|Y","8G7U|1|X+8G7U|1|Y"
"NR_all_15435.1","8G9L|1|D","8G9L|1|D,8V6H|1|F,8V6G|1|F"
"NR_all_72393.1","8G9T|1|O","8G9T|1|O"
"NR_all_51168.1","6AZ3|1|1+6AZ3|1|7","6AZ3|1|1+6AZ3|1|7,5T2A|1|A+5T2A|1|C,3JCS|1|1+3JCS|1|7"
"NR_all_96456.1","8OVJ|1|5","8OVJ|1|5,8A98|1|5,8RXX|1|L5,8RXH|1|L5,8A3W|1|5"
"NR_all_35456.1","6AZ3|1|2","6AZ3|1|2,3JCS|1|2"
"NR_all_13182.1","8GAN|1|K","8GAN|1|K,8GAM|1|K,8GAF|1|K,8G9U|1|K"
"NR_all_92917.1","8GH6|1|R","8GH6|1|R"
"NR_all_24549.1","6AZ3|1|4","6AZ3|1|4,5T2A|1|G,3JCS|1|4"
"NR_all_56375.1","8GS2|1|R+8GS2|1|D","8GS2|1|R+8GS2|1|D"
"NR_all_20710.1","1NYB|1|B","1NYB|1|B"
"NR_all_03414.1","3JCS|1|6","3JCS|1|6"
"NR_all_68852.1","8A3W|1|7","8A3W|1|7"
"NR_all_42570.1","8GWO|1|J+8GWO|1|I","8GWO|1|J+8GWO|1|I"
"NR_all_01147.1","6GZ4|1|Bw","6GZ4|1|Bw"
"NR_all_58975.1","3IZY|1|N","3IZY|1|N"
"NR_all_52295.1","2ET8|1|A+2ET8|1|B","2ET8|1|A+2ET8|1|B,1O9M|1|A+1O9M|1|B,2F4U|1|A+2F4U|1|B"
"NR_all_14390.1","8GZP|1|S","8GZP|1|S,8GZQ|1|S"
"NR_all_88865.1","1EJZ|1|A","1EJZ|1|A"
"NR_all_46927.1","8OVJ|1|S1","8OVJ|1|S1,8A98|1|S1,8RXH|1|S1,8RXX|1|S1,8A3W|1|S1"
"NR_all_56009.1","8GZR|1|C","8GZR|1|C"
"NR_all_55924.2","1OOA|1|C","1OOA|1|C,1OOA|1|D"
"NR_all_28474.1","1OQ0|1|A","1OQ0|1|A"
"NR_all_76339.1","8H0S|1|Y","8H0S|1|Y,8H0S|1|X"
"NR_all_12080.1","3HGA|1|X","3HGA|1|X,1OSU|1|A"
"NR_all_70714.1","8A3Y|1|P","8A3Y|1|P"
"NR_all_39526.1","8H0W|1|P","8H0W|1|P"
"NR_all_60729.1","1EKZ|2|B","1EKZ|2|B"
"NR_all_35700.1","1OSW|3|A","1OSW|3|A"
"NR_all_97306.1","1ELH|1|B+1ELH|1|A","1ELH|1|B+1ELH|1|A"
"NR_all_68829.1","1P5M|10|A","1P5M|10|A"
"NR_all_73776.1","8H67|1|B","8H67|1|B"
"NR_all_39732.1","1ESH|1|A","1ESH|1|A"
"NR_all_94175.1","1P5N|8|A","1P5N|8|A"
"NR_all_62964.1","8ABZ|1|R","8ABZ|1|R,8AC1|1|R"
"NR_all_21008.1","8H7Q|1|D","8H7Q|1|D"
"NR_all_79041.1","1ESY|3|A","1ESY|3|A"
"NR_all_72919.2","1P5P|1|A","1P5P|1|A,1P5O|2|A"
"NR_all_71882.1","8ACB|1|B","8ACB|1|B"
"NR_all_69473.1","8H9D|1|G","8H9D|1|G"
"NR_all_82438.1","8AF0|1|C+8AF0|1|D","8AF0|1|C+8AF0|1|D"
"NR_all_28964.1","1PGL|1|3","1PGL|1|3"
"NR_all_51522.1","1PN7|1|C","1PN7|1|C"
"NR_all_36913.1","8HBA|1|B","8HBA|1|B,8HBA|1|A,8HB8|1|A"
"NR_all_37791.1","8HF0|1|N+8HF0|1|P","8HF0|1|N+8HF0|1|P"
"NR_all_53681.1","8HF1|1|K+8HF1|1|J","8HF1|1|K+8HF1|1|J,8HF1|1|M+8HF1|1|L"
"NR_all_64047.1","1PVO|1|L","1PVO|1|L,1PVO|1|G,1PVO|1|H,1PVO|1|J,1PVO|1|K,2HT1|1|K,2HT1|1|J"
"NR_all_66540.1","3JXQ|1|L+3JXQ|1|K","3JXQ|1|L+3JXQ|1|K"
"NR_all_65433.1","8AM9|1|8","8AM9|1|8"
"NR_all_41414.1","8HHL|1|B","8HHL|1|B,8HHM|1|B"
"NR_all_66074.1","8HIO|1|B","8HIO|1|B"
"NR_all_27894.5","8HKU|1|A23S","8HKU|1|A23S,8HL1|1|A23S,8HL2|1|A23S,8HKY|1|A23S,8HL4|1|A23S,8HKZ|1|A23S,8HL3|1|A23S,8HKV|1|A23S,8HL5|1|A23S"
"NR_all_06376.1","3K4E|1|F","3K4E|1|F,3K4E|1|B,3K4E|1|D"
"NR_all_84036.1","3QGB|1|B","3QGB|1|B,3K5Y|1|B"
"NR_all_14980.1","3K61|1|B","3K61|1|B"
"NR_all_52626.1","3K64|1|B","3K64|1|B"
"NR_all_12669.1","4RKV|1|B","4RKV|1|B,4RJ1|1|B,4RKV|1|A,4RNE|1|B,4RJ1|1|A,4RNE|1|C,4RNE|1|E,4RNE|1|D,4RNE|1|A,4RNE|1|G,4RNE|1|F,4RNE|1|H,1J8G|1|A,1J8G|1|B,1J8G|1|C,1J8G|1|D"
"NR_all_74421.1","1F1T|1|A","1F1T|1|A"
"NR_all_98048.1","1F5G|1|A+1F5G|1|B","1F5G|1|A+1F5G|1|B"
"NR_all_49829.1","8HKU|1|AETN","8HKU|1|AETN"
"NR_all_31750.1","1F5U|1|A","1F5U|1|A,1F5U|1|B"
"NR_all_96213.1","1F6U|19|B","1F6U|19|B"
"NR_all_61343.1","1JGQ|1|D","1JGQ|1|D,4V42|1|AD,1JGO|1|D,1JGP|1|D,2OM7|1|M"
"NR_all_36362.2","1XSH|1|A","1XSH|1|A,1XSU|1|A,2CD3|1|A,1F7I|2|A,2CD6|1|A,1F6Z|1|A,1F79|1|A,1F7I|8|A"
"NR_all_53055.1","1JO7|19|A","1JO7|19|A"
"NR_all_67308.1","1JP0|1|A","1JP0|1|A"
"NR_all_83539.1","1F7G|1|A","1F7G|1|A"
"NR_all_35737.1","1JTJ|9|A","1JTJ|9|A"
"NR_all_17394.1","1F7H|10|A","1F7H|10|A"
"NR_all_79227.1","1JU1|1|A+1JU1|1|B","1JU1|1|A+1JU1|1|B"
"NR_all_36141.1","8HL1|1|AETN","8HL1|1|AETN,8HL2|1|AETN,8HKY|1|AETN,8HKZ|1|AETN,8HL3|1|AETN,8HL5|1|APTN"
"NR_all_59690.1","1F7U|1|B","1F7U|1|B,1F7V|1|B"
"NR_all_39439.2","1JWC|1|A","1JWC|1|A,1JU7|1|A"
"NR_all_34881.1","1F84|10|A","1F84|10|A"
"NR_all_90540.1","1JZC|1|A","1JZC|1|A"
"NR_all_58596.1","8HL1|1|AMRN","8HL1|1|AMRN"
"NR_all_09578.1","1F85|1|A","1F85|1|A"
"NR_all_08337.1","1F8V|1|R","1F8V|1|R"
"NR_all_13408.1","1K2G|1|A","1K2G|1|A"
"NR_all_70091.1","8HNT|1|B","8HNT|1|B,8HNW|1|B,8HNV|1|B"
"NR_all_17816.1","1FEQ|1|A","1FEQ|1|A"
"NR_all_18222.1","1K4B|1|A","1K4B|1|A"
"NR_all_49779.1","1K6G|12|A","1K6G|12|A"
"NR_all_28942.1","8HRA|1|K","8HRA|1|K,8HRA|1|L,8HRA|1|M,8HRB|1|X,8HRB|1|a,8HRB|1|Y,8HRB|1|Z,8HRB|1|V,8HRB|1|W"
"NR_all_82207.1","1K6H|1|A","1K6H|1|A"
"NR_all_58889.1","3J9B|1|E","3J9B|1|E"
"NR_all_46186.1","8APN|1|C1","8APN|1|C1"
"NR_all_00699.1","8AS7|1|P+8AS7|1|T+8AS7|1|G","8AS7|1|P+8AS7|1|T+8AS7|1|G,8R6U|1|P+8R6U|1|T+8R6U|1|G,8ASD|1|P,8R6W|1|P+8R6W|1|T+8R6W|1|G,8ASB|1|P+8ASB|1|T+8ASB|1|G,8R6Y|1|P+8R6Y|1|T+8R6Y|1|G,8AS6|1|P"
"NR_all_20557.1","8ASD|1|E","8ASD|1|E,8R6U|1|E"
"NR_all_18317.1","8ASD|1|T+8ASD|1|G","8ASD|1|T+8ASD|1|G"
"NR_all_80994.1","8ASG|1|T","8ASG|1|T,8ASG|1|D"
"NR_all_41924.1","8ASW|1|X","8ASW|1|X"
"NR_all_79637.1","1KAJ|1|A","1KAJ|1|A"
"NR_all_58796.1","8ATV|1|C","8ATV|1|C"
"NR_all_03986.1","1KD5|1|A+1KD5|1|B","1KD5|1|A+1KD5|1|B,1KD3|1|A+1KD3|1|B"
"NR_all_98689.1","8AUV|1|B","8AUV|1|B"
"NR_all_04374.1","8I0P|1|G","8I0P|1|G"
"NR_all_38877.1","1KFO|1|A","1KFO|1|A"
"NR_all_42556.1","8B2L|1|h1","8B2L|1|h1,8AUV|1|h"
"NR_all_83131.1","8AXF|1|Q","8AXF|1|Q"
"NR_all_48451.1","8I0W|1|6","8I0W|1|6"
"NR_all_63765.1","1KKA|1|A","1KKA|1|A"
"NR_all_73350.1","8I3Q|1|C","8I3Q|1|C"
"NR_all_28334.1","1KNZ|1|W","1KNZ|1|W,1KNZ|1|X,1KNZ|1|Z,1KNZ|1|Y"
"NR_all_01086.1","8B0J|1|K","8B0J|1|K"
"NR_all_72256.1","1KOC|1|B+1KOC|1|A","1KOC|1|B+1KOC|1|A"
"NR_all_44690.1","8B2L|1|i2","8B2L|1|i2,8B2L|1|W2"
"NR_all_17859.1","1KOD|1|B","1KOD|1|B"
"NR_all_18888.1","8B9G|1|C","8B9G|1|C"
"NR_all_52745.1","8B9K|1|B","8B9K|1|B"
"NR_all_17622.2","8OZE|1|A","8OZE|1|A,8OZE|1|N,8I87|1|S,8I87|1|H,8I87|1|I,8I87|1|L"
"NR_all_62241.1","8BE0|1|V","8BE0|1|V,8BDR|1|V,8BF5|1|V"
"NR_all_80055.1","1RLG|1|D","1RLG|1|D,1RLG|1|C"
"NR_all_65533.1","3OVB|1|C","3OVB|1|C,3OVA|1|C,3OVB|1|D,3OUY|1|C,3OVS|1|C,3OUY|1|D,3OV7|1|C,3OVS|1|D,3OV7|1|D"
"NR_all_88460.1","9FI8|1|hR","9FI8|1|hR"
"NR_all_53179.1","1RMV|1|B","1RMV|1|B"
"NR_all_08041.1","8SNX|1|T","8SNX|1|T"
"NR_all_29188.1","9FIA|1|b1","9FIA|1|b1"
"NR_all_47507.1","1RNG|1|A","1RNG|1|A"
"NR_all_76824.1","4DR7|1|W","4DR7|1|W"
"NR_all_00436.1","9FIA|1|b4","9FIA|1|b4"
"NR_all_66678.1","1ROQ|1|A","1ROQ|1|A"
"NR_all_39319.1","9FIA|1|bE+9FIA|1|bA","9FIA|1|bE+9FIA|1|bA"
"NR_all_22605.1","4DWA|1|D","4DWA|1|D"
"NR_all_26486.1","9FIA|1|bJ","9FIA|1|bJ"
"NR_all_48272.1","4DZS|1|D","4DZS|1|D,4DZS|1|C"
"NR_all_50667.1","9FIA|1|bL","9FIA|1|bL"
"NR_all_73461.1","8SQ9|1|T+8SQ9|1|P","8SQ9|1|T+8SQ9|1|P"
"NR_all_63708.1","9FIA|1|bO","9FIA|1|bO"
"NR_all_37673.1","9FIA|1|bQ","9FIA|1|bQ"
"NR_all_32185.1","3OXE|1|A","3OXE|1|A,3OXB|1|A,3OXB|1|B,3OXE|1|B,3OXD|1|A,3OXD|1|B,3OXM|1|A,3OXM|1|B,3OWI|1|A,3OWZ|1|A,3OWI|1|B,3OWW|1|A,3OWW|1|B,3OX0|1|A,3OXJ|1|A,3OX0|1|B,3OXJ|1|B,3OWZ|1|B"
"NR_all_70790.1","4E5C|1|A+4E5C|1|B","4E5C|1|A+4E5C|1|B"
"NR_all_24362.1","8SQK|1|T+8SQK|1|P","8SQK|1|T+8SQK|1|P"
"NR_all_65306.1","9FIA|1|bS","9FIA|1|bS"
"NR_all_66293.1","1RY1|1|E","1RY1|1|E"
"NR_all_33685.1","4E6B|1|E+4E6B|1|F","4E6B|1|E+4E6B|1|F"
"NR_all_94062.1","9FIA|1|bU","9FIA|1|bU"
"NR_all_71924.1","1RY1|1|O+1RY1|1|P","1RY1|1|O+1RY1|1|P"
"NR_all_50754.1","4E7A|1|P+4E7A|1|T","4E7A|1|P+4E7A|1|T"
"NR_all_88648.1","9FMD|1|EX","9FMD|1|EX"
"NR_all_06780.1","1S03|1|A","1S03|1|A"
"NR_all_13014.1","3P22|1|A+3P22|1|B","3P22|1|A+3P22|1|B,3P22|1|E+3P22|1|F,3P22|1|C+3P22|1|D,3P22|1|G+3P22|1|H"
"NR_all_06694.1","4ED5|1|D","4ED5|1|D,4ED5|1|C"
"NR_all_77156.1","8SX5|1|A+8SX5|1|B","8SX5|1|A+8SX5|1|B"
"NR_all_24873.1","9FO8|7|A","9FO8|7|A"
"NR_all_01648.1","1S2F|1|A","1S2F|1|A"
"NR_all_60694.1","8SXT|1|C","8SXT|1|C"
"NR_all_82748.1","9FPZ|1|1","9FPZ|1|1,9FQ0|1|1"
"NR_all_85719.1","1S76|1|R","1S76|1|R"
"NR_all_36867.1","3P49|1|A","3P49|1|A"
"NR_all_97001.1","8T29|1|R","8T29|1|R,8T2B|1|R,8T2A|1|R,8T2O|1|R"
"NR_all_15415.1","9FPZ|1|8","9FPZ|1|8,9FQ0|1|8"
"NR_all_86572.1","1S9S|4|A","1S9S|4|A"
"NR_all_15820.1","4EYA|1|e+4EYA|1|f","4EYA|1|e+4EYA|1|f,4EYA|1|q+4EYA|1|r"
"NR_all_99363.1","1SA9|1|C+1SA9|1|D","1SA9|1|C+1SA9|1|D,1SA9|1|A+1SA9|1|B,1SA9|1|E,1YFV|1|A+1YFV|1|B"
"NR_all_13759.1","4EYA|1|g+4EYA|1|h","4EYA|1|g+4EYA|1|h,4EYA|1|s+4EYA|1|t"
"NR_all_56188.1","8T2P|1|A","8T2P|1|A"
"NR_all_20170.1","9FVD|1|S","9FVD|1|S,9FVD|1|R,9FVD|1|U,9FVD|1|Q,9FVD|1|T"
"NR_all_15727.1","8T2S|1|B","8T2S|1|B"
"NR_all_28980.2","3P4C|1|B","3P4C|1|B,3P4B|1|A,3P4B|1|C,3P4B|1|D,3P4B|1|B,3P4B|1|F,3P4B|1|E,3P4C|1|A"
"NR_all_68289.1","4F02|1|B","4F02|1|B,4F02|1|E"
"NR_all_81249.1","8T2Y|1|MR","8T2Y|1|MR,8T2X|1|MR"
"NR_all_65036.1","9G6K|1|l1","9G6K|1|l1"
"NR_all_66188.1","1SCL|1|A","1SCL|1|A"
"NR_all_97537.1","3P4D|1|B","3P4D|1|B,3P4D|1|A"
"NR_all_57154.1","8T5D|1|x","8T5D|1|x,8T5H|1|x"
"NR_all_60625.1","9G6K|1|l4+9G6K|1|l3+9G6K|1|l9","9G6K|1|l4+9G6K|1|l3+9G6K|1|l9"
"NR_all_81475.1","1SDR|1|A+1SDR|1|B","1SDR|1|A+1SDR|1|B,1SDR|1|C+1SDR|1|D"
"NR_all_88847.1","4F3T|1|R","4F3T|1|R"
"NR_all_20201.1","8T5S|1|B+8T5S|1|C","8T5S|1|B+8T5S|1|C"
"NR_all_76231.1","9G6K|1|l7","9G6K|1|l7"
"NR_all_73551.1","1SDS|1|D","1SDS|1|D,1SDS|1|E,1SDS|1|F"
"NR_all_35293.2","3P6Y|1|S","3P6Y|1|S,3P6Y|1|R,3P6Y|1|T,3P6Y|1|V,3P6Y|1|U,3P6Y|1|Q,3P6Y|1|W"
"NR_all_52610.1","4PCJ|1|A","4PCJ|1|A,4FNJ|1|A"
"NR_all_89144.1","8T66|1|C","8T66|1|C"
"NR_all_20206.1","9G6K|1|lA","9G6K|1|lA"
"NR_all_45612.1","8TDV|1|K","8TDV|1|K"
"NR_all_65913.1","9G6K|1|lC","9G6K|1|lC"
"NR_all_15952.1","1SI2|1|B","1SI2|1|B"
"NR_all_95082.1","4FRN|1|B","4FRN|1|B,4FRN|1|A"
"NR_all_65458.1","8TDW|1|K","8TDW|1|K"
"NR_all_06467.1","9G6K|1|lF","9G6K|1|lF"
"NR_all_44457.1","3PHP|1|A","3PHP|1|A"
"NR_all_62747.1","4FTB|1|R","4FTB|1|R"
"NR_all_32199.1","8TDZ|1|A","8TDZ|1|A"
"NR_all_43499.1","9G6K|1|lH","9G6K|1|lH"
"NR_all_22156.1","3PKM|1|R","3PKM|1|R"
"NR_all_99371.1","4FTS|1|R","4FTS|1|R,4FTE|1|R"
"NR_all_61357.1","8TE2|1|A","8TE2|1|A"
"NR_all_76342.1","9G6K|1|lJ","9G6K|1|lJ"
"NR_all_53829.1","1SY4|5|A","1SY4|5|A"
"NR_all_49582.1","4FXD|1|E","4FXD|1|E,4FXD|1|F"
"NR_all_94279.1","8THQ|1|R","8THQ|1|R"
"NR_all_36094.1","9G6K|1|lL","9G6K|1|lL"
"NR_all_06721.1","3PO3|1|P","3PO3|1|P"
"NR_all_54594.1","4FYD|1|E","4FYD|1|E,4FYD|1|F"
"NR_all_51970.1","9G6K|1|lN+9G6K|1|l5+9G6K|1|lD","9G6K|1|lN+9G6K|1|l5+9G6K|1|lD"
"NR_all_83745.1","5T3K|1|A+5T3K|1|B","5T3K|1|A+5T3K|1|B,5T3K|1|C+5T3K|1|D,1T0D|1|C+1T0D|1|D,1T0D|1|A+1T0D|1|B"
"NR_all_25547.1","3PU0|1|R","3PU0|1|R"
"NR_all_74729.1","4G0A|1|E","4G0A|1|E"
"NR_all_79194.1","8TJU|1|A","8TJU|1|A"
"NR_all_49328.1","9G6K|1|lP","9G6K|1|lP"
"NR_all_72697.1","1T0E|1|A+1T0E|1|C","1T0E|1|A+1T0E|1|C"
"NR_all_10913.1","3Q0L|1|C","3Q0L|1|C"
"NR_all_32785.1","4G0A|1|G","4G0A|1|G"
"NR_all_12731.1","8TNS|1|A","8TNS|1|A"
"NR_all_72452.1","9G6K|1|lR","9G6K|1|lR"
"NR_all_73483.1","1T1M|1|A","1T1M|1|A,1T1O|1|A"
"NR_all_94270.1","8TQX|1|A+8TQX|1|D","8TQX|1|A+8TQX|1|D"
"NR_all_68194.1","9G6K|1|lT","9G6K|1|lT"
"NR_all_68838.1","1T1M|1|B","1T1M|1|B,1T1O|1|C"
"NR_all_54128.1","3Q0R|1|B","3Q0R|1|B,3Q0M|1|C,3Q0M|1|D"
"NR_all_46221.1","8TSV|1|C+8TSV|1|D","8TSV|1|C+8TSV|1|D"
"NR_all_03773.1","9G6K|1|lV","9G6K|1|lV"
"NR_all_43326.1","1T28|1|A","1T28|1|A"
"NR_all_98055.1","3Q0S|1|B","3Q0S|1|B,3Q0N|1|C"
"NR_all_33363.1","9G6K|1|lX","9G6K|1|lX"
"NR_all_65762.1","4Q5S|1|I","4Q5S|1|I,1T2R|1|B"
"NR_all_87947.1","8TVZ|1|C","8TVZ|1|C"
"NR_all_00184.1","9G7C|1|A","9G7C|1|A"
"NR_all_04288.4","6N6E|1|D","6N6E|1|D,4G7O|1|I,4G7O|1|S,5X22|1|S,5X22|1|I,5X21|1|I,5UH6|1|I,6L74|1|I,5UH9|1|I,8I88|1|L"
"NR_all_54250.1","1T4X|1|A+1T4X|1|B","1T4X|1|A+1T4X|1|B"
"NR_all_97666.1","3Q0Q|1|B","3Q0Q|1|B"
"NR_all_02089.1","4G9Z|1|E+4G9Z|1|F","4G9Z|1|E+4G9Z|1|F"
"NR_all_39800.1","9GMX|1|U","9GMX|1|U"
"NR_all_39553.1","1TBK|3|A","1TBK|3|A"
"NR_all_02622.1","4GHA|1|I+4GHA|1|J","4GHA|1|I+4GHA|1|J,4LG2|1|E+4LG2|1|F,4LG2|1|I+4LG2|1|J"
"NR_all_08934.1","9GR1|1|X","9GR1|1|X"
"NR_all_12093.1","1TFW|1|G+1TFW|1|J","1TFW|1|G+1TFW|1|J"
"NR_all_27264.1","3Q2T|1|E","3Q2T|1|E"
"NR_all_53292.1","8U5Z|1|A","8U5Z|1|A,8U5Z|1|B,8U5T|1|B,8U5T|1|A,8U5R|1|A,8U5Z|1|C,8U5R|1|B,8U5T|1|C,8U5R|1|C"
"NR_all_03202.1","1TFY|1|H+1TFY|1|E","1TFY|1|H+1TFY|1|E,1TFY|1|I+1TFY|1|F"
"NR_all_73684.1","4GKK|1|X+4GKK|1|W","4GKK|1|X+4GKK|1|W"
"NR_all_24575.1","1TJZ|15|A","1TJZ|15|A"
"NR_all_56560.1","3QJJ|1|Q","3QJJ|1|Q"
"NR_all_08282.1","1TLR|3|A","1TLR|3|A"
"NR_all_34288.1","3QJL|1|R","3QJL|1|R,3QJL|1|X"
"NR_all_95129.1","8UAU|1|R","8UAU|1|R"
"NR_all_44357.1","9GUT|1|A","9GUT|1|A"
"NR_all_80667.1","1TRJ|1|B","1TRJ|1|B"
"NR_all_61711.1","3QJP|1|R","3QJP|1|R"
"NR_all_68765.1","9H83|1|A+9H83|1|B+9H83|1|C+9H83|1|D","9H83|1|A+9H83|1|B+9H83|1|C+9H83|1|D"
"NR_all_47980.1","1TUT|1|A+1TUT|1|B","1TUT|1|A+1TUT|1|B"
"NR_all_56450.1","3QRQ|1|B","3QRQ|1|B"
"NR_all_28641.1","4GZY|1|R","4GZY|1|R"
"NR_all_69403.1","8UBA|1|G","8UBA|1|G,8UBD|1|G,8UB9|1|G,8UB7|1|G,8UBB|1|G,8UB8|1|G"
"NR_all_32905.1","1TXS|4|A","1TXS|4|A"
"NR_all_40400.1","3QSU|1|P","3QSU|1|P,3QSU|1|R"
"NR_all_13485.1","1U1Y|1|R","1U1Y|1|R,1U1Y|1|S"
"NR_all_49493.1","9IIZ|1|B+9IIZ|1|C","9IIZ|1|B+9IIZ|1|C,9IJ2|1|B+9IJ2|1|C"
"NR_all_51034.1","4HKQ|1|E","4HKQ|1|E"
"NR_all_05174.1","9IJ0|1|B+9IJ0|1|C","9IJ0|1|B+9IJ0|1|C"
"NR_all_84907.1","1U3K|7|A","1U3K|7|A"
"NR_all_65232.1","4HOS|1|X","4HOS|1|X"
"NR_all_71225.1","9IJ3|1|B+9IJ3|1|C","9IJ3|1|B+9IJ3|1|C,9IJ5|1|B+9IJ5|1|C,9IJ1|1|B+9IJ1|1|C"
"NR_all_23978.1","1U63|1|D","1U63|1|D,1U63|1|B"
"NR_all_73115.1","4HT9|1|D","4HT9|1|D,4HT8|1|I,4HT8|1|K"
"NR_all_12719.1","4IFD|1|R","4IFD|1|R,5C0X|1|R"
"NR_all_30288.1","4IG8|1|B+4IG8|1|C","4IG8|1|B+4IG8|1|C"
"NR_all_72627.1","1U9S|1|A","1U9S|1|A"
"NR_all_22904.1","3R1C|1|K+3R1C|1|L","3R1C|1|K+3R1C|1|L,3R1C|1|I+3R1C|1|J,3R1C|1|W+3R1C|1|X,3R1C|1|c+3R1C|1|d,3R1C|1|e+3R1C|1|f,3R1C|1|C+3R1C|1|D"
"NR_all_61818.1","4IJS|1|E","4IJS|1|E,4IJS|1|G,4IJS|1|F"
"NR_all_81247.1","8UBE|1|I","8UBE|1|I,8UB7|1|I,8UB9|1|I,8UBB|1|I,8UB8|1|I,8UBA|1|I,8UBD|1|I,8UBC|1|I"
"NR_all_74533.1","8UBE|1|H","8UBE|1|H"
"NR_all_06358.1","1UON|1|C+1UON|1|B","1UON|1|C+1UON|1|B"
"NR_all_95407.2","3R1D|1|A+3R1D|1|B","3R1D|1|A+3R1D|1|B,3R1D|1|C+3R1D|1|D,3R1D|1|E"
"NR_all_98999.1","8UD3|1|G+8UD3|1|H","8UD3|1|G+8UD3|1|H"
"NR_all_41594.1","4ILM|1|C","4ILM|1|C,4ILM|1|K,4ILM|1|R,4ILM|1|E,4ILM|1|M,4ILM|1|G,4ILM|1|I,4ILM|1|O"
"NR_all_25599.1","8UD5|1|G+8UD5|1|H","8UD5|1|G+8UD5|1|H"
"NR_all_86424.1","3R2C|1|R","3R2C|1|R,3R2C|1|S"
"NR_all_83809.1","8UHD|1|P","8UHD|1|P"
"NR_all_12608.1","3R2D|1|R+3R2D|1|S","3R2D|1|R+3R2D|1|S"
"NR_all_60204.1","8UI0|1|P","8UI0|1|P,8UHG|1|P"
"NR_all_38781.1","3R9W|1|B","3R9W|1|B"
"NR_all_66812.1","8UIW|1|N","8UIW|1|N,8UIW|1|R,8UTA|1|R,8UTA|1|N"
"NR_all_16130.1","1UTD|1|0","1UTD|1|0,1UTD|1|6,1UTD|1|Z,1UTD|1|4,1UTD|1|7,1UTD|1|9,1UTD|1|5,1UTD|1|3,1UTD|1|2,1UTD|1|8"
"NR_all_71379.1","3RC8|1|E","3RC8|1|E"
"NR_all_87746.1","4IQS|1|E","4IQS|1|E,4IQS|1|C+4IQS|1|D,4IQS|1|A+4IQS|1|B,4IQS|1|F"
"NR_all_76112.1","8UMF|1|B","8UMF|1|B"
"NR_all_57598.2","3RG5|1|B","3RG5|1|B,3RG5|1|A"
"NR_all_28720.1","4J1G|1|E","4J1G|1|E"
"NR_all_25327.1","8UO6|1|B","8UO6|1|B"
"NR_all_85038.1","8URB|1|J+8URB|1|I","8URB|1|J+8URB|1|I"
"NR_all_96260.1","1UTD|1|1","1UTD|1|1"
"NR_all_48526.1","8UST|1|C","8UST|1|C,8UST|1|D,8USN|1|C,8USN|1|D"
"NR_all_91774.1","1UTS|2|B","1UTS|2|B"
"NR_all_42491.1","1UUI|1|B","1UUI|1|B"
"NR_all_79612.1","1UVI|1|D","1UVI|1|D,1UVI|1|F,1UVI|1|E"
"NR_all_88706.1","4JAH|1|A+4JAH|1|B","4JAH|1|A+4JAH|1|B,4JAH|1|C+4JAH|1|D,4JAH|1|E+4JAH|1|F"
"NR_all_40086.1","4JGN|1|E","4JGN|1|E,4JK0|1|B"
"NR_all_96572.1","1UVL|1|B","1UVL|1|B,1UVL|1|F,1UVL|1|D"
"NR_all_76909.1","3RW6|1|H","3RW6|1|H,3RW6|1|F"
"NR_all_54538.1","4JIY|1|A","4JIY|1|A"
"NR_all_63276.1","8UUA|1|A","8UUA|1|A,8UU4|1|A,8UU5|1|A,8UU8|1|A,8UU9|1|A,8UU7|1|A,8UU6|1|A"
"NR_all_10541.1","3S1Q|1|R","3S1Q|1|R,3RZD|1|R,3S1R|1|R"
"NR_all_35883.1","3RZO|1|R","3RZO|1|R"
"NR_all_78065.1","3S15|1|R","3S15|1|R"
"NR_all_31949.1","1UVN|1|F","1UVN|1|F,1UVN|1|B,1UVN|1|D"
"NR_all_04359.1","3S1M|1|R","3S1M|1|R"
"NR_all_17580.1","4JRT|1|A+4JRT|1|B","4JRT|1|A+4JRT|1|B"
"NR_all_16634.1","3S2D|1|R","3S2D|1|R"
"NR_all_61139.1","4JV5|1|Y","4JV5|1|Y"
"NR_all_40895.1","4JVY|1|D","4JVY|1|D,4JVY|1|F"
"NR_all_59870.1","3S49|1|E+3S49|1|F","3S49|1|E+3S49|1|F,3S49|1|C+3S49|1|D,3S49|1|A+3S49|1|B,3S49|1|G"
"NR_all_55897.1","4JXZ|1|B","4JXZ|1|B"
"NR_all_04289.1","8UW3|1|B","8UW3|1|B"
"NR_all_51071.1","4JYA|1|Y","4JYA|1|Y"
"NR_all_78797.5","4LVW|1|A","4LVW|1|A,4LVX|1|A,4LVY|1|A,4LW0|1|A,4LVV|1|A,4LVZ|1|A,6Q57|1|A,7KD1|1|A,3SD3|1|A"
"NR_all_96460.1","4JZU|1|C","4JZU|1|C,4JZV|1|C"
"NR_all_22639.1","4K0K|1|Y+4K0K|1|X","4K0K|1|Y+4K0K|1|X"
"NR_all_94604.1","8UYM|1|A","8UYM|1|A"
"NR_all_77275.1","4K31|1|B+4K31|1|C","4K31|1|B+4K31|1|C"
"NR_all_86452.1","8UYS|1|A","8UYS|1|A"
"NR_all_47315.1","8UZB|1|B","8UZB|1|B,8UZA|1|B"
"NR_all_14513.1","3SIU|1|F","3SIU|1|F,3SIU|1|C"
"NR_all_33790.1","4K4U|1|B+4K4U|1|C+4K4U|1|D","4K4U|1|B+4K4U|1|C+4K4U|1|D,4K4U|1|F+4K4U|1|G+4K4U|1|H"
"NR_all_31084.1","4K4V|1|B","4K4V|1|B,4K4V|1|F"
"NR_all_21705.1","3SKI|1|A","3SKI|1|A,3SKI|1|B,3SLM|1|B,3SKZ|1|A,3SLM|1|A,3SLQ|1|A,3SKZ|1|B,3SLQ|1|B"
"NR_all_92130.1","8V9L|1|y","8V9L|1|y,8V9K|1|y,8V9J|1|y"
"NR_all_35535.1","1VQ6|1|4","1VQ6|1|4"
"NR_all_62104.1","1VQM|1|4","1VQM|1|4"
"NR_all_67574.1","5F8N|1|B+5F8N|1|C","5F8N|1|B+5F8N|1|C,4K4W|1|B+4K4W|1|C,4K4W|1|F+4K4W|1|G,5F8M|1|B+5F8M|1|C,5F8L|1|B+5F8L|1|C"
"NR_all_74840.1","8VAH|1|G","8VAH|1|G"
"NR_all_67592.1","1VTM|1|R","1VTM|1|R"
"NR_all_07698.1","8VAJ|1|F","8VAJ|1|F"
"NR_all_46482.1","8VAK|1|E","8VAK|1|E"
"NR_all_92595.1","8VAK|1|G","8VAK|1|G"
"NR_all_81203.2","4K4Z|1|N+4K4Z|1|O+4K4Z|1|P","4K4Z|1|N+4K4Z|1|O+4K4Z|1|P,4K4Z|1|B+4K4Z|1|C+4K4Z|1|D,4K4X|1|J+4K4X|1|K+4K4X|1|L,4K4Z|1|J+4K4Z|1|K+4K4Z|1|L,4K4X|1|B+4K4X|1|C+4K4X|1|D,4K4Z|1|F+4K4Z|1|G+4K4Z|1|H,4K4X|1|F+4K4X|1|G+4K4X|1|H,4K4X|1|N+4K4X|1|O+4K4X|1|P"
"NR_all_43106.1","8VCI|1|A","8VCI|1|A"
"NR_all_31081.1","4K4Y|1|F+4K4Y|1|H","4K4Y|1|F+4K4Y|1|H,4K4Y|1|N+4K4Y|1|P,4K4Y|1|B+4K4Y|1|D,4K4Y|1|J+4K4Y|1|L"
"NR_all_09220.1","8VIV|1|B","8VIV|1|B"
"NR_all_75875.1","3SN2|1|B","3SN2|1|B"
"NR_all_59199.1","8OPL|1|Aj","8OPL|1|Aj,8OPL|1|Ak,8OPL|1|Al,8OPL|1|Am,8OPL|1|An,8OPL|1|Ao,8OPL|1|Ap,8OPL|1|Aq,8OPL|1|Ar,8OPL|1|Bb,8OPL|1|Bc,8OPL|1|Bd,8OPL|1|Be,8OPL|1|Bf,8OPL|1|Bg,8OPL|1|Bh,8OPL|1|Bi,8OPL|1|Bj,8OPL|1|Bt,8OPL|1|Bu,8OPL|1|Bv,8OPL|1|Bw,8OPL|1|Bx,8OPL|1|By,8OPL|1|Bz,8OPL|1|Ca,8OPL|1|Cb,8OPE|1|Ab,8OPE|1|Ad,8OPE|1|Af,8OPE|1|Ah,8OPE|1|Aj,8OPE|1|Al,8OPE|1|An,8OPE|1|Ap,8OPE|1|Ar,8OPE|1|At,8OPE|1|Av,8OPE|1|Ax,8OPE|1|Az,8OPE|1|Bb,8OPE|1|Bd,8OPE|1|Bf,8OPE|1|Bh,8OPE|1|Bj,8OPE|1|Bl,8OPE|1|Bn,8OPE|1|Bp"
"NR_all_00650.1","8VJT|1|B","8VJT|1|B"
"NR_all_97519.74","9DFE|1|1A","9DFE|1|1A,9DFC|1|1A,9D0J|1|1A,9DFE|1|2A,9DFD|1|1A,8VTW|1|1A,8VTW|1|2A,9DFC|1|2A,9D7R|1|1A,9D0J|1|2A,7RQB|1|1A,9D7T|1|1A,9DFD|1|2A,8FC6|1|1A,7RQB|1|2A,9D7S|1|1A,8FC6|1|2A,4Y4O|1|2A,8FC5|1|1A,8FC5|1|2A,8FC2|1|1A,4Y4O|1|1A,8FC2|1|2A,8FC3|1|1A,8VTY|1|1A,8G2C|1|1A,5HCQ|1|2A,8VTU|1|1A,4V9H|1|BA,5FDU|1|1A,5FDV|1|1A,8UD7|1|1A,8FC3|1|2A,8FC1|1|1A,8G2A|1|1A,9D7R|1|2A,5HCQ|1|1A,8FC1|1|2A,8VTY|1|2A,4V8I|1|BA,8VTU|1|2A,8UD7|1|2A,5FDV|1|2A,5FDU|1|2A,8G2C|1|2A,8UD8|1|1A,7U2J|1|1A,8G2A|1|2A,8VTX|1|1A,7RQE|1|1A,4WPO|1|AA,9D7T|1|2A,8G29|1|1A,5IBB|1|1H,5IB7|1|1H,8VTV|1|1A,8T8B|1|1A,4WZD|1|14,8EKB|1|1A,8G2B|1|1A,6CAE|1|1A,5E81|1|1H,8UD6|1|1A,4V8I|1|DA,7RQE|1|2A,6CFL|1|1A,6XHX|1|1A,8UVS|1|1A,9D7S|1|2A,7U2H|1|1A,4WQR|1|1H,4WQ1|1|1H,6XHX|1|2A,8T8B|1|2A,5IBB|1|14,7U2J|1|2A,7RQ8|1|1A,6CFL|1|2A,8UVR|1|1A,4WZD|1|1H,4WSM|1|1H,6CAE|1|2A,4WQ1|1|14,8T8C|1|1A,8UD8|1|2A,5DFE|1|YA,8G29|1|2A,8VTX|1|2A,4V95|1|BA,8EKB|1|2A,7U2H|1|2A,8VTV|1|2A,5E81|1|14,8UD6|1|2A,5IB7|1|14,8EV7|1|1A,8G2B|1|2A,8FC4|1|1A,4WQR|1|14,4WSM|1|14,5DFE|1|RA,5HCR|1|2A,7RQ8|1|2A,5IB8|1|1H,6CFK|1|1A,7RQC|1|1A,8T8C|1|2A,6XHY|1|1A,4WPO|1|CA,8UVR|1|2A,5EL7|1|1H,4Z8C|1|2A,5NDK|1|1H,4WSD|1|1H,7RQC|1|2A,6CFJ|1|1A,5W4K|1|1A,5HCR|1|1A,4V6G|1|DA,6CFK|1|2A,4WQU|1|AA,5J4B|1|2A,5IB8|1|14,6QNR|1|1H,5EL7|1|14,8FC4|1|2A,8UVS|1|2A,4V8D|1|BA,1VY4|1|DA,6OF1|1|1A,5J4B|1|1A,5EL6|1|14,6XHY|1|2A,8EV7|1|2A,4WSD|1|14,5NDK|1|14,5J8B|1|A,5EL6|1|1H,4V9R|1|BA,5EL4|1|1H,5HD1|1|2A,4V6G|1|BA,5WIS|1|1A,1VY4|1|BA,5J4C|1|2A,4Z8C|1|1A,4LNT|1|YA,4WQF|1|AA,8CVK|1|1A,4V9R|1|DA,5J4C|1|1A,4V95|1|DA,6XHW|1|1A,4W2G|1|DA,5HCP|1|2A,4W2H|1|DA,6QNQ|1|1H,7MD7|1|1A,5HD1|1|1A,7U2I|1|1A,4V8D|1|DA,5HCP|1|1A,7RQD|1|1A,4V9S|1|BA,7AZO|1|23SA,6QNR|1|14,4W2G|1|BA,4V8G|1|BA,6FKR|1|1A,5W4K|1|2A,6OF1|1|2A,8EV6|1|1A,4V8B|1|BA,4V8G|1|DA,4V9S|1|DA,4V5F|1|DA,6CFJ|1|2A,6XHV|1|1A,4Z3S|1|1A,6QNQ|1|14,5EL4|1|14,7AZO|1|23SB,4Z3S|1|2A,4V5J|1|DA,4W2H|1|BA,4W2I|1|BA,6ND5|1|1A,4W2I|1|DA,7RQD|1|2A,4V8H|1|DA,9B00|1|1A,4WT1|1|1H,4V8H|1|BA,7MD7|1|2A,7U2I|1|2A,4V5F|1|BA,8G2D|1|1A,6XHW|1|2A,5HAU|1|1A,5HAU|1|2A,6C5L|1|DA,4WT8|1|C1,6C5L|1|BA,4V7M|1|BA,4WR6|1|1H,4WT1|1|14,8CVJ|1|1A,4LNT|1|RA,4WRA|1|1H,5WIS|1|2A,8CVK|1|2A,5E7K|1|1H,6XHV|1|2A,6FKR|1|2A,8EV6|1|2A,4WT8|1|D1,6XQD|1|1A,4W2F|1|DA,6ND5|1|2A,7RQA|1|1A,4WR6|1|14,5EL5|1|1H,4W4G|1|YA,4WQU|1|CA,8G2D|1|2A,4W4G|1|RA,4WRA|1|14,4V9B|1|DA,4WQF|1|CA,4W2F|1|BA,4WU1|1|1H,4V8B|1|DA,6O97|1|1A,1VY7|1|BA,5EL5|1|14,7RQA|1|2A,4WU1|1|14,4Y4P|1|1A,5E7K|1|14,4Y4P|1|2A,4WQY|1|AA,4V9B|1|BA,4ZER|1|1A,8CVL|1|1A,1VY5|1|DA,5WIT|1|1A,9B00|1|2A,1VY7|1|DA,1VY5|1|BA,5V8I|1|1A,7RQ9|1|1A,6XQD|1|2A,5VP2|1|1A,5DOY|1|2A,8CVJ|1|2A,4V5J|1|BA,5DOY|1|1A,5NDJ|1|1H,4WZO|1|1H,4V7J|1|AA,4ZER|1|2A,6O97|1|2A,8CVL|1|2A,7JQM|1|1A,4V7J|1|BA,7RQ9|1|2A,5WIT|1|2A,4V5R|1|BA,4V5R|1|DA,1VY6|1|DA,4L47|1|YA,6ND6|1|1A,1VY6|1|BA,5NDJ|1|14,4WZO|1|14,5VP2|1|2A,4YPB|1|YA,4V8C|1|AA,7JQM|1|2A,4V87|1|AA,7JQL|1|1A,5V8I|1|2A,4WQY|1|CA,4YPB|1|RA,7AZS|1|23SA,4V8A|1|BA,4V8C|1|BA,4WRO|1|1H,4V5E|1|BA,4V5E|1|DA,4V6F|1|DA,4YZV|1|RA,4WRO|1|14,4V5S|1|BA,4V5S|1|DA,4V8F|1|AA,4V90|1|BA,6ND6|1|2A,5VPO|1|YA,6GSK|1|1H,4YZV|1|YA,4L47|1|RA,4V8E|1|AA,7JQL|1|2A,4V8Q|1|AA,4V51|1|BA,7AZS|1|23SB,4TUA|1|YA,6UO1|1|1A,4V87|1|DA,4V5P|1|BA,4V5C|1|BA,4V7K|1|AA,4V5Q|1|BA,4V5D|1|BA,4ZSN|1|RA,4TUD|1|YA,4V51|1|DA,4ZSN|1|YA,4V5K|1|BA,4P6F|1|YA,4V7K|1|BA,4V8E|1|CA,4V9A|1|DA,5F8K|1|1A,4V9A|1|BA,4TUD|1|RA,4V5P|1|DA,4V83|1|DA,4V8A|1|AA,6UO1|1|2A,4TUC|1|YA,4TUA|1|RA,4W2E|1|A,4TUE|1|YA,4V5Q|1|DA,6GSK|1|14,4V9I|1|BA,4V8F|1|DA,6XQE|1|1A,4LSK|1|YA,4V6F|1|AA,4V5C|1|DA,4V5K|1|DA,4V83|1|BA,4V7Y|1|BA,4TUE|1|RA,4V5D|1|DA,7LH5|1|DA,4V97|1|DA,4V7Y|1|DA,4TUC|1|RA,5F8K|1|2A,4LT8|1|YA,4V5L|1|BA,6XQE|1|2A,7LH5|1|BA,4TUB|1|YA,5VPO|1|RA,4P6F|1|RA,4TUB|1|RA,4V9I|1|DA,1VVJ|1|YA,4V9K|1|BA,4V9K|1|DA,4V7L|1|BA,4V7M|1|DA,4LSK|1|RA,4LT8|1|RA,4V9Q|1|CA,4V97|1|BA,8WV1|1|A,8WV1|1|a,4V7X|1|BA,5DOX|1|2A,1VVJ|1|RA,5CZP|1|RA,6B4V|1|B,4V84|1|DA,5CZP|1|YA,4V9Q|1|AA,4V84|1|BA,4V7X|1|DA,5DOX|1|1A,4V67|1|BA,4L71|1|YA,4LFZ|1|YA,4V7L|1|DA,4V7W|1|BA,6N9E|1|2A,4V7W|1|DA,6CZR|1|1A,6N9F|1|1A,6N9E|1|1A,6N1D|1|A23S,4P70|1|YA,6B4V|1|FB,4V67|1|DA,4XEJ|1|B23S,6N1D|1|B23S,6N9F|1|2A,4LFZ|1|RA,4L71|1|RA,4P70|1|RA,6UCQ|1|1A,4XEJ|1|A23S,6CZR|1|2A,4V9L|1|BA,4V7P|1|BA,4V7P|1|CA,4V9L|1|DA,6UCQ|1|2A,4V9M|1|BA,4V63|1|DA,4V9M|1|DA,4V63|1|BA,4LEL|1|YA,5D8B|1|ZC,4V7Z|1|BA,5D8B|1|VC,4LEL|1|RA,4V7Z|1|DA,4V8J|1|DA,4V8J|1|BA,4V5G|1|DA,4V5G|1|BA,4V4J|1|w,4V5A|1|DA,4V5A|1|BA,4V4I|1|w,4V8O|1|BA,4V4Z|1|BA,4V4X|1|BA,4V4R|1|BA,4V4Y|1|BA,4V4S|1|BA,4V4T|1|BA,4V4P|1|AA,6GSJ|1|1H,6GSJ|1|14,5J4D|1|B,4V6A|1|BA,4V8X|1|DA,4V8N|1|BA,5J4D|1|GB,4V8X|1|BA,4V9N|1|DA,4V6A|1|DA,4V8N|1|DA,4V9N|1|BA,4V8U|1|BA,4V8U|1|DA,4V9J|1|BA,4V9J|1|DA,6GSL|1|1H,6GSL|1|14,6BOK|1|B,6BOK|1|EB,6BOH|1|GB,6BOH|1|B,5VPP|1|YA,5VPP|1|RA,5J3C|1|YA,6OTR|1|RA,5J3C|1|RA,6OPE|1|RA,6OPE|1|YA,6OTR|1|YA,6ORD|1|YA,6NTA|1|YA,6NTA|1|RA,6ORD|1|RA,6BZ6|1|RA,6BZ6|1|YA,6OJ2|1|RA,6OJ2|1|YA,6OF6|1|YA,6OF6|1|RA,6NUO|1|YA,5J30|1|RA,5J30|1|YA,6NUO|1|RA,6GZQ|1|A1,6OXA|1|RA,6OXA|1|YA,6NSH|1|YA,6NSH|1|RA,6OXI|1|RA,6OXI|1|YA,5UQ8|1|A,6BUW|1|YA,6BUW|1|RA,8FOM|1|RA,6NWY|1|YA,8FOM|1|YA,6NWY|1|RA,8FON|1|RA,8FON|1|YA,6NDK|1|RA,6NDK|1|YA,6BZ7|1|RA,6BZ8|1|RA,6BZ8|1|YA,6BZ7|1|YA,5OT7|1|4,6Q95|1|1,5UQ7|1|A,6O3M|1|YA,6O3M|1|RA,6OSI|1|RA,5ZLU|1|V,6GZZ|1|A2,6GZZ|1|A1,6OSI|1|YA,6GZX|1|A1,6GZX|1|A2,5IMQ|1|D,4V68|1|BA,4V42|1|BA,4V5N|1|BA,4V5M|1|BA,5IMR|1|D,5A9Z|1|AA,5AA0|1|AA"
"NR_all_22327.1","3SNP|1|D","3SNP|1|D,3SNP|1|C"
"NR_all_51156.1","3SQX|1|B","3SQX|1|B,3SQW|1|B"
"NR_all_34093.1","8VMA|1|C","8VMA|1|C,8VMA|1|R"
"NR_all_60733.1","8VMB|1|R","8VMB|1|R"
"NR_all_55642.1","4KQ0|1|B+4KQ0|1|E","4KQ0|1|B+4KQ0|1|E"
"NR_all_24655.1","8VSA|1|ATRN","8VSA|1|ATRN,8VS9|1|ATRN"
"NR_all_45159.1","4J50|1|A+4J50|1|B","4J50|1|A+4J50|1|B,3SYW|1|A+3SYW|1|B,4YN6|1|A+4YN6|1|B"
"NR_all_51591.1","8VU0|1|C","8VU0|1|C,8VU0|1|D"
"NR_all_86744.1","3SZX|1|A+3SZX|1|B","3SZX|1|A+3SZX|1|B"
"NR_all_06496.1","5E6M|1|C","5E6M|1|C,5E6M|1|E,4KR3|1|C,4KR2|1|C"
"NR_all_09614.1","8W1O|1|M+8W1O|1|L","8W1O|1|M+8W1O|1|L"
"NR_all_40189.1","3T4B|1|A","3T4B|1|A"
"NR_all_52747.1","4KR6|1|C","4KR6|1|C"
"NR_all_82450.1","8W2O|1|r","8W2O|1|r"
"NR_all_12018.1","8W8E|1|P","8W8E|1|P"
"NR_all_92104.1","3T5Q|1|C","3T5Q|1|C"
"NR_all_77067.1","8W8N|1|I","8W8N|1|I"
"NR_all_78848.1","3T5Q|1|F","3T5Q|1|F"
"NR_all_79645.1","4KRE|1|R","4KRE|1|R"
"NR_all_56000.1","8W8P|1|I","8W8P|1|I"
"NR_all_52761.1","3TD0|1|B+3TD0|1|A","3TD0|1|B+3TD0|1|A"
"NR_all_93441.1","8WAN|1|Z","8WAN|1|Z"
"NR_all_59841.1","8WAP|1|Z","8WAP|1|Z"
"NR_all_41718.1","4KYY|1|A+4KYY|1|B","4KYY|1|A+4KYY|1|B"
"NR_all_81235.1","8WAR|1|Z","8WAR|1|Z"
"NR_all_27557.2","4KZD|1|R","4KZD|1|R,6B14|1|R,6B3K|1|R,4KZE|1|R,4Q9Q|1|R,4Q9R|1|R"
"NR_all_45353.1","8OPS|1|C","8OPS|1|C"
"NR_all_61493.1","8WAT|1|Z","8WAT|1|Z"
"NR_all_10782.1","8OST|1|C","8OST|1|C"
"NR_all_54529.1","8WAV|1|Z","8WAV|1|Z"
"NR_all_93599.1","5UDZ|1|W","5UDZ|1|W,5UDZ|1|V,3TS0|1|V,3TS0|1|U"
"NR_all_10496.1","8WAX|1|Z","8WAX|1|Z"
"NR_all_32675.1","3TS2|1|V","3TS2|1|V"
"NR_all_83098.3","4KZZ|1|j","4KZZ|1|j,8K2C|1|CC,8XSX|1|CC,6ZP4|1|1,8PJ5|1|w,6QZP|1|S6,8PPL|1|Iw,8PJ6|1|w,7QVP|1|B5,8XSZ|1|CC,8XSZ|1|CD,8PJ4|1|w,8XSY|1|CC,8PJ1|1|w,8PJ2|1|w,7A09|1|f,5T2C|1|An,8PJ3|1|w,6Y57|1|B4,4UG0|1|S6,4V6X|1|BC,6FEC|1|N"
"NR_all_08651.1","8WAZ|1|Z","8WAZ|1|Z"
"NR_all_22864.1","8WCE|1|G","8WCE|1|G"
"NR_all_85532.1","8WFX|1|O","8WFX|1|O"
"NR_all_97870.1","8WKP|1|VTRF","8WKP|1|VTRF"
"NR_all_57883.1","8WML|1|R","8WML|1|R,8WM4|1|R,8WMC|1|R,8WMI|1|R"
"NR_all_70722.1","8WND|1|T","8WND|1|T,8WND|1|R"
"NR_all_53614.1","8WQ2|1|VTRF","8WQ2|1|VTRF"
"NR_all_98274.1","8WT6|1|E","8WT6|1|E,8WT7|1|E,8WT9|1|E,8WT8|1|E"
"NR_all_52189.1","8OZI|1|I","8OZI|1|I,8OZI|1|M,8OZG|1|I,8OZG|1|K,8OZG|1|N,8OZI|1|K,8OZG|1|O,8OZI|1|N,8OZF|1|I,8OZF|1|K,8OZF|1|N,8OZF|1|O,8OZD|1|F,8OZD|1|I,8OZ6|1|I,8OZ6|1|K,8OZ6|1|M,8OZ6|1|N"
"NR_all_80564.1","8WT6|1|F","8WT6|1|F,8WT9|1|F,8WT7|1|F,8WT8|1|F"
"NR_all_26321.3","4QOZ|1|A","4QOZ|1|A,4L8R|1|A,4QOZ|1|D,4L8R|1|D"
"NR_all_89651.1","8P0B|1|R","8P0B|1|R,8P0U|1|R"
"NR_all_67151.1","4LCK|1|B","4LCK|1|B,4LCK|1|E"
"NR_all_22787.1","8WUT|1|B","8WUT|1|B,8WUU|1|B"
"NR_all_49375.1","8WUV|1|B","8WUV|1|B"
"NR_all_40415.1","8P1N|1|B","8P1N|1|B,8P1M|1|D"
"NR_all_44966.1","8WX0|1|E","8WX0|1|E"
"NR_all_19794.1","8P4A|1|P","8P4A|1|P"
"NR_all_01700.1","8WX0|1|G","8WX0|1|G"
"NR_all_69445.1","8P4E|1|P","8P4E|1|P"
"NR_all_04129.1","8X0N|1|B","8X0N|1|B"
"NR_all_71631.1","8P6P|1|3","8P6P|1|3"
"NR_all_82398.1","8X0S|1|B","8X0S|1|B,8X0S|1|A"
"NR_all_86334.1","4LGT|1|E","4LGT|1|E,4LGT|1|F"
"NR_all_37204.1","8X5V|1|B","8X5V|1|B"
"NR_all_41668.2","4LJ0|1|C","4LJ0|1|C,4LJ0|1|D,4LJ0|1|E,7M50|1|TT+7M50|1|kk,5BKN|1|P,5BKN|1|S+5BKN|1|h,5BKN|1|a,8CX0|1|K,7OGK|1|D,5LZY|1|hh"
"NR_all_33048.1","8P8B|1|7","8P8B|1|7,8P7X|1|7,8P7Y|1|7,8P6P|1|7,8P8V|1|7,8P8W|1|7"
"NR_all_26955.1","8XC1|1|E+8XC1|1|F","8XC1|1|E+8XC1|1|F,8XC1|1|C+8XC1|1|D"
"NR_all_35348.1","8XI2|1|5","8XI2|1|5"
"NR_all_08950.1","8P8B|1|8","8P8B|1|8,8P7X|1|8,8P7Y|1|8,8P6P|1|8,8P8V|1|8"
"NR_all_90946.1","8XI2|1|F","8XI2|1|F"
"NR_all_45932.1","8XKO|1|F+8XKO|1|E","8XKO|1|F+8XKO|1|E"
"NR_all_60255.1","4LMZ|1|B","4LMZ|1|B"
"NR_all_32829.1","8XMC|1|O","8XMC|1|O,8XMB|1|O"
"NR_all_73445.1","4LX6|1|A","4LX6|1|A,4LX5|1|A"
"NR_all_97557.1","8XME|1|O","8XME|1|O"
"NR_all_55785.1","4M59|1|C","4M59|1|C,4OE1|1|C"
"NR_all_62308.1","8XPO|1|T+8XPO|1|P","8XPO|1|T+8XPO|1|P"
"NR_all_27182.1","4M59|1|D","4M59|1|D,4OE1|1|D"
"NR_all_19355.1","8P7X|1|6","8P7X|1|6,8P7Y|1|6,8P8W|1|6,8P8V|1|6"
"NR_all_28642.1","8XSZ|1|CE","8XSZ|1|CE"
"NR_all_33013.1","8P8B|1|5","8P8B|1|5"
"NR_all_41547.1","8XZL|1|A","8XZL|1|A,8XZP|1|A,8XZQ|1|A,8XZN|1|A,8XZM|1|A,8XZO|1|A,8XZR|1|A,8XZE|1|A,8XZW|1|A,8XZK|1|A"
"NR_all_73731.2","3U4M|1|B","3U4M|1|B,4QVI|1|B,3UMY|1|B,4QG3|1|B,3U56|1|B,5NPM|1|B"
"NR_all_20010.1","8P8B|1|Y","8P8B|1|Y"
"NR_all_39901.1","8P8W|1|Y","8P8W|1|Y"
"NR_all_78731.1","3UZS|1|C","3UZS|1|C"
"NR_all_28137.1","8PDY|1|R","8PDY|1|R"
"NR_all_95486.1","8Y2I|1|C","8Y2I|1|C"
"NR_all_28506.1","3V6Y|1|B","3V6Y|1|B"
"NR_all_69766.1","4MCF|1|B+4MCF|1|D+4MCF|1|C+4MCF|1|A","4MCF|1|B+4MCF|1|D+4MCF|1|C+4MCF|1|A,4MCE|1|B+4MCE|1|A,4MCF|1|H+4MCF|1|G,4MCF|1|F+4MCF|1|E,4MCE|1|D+4MCE|1|C"
"NR_all_35213.1","8PEG|1|X","8PEG|1|X"
"NR_all_85280.1","8Y6O|1|P","8Y6O|1|P"
"NR_all_33378.1","3V74|1|B","3V74|1|B"
"NR_all_96242.1","8Y7G|1|C","8Y7G|1|C"
"NR_all_04298.1","6PMO|1|B","6PMO|1|B"
"NR_all_81513.1","8PH9|1|R","8PH9|1|R"
"NR_all_19112.1","4MGN|1|A","4MGN|1|A,4MGN|1|C"
"NR_all_15120.1","8PHJ|1|Z","8PHJ|1|Z"
"NR_all_60469.1","4N0T|1|B","4N0T|1|B,5TF6|1|B,5TF6|1|D"
"NR_all_50481.1","8PJ1|1|7","8PJ1|1|7"
"NR_all_10095.1","8YB6|1|C","8YB6|1|C"
"NR_all_82984.1","4ENC|1|A","4ENC|1|A,4ENB|1|A,3VRS|1|A,4ENA|1|A,4EN5|1|A"
"NR_all_29277.1","4N2S|1|B","4N2S|1|B"
"NR_all_55546.1","8PJ5|1|7","8PJ5|1|7,8PJ6|1|7,8PJ4|1|7,8PJ2|1|7,8PJ3|1|7,8RG0|1|7"
"NR_all_22238.1","8YDB|1|T+8YDB|1|N","8YDB|1|T+8YDB|1|N"
"NR_all_92710.1","8YE6|1|C","8YE6|1|C"
"NR_all_44691.1","3W3S|1|B","3W3S|1|B"
"NR_all_47933.1","4NGD|1|B","4NGD|1|B,4NGB|1|B"
"NR_all_38455.1","8PJ9|1|C","8PJ9|1|C"
"NR_all_80798.1","8YEO|1|T+8YEO|1|N","8YEO|1|T+8YEO|1|N"
"NR_all_87467.1","3WC1|1|P","3WC1|1|P,3WC1|1|Q"
"NR_all_13347.1","8PJJ|1|B","8PJJ|1|B"
"NR_all_29092.1","8YHA|1|C","8YHA|1|C"
"NR_all_69638.1","3WQY|1|C","3WQY|1|C,3WQZ|1|C"
"NR_all_15462.1","4NGG|1|B","4NGG|1|B"
"NR_all_90498.1","8PNP|1|V","8PNP|1|V,8PM0|1|V,8R3L|1|V+8R3L|1|R,8POH|1|U+8POH|1|S,8POH|1|V+8POH|1|R"
"NR_all_36971.1","8YHD|1|M+8YHD|1|N","8YHD|1|M+8YHD|1|N"
"NR_all_84179.1","3WZI|1|C","3WZI|1|C"
"NR_all_78685.1","4NH5|1|B","4NH5|1|B"
"NR_all_09694.1","8YNO|1|A+8YNO|1|B","8YNO|1|A+8YNO|1|B"
"NR_all_18396.1","3ZC0|1|M","3ZC0|1|M,3ZC0|1|O,3ZC0|1|N"
"NR_all_04426.1","4NHA|1|B","4NHA|1|B"
"NR_all_07275.1","8PM4|1|B","8PM4|1|B"
"NR_all_31827.1","8PNQ|1|V+8PNQ|1|M","8PNQ|1|V+8PNQ|1|M"
"NR_all_15935.1","8PSO|1|S","8PSO|1|S,8PSN|1|S,8PSU|1|S,8PT6|1|S"
"NR_all_12677.1","402D|1|A+402D|1|B","402D|1|A+402D|1|B"
"NR_all_23940.1","8YUP|1|W","8YUP|1|W,8YUQ|1|W,8YUS|1|W,8YUR|1|W"
"NR_all_64342.1","8PSO|1|V","8PSO|1|V,8PSN|1|V,8PT6|1|V"
"NR_all_14261.1","8PSQ|1|S","8PSQ|1|S,8PT7|1|S,8PSS|1|S"
"NR_all_16995.1","8Z0K|1|L","8Z0K|1|L,8Z0L|1|L,8ZNR|1|L,8ZDY|1|L"
"NR_all_67171.1","418D|1|A+418D|1|B","418D|1|A+418D|1|B"
"NR_all_27290.1","419D|1|C+419D|1|D","419D|1|C+419D|1|D,419D|1|A+419D|1|B"
"NR_all_71477.1","8Z3K|1|H","8Z3K|1|H,8Z3K|1|I"
"NR_all_06457.1","422D|1|A+422D|1|B","422D|1|A+422D|1|B"
"NR_all_54592.1","464D|1|A+464D|1|B","464D|1|A+464D|1|B,464D|1|C+464D|1|D,466D|1|C+466D|1|D,466D|1|A+466D|1|B,4U37|1|A+4U37|1|B,4U38|1|A+4U38|1|B,4U38|1|C+4U38|1|D,4U38|1|E+4U38|1|F,4U38|1|G+4U38|1|H,434D|1|C+434D|1|D,434D|1|A+434D|1|B"
"NR_all_56235.1","4O41|1|C+4O41|1|D","4O41|1|C+4O41|1|D,4O41|1|B+4O41|1|A"
"NR_all_17554.1","8Z85|1|D","8Z85|1|D,8Z90|1|D+8Z90|1|E,8Z8X|1|D+8Z8X|1|E,8Z97|1|D,8Z9H|1|D,8Z9R|1|D,8Z8N|1|D,8Z8J|1|D"
"NR_all_16274.1","4OAV|1|C","4OAV|1|C"
"NR_all_52781.2","8QZ8|1|V","8QZ8|1|V,8PSZ|1|D,8PSZ|1|V,8PT2|1|D,8PT2|1|V,8PTH|1|D,8PTH|1|V,8PSU|1|V,8PTJ|1|V,8PSX|1|V,8PTJ|1|D"
"NR_all_79951.1","4OJI|1|A","4OJI|1|A"
"NR_all_77715.1","8PSZ|1|P","8PSZ|1|P,8PSX|1|P"
"NR_all_08327.1","435D|1|C+435D|1|D","435D|1|C+435D|1|D,435D|1|A+435D|1|B"
"NR_all_40884.1","8PSZ|1|S","8PSZ|1|S,8PSX|1|S"
"NR_all_38361.1","8Z85|1|E","8Z85|1|E,8Z97|1|E,8Z9H|1|E,8Z9R|1|E,8Z8N|1|E,8Z8J|1|E"
"NR_all_87557.1","8PVV|1|R","8PVV|1|R"
"NR_all_77160.1","8Z97|1|F+8Z97|1|G","8Z97|1|F+8Z97|1|G,8Z9H|1|F+8Z9H|1|G,8Z9R|1|F+8Z9R|1|G"
"NR_all_46651.2","5B2T|1|A","5B2T|1|A,5B2R|1|A,5B2S|1|A,4OO8|1|B,4OO8|1|E,6AI6|1|B,5XBL|1|B,6IFO|1|C,6IFO|1|D,8SRS|1|B,8T7S|1|B,8T6X|1|B,8T6T|1|B,8SPQ|1|B,8T6Y|1|B,8T78|1|B,8T7S|1|H,8T79|1|B,8T6P|1|B,8T77|1|B,8T6S|1|B,8SQH|1|B,8T76|1|B"
"NR_all_85312.1","8Q4O|1|A","8Q4O|1|A"
"NR_all_94037.1","8Z9H|1|K","8Z9H|1|K"
"NR_all_13351.1","8ZP7|1|A+8ZP7|1|M","8ZP7|1|A+8ZP7|1|M,9JXS|1|A+9JXS|1|M+9JXS|1|N,8ZP9|1|A+8ZP9|1|M"
"NR_all_02834.1","472D|1|A+472D|1|B","472D|1|A+472D|1|B"
"NR_all_90919.1","8Q9T|1|B","8Q9T|1|B,8QCA|1|X"
"NR_all_61184.1","9ASH|1|R+9ASH|1|T","9ASH|1|R+9ASH|1|T,9ASI|1|R+9ASI|1|T"
"NR_all_73255.1","485D|1|A+485D|1|B","485D|1|A+485D|1|B,6IBQ|1|A+6IBQ|1|B"
"NR_all_96464.1","8QBT|1|7","8QBT|1|7"
"NR_all_25446.1","9ASM|1|E","9ASM|1|E,9ASQ|1|E"
"NR_all_06099.1","486D|1|A","486D|1|A"
"NR_all_00580.1","8QCQ|1|w","8QCQ|1|w,8QCQ|1|y"
"NR_all_24902.1","9ASN|1|E","9ASN|1|E"
"NR_all_64096.1","486D|1|E","486D|1|E"
"NR_all_34848.1","8QEQ|1|R","8QEQ|1|R"
"NR_all_36569.1","9ASP|1|E","9ASP|1|E"
"NR_all_67966.1","486D|1|G","486D|1|G"
"NR_all_31561.1","4P3T|1|A+4P3T|1|B","4P3T|1|A+4P3T|1|B"
"NR_all_13482.1","8QGT|1|C","8QGT|1|C,8QH3|1|C"
"NR_all_26059.1","4P3U|1|C+4P3U|1|D","4P3U|1|C+4P3U|1|D"
"NR_all_97107.1","8QK7|1|4","8QK7|1|4"
"NR_all_63315.1","9AVR|1|B","9AVR|1|B"
"NR_all_86266.1","4P8Z|1|A","4P8Z|1|A"
"NR_all_11728.1","4A3J|1|P","4A3J|1|P"
"NR_all_33558.1","4PCO|1|A+4PCO|1|B","4PCO|1|A+4PCO|1|B,4PCO|1|E,4PCO|1|C+4PCO|1|D"
"NR_all_19311.2","9EN6|1|DDD+9EN6|1|CCC","9EN6|1|DDD+9EN6|1|CCC,9EN6|1|AAA+9EN6|1|BBB,8QMH|1|D+8QMH|1|C,8QMH|1|B+8QMH|1|A,8QMI|1|D+8QMI|1|C,8QMI|1|A+8QMI|1|B"
"NR_all_93415.1","4A3L|1|P","4A3L|1|P"
"NR_all_26754.1","8QO3|3|A","8QO3|3|A"
"NR_all_52185.1","9AXU|1|3","9AXU|1|3,9AXV|1|B3,9AXT|1|B3"
"NR_all_14172.1","4A4S|1|A","4A4S|1|A"
"NR_all_35024.1","4PDQ|1|A+4PDQ|1|B","4PDQ|1|A+4PDQ|1|B"
"NR_all_88285.1","8QO5|4|A","8QO5|4|A"
"NR_all_46150.1","4A4U|1|A","4A4U|1|A"
"NR_all_15283.1","8QSZ|1|P","8QSZ|1|P"
"NR_all_27655.1","4ADX|1|0","4ADX|1|0"
"NR_all_00558.1","8QWE|1|C","8QWE|1|C,8QWF|1|C"
"NR_all_98063.1","9AXV|1|Sm","9AXV|1|Sm"
"NR_all_21882.1","4ADX|1|9","4ADX|1|9"
"NR_all_88990.1","9B0L|1|C","9B0L|1|C"
"NR_all_54186.1","8R0A|1|2","8R0A|1|2,8R08|1|2,8QXD|1|2"
"NR_all_72081.1","9BCT|1|7","9BCT|1|7"
"NR_all_72182.1","4AM3|1|E","4AM3|1|E,4AM3|1|D,4AM3|1|H,4AM3|1|I"
"NR_all_17275.1","8QZS|1|2","8QZS|1|2"
"NR_all_58545.1","9BDL|1|MRNA","9BDL|1|MRNA"
"NR_all_35326.1","8R0S|1|C","8R0S|1|C"
"NR_all_54953.1","9CAI|1|A5+9CAI|1|A8","9CAI|1|A5+9CAI|1|A8,9BH5|1|A5+9BH5|1|A8"
"NR_all_46564.1","4ATO|1|G","4ATO|1|G"
"NR_all_66171.1","8R55|1|7","8R55|1|7"
"NR_all_18146.1","9CAI|1|A7","9CAI|1|A7,9BH5|1|A7"
"NR_all_08596.1","4B3G|1|G","4B3G|1|G"
"NR_all_92198.1","8R6C|1|X","8R6C|1|X,8R8M|1|X"
"NR_all_31828.1","9CAI|1|B2","9CAI|1|B2,9BH5|1|B2"
"NR_all_71708.1","8R6C|1|Y","8R6C|1|Y,8R8M|1|Y"
"NR_all_14161.1","1Q75|1|A","1Q75|1|A"
"NR_all_06853.1","8R6C|1|Z","8R6C|1|Z"
"NR_all_08416.1","1QBP|1|A+1QBP|1|B","1QBP|1|A+1QBP|1|B,1QBP|1|C+1QBP|1|D,1QBP|1|E+1QBP|1|F"
"NR_all_08464.1","4B3O|1|R","4B3O|1|R"
"NR_all_39866.1","8R6Y|1|C","8R6Y|1|C"
"NR_all_96857.1","9BLM|1|A","9BLM|1|A"
"NR_all_44364.1","4B3Q|1|R","4B3Q|1|R"
"NR_all_03683.1","8R8R|1|E","8R8R|1|E"
"NR_all_06641.1","9BS3|1|G","9BS3|1|G"
"NR_all_51076.1","1QC0|1|C+1QC0|1|D","1QC0|1|C+1QC0|1|D"
"NR_all_85309.1","4BA2|1|R","4BA2|1|R"
"NR_all_43942.1","9BS4|1|G","9BS4|1|G"
"NR_all_23784.1","1QCU|1|A+1QCU|1|B","1QCU|1|A+1QCU|1|B"
"NR_all_42173.1","8RAP|1|P","8RAP|1|P,8RAO|1|P"
"NR_all_27126.1","1QD3|1|A","1QD3|1|A"
"NR_all_79254.1","3KFU|1|L","3KFU|1|L,3KFU|1|K,3KFU|1|N,3KFU|1|M"
"NR_all_77057.1","4BHH|1|R","4BHH|1|R"
"NR_all_36993.1","1QES|1|A+1QES|1|B","1QES|1|A+1QES|1|B"
"NR_all_61301.1","4BOC|1|R","4BOC|1|R,5OLA|1|H,5OLA|1|R,9BDC|1|R,8U8V|1|R,9BDD|1|R,8U8U|1|R"
"NR_all_41403.1","8RC2|1|H+8RC2|1|I+8RC2|1|J","8RC2|1|H+8RC2|1|I+8RC2|1|J,8S36|1|H+8S36|1|I+8S36|1|J,8S35|1|H+8S35|1|I+8S35|1|J,8S37|1|H+8S37|1|I+8S37|1|J"
"NR_all_85174.1","1QF6|1|B","1QF6|1|B"
"NR_all_27610.1","9BZC|1|A","9BZC|1|A,9BZ1|1|B,9BZ1|1|A"
"NR_all_03445.1","1QVF|1|3","1QVF|1|3"
"NR_all_57335.1","8RC3|1|H+8RC3|1|I+8RC3|1|J","8RC3|1|H+8RC3|1|I+8RC3|1|J,8RFJ|1|H"
"NR_all_52922.1","9C0J|1|R","9C0J|1|R"
"NR_all_40545.1","3KNC|1|B","3KNC|1|B"
"NR_all_24192.1","8RCS|1|W","8RCS|1|W,8RCT|1|W"
"NR_all_63748.1","9C3H|1|S5","9C3H|1|S5"
"NR_all_01810.1","3KS8|1|E+3KS8|1|F","3KS8|1|E+3KS8|1|F"
"NR_all_78269.1","8RD8|1|D8","8RD8|1|D8,8RDV|1|D8,8RDW|1|D8"
"NR_all_02975.1","9C4G|1|a","9C4G|1|a"
"NR_all_88423.1","9C68|1|C","9C68|1|C"
"NR_all_88664.1","8RDV|1|Z2","8RDV|1|Z2,8RD8|1|Z2,8RDW|1|Z2"
"NR_all_28938.1","9C6K|1|X","9C6K|1|X"
"NR_all_35088.1","3LOA|1|B+3LOA|1|A","3LOA|1|B+3LOA|1|A"
"NR_all_26836.2","4BW0|1|A","4BW0|1|A,5FJ1|1|B,5FJ1|1|E,5FJ1|1|C,5FJ1|1|A,5FJ1|1|D,5FJ1|1|F,5FJ1|1|H,5FJ1|1|G"
"NR_all_51954.1","9C7A|1|B","9C7A|1|B"
"NR_all_44340.1","3LRR|1|C+3LRR|1|D","3LRR|1|C+3LRR|1|D"
"NR_all_70092.1","9CDB|1|H","9CDB|1|H"
"NR_all_63879.1","3M4O|1|R","3M4O|1|R"
"NR_all_15706.1","8REC|1|R","8REC|1|R"
"NR_all_35121.1","9CDB|1|J","9CDB|1|J"
"NR_all_45183.1","1QWB|4|A","1QWB|4|A"
"NR_all_64354.1","8REE|1|R","8REE|1|R"
"NR_all_69485.1","9CES|1|W+9CES|1|T+9CES|1|N","9CES|1|W+9CES|1|T+9CES|1|N,9CET|1|W+9CET|1|N+9CET|1|T"
"NR_all_91237.1","1QZC|1|C","1QZC|1|C"
"NR_all_77692.1","4BXX|1|P","4BXX|1|P"
"NR_all_92231.1","4BY7|1|P","4BY7|1|P,4BY1|1|P"
"NR_all_33509.1","3MDI|1|C","3MDI|1|C"
"NR_all_58945.1","9CEY|1|W+9CEY|1|N+9CEY|1|T","9CEY|1|W+9CEY|1|N+9CEY|1|T,9CEW|1|W+9CEW|1|N+9CEW|1|T,9CEU|1|W+9CEU|1|N+9CEU|1|T,9CEZ|1|W+9CEZ|1|N+9CEZ|1|T,9CEX|1|W+9CEX|1|N+9CEX|1|T,9CEV|1|W+9CEV|1|N+9CEV|1|T"
"NR_all_22464.1","1R3E|1|C","1R3E|1|C"
"NR_all_33458.1","3MIJ|1|A","3MIJ|1|A"
"NR_all_60163.1","4CS1|1|A","4CS1|1|A,6Q8U|1|A+6Q8U|1|B,4C40|1|A"
"NR_all_47848.1","8RO0|1|2","8RO0|1|2"
"NR_all_41562.1","9CF0|1|W","9CF0|1|W"
"NR_all_42834.1","1R3X|1|C","1R3X|1|C"
"NR_all_88566.1","3MOJ|1|A","3MOJ|1|A"
"NR_all_64446.1","4C4Q|1|N","4C4Q|1|N"
"NR_all_41131.1","9CMP|1|T+9CMP|1|G","9CMP|1|T+9CMP|1|G"
"NR_all_85024.1","1R7W|12|A","1R7W|12|A"
"NR_all_23939.1","4C4W|1|H","4C4W|1|H,4C4W|1|D"
"NR_all_19772.1","8RO1|1|6","8RO1|1|6,8RO0|1|6"
"NR_all_84176.1","9CPG|1|A+9CPG|1|B","9CPG|1|A+9CPG|1|B"
"NR_all_36505.1","1R7Z|5|A","1R7Z|5|A"
"NR_all_31288.1","4C8Y|1|C","4C8Y|1|C"
"NR_all_52392.1","8RO1|1|IN","8RO1|1|IN"
"NR_all_33890.1","9CPJ|1|A+9CPJ|1|B","9CPJ|1|A+9CPJ|1|B"
"NR_all_29649.1","3ND3|1|A","3ND3|1|A"
"NR_all_03127.1","8RW1|1|3","8RW1|1|3,8S8D|1|3,8S8E|1|3,8S8F|1|3,8S8G|1|3,8S8H|1|3,8S8I|1|3,8S8J|1|3"
"NR_all_85059.1","9D5J|1|C+9D5J|1|D","9D5J|1|C+9D5J|1|D,9D5K|1|C+9D5K|1|D"
"NR_all_95703.1","9DLL|1|A","9DLL|1|A"
"NR_all_25369.1","3NJ7|1|C+3NJ7|1|D","3NJ7|1|C+3NJ7|1|D,3NJ7|1|E+3NJ7|1|F,3NJ7|1|A+3NJ7|1|B,3NJ6|1|A"
"NR_all_65106.1","9DN4|1|E","9DN4|1|E,9DN4|1|F"
"NR_all_55424.1","3NKB|1|B","3NKB|1|B"
"NR_all_02709.1","9DR1|1|R","9DR1|1|R"
"NR_all_72277.1","3NMA|1|B+3NMA|1|C","3NMA|1|B+3NMA|1|C"
"NR_all_60852.1","8RXH|1|S2","8RXH|1|S2"
"NR_all_17247.1","9DXL|1|A","9DXL|1|A,9DXL|1|B"
"NR_all_78651.1","9DYG|1|CA","9DYG|1|CA"
"NR_all_34359.12","2NVQ|1|R","2NVQ|1|R,6UPZ|1|R,2NVX|1|R,8UKT|1|R,2E2I|1|R,6UQ0|1|R,7KEE|1|R,2E2H|1|R,7KED|1|R,2NVZ|1|R,7KEF|1|R,1SFO|1|R,1R9T|1|R,2YU9|1|R,1R9S|1|R,9BVT|1|X,8B3D|1|P,7OOB|1|P,7OO3|1|P,8B3F|1|P,8TVY|1|R,8TUG|1|R,8TVW|1|R,8TVP|1|R,8TVX|1|R,6H67|1|R,6H68|1|R,8TVQ|1|R,7Z2Z|1|R,5VVR|1|R,5VVS|1|R"
"NR_all_42633.1","3NNA|1|B","3NNA|1|B"
"NR_all_51631.1","3NNH|1|E","3NNH|1|E"
"NR_all_27775.1","4CIO|1|B","4CIO|1|B"
"NR_all_99308.1","8S51|1|P","8S51|1|P"
"NR_all_37869.1","9E6Q|1|2","9E6Q|1|2,9E71|1|2,9E7F|1|2"
"NR_all_87478.1","8S5N|1|P","8S5N|1|P"
"NR_all_16041.1","8S8W|1|C","8S8W|1|C,8S8X|1|C"
"NR_all_15188.1","3NVK|1|K+3NVK|1|G","3NVK|1|K+3NVK|1|G,3NVK|1|L+3NVK|1|S"
"NR_all_77027.1","8S95|1|C","8S95|1|C"
"NR_all_42289.1","9ENF|1|D","9ENF|1|D,9ENF|1|C"
"NR_all_88262.1","8S9U|1|F+8S9U|1|G","8S9U|1|F+8S9U|1|G,8S9V|1|F+8S9V|1|G,8S9T|1|F,8S9X|1|F+8S9X|1|G"
"NR_all_53884.1","3O7V|1|A","3O7V|1|A,3O3I|1|A,3O6E|1|A"
"NR_all_14073.1","9ERE|1|U","9ERE|1|U"
"NR_all_07088.1","9ERF|1|U","9ERF|1|U"
"NR_all_41153.1","9EY1|1|T","9EY1|1|T"
"NR_all_83437.1","8SA6|1|A","8SA6|1|A,8SA6|1|B"
"NR_all_52453.5","3OL9|1|B+3OL9|1|F+3OL9|1|C+3OL9|1|G+3OL9|1|D+3OL9|1|H","3OL9|1|B+3OL9|1|F+3OL9|1|C+3OL9|1|G+3OL9|1|D+3OL9|1|H,3OL9|1|J+3OL9|1|N+3OL9|1|K+3OL9|1|O+3OL9|1|L+3OL9|1|P,3OLB|1|J+3OLB|1|N+3OLB|1|K+3OLB|1|O+3OLB|1|L+3OLB|1|P,3OLB|1|B+3OLB|1|F+3OLB|1|C+3OLB|1|G+3OLB|1|D+3OLB|1|H,3OL6|1|B+3OL6|1|F+3OL6|1|C+3OL6|1|G+3OL6|1|D+3OL6|1|H,3OL6|1|J+3OL6|1|N+3OL6|1|K+3OL6|1|O+3OL6|1|L+3OL6|1|P,3OL8|1|B+3OL8|1|F+3OL8|1|C+3OL8|1|G+3OL8|1|D+3OL8|1|H,3OL7|1|J+3OL7|1|N+3OL7|1|K+3OL7|1|O+3OL7|1|L+3OL7|1|P,3OL7|1|B+3OL7|1|F+3OL7|1|C+3OL7|1|G+3OL7|1|D+3OL7|1|H,3OL8|1|J+3OL8|1|N+3OL8|1|K+3OL8|1|O+3OL8|1|L+3OL8|1|P,3OLA|1|J+3OLA|1|N+3OLA|1|K+3OLA|1|O+3OLA|1|L+3OLA|1|P,3OLA|1|F+3OLA|1|H,3OLA|1|B+3OLA|1|D"
"NR_all_69427.1","8SCB|1|hh","8SCB|1|hh"
"NR_all_72394.1","9F1B|1|AT","9F1B|1|AT,9F1D|1|AT,9F1C|1|AT"
"NR_all_01612.1","1RAU|1|A","1RAU|1|A,1RAU|1|B,1RAU|1|C,1RAU|1|D"
"NR_all_39987.1","8SCH|5|A","8SCH|5|A"
"NR_all_68928.1","4D25|1|D","4D25|1|D,4D26|1|D"
"NR_all_68943.1","8SFH|1|B","8SFH|1|B"
"NR_all_90446.1","9F37|1|R+9F37|1|V","9F37|1|R+9F37|1|V,9F2R|1|R+9F2R|1|V"
"NR_all_42294.1","1RAW|1|A","1RAW|1|A"
"NR_all_26390.1","9FBV|1|X","9FBV|1|X"
"NR_all_84854.1","1RGO|1|D","1RGO|1|D"
"NR_all_68439.1","4DB2|1|E+4DB2|1|F","4DB2|1|E+4DB2|1|F,4DB2|1|I+4DB2|1|J,4DB4|1|D,4DB4|1|E,4DB2|1|H+4DB2|1|G,4DB4|1|F,4DB4|1|C"
"NR_all_53805.1","9FI8|1|hD","9FI8|1|hD"
"NR_all_33176.1","1RKJ|1|B","1RKJ|1|B"
"NR_all_58771.1","9FI8|1|hL","9FI8|1|hL"
"NR_all_81784.2","4S20|1|P","4S20|1|P,4S20|1|N,7M8E|1|3"
"NR_all_24471.1","4V4T|1|AX","4V4T|1|AX,4V4R|1|AX"
"NR_all_77810.2","6D1V|1|C","6D1V|1|C,4S2X|1|B,4S2Y|1|B"
"NR_all_80828.1","4TS2|1|Y+4TS2|1|X","4TS2|1|Y+4TS2|1|X,4TS0|1|Y+4TS0|1|X"
"NR_all_54761.1","4V5G|1|AY","4V5G|1|AY,4V5G|1|CY"
"NR_all_46764.1","4V5K|1|CX","4V5K|1|CX"
"NR_all_51962.5","4YCP|1|B","4YCP|1|B,4V5S|1|AY,4V5R|1|CY,4V5S|1|CY,4V5R|1|AY,4V5L|1|AY,4V5Q|1|AY,4V5Q|1|CY,4V5P|1|AY,4V5P|1|CY,8PKL|1|W,8R3V|1|W,8RCL|1|W,8RCM|1|W"
"NR_all_45210.1","4TYW|1|B","4TYW|1|B"
"NR_all_20784.1","4TZ0|1|B","4TZ0|1|B"
"NR_all_30403.1","4V5Z|1|AB","4V5Z|1|AB"
"NR_all_08812.1","4V5Z|1|AD","4V5Z|1|AD"
"NR_all_97153.1","4V5Z|1|AF","4V5Z|1|AF"
"NR_all_52192.1","4V5Z|1|AH","4V5Z|1|AH"
"NR_all_51862.2","4TZZ|1|H","4TZZ|1|H,4TZZ|1|E,4TZZ|1|B,4TZZ|1|K,4TZV|1|B,4TZW|1|B,4TZP|1|B,4TZP|1|E"
"NR_all_27219.1","4V5Z|1|B1","4V5Z|1|B1"
"NR_all_23387.1","4V5Z|1|BB","4V5Z|1|BB"
"NR_all_94683.1","4XNR|1|X","4XNR|1|X,4TZY|1|X,4TZX|1|X,5UZA|1|X,6VWT|1|B,6VWT|1|A,6VWV|1|B,6VWV|1|A,5SWE|1|X"
"NR_all_73721.1","4V5Z|1|BD","4V5Z|1|BD"
"NR_all_89898.1","4V5Z|1|BF","4V5Z|1|BF"
"NR_all_54148.1","4V5Z|1|BH","4V5Z|1|BH"
"NR_all_66595.1","4V5Z|1|BJ","4V5Z|1|BJ"
"NR_all_61167.1","4U35|1|B+4U35|1|A","4U35|1|B+4U35|1|A"
"NR_all_97298.1","4V5Z|1|BL","4V5Z|1|BL"
"NR_all_61055.1","4V5Z|1|BN","4V5Z|1|BN"
"NR_all_92714.1","4V5Z|1|BV","4V5Z|1|BV,4V5Z|1|BO"
"NR_all_68509.1","4V5Z|1|BQ","4V5Z|1|BQ"
"NR_all_92312.1","4V5Z|1|BU","4V5Z|1|BU"
"NR_all_63615.1","4V5Z|1|BX","4V5Z|1|BX"
"NR_all_15756.1","4U8T|1|T","4U8T|1|T,4U8T|1|P,4U8T|1|Q,4U8T|1|S,4U8T|1|O,4U8T|1|R"
"NR_all_76698.1","4V5Z|1|BZ","4V5Z|1|BZ"
"NR_all_96354.4","6ERI|1|BA","6ERI|1|BA,5MMM|1|a,5X8P|1|a,5MMJ|1|a,5X8R|1|a,4V61|1|AA"
"NR_all_20305.5","6ERI|1|AA","6ERI|1|AA,5MMI|1|A,5X8T|1|A,5MMM|1|A,5X8P|1|A,5MLC|1|A,5H1S|1|A,4V61|1|BA"
"NR_all_50314.5","6ERI|1|Ax","6ERI|1|Ax,5MMI|1|B,5MMM|1|B,5X8T|1|B,5X8P|1|B,5MLC|1|B,5H1S|1|B,4V61|1|BB"
"NR_all_36308.1","6SAE|1|R","6SAE|1|R,6SAG|1|R,6RLP|1|R,6RLP|1|Z,6RLP|1|a,6RLP|1|b,6RLP|1|c,6RLP|1|d,6RLP|1|e,6RLP|1|f,6RLP|1|g,6RLP|1|h,6RLP|1|i,6RLP|1|j,6RLP|1|k,6RLP|1|l,6RLP|1|m,6RLP|1|n,6RLP|1|o,6RLP|1|p,6RLP|1|q,6RLP|1|r,6RLP|1|s,6RLP|1|t,6RLP|1|u,6RLP|1|v,4UDV|1|R,7Q2R|1|B,7Q2S|1|B,7Q2Q|1|B,7Q23|1|B,7Q22|1|B"
"NR_all_05530.5","6ERI|1|AB","6ERI|1|AB,5MMI|1|W,5MMM|1|W,5X8T|1|W,5X8P|1|W,5MLC|1|C,5H1S|1|C,4V61|1|BC"
"NR_all_21305.1","7O5B|1|W","7O5B|1|W,4UE4|1|A"
"NR_all_42156.1","4UFT|1|R","4UFT|1|R"
"NR_all_23849.2","7ACJ|1|4","7ACJ|1|4,7ACR|1|4,8VSA|1|TMRN,8VS9|1|TMRN,6Q98|1|4,4V6T|1|AV"
"NR_all_52612.1","4V6U|1|A0","4V6U|1|A0"
"NR_all_71582.1","4V6U|1|A2","4V6U|1|A2"
"NR_all_83672.1","4V6U|1|B3","4V6U|1|B3"
"NR_all_08591.1","6XU8|1|A5+6XU8|1|A8","6XU8|1|A5+6XU8|1|A8,6XU6|1|A5+6XU6|1|A8,6XU7|1|A5+6XU7|1|A8,4V6W|1|A5+4V6W|1|A8"
"NR_all_42467.1","6XU8|1|A7","6XU8|1|A7,6XU6|1|A7,6XU7|1|A7,4V6W|1|A7"
"NR_all_51645.1","6XU8|1|B2","6XU8|1|B2,6XU6|1|B2,6XU7|1|B2,4V6W|1|B2"
"NR_all_31301.1","6XU7|1|B","6XU7|1|B,4V6W|1|BC"
"NR_all_78233.4","4V9K|1|AW","4V9K|1|AW,4V9K|1|CW,4V9M|1|CW,4V9M|1|AW,4V9L|1|AW,4V9L|1|CW,4V9J|1|AW,4V9J|1|CW,4V7B|1|AW"
"NR_all_13071.5","8P4V|1|4","8P4V|1|4,8P4V|1|AT,8BN3|1|4,6EM3|1|2,8Y0U|1|C3,6EM4|1|2,6EM5|1|2,6I7O|1|BS,6I7O|1|YS,4V7F|1|2,5JCS|1|y"
"NR_all_70001.1","4V7H|1|B3","4V7H|1|B3"
"NR_all_51196.1","4V84|1|AV","4V84|1|AV,4V84|1|CV"
"NR_all_86129.1","4V85|1|AV","4V85|1|AV,4V89|1|AV"
"NR_all_59793.1","6HTQ|1|v","6HTQ|1|v"
"NR_all_22678.1","4V87|1|BB","4V87|1|BB,4V87|1|CB"
"NR_all_19333.1","6HTQ|1|w","6HTQ|1|w"
"NR_all_41538.1","1WNE|1|B+1WNE|1|C","1WNE|1|B+1WNE|1|C"
"NR_all_65718.1","1WTS|1|A","1WTS|1|A,1WTT|1|A"
"NR_all_06580.1","1WWD|1|B","1WWD|1|B"
"NR_all_12201.1","1WWF|1|B","1WWF|1|B"
"NR_all_65061.34","8QYX|1|A2+8QYX|1|C2","8QYX|1|A2+8QYX|1|C2,8GLP|1|L5+8GLP|1|L8,8QOI|1|L5+8QOI|1|L8,8YOO|1|L5+8YOO|1|L8,8A3D|1|A+8A3D|1|C,8YOP|1|L5+8YOP|1|L8,9C3H|1|L5+9C3H|1|L1,8XSX|1|L5+8XSX|1|L8,8K2C|1|L5+8K2C|1|L8,8G5Y|1|L5+8G5Y|1|L8,8JDK|1|D,7XNY|1|L1+7XNY|1|L3,6ZMI|1|L5+6ZMI|1|L8,8IFE|1|1A+8IFE|1|1C,8IFD|1|1A+8IFD|1|1C,7OW7|1|A+7OW7|1|C,8QFD|1|5+8QFD|1|8,8JDL|1|D,6ZM7|1|L5+6ZM7|1|L8,8G60|1|L5+8G60|1|L8,7XNX|1|L1+7XNX|1|L3,8JDJ|1|D,8G5Z|1|L5+8G5Z|1|L8,7F5S|1|L5+7F5S|1|L8,8FL3|1|L3+8FL3|1|L1,6Y6X|1|L5+6Y6X|1|L8,6Z6N|1|L5+6Z6N|1|L8,8FLE|1|L3+8FLE|1|L1,8FLB|1|L3+8FLB|1|L1,8JDM|1|D,8FL7|1|L3+8FL7|1|L1,8G6J|1|L5+8G6J|1|L8,9GMO|1|A,6QZP|1|L5+6QZP|1|L8,6ZME|1|L5+6ZME|1|L8,6Z6L|1|L5+6Z6L|1|L8,8XSY|1|L5+8XSY|1|L8,7QVP|1|L5+7QVP|1|L8,8FLD|1|L3+8FLD|1|L1,8FL6|1|L3+8FL6|1|L1,8FLA|1|L3+8FLA|1|L1,8FL2|1|L3+8FL2|1|L1,7QVP|1|L6+7QVP|1|L1,8IDT|1|2+8IDT|1|8,8UKB|1|L5+8UKB|1|L8,6XA1|1|L5+6XA1|1|L8,6ZMO|1|L5+6ZMO|1|L8,6Z6M|1|L5+6Z6M|1|L8,8FLF|1|L3+8FLF|1|L1,8G61|1|L5+8G61|1|L8,8OJ5|1|5+8OJ5|1|8,8INF|1|2+8INF|1|8,8IDY|1|2+8IDY|1|8,8FL9|1|L3+8FL9|1|L1,8FLC|1|L3+8FLC|1|L1,6OLE|1|t+6OLE|1|D,6OM0|1|t+6OM0|1|D,6Y2L|1|L5+6Y2L|1|L8,8FL4|1|L3+8FL4|1|L1,8XSZ|1|L5+8XSZ|1|L8,8OHD|1|5+8OHD|1|8,6LQM|1|2+6LQM|1|8,6Y0G|1|L5+6Y0G|1|L8,8Y0X|1|L5,9G8M|1|L5,7BHP|1|L5+7BHP|1|L8,6LU8|1|2+6LU8|1|8,6LSR|1|2+6LSR|1|8,8INE|1|2+8INE|1|8,8INK|1|2+8INK|1|8,8IPY|1|2+8IPY|1|8,8IPD|1|2+8IPD|1|8,8Y0W|1|L5,8OJ8|1|5+8OJ8|1|8,6LSS|1|2+6LSS|1|8,8OJ0|1|5+8OJ0|1|8,8IE3|1|2+8IE3|1|8,8FKY|1|L3+8FKY|1|L1,6OLI|1|t+6OLI|1|D,6OLG|1|A2+6OLG|1|A3,8FKW|1|L3+8FKW|1|L1,8IR1|1|2+8IR1|1|8,8FKV|1|L3+8FKV|1|L1,8IR3|1|2+8IR3|1|8,6Y57|1|L5+6Y57|1|L8,8FKX|1|L3+8FKX|1|L1,5T2C|1|A+5T2C|1|C,8FKZ|1|L3+8FKZ|1|L1,6OM7|1|t+6OM7|1|D,4UG0|1|L5+4UG0|1|L8,6OLF|1|t+6OLF|1|D,6W6L|1|t+6W6L|1|D,8FKU|1|L3+8FKU|1|L1,8FKT|1|L3+8FKT|1|L1,6IP5|1|1A+6IP5|1|1C,6IP8|1|1A+6IP8|1|1C,6OLZ|1|A2+6OLZ|1|A3,5AJ0|1|A2+5AJ0|1|A3,8FKS|1|L3+8FKS|1|L1,8FKR|1|L3+8FKR|1|L1,8FKQ|1|L3+8FKQ|1|L1,8FKP|1|L3+8FKP|1|L1,8IPX|1|2+8IPX|1|8,8FL0|1|L3,5LKS|1|L5+5LKS|1|L8,6IP6|1|1A+6IP6|1|1C,4V6X|1|A5+4V6X|1|A8,8ONY|1|5,6SXO|1|L5,7ZFW|1|L5,5A8L|1|A"
"NR_all_42622.74","9DFE|1|1B","9DFE|1|1B,9DFC|1|1B,9D0J|1|1B,8VTW|1|1B,9DFD|1|1B,8VTW|1|2B,7RQB|1|1B,8FC6|1|1B,8FC3|1|1B,5FDV|1|1B,8FC5|1|1B,5FDU|1|1B,8G2C|1|1B,8UD7|1|1B,8FC2|1|1B,9D7R|1|1B,8G2A|1|1B,9D7T|1|1B,9DFE|1|2B,8FC5|1|2B,8VTU|1|1B,8G29|1|1B,9DFC|1|2B,4Y4O|1|1B,8VTY|1|1B,8FC1|1|1B,7U2J|1|1B,9D7S|1|1B,8VTX|1|1B,4Y4O|1|2B,5IBB|1|16,5HCQ|1|1B,8UD8|1|1B,8FC6|1|2B,8FC2|1|2B,7RQB|1|2B,4WPO|1|AB,8UD7|1|2B,8EKB|1|1B,5E81|1|16,8G2A|1|2B,9DFD|1|2B,8G2C|1|2B,8G2B|1|1B,8T8B|1|1B,5DFE|1|YB,6CFL|1|1B,6CAE|1|1B,8UD6|1|1B,4WQR|1|16,8VTV|1|1B,8UVS|1|1B,7RQE|1|1B,7U2H|1|1B,8G29|1|2B,5FDV|1|2B,5IB7|1|16,4V8I|1|BB,5FDU|1|2B,5IBB|1|1J,8VTU|1|2B,8FC3|1|2B,8T8C|1|1B,6XHX|1|1B,5IB8|1|16,8FC4|1|1B,8UVR|1|1B,7RQ8|1|1B,8EV7|1|1B,5W4K|1|1B,8UD8|1|2B,5E81|1|1J,4V95|1|BB,5DFE|1|RB,6CFK|1|1B,4WQU|1|AB,6XHY|1|1B,8VTY|1|2B,4WSM|1|16,4WQ1|1|1J,5NDK|1|16,8VTX|1|2B,4WSD|1|16,5HCR|1|1B,7RQC|1|1B,5EL7|1|16,8VTV|1|2B,4WZD|1|1J,4WSM|1|1J,7U2J|1|2B,5NDK|1|1J,8G2B|1|2B,4WQ1|1|16,6OF1|1|1B,6XHX|1|2B,5J4B|1|1B,6QNR|1|16,4LNT|1|YB,6CFJ|1|1B,4WQF|1|AB,5IB7|1|1J,5EL6|1|16,8EKB|1|2B,4V8D|1|BB,8CVK|1|1B,4V8G|1|BB,6XHY|1|2B,4WT1|1|16,4W2G|1|BB,6XHW|1|1B,5J4C|1|1B,4Z8C|1|1B,5J4B|1|2B,6CFL|1|2B,8UD6|1|2B,8EV6|1|1B,7U2I|1|1B,5EL4|1|16,4V9R|1|BB,7RQE|1|2B,5EL6|1|1J,5HD1|1|1B,7MD7|1|1B,8UVR|1|2B,5HCP|1|1B,6FKR|1|1B,4V9H|1|BB,6ND5|1|1B,6XHV|1|1B,8T8B|1|2B,4W2I|1|BB,7RQD|1|1B,4V8D|1|DB,4WQR|1|1J,5WIS|1|1B,4Z3S|1|1B,5EL7|1|1J,4WQY|1|AB,4WR6|1|16,6CAE|1|2B,4Z8C|1|2B,4LNT|1|RB,1VY4|1|BB,5HAU|1|1B,4WPO|1|CB,9B00|1|1B,4V6G|1|DB,7RQC|1|2B,8CVJ|1|1B,4V8B|1|BB,5J8B|1|B,8G2D|1|1B,4V5J|1|DB,4W2H|1|BB,6O97|1|1B,9D0J|1|2B,4WSD|1|1J,7U2H|1|2B,5IB8|1|1J,6XQD|1|1B,7AZO|1|5SA,4WRA|1|16,6CFK|1|2B,8CVL|1|1B,8UVS|1|2B,5J4C|1|2B,4V9S|1|BB,6QNQ|1|16,8EV7|1|2B,4ZER|1|1B,8FC4|1|2B,4WZD|1|16,5HAU|1|2B,4WT8|1|Cs,5HCQ|1|2B,8FC1|1|2B,7RQA|1|1B,6OF1|1|2B,4WRA|1|1J,6XHV|1|2B,8CVK|1|2B,1VY7|1|BB,8T8C|1|2B,4W2F|1|BB,6C5L|1|DB,5WIT|1|1B,5VP2|1|1B,4V7M|1|BB,9D7T|1|2B,6CFJ|1|2B,4V8H|1|BB,5NDJ|1|16,5V8I|1|1B,4V9B|1|BB,7RQD|1|2B,6FKR|1|2B,9D7R|1|2B,5E7K|1|1J,4WU1|1|16,5W4K|1|2B,6XHW|1|2B,1VY5|1|BB,6QNR|1|1J,7RQ9|1|1B,8EV6|1|2B,4W2I|1|DB,7JQM|1|1B,4Y4P|1|1B,5DOY|1|1B,7U2I|1|2B,4V5F|1|DB,4W4G|1|RB,4V8G|1|DB,4W2G|1|DB,4V5F|1|BB,5EL5|1|16,4V6F|1|DB,4W4G|1|YB,4WZO|1|16,7RQ8|1|2B,4WQF|1|CB,9B00|1|2B,4WR6|1|1J,5E7K|1|16,4V8E|1|AB,7MD7|1|2B,4WU1|1|1J,4V9S|1|DB,4V5R|1|DB,5HCR|1|2B,5NDJ|1|1J,4V8A|1|BB,4Z3S|1|2B,4V9R|1|DB,5EL4|1|1J,7JQL|1|1B,6ND5|1|2B,4V9B|1|DB,6C5L|1|BB,8CVJ|1|2B,7RQA|1|2B,6O97|1|2B,8G2D|1|2B,5VPO|1|YB,4YZV|1|YB,7RQ9|1|2B,5HD1|1|2B,6ND6|1|1B,4V5R|1|BB,8CVL|1|2B,6GSK|1|16,4V95|1|DB,6UO1|1|1B,4V8C|1|AB,7AZO|1|5SB,4W2F|1|DB,4ZSN|1|YB,4YZV|1|RB,1VY6|1|BB,5WIS|1|2B,4LT8|1|YB,4V8F|1|AB,4WT1|1|1J,4L47|1|YB,4ZSN|1|RB,4WQU|1|CB,1VY4|1|DB,4YPB|1|YB,4V6G|1|BB,4WQY|1|CB,6XQD|1|2B,4V5Q|1|BB,9D7S|1|2B,7AZS|1|5SA,6QNQ|1|1J,4TUA|1|YB,5VP2|1|2B,4ZER|1|2B,4V8C|1|BB,4WRO|1|16,4V8B|1|DB,5F8K|1|1B,5DOY|1|2B,4V90|1|BB,4V5P|1|BB,5HCP|1|2B,4Y4P|1|2B,4YPB|1|RB,4V7J|1|AB,4TUD|1|RB,4W2H|1|DB,6UO1|1|2B,4V5E|1|DB,4V5P|1|DB,4V5S|1|BB,4V9A|1|BB,4V87|1|AB,4V51|1|BB,4TUC|1|YB,4V5D|1|BB,6XQE|1|1B,5EL5|1|1J,4V7J|1|BB,4WT8|1|Ds,4V5C|1|BB,4L47|1|RB,1VY5|1|DB,4V8H|1|DB,4W2E|1|B,4V5Q|1|DB,7JQM|1|2B,4LSK|1|YB,4V5S|1|DB,4WZO|1|1J,4TUA|1|RB,6ND6|1|2B,7JQL|1|2B,4V9I|1|BB,4V87|1|DB,6GSK|1|1J,4P6F|1|YB,4V8Q|1|AB,4V51|1|DB,5WIT|1|2B,4V8E|1|CB,4V8I|1|DB,4V97|1|DB,5CZP|1|YB,4V7L|1|BB,6CZR|1|1B,7LH5|1|DB,4TUE|1|RB,4TUD|1|YB,1VY6|1|DB,6XQE|1|2B,6N9E|1|2B,6N9F|1|2B,4TUB|1|YB,4V5E|1|BB,1VVJ|1|YB,1VY7|1|DB,5DOX|1|1B,6N9F|1|1B,5CZP|1|RB,4TUE|1|YB,4WRO|1|1J,7AZS|1|5SB,4V97|1|BB,4V9Q|1|CB,4V6F|1|AB,4V5L|1|BB,4LT8|1|RB,4V5D|1|DB,4V5K|1|BB,6N9E|1|1B,5V8I|1|2B,4V5J|1|BB,7LH5|1|BB,4V7L|1|DB,4V7K|1|AB,5DOX|1|2B,8WV1|1|B,4V83|1|DB,8WV1|1|b,5F8K|1|2B,4V9A|1|DB,4V7K|1|BB,5VPO|1|RB,4TUC|1|RB,4P70|1|RB,4V8F|1|DB,4P70|1|YB,4V83|1|BB,1VVJ|1|RB,4L71|1|YB,6UCQ|1|1B,4V9Q|1|AB,6B4V|1|C,4TUB|1|RB,4V9K|1|BB,4LSK|1|RB,4V8A|1|AB,4V5K|1|DB,4V7Y|1|BB,6B4V|1|GB,6UCQ|1|2B,4V9K|1|DB,4V67|1|BB,4P6F|1|RB,4V9I|1|DB,5D8B|1|AD,4L71|1|RB,4LEL|1|YB,4V5C|1|DB,4LFZ|1|YB,4V7X|1|BB,6CZR|1|2B,4V7W|1|BB,4LFZ|1|RB,6N1D|1|B5S,4V84|1|BB,4V9L|1|BB,4V9M|1|BB,4V4J|1|x,4V84|1|DB,5D8B|1|WC,4V63|1|BB,4V9M|1|DB,4XEJ|1|B5S,4V63|1|DB,4V7Y|1|DB,4V8J|1|BB,4V5G|1|DB,4V9L|1|DB,4V7P|1|BB,4V5G|1|BB,4V7P|1|CB,4XEJ|1|A5S,4LEL|1|RB,4V67|1|DB,6N1D|1|A5S,4V7W|1|DB,4V8J|1|DB,4V7M|1|DB,4V7X|1|DB,4V5A|1|BB,4V4I|1|x,4V7Z|1|BB,4V5A|1|DB,4V8O|1|BB,4V7Z|1|DB,4V4R|1|BB,4V4S|1|BB,4V4T|1|BB,4V4Z|1|BB,4V4X|1|BB,4V4Y|1|BB,4V4P|1|AB,6GSJ|1|16,6GSJ|1|1J,4V6A|1|BB,5J4D|1|C,5J4D|1|HB,4V8U|1|BB,4V6A|1|DB,4V8X|1|BB,4V8U|1|DB,4V9J|1|BB,4V8N|1|BB,4V9J|1|DB,4V9N|1|DB,4V9N|1|BB,4V8X|1|DB,4V8N|1|DB,6GSL|1|16,6GSL|1|1J,6BOK|1|C,6BOK|1|FB,6BOH|1|HB,6BOH|1|C,5VPP|1|YB,5VPP|1|RB,6OTR|1|YB,5J3C|1|RB,6ORD|1|RB,6NTA|1|YB,6OTR|1|RB,6ORD|1|YB,6OPE|1|YB,6NTA|1|RB,5J3C|1|YB,6OPE|1|RB,5J30|1|RB,6BZ6|1|RB,6BZ6|1|YB,6OJ2|1|YB,6OJ2|1|RB,6NUO|1|RB,6OXA|1|YB,6NUO|1|YB,6GZQ|1|B1,6OF6|1|RB,6OF6|1|YB,6OXA|1|RB,5J30|1|YB,6NSH|1|RB,6NSH|1|YB,5UQ8|1|B,6OXI|1|YB,6NWY|1|RB,6NWY|1|YB,8FOM|1|RB,8FOM|1|YB,6OXI|1|RB,8FON|1|YB,5ZLU|1|X,8FON|1|RB,6BUW|1|RB,6BUW|1|YB,6NDK|1|YB,6BZ7|1|RB,6NDK|1|RB,5UQ7|1|B,6BZ7|1|YB,6BZ8|1|YB,6BZ8|1|RB,6Q95|1|3,5OT7|1|5,6O3M|1|RB,6O3M|1|YB,6OSI|1|RB,6OSI|1|YB,6GZZ|1|B1,6GZZ|1|B2,6GZX|1|B1,6GZX|1|B2,5IMQ|1|E,4V42|1|BB,4V68|1|BB,5IMR|1|E,4V5N|1|BB,4V5M|1|BB,5A9Z|1|AB,5AA0|1|AB"
"NR_all_40066.1","1X18|1|A","1X18|1|A"
"NR_all_89292.6","4WZD|1|2K","4WZD|1|2K,4WZD|1|2L,4WZD|1|3L,4WQ1|1|3K,4WU1|1|3L,4WQ1|1|1K,4WU1|1|3K,4V8D|1|CD,4WQ1|1|3L,4WR6|1|3K,4WZD|1|3K,4WRA|1|3K,4WU1|1|2L,4WR6|1|3L,4WR6|1|1K,4V8D|1|AD,4WU1|1|2K,4WRA|1|1K,4WRA|1|3L,4V8D|1|AB,4WQ1|1|1L,4V8E|1|BD,4WR6|1|1L,4V8E|1|DD,4V8F|1|CD,4V8F|1|BD,4WRA|1|1L,4V8D|1|CB,4V8E|1|BB,4V8E|1|DB,4V8F|1|BB,6N1D|1|BATN,4V8F|1|CB"
"NR_all_52383.1","1X18|1|C","1X18|1|C"
"NR_all_25291.1","8OVA|1|AA","8OVA|1|AA,8OVE|1|AA,4V8M|1|AA"
"NR_all_54845.1","1X8W|1|C","1X8W|1|C"
"NR_all_55021.1","4V8M|1|AB","4V8M|1|AB"
"NR_all_53844.1","8OVA|1|BA+8OVA|1|BC","8OVA|1|BA+8OVA|1|BC,8OVE|1|BA+8OVE|1|BC,4V8M|1|BA+4V8M|1|BC"
"NR_all_16696.1","8OVA|1|BD","8OVA|1|BD,8OVE|1|BD,4V8M|1|BD"
"NR_all_34334.1","4V8M|1|BE","4V8M|1|BE"
"NR_all_78383.1","4V8M|1|BG","4V8M|1|BG"
"NR_all_13728.1","4V8P|1|D1+4V8P|1|C2","4V8P|1|D1+4V8P|1|C2,4V8P|1|A1+4V8P|1|B2,4V8P|1|F1+4V8P|1|E2,4V8P|1|H1+4V8P|1|G2"
"NR_all_07784.1","1XHP|1|A","1XHP|1|A"
"NR_all_42832.1","4V8P|1|C3","4V8P|1|C3,4V8P|1|E3,4V8P|1|B3,4V8P|1|G3"
"NR_all_78370.1","4V8T|1|1","4V8T|1|1"
"NR_all_61644.1","4X62|1|b+4X62|1|a","4X62|1|b+4X62|1|a,4X64|1|b+4X64|1|a,4X65|1|b+4X65|1|a,1XMQ|1|X+1XMQ|1|W,4X66|1|b+4X66|1|a,3T1H|1|X+3T1H|1|W,3T1Y|1|X+3T1Y|1|W,1XMO|1|X+1XMO|1|W"
"NR_all_64525.1","4V8Z|1|CW","4V8Z|1|CW"
"NR_all_82938.1","1XNQ|1|X+1XNQ|1|W","1XNQ|1|X+1XNQ|1|W"
"NR_all_92004.1","4V90|1|AV","4V90|1|AV,5J8B|1|y"
"NR_all_89364.1","1XOK|1|A+1XOK|1|B","1XOK|1|A+1XOK|1|B"
"NR_all_71748.2","6UZ7|1|7","6UZ7|1|7,5IT7|1|7,4V91|1|3"
"NR_all_60005.2","9G8M|1|X","9G8M|1|X,9G8O|1|X,4V92|1|AZ"
"NR_all_33416.1","2DD1|1|A+2DD1|1|B","2DD1|1|A+2DD1|1|B,1XV0|1|A+1XV0|1|B"
"NR_all_42712.1","1XWU|1|A","1XWU|1|A"
"NR_all_88088.1","2RKJ|1|C","2RKJ|1|C,2RKJ|1|O,2RKJ|1|K,2RKJ|1|G,1Y0Q|1|A"
"NR_all_19218.1","2NVT|1|R","2NVT|1|R,1Y1W|1|P,1Y77|1|P"
"NR_all_04268.1","4V99|1|C2","4V99|1|C2,4V99|1|Ec,4V99|1|FD,4V99|1|Ac,4V99|1|AX,4V99|1|GX,4V99|1|FI,4V99|1|Bh,4V99|1|AN,4V99|1|F7,4V99|1|CS,4V99|1|Ch,4V99|1|AS,4V99|1|Am,4V99|1|DS,4V99|1|Dc,4V99|1|Jw,4V99|1|Eh,4V99|1|Bw,4V99|1|Fw,4V99|1|HS,4V99|1|HX,4V99|1|B7,4V99|1|E7,4V99|1|Aw,4V99|1|FS,4V99|1|Bc,4V99|1|Bm,4V99|1|ED,4V99|1|EN,4V99|1|Ic,4V99|1|BN,4V99|1|Em,4V99|1|AI,4V99|1|Er,4V99|1|JD,4V99|1|G7,4V99|1|G2,4V99|1|Iw,4V99|1|EX,4V99|1|HI,4V99|1|Jh,4V99|1|Jr,4V99|1|B2,4V99|1|D2,4V99|1|DD,4V99|1|BX,4V99|1|Ah,4V99|1|EI,4V99|1|Gr,4V99|1|Ir,4V99|1|ES,4V99|1|Br,4V99|1|Cw,4V99|1|I2,4V99|1|C7,4V99|1|D7,4V99|1|Hr,4V99|1|GS,4V99|1|I7,4V99|1|BI,4V99|1|Fh,4V99|1|Hc,4V99|1|Dw,4V99|1|Gc,4V99|1|BS,4V99|1|Jc,4V99|1|Dm,4V99|1|Ew,4V99|1|Ar,4V99|1|Cr,4V99|1|CN,4V99|1|IX,4V99|1|IN,4V99|1|J7,4V99|1|E2,4V99|1|DI,4V99|1|Jm,4V99|1|DN,4V99|1|Cc,4V99|1|BD,4V99|1|FX,4V99|1|DX,4V99|1|AD,4V99|1|Ih,4V99|1|A2,4V99|1|JX,4V99|1|HD,4V99|1|JN,4V99|1|CI,4V99|1|Fr,4V99|1|CX,4V99|1|CD,4V99|1|Cm,4V99|1|HN,4V99|1|H7,4V99|1|II,4V99|1|H2,4V99|1|Im,4V99|1|Fm,4V99|1|F2,4V99|1|Fc,4V99|1|GI,4V99|1|A7,4V99|1|Gh,4V99|1|ID,4V99|1|Hm,4V99|1|Hh,4V99|1|GN,4V99|1|JI,4V99|1|Dr,4V99|1|FN,4V99|1|Hw,4V99|1|Gw,4V99|1|J2,4V99|1|GD,4V99|1|Dh,4V99|1|JS,4V99|1|IS,4V99|1|Gm"
"NR_all_69516.1","1Y26|1|X","1Y26|1|X"
"NR_all_45664.1","1YG3|1|A","1YG3|1|A"
"NR_all_80595.1","1YLS|1|B+1YLS|1|A","1YLS|1|B+1YLS|1|A,1YLS|1|D+1YLS|1|C,1YKV|1|D+1YKV|1|C,1YKV|1|B+1YKV|1|A,1YKQ|1|D+1YKQ|1|C,1YKQ|1|B+1YKQ|1|A"
"NR_all_48307.1","1YMO|11|A","1YMO|11|A,2K95|6|A,2K96|1|A"
"NR_all_38606.3","1YN2|1|A","1YN2|1|A,1YN1|1|A"
"NR_all_99580.1","1YNG|6|A","1YNG|6|A"
"NR_all_19951.88","4YCO|1|D","4YCO|1|D,4YCO|1|E,4YCO|1|F,9D7R|1|1x,9D7T|1|1x,9D7S|1|1x,3FOZ|1|C,9DFC|1|1w,4WOI|1|DW,9DFD|1|1w,5NDK|1|X1,9D7R|1|2x,9D7T|1|2x,4V9H|1|AV,3L0U|1|A,9D7S|1|2x,2ZM5|1|C,9DFC|1|2w,5NDK|1|X4,4V5R|1|CV,4V9D|1|BV,6QNR|1|2K,4V5R|1|AV,8VTU|1|1w,4V5P|1|AV,4V5P|1|CV,9DFD|1|2w,2ZXU|1|C,7AZO|1|PSIB,4V6F|1|CC,5NDJ|1|X1,8UD8|1|1y,8UD7|1|1w,7AZO|1|PSIA,6QNR|1|2L,5NDJ|1|X4,4WQU|1|BW,4V5S|1|CV,8G2C|1|1w,4W2E|1|w,8UD7|1|1y,4V5Q|1|AV,8UD8|1|1w,4WQF|1|BW,4V5S|1|AV,8UVR|1|1w,4V5E|1|CV,8G2B|1|1w,8G2C|1|2w,5J4B|1|1y,6C5L|1|AV,6CFJ|1|1w,9D0J|1|1w,9D0J|1|1y,4V5E|1|AV,7RQ8|1|1y,8VTV|1|1w,5W4K|1|1y,8UD6|1|1y,8UD8|1|2y,8G2B|1|1y,4V5J|1|CV,4V5Q|1|CV,6XHY|1|1w,5WIT|1|1w,6C5L|1|CV,8VTU|1|2w,8UD8|1|2w,8G2A|1|1w,6CFJ|1|1y,8G2B|1|2w,6CFJ|1|2w,8G29|1|1w,8EV7|1|1y,5J4C|1|1w,5WIS|1|1y,5J4C|1|1y,8UD6|1|1w,4V6F|1|BC,6Y3G|1|F,4WQU|1|DW,8EV7|1|1w,9D7S|1|1y,8VTX|1|1w,9D7R|1|1y,4V5D|1|CV,8UD7|1|2w,8VTX|1|2w,6XHW|1|1w,8UD7|1|2y,8UVR|1|1y,4V5D|1|AV,8CVK|1|1w,8G29|1|2w,6CFJ|1|2y,5WIS|1|1w,7AZS|1|PSIA,4WT1|1|1K,5J4B|1|1w,5VP2|1|1y,6XHV|1|1w,5NDK|1|W1,6XHY|1|2w,7AZS|1|PSIB,5J4C|1|2w,5J4B|1|2w,8G2B|1|2y,4WQF|1|DW,4V51|1|AW,4WT1|1|3K,4V5J|1|AV,8G2A|1|2w,4V9C|1|AV,5J4B|1|2y,7RQ9|1|1y,8UD6|1|2y,7AZO|1|ESIB,5J4C|1|2y,8VTV|1|2w,5W4K|1|1w,5VP2|1|1w,8UVR|1|2w,7RQ8|1|2y,8CVJ|1|1w,6ND5|1|1y,5NDK|1|W4,4WOI|1|AX,8G2D|1|1w,4W2G|1|AW,8UVS|1|1y,4WQR|1|3K,9D0J|1|2y,6XHW|1|2w,7AZO|1|ESIA,9D7T|1|1y,8G2D|1|1y,5WIS|1|2y,5WIT|1|2w,8EV6|1|1y,8UVR|1|2y,6XHV|1|2w,8CVK|1|2w,5DOY|1|1y,5W4K|1|2y,2ZM5|1|D,8CVL|1|1w,7RQ9|1|2y,8EV7|1|2w,4Y4P|1|1y,4V9D|1|AV,7RQ9|1|1w,9D0J|1|2w,4Z3S|1|1y,8UD6|1|2w,4WSD|1|1K,7RQ8|1|1w,5DOY|1|1w,8CVJ|1|2w,4WT1|1|3L,8EV7|1|2y,4V5S|1|AW,5VP2|1|2y,5DOY|1|2y,6ND5|1|1w,4V51|1|CW,4W2I|1|AW,9D7R|1|2y,8CVL|1|2w,8G2D|1|2y,4WSD|1|3L,4W2I|1|CW,4V6F|1|BD,4Z3S|1|2y,4Z3S|1|1w,8UVS|1|1w,5W4K|1|2w,4WQR|1|3L,1VY4|1|AW,4V5S|1|CW,6ND5|1|2y,4WPO|1|BY,4Y4P|1|2y,8EV6|1|2y,7AZO|1|ASIB,7RQ9|1|2w,4WRO|1|1K,8EV6|1|1w,4W2G|1|CW,6UO1|1|2y,4V5D|1|CW,6UO1|1|2w,4V5L|1|AV,4W2I|1|AY,4WSD|1|3K,4V5D|1|AW,4W2F|1|AW,4Y4P|1|1w,4Z3S|1|2w,5NDJ|1|W1,5VP2|1|2w,6UO1|1|1y,4WT1|1|1L,4W2I|1|CY,1VY4|1|AY,8G2D|1|2w,9D7S|1|2y,4V5D|1|AY,4V5E|1|CW,6QNR|1|1K,4WZO|1|3K,5NDJ|1|W4,9DFC|1|1y,7AZO|1|ASIA,4WPO|1|DY,4W2G|1|AY,4V5J|1|CW,6XHY|1|1y,4V5G|1|AV,6UO1|1|1w,5WIS|1|2w,4V5G|1|CV,4V5D|1|CY,6QNR|1|3L,8UVS|1|2y,4V5J|1|AW,2ZXU|1|D,4V5Q|1|AW,9DFC|1|2y,4V5Q|1|CW,6QNR|1|1L,9D7T|1|2y,7RQ8|1|2w,4WQR|1|1K,5NDK|1|V4,4W2G|1|CY,8EV6|1|2w,9DFD|1|1y,4V6F|1|CD,8G2C|1|1y,5WIT|1|1y,5NDJ|1|V4,6QNR|1|5K,4WZO|1|3L,6ND5|1|2w,6QNR|1|3K,1VY7|1|AY,4V5G|1|AW,4W2F|1|AY,4Y4P|1|2w,5DOY|1|2w,6C5L|1|CW,6C5L|1|AW,1VY5|1|AW,1VY4|1|CY,4V6F|1|CB,5WIT|1|2y,8G2A|1|1y,4WSD|1|1L,4WRO|1|3L,5NDK|1|V1,4V5C|1|AW,9B00|1|1w,4W2F|1|CW,4V5G|1|CW,6XHV|1|1y,9DFD|1|2y,4WRO|1|1L,4V5P|1|AW,8G29|1|1y,8VTX|1|1y,6XHY|1|2y,8G2C|1|2y,4W2F|1|CY,4V5R|1|CW,6XHW|1|1y,4V5C|1|CY,4WPO|1|BW,8G2A|1|2y,8VTX|1|2y,7AZS|1|ASIB,4WRO|1|3K,7AZS|1|ESIA,4V5R|1|AW,4V5C|1|AY,7AZS|1|ESIB,4V6F|1|BB,8VTV|1|1y,1VY7|1|CY,4V5P|1|CW,8CVJ|1|1y,5NDJ|1|V1,9B00|1|1y,1VY5|1|AY,6XHW|1|2y,4P6F|1|QW,8UVS|1|2w,8G29|1|2y,1VY4|1|CW,8VTU|1|1y,7AZS|1|ASIA,4V5E|1|AW,7LH5|1|CW,8VTV|1|2y,8CVJ|1|2y,6UCQ|1|1y,6XHV|1|2y,9B00|1|2w,7LH5|1|AW,8VTU|1|2y,4V97|1|AW,9B00|1|2y,6Y4B|1|F,4V4I|1|z,7AZO|1|TRNA,8CVK|1|1y,7AZS|1|TRNA,4P6F|1|XW,8CVK|1|2y,1VY5|1|CW,8CVL|1|1y,4V5C|1|CW,1VY5|1|CY,6UCQ|1|1x,4WQR|1|1L,8CVL|1|2y,4V9I|1|AW,4WPO|1|DW,4V9I|1|CW,4V97|1|CW,4V5L|1|AW,4W2H|1|AY,4V9C|1|CV,4V8J|1|AW,4WQU|1|BY,4W2H|1|CY,6UCQ|1|2y,4V8J|1|CW,4W2E|1|x,4V4Y|1|AD,4WQU|1|DY,4V4Y|1|AC,4WQF|1|BY,6UCQ|1|2x,4WQF|1|DY,4V4Y|1|AB,8G6W|1|Y,8AKN|1|X,7S1K|1|A,7S1I|1|A,7S1G|1|A,7N1P|1|Dt,8G6X|1|Y,8IFB|1|5,8G6Y|1|Y,7N2U|1|Dt,6YSS|1|w,7UG7|1|Pt,8G5Z|1|At,6AZ1|1|2,6AZ1|1|4,7N30|1|Dt,7N31|1|Dt,7N2C|1|Dt,8EKC|1|w,6WDE|1|7,8FZH|1|x,8IFC|1|5,8G61|1|At,8SYL|1|w,5AFI|1|y,8FZH|1|y,8SYL|1|y,8FZE|1|x,6WDD|1|7,5UYM|1|Y,5UQ8|1|z,6WNW|1|7,8UU5|1|x,5WDT|1|y,8FZE|1|y,8FZJ|1|x,5WFS|1|y,8FZG|1|x,6YSR|1|w,8FZD|1|x,7PJY|1|w,7PJV|1|w,6WDG|1|7,7Q4K|1|D3,6WDF|1|7,8UU8|1|x,8FZG|1|y,8UU9|1|x,8FZI|1|x,8FZD|1|y,5WE4|1|y,6VWL|1|5,7AC7|1|7,6YST|1|w,6ZU1|1|AX,6ZTP|1|AX,6ZTO|1|AX,7ABZ|1|7,8QFS|1|B,7QGN|1|A,9GR1|1|Z,8UU7|1|y,8FZF|1|x,6BU8|1|Y,5UQ7|1|z,8UU6|1|x,8PEG|1|W,6WD5|1|7,6WD3|1|7,5UYL|1|Y,6WD2|1|7,6WDK|1|7,6WDM|1|7,5IQR|1|4,5WE6|1|y,5WFK|1|y,6VWM|1|5,6VWN|1|5,6WD8|1|7,6WD9|1|7,6WD6|1|7,6WDL|1|7,6WDJ|1|7,6WD4|1|7,6WDA|1|7,6ZTM|1|AX,8QHC|1|B,5WF0|1|y,6O9J|1|v,5UYK|1|Y,6YSU|1|w,5OT7|1|2,6WD7|1|7,5KPX|1|30,5KPW|1|30,6ZTJ|1|AX,6Q95|1|8,7QG8|1|A,6ZTL|1|AX,6WDI|1|7,6WDB|1|7,5IQR|1|6,5KPV|1|30,7PJW|1|w,6ZTN|1|AX,6WDC|1|7,6WDH|1|7,8R3V|1|W1,7QGH|1|u,6ZTN|1|AZ,8RCL|1|W1,8RCM|1|W1,7QGR|1|u,8RCS|1|W1,7PJZ|1|w,7PJT|1|w,8RCT|1|W1,3JBV|1|V,7PJX|1|w,4V69|1|AW,4V7D|1|BV,4V7D|1|BW,4V7C|1|AW,4V7C|1|AV,4V6K|1|BB,4V6K|1|BE,7PJU|1|w,3J46|1|a,4V6L|1|AE,4V6L|1|AB"
"NR_all_40559.1","4PEH|1|W","4PEH|1|W,4PEH|1|V,4PEH|1|X,4PEH|1|Y"
"NR_all_81611.1","4PEI|1|X","4PEI|1|X,4PEI|1|V,4PEI|1|W,4PEI|1|Z,4PEI|1|Y"
"NR_all_72137.1","4PJO|1|1+4PJO|1|X","4PJO|1|1+4PJO|1|X,4PJO|1|2+4PJO|1|x,4PJO|1|3+4PJO|1|Y,4PJO|1|4+4PJO|1|y"
"NR_all_24202.1","4PKD|1|V","4PKD|1|V"
"NR_all_36990.1","4PMI|1|A","4PMI|1|A"
"NR_all_13685.1","4PMW|1|D","4PMW|1|D,4PMW|1|C"
"NR_all_67439.2","4PQU|1|T","4PQU|1|T,4PQU|1|E,4PUO|1|T,4PUO|1|E"
"NR_all_09431.1","4PR6|1|B","4PR6|1|B"
"NR_all_73328.1","4PWD|1|T","4PWD|1|T,4PWD|1|E"
"NR_all_67179.1","4Q0B|1|E","4Q0B|1|E,4Q0B|1|T"
"NR_all_91665.5","4QCL|1|B","4QCL|1|B,7N2M|1|B,4Q5V|1|B,4Q5V|1|F"
"NR_all_51281.1","4UJD|1|BC","4UJD|1|BC,4UJC|1|AC"
"NR_all_19188.1","4QEI|1|C","4QEI|1|C"
"NR_all_61892.1","4QIL|1|C","4QIL|1|C,4QIL|1|D"
"NR_all_19925.1","4V1M|1|P","4V1M|1|P"
"NR_all_16437.1","4QJH|1|F+4QJH|1|E","4QJH|1|F+4QJH|1|E,4QJH|1|B+4QJH|1|A,4QJH|1|D+4QJH|1|C"
"NR_all_66212.3","8IP8|1|RB+8IP8|1|SB","8IP8|1|RB+8IP8|1|SB,8JIV|1|Aa+8JIV|1|Ac,8IPB|1|RB+8IPB|1|SB,8IPA|1|RB+8IPA|1|SB,4V7E|1|Aa+4V7E|1|Ac,4V3P|1|L1+4V3P|1|L2"
"NR_all_94866.2","6N5P|1|A","6N5P|1|A,6N5Q|1|A,6WTR|1|A,4QK8|1|A,6N5T|1|A,4QKA|1|A,6N5K|1|A,6N5N|1|A,6N5S|1|A,6N5O|1|A,6WTL|1|A"
"NR_all_91474.1","4QK9|1|A","4QK9|1|A"
"NR_all_29761.3","8IP8|1|aa","8IP8|1|aa,8IP9|1|aa,8JIW|1|Ad,8IPB|1|aa,8IPA|1|aa,8R6F|1|A,4V7E|1|Ad,8R57|1|A,4V3P|1|S1"
"NR_all_75344.1","4QM6|1|D","4QM6|1|D,4QM6|1|C"
"NR_all_98920.1","4QU6|1|B","4QU6|1|B"
"NR_all_50512.1","4V49|1|B0","4V49|1|B0,4V4A|1|B0,4V4G|1|DB,4V4G|1|JB,4V4G|1|FB,4V4G|1|HB,4V4G|1|BB"
"NR_all_47084.1","4QVC|1|G","4QVC|1|G"
"NR_all_29106.1","4QYZ|1|L","4QYZ|1|L"
"NR_all_18903.1","6CHR|1|A","6CHR|1|A,6CIH|1|A,4R0D|1|A"
"NR_all_37244.1","4R3I|0|B","4R3I|0|B"
"NR_all_33922.2","4R4V|1|A","4R4V|1|A,5V3I|1|A,4R4P|1|A"
"NR_all_59081.1","4RBQ|1|A","4RBQ|1|A"
"NR_all_12687.1","4RBZ|1|A","4RBZ|1|A"
"NR_all_88364.1","4V4B|1|AA","4V4B|1|AA"
"NR_all_80112.1","4RCJ|1|B","4RCJ|1|B"
"NR_all_67779.1","4V4B|1|B4","4V4B|1|B4"
"NR_all_19502.2","4RGE|1|C","4RGE|1|C,4RGE|1|B,4RGE|1|A,5DUN|1|A,4RGF|1|A,4RGF|1|B,4RGF|1|C"
"NR_all_30317.1","4RWN|1|B+4RWN|1|C","4RWN|1|B+4RWN|1|C,4S3N|1|B+4S3N|1|C,4RWP|1|B+4RWP|1|C,4RWO|1|B+4RWO|1|C"
"NR_all_29423.1","4V4F|1|B6","4V4F|1|B6,4V4F|1|A5,4V4F|1|A3,4V4F|1|B0,4V4F|1|B9,4V4F|1|A2,4V4F|1|A8,4V4F|1|A1,4V4F|1|A9,4V4F|1|BZ,4V4F|1|B8,4V4F|1|B7,4V4F|1|B5,4V4F|1|A0,4V4F|1|A7,4V4F|1|A4,4V4F|1|AZ,4V4F|1|B3,4V4F|1|B1,4V4F|1|B4,4V4F|1|A6,4V4F|1|B2"
"NR_all_63567.3","6XKO|1|A","6XKO|1|A,6XKN|1|A,4RZD|1|A,8TOZ|1|A,8VPV|1|A"
"NR_all_68863.1","4V4N|1|A3","4V4N|1|A3"
"NR_all_77936.1","4V4N|1|B2","4V4N|1|B2"
"NR_all_88815.1","5FJ0|1|C","5FJ0|1|C,5FJ0|1|A+5FJ0|1|B"
"NR_all_70895.1","5FJ4|1|H","5FJ4|1|H,5FJ4|1|D"
"NR_all_70457.1","2B6G|1|B","2B6G|1|B"
"NR_all_03629.1","5FLM|1|P","5FLM|1|P,6EXV|1|P,7AOE|1|R"
"NR_all_54448.1","2BBV|1|N","2BBV|1|N"
"NR_all_03525.1","2BH2|1|D","2BH2|1|D,2BH2|1|C"
"NR_all_83415.1","4WTC|1|T+4WTC|1|P","4WTC|1|T+4WTC|1|P"
"NR_all_28269.1","5G2X|1|A","5G2X|1|A,5G2Y|1|A"
"NR_all_02402.1","4WTE|1|T+4WTE|1|P","4WTE|1|T+4WTE|1|P"
"NR_all_16594.1","5G4T|1|A+5G4T|1|B","5G4T|1|A+5G4T|1|B"
"NR_all_98152.1","4WTJ|1|T+4WTJ|1|P","4WTJ|1|T+4WTJ|1|P"
"NR_all_82735.1","4WTL|1|T+4WTL|1|P","4WTL|1|T+4WTL|1|P"
"NR_all_13899.1","4WZJ|1|XXX","4WZJ|1|XXX,4WZJ|1|VV,4WZJ|1|YY,4WZJ|1|VVV,4WZJ|1|YYYY,4WZJ|1|XX,4WZJ|1|V,4WZJ|1|XXXX,4WZJ|1|YYY,4WZJ|1|VVVV,4WZJ|1|X,4WZJ|1|Y"
"NR_all_66387.1","3OK4|1|N","3OK4|1|N,3OK4|1|D,3OK4|1|L,3OK4|1|Z,3OK4|1|4,3OK4|1|V,3OK4|1|X,3OK4|1|P,3OK4|1|F,3OK4|1|H,3OK4|1|J,3OK4|1|R,3OK4|1|T,3OK4|1|2,3OK4|1|B,3OK2|1|B,3OK2|1|D,3OK2|1|F,2BJ6|1|E,2BJ6|1|F,2BJ6|1|G,2BJ6|1|H"
"NR_all_32990.2","6HD7|1|B","6HD7|1|B,5MC6|1|n,5GAK|1|B"
"NR_all_39179.1","4WZM|1|B+4WZM|1|C","4WZM|1|B+4WZM|1|C"
"NR_all_32006.1","5GAN|1|U","5GAN|1|U,5GAM|1|U,5LQW|1|5"
"NR_all_37566.1","4X2B|1|B+4X2B|1|C","4X2B|1|B+4X2B|1|C"
"NR_all_89190.1","5GAM|1|W","5GAM|1|W"
"NR_all_51503.1","4X4N|1|D","4X4N|1|D,4X4T|1|G,4X4N|1|B,4X4P|1|B,4X4O|1|D,4X4P|1|H,4X4T|1|B,4X4P|1|D,4X4P|1|F,4X4O|1|B,4X4N|1|G,4X4Q|1|B,4X4R|1|B,4X4T|1|D,4X4R|1|D,4X4Q|1|D,4X4S|1|B,4X4S|1|D"
"NR_all_60317.1","2C06|1|C","2C06|1|C"
"NR_all_83671.1","5GIP|1|G+5GIP|1|H+5GIP|1|I+5GIP|1|J","5GIP|1|G+5GIP|1|H+5GIP|1|I+5GIP|1|J,5GIP|1|Q+5GIP|1|R+5GIP|1|S+5GIP|1|T,5GIN|1|G+5GIN|1|H+5GIN|1|I+5GIN|1|J,5GIO|1|G+5GIO|1|H+5GIO|1|I+5GIO|1|J,5GIN|1|N+5GIN|1|O,5GIO|1|N+5GIO|1|O"
"NR_all_29005.1","2C4R|1|R","2C4R|1|R"
"NR_all_48507.1","5GJB|1|B","5GJB|1|B"
"NR_all_27756.1","3D2V|1|A","3D2V|1|A,3D2X|1|A,3D2V|1|B,3D2G|1|A,3D2X|1|B,2CKY|1|A,3D2G|1|B,2CKY|1|B"
"NR_all_58761.1","2CSX|1|C","2CSX|1|C,2CT8|1|D,2CT8|1|C,2CSX|1|D"
"NR_all_13985.1","4X67|1|R","4X67|1|R"
"NR_all_13730.1","4X9E|1|G","4X9E|1|G,4X9E|1|H"
"NR_all_35312.1","2D17|2|A+2D17|2|B","2D17|2|A+2D17|2|B"
"NR_all_36229.1","4XBF|1|D","4XBF|1|D"
"NR_all_08356.2","5GM6|1|E+5GM6|1|L","5GM6|1|E+5GM6|1|L,5MPS|1|6,5YLZ|1|D,5Y88|1|D,5GMK|1|E+5GMK|1|L,5WSG|1|E"
"NR_all_21206.1","2D19|1|B+2D19|1|A","2D19|1|B+2D19|1|A"
"NR_all_69484.1","4XEJ|1|BIRE","4XEJ|1|BIRE,4XEJ|1|AIRE"
"NR_all_57492.2","2D1B|1|A","2D1B|1|A,2D1B|1|B"
"NR_all_08859.1","4XK0|1|A","4XK0|1|A"
"NR_all_63515.1","5GM6|1|M","5GM6|1|M"
"NR_all_59612.1","2DB3|1|E","2DB3|1|E,2DB3|1|F,2DB3|1|G,2DB3|1|H"
"NR_all_83946.1","5GUH|1|B","5GUH|1|B"
"NR_all_24908.1","5GXI|1|B","5GXI|1|B"
"NR_all_50359.1","2DD2|1|A+2DD2|1|B","2DD2|1|A+2DD2|1|B"
"NR_all_69774.1","5H1K|1|C+5H1K|1|D","5H1K|1|C+5H1K|1|D"
"NR_all_03183.1","4XW1|1|C","4XW1|1|C"
"NR_all_20024.1","5H3U|1|C","5H3U|1|C"
"NR_all_48352.1","4XWF|1|A","4XWF|1|A,4XW7|1|A"
"NR_all_64642.1","4XWW|1|E","4XWW|1|E"
"NR_all_91027.1","5HK0|1|E","5HK0|1|E,5HK0|1|F"
"NR_all_84831.1","5HKC|1|C","5HKC|1|C"
"NR_all_18848.1","6CB3|1|B","6CB3|1|B,6CB3|1|A,4Y1J|1|A,4Y1J|1|B,6CC3|1|A,4Y1I|1|A,4Y1I|1|B,6CC3|1|B,6CC1|1|B,6CC1|1|A"
"NR_all_83181.1","2DLC|1|Y","2DLC|1|Y"
"NR_all_19539.1","5HNJ|1|A+5HNJ|1|B","5HNJ|1|A+5HNJ|1|B,5HNJ|1|C+5HNJ|1|D,5HN2|1|B+5HN2|1|A,5HNJ|1|E+5HNJ|1|F,5HN2|1|C+5HN2|1|D,5HN2|1|E+5HN2|1|F,5HNQ|1|A+5HNQ|1|B,5HNQ|1|C+5HNQ|1|D,5HNQ|1|K+5HNQ|1|L,5HNQ|1|E+5HNQ|1|F,5HNQ|1|I+5HNQ|1|J,5HNQ|1|M,5HNQ|1|G+5HNQ|1|H"
"NR_all_83641.1","4Y1M|1|B","4Y1M|1|B,4Y1M|1|A"
"NR_all_31480.1","4YAZ|1|R","4YAZ|1|R,4YAZ|1|A,4YB0|1|R,4YB0|1|A"
"NR_all_14212.1","5HO4|1|B","5HO4|1|B"
"NR_all_24573.1","4YHW|1|F+4YHW|1|D","4YHW|1|F+4YHW|1|D"
"NR_all_42502.1","5HR7|1|D","5HR7|1|D,5HR7|1|C"
"NR_all_10372.1","5I2D|1|K","5I2D|1|K,5I2D|1|V"
"NR_all_95963.4","5IPL|1|3","5IPL|1|3,6UTW|1|333,5IPM|1|3,5IPN|1|3,4YLO|1|3,4YLN|1|6,4YLO|1|6,4YLN|1|3,4YLN|1|9"
"NR_all_30037.1","5I8Q|1|C","5I8Q|1|C"
"NR_all_12718.1","4YLO|1|9","4YLO|1|9"
"NR_all_38769.1","5I9D|1|B","5I9D|1|B"
"NR_all_81926.1","4YLP|1|6","4YLP|1|6,4YLP|1|3,4YLP|1|9"
"NR_all_00518.1","5I9G|1|A","5I9G|1|A"
"NR_all_45187.1","4YOE|1|E","4YOE|1|E"
"NR_all_08854.1","5IB8|1|1L","5IB8|1|1L"
"NR_all_63335.1","5ID6|1|G","5ID6|1|G"
"NR_all_98573.1","4Z0C|1|C","4Z0C|1|C,4Z0C|1|B"
"NR_all_80882.1","4Z31|1|E","4Z31|1|E,4Z31|1|F"
"NR_all_12494.1","6CFJ|1|1x","6CFJ|1|1x,6CFJ|1|2x,5IMQ|1|4,5IMR|1|4"
"NR_all_08924.1","4Z7K|1|C","4Z7K|1|C"
"NR_all_04887.1","5IMQ|1|5","5IMQ|1|5,5IMR|1|5"
"NR_all_08048.1","5IP2|1|E","5IP2|1|E"
"NR_all_33912.6","7RIQ|1|R","7RIQ|1|R,7RIM|1|R,3S17|1|R,6UPY|1|R,6UQ2|1|R,6UPX|1|R,8UKS|1|R,2E2J|1|R,8UKQ|1|R,8UKR|1|R,8SY7|1|R,8SY5|1|R,9JA1|1|R,6O6C|1|K,8TXO|1|R,8SY6|1|R"
"NR_all_35406.1","4Z92|1|D","4Z92|1|D"
"NR_all_19532.1","5IT7|1|8","5IT7|1|8"
"NR_all_20306.1","4ZLR|1|C","4ZLR|1|C"
"NR_all_33015.1","5J0M|1|B","5J0M|1|B"
"NR_all_54333.1","4ZT0|1|D","4ZT0|1|D,4ZT0|1|B,4ZT9|1|D,4ZT9|1|B"
"NR_all_50423.1","5J2W|1|B","5J2W|1|B"
"NR_all_53841.1","2E9T|1|B+2E9T|1|C","2E9T|1|B+2E9T|1|C,2E9T|1|E+2E9T|1|F"
"NR_all_19209.1","5JAJ|1|X+5JAJ|1|Y","5JAJ|1|X+5JAJ|1|Y,5JB2|1|X+5JB2|1|Y"
"NR_all_62003.1","2E9Z|1|B+2E9Z|1|C","2E9Z|1|B+2E9Z|1|C"
"NR_all_22969.1","2ES5|1|A","2ES5|1|A"
"NR_all_23840.1","5A18|1|A","5A18|1|A,5A17|1|A"
"NR_all_94355.1","2EUY|2|A","2EUY|2|A"
"NR_all_54508.1","5FLX|1|z","5FLX|1|z,5A2Q|1|3,5OA3|1|3,7SYI|1|z"
"NR_all_53856.1","5JBG|1|X","5JBG|1|X"
"NR_all_70335.1","5A8L|1|P","5A8L|1|P"
"NR_all_09775.1","5AH5|1|D","5AH5|1|D,5AH5|1|C"
"NR_all_17051.1","5AJ0|1|Bw","5AJ0|1|Bw"
"NR_all_52425.2","7R97|1|C","7R97|1|C,7R97|1|D,2EZ6|1|D,2EZ6|1|C,4M30|1|D,4M30|1|C,2NUF|1|D,2NUF|1|C,4M2Z|1|C,4M2Z|1|D"
"NR_all_16377.1","5JCF|1|Y+5JCF|1|X","5JCF|1|Y+5JCF|1|X"
"NR_all_19551.7","6GAZ|1|AA","6GAZ|1|AA,6GAW|1|AA,7NQL|1|AA,7NQH|1|AA,8OIP|1|AA,8OIN|1|AA,5AJ3|1|A,7NSJ|1|AA,5AJ4|1|AA,7NSI|1|AA"
"NR_all_78605.1","5JJI|1|G","5JJI|1|G,6DUQ|1|Z,6DUQ|1|Y"
"NR_all_78107.1","2F4V|1|Z","2F4V|1|Z"
"NR_all_65601.1","2F87|1|A","2F87|1|A"
"NR_all_31449.1","5JJL|1|G","5JJL|1|G"
"NR_all_16704.1","5JPQ|1|3","5JPQ|1|3"
"NR_all_32676.1","2F8K|1|B","2F8K|1|B"
"NR_all_26975.1","5JS1|1|B","5JS1|1|B"
"NR_all_89224.1","2F8T|1|C+2F8T|1|D","2F8T|1|C+2F8T|1|D"
"NR_all_63427.1","2FEY|4|A","2FEY|4|A"
"NR_all_66843.1","5AMQ|1|C","5AMQ|1|C"
"NR_all_79184.1","4GCW|1|B","4GCW|1|B,2FK6|1|R"
"NR_all_83999.1","5JU8|1|AY","5JU8|1|AY,5JTE|1|AY,7D6Z|1|2,7D80|1|X"
"NR_all_69301.1","2FMT|1|D","2FMT|1|D,2FMT|1|C"
"NR_all_15716.2","6QKL|1|N","6QKL|1|N,5AN9|1|N,5ANB|1|N,5ANC|1|N"
"NR_all_54657.1","2O3Y|1|A+2O3Y|1|B","2O3Y|1|A+2O3Y|1|B,2G5K|1|A+2G5K|1|B,2FQN|1|A+2FQN|1|B,2O3W|1|A+2O3W|1|B"
"NR_all_07051.1","2FY1|1|B","2FY1|1|B"
"NR_all_36771.1","2G1W|1|A","2G1W|1|A"
"NR_all_49464.2","5AY2|1|A+5AY2|1|B","5AY2|1|A+5AY2|1|B,5AY3|1|A+5AY3|1|B,5AY2|1|C+5AY2|1|D,5AY4|1|A+5AY4|1|B,7EDU|1|A+7EDU|1|B,7EDU|1|C+7EDU|1|D"
"NR_all_77343.4","8P03|1|1","8P03|1|1,8P09|1|1,7SYS|1|i,7SYR|1|i,7SYW|1|i,7SYX|1|i,6HCJ|1|33,7SYV|1|i,7SYT|1|i,7SYU|1|i,5K0Y|1|N,6HCQ|1|33"
"NR_all_09880.4","2G8I|1|B","2G8I|1|B,2G8F|1|B,5USG|1|B,3ULD|1|B,2G8K|1|B,3TWH|1|B,5USA|1|B,5WJR|1|B,5W7O|1|B,5USE|1|B,5US2|1|B,5W7N|1|B,2G8H|1|B,2R7Y|1|B,2G8V|1|B,2G8W|1|B,2G8U|1|B"
"NR_all_70040.1","5K36|1|L","5K36|1|L"
"NR_all_00967.1","5K77|1|V","5K77|1|V,5K77|1|Z"
"NR_all_25155.1","5K78|1|Y","5K78|1|Y"
"NR_all_73441.1","5BJO|1|E","5BJO|1|E,5BJP|1|E,5BJO|1|Y,5BJP|1|Y,6E81|1|A,6E80|1|A,6E84|1|A,6E82|1|A"
"NR_all_08278.1","5K7D|1|A+5K7D|1|B","5K7D|1|A+5K7D|1|B,5K7C|1|A+5K7C|1|B,5K7E|1|A+5K7E|1|B"
"NR_all_46370.1","5K8H|1|A","5K8H|1|A"
"NR_all_39119.1","2G92|1|A+2G92|1|B","2G92|1|A+2G92|1|B"
"NR_all_46548.1","2LV0|1|A","2LV0|1|A,2GBH|1|A"
"NR_all_14866.1","5KK5|1|B","5KK5|1|B"
"NR_all_99388.1","5BKL|1|UU+5BKL|1|ll","5BKL|1|UU+5BKL|1|ll"
"NR_all_65457.1","5KL8|1|C","5KL8|1|C"
"NR_all_12757.1","5BKL|1|Y+5BKL|1|n","5BKL|1|Y+5BKL|1|n"
"NR_all_71864.1","5KMZ|4|A","5KMZ|4|A"
"NR_all_67643.1","5BKL|1|bb+5BKL|1|qq","5BKL|1|bb+5BKL|1|qq,5BKN|1|bb+5BKN|1|qq"
"NR_all_65000.1","5KQE|11|A","5KQE|11|A"
"NR_all_37308.1","5BKL|1|e+5BKL|1|P","5BKL|1|e+5BKL|1|P"
"NR_all_35133.6","2Z75|1|B","2Z75|1|B,2GCV|1|B,2Z74|1|B,2H0X|1|B,2H0W|1|B,2GCS|1|B,3B4B|1|B,2HO6|1|B,2HO7|1|B,3B4A|1|B,4MEG|1|B,3B4C|1|B,4MEH|1|B,2H0S|1|B,2H0Z|1|B"
"NR_all_28676.1","5BKL|1|i+5BKL|1|T","5BKL|1|i+5BKL|1|T"
"NR_all_50007.1","5BKL|1|m+5BKL|1|X","5BKL|1|m+5BKL|1|X"
"NR_all_57097.1","5BKN|1|TT+5BKN|1|kk","5BKN|1|TT+5BKN|1|kk"
"NR_all_60938.1","5BKN|1|V+5BKN|1|WW","5BKN|1|V+5BKN|1|WW"
"NR_all_53989.1","5BKN|1|Y+5BKN|1|n","5BKN|1|Y+5BKN|1|n"
"NR_all_74260.1","5BTM|1|A","5BTM|1|A,5BTM|1|B"
"NR_all_16232.4","8VAW|1|A+8VAW|1|B","8VAW|1|A+8VAW|1|B,8VAX|1|AAA+8VAX|1|BBB,5L00|1|A+5L00|1|B,5L00|1|C+5L00|1|D,5KRG|1|C+5KRG|1|D,5KRG|1|A+5KRG|1|B,7U87|1|A+7U87|1|B,6U6J|1|A+6U6J|1|B,6C8O|1|A+6C8O|1|B,5V0H|1|A+5V0H|1|B,7U89|1|A+7U89|1|B,6C8N|1|A+6C8N|1|B,7U8A|1|A+7U8A|1|B,6C8M|1|A+6C8M|1|B,7U88|1|A+7U88|1|B"
"NR_all_97305.1","5KTJ|1|A+5KTJ|1|B","5KTJ|1|A+5KTJ|1|B,5KTJ|1|C+5KTJ|1|D"
"NR_all_92071.1","5BUD|1|D","5BUD|1|D"
"NR_all_43598.1","5KVJ|1|A+5KVJ|1|B","5KVJ|1|A+5KVJ|1|B"
"NR_all_08637.1","5BZ1|1|B","5BZ1|1|B"
"NR_all_85126.1","5BZU|1|B","5BZU|1|B"
"NR_all_34846.1","5L3P|1|y","5L3P|1|y"
"NR_all_76367.1","5C0W|1|R","5C0W|1|R"
"NR_all_19677.1","5C0Y|1|D","5C0Y|1|D"
"NR_all_42241.3","7TZS|1|X","7TZS|1|X,2GDI|1|X,2GDI|1|Y,7TZS|1|Y,7TDA|1|A,7TDB|1|A,4NYA|1|A,2HOJ|1|A,7TDC|1|A,2HOM|1|A,2HOL|1|A,7TZR|1|X,4NYC|1|A,4NYD|1|A,4NYA|1|B,7TZR|1|Y,4NYB|1|A,2HOO|1|A,7TZT|1|A,7TZU|1|A,2HOK|1|A,7TD7|1|A,4NYG|1|A,2HOP|1|A"
"NR_all_09579.1","5C5W|1|A","5C5W|1|A"
"NR_all_10203.2","3PU4|1|R","3PU4|1|R,2GIC|1|R,3HHZ|1|R,6BJY|1|R,5UKB|1|R"
"NR_all_77791.1","5C9H|1|G+5C9H|1|E","5C9H|1|G+5C9H|1|E"
"NR_all_25771.1","5D0A|1|F","5D0A|1|F,5D0A|1|E,5T8Y|1|X"
"NR_all_90823.1","5D0B|1|F","5D0B|1|F"
"NR_all_74023.13","8P2G|1|a","8P2G|1|a,6S0X|1|a,8P2F|1|a,8P2H|1|a,8Y38|1|a,5NGM|1|Aa,8BYV|1|a,7P48|1|a,7ASP|1|X,7NHL|1|a,7NHM|1|a,6YEF|1|a,7ASO|1|X,6S13|1|a,8BH6|1|a,5ND8|1|a,5ND9|1|a,7KWG|1|a,8Y39|1|a,5LI0|1|a,5T7V|1|A,8BH7|1|a,7BGD|1|a,5TCU|1|A,7BGE|1|a,6FXC|1|Ba,6FXC|1|Aa"
"NR_all_55817.1","5D8H|1|A","5D8H|1|A,5DAR|1|A,5DAR|1|D,5D6G|1|0"
"NR_all_01315.2","7B9V|1|2+7B9V|1|6","7B9V|1|2+7B9V|1|6,6J6G|1|L+6J6G|1|E,5LJ3|1|Z+5LJ3|1|V,6J6H|1|L+6J6H|1|E,6J6N|1|L+6J6N|1|E,6J6Q|1|L+6J6Q|1|E,5LJ5|1|Z+5LJ5|1|V"
"NR_all_49696.1","5LQT|1|A+5LQT|1|B","5LQT|1|A+5LQT|1|B"
"NR_all_72319.1","5LR3|1|A+5LR3|1|B","5LR3|1|A+5LR3|1|B"
"NR_all_81464.1","2GJE|1|R","2GJE|1|R"
"NR_all_96413.1","5LR5|1|C+5LR5|1|D","5LR5|1|C+5LR5|1|D,5LR5|1|A+5LR5|1|B"
"NR_all_43215.1","2GM0|1|A+2GM0|1|B","2GM0|1|A+2GM0|1|B"
"NR_all_08929.1","5LTA|1|E","5LTA|1|E"
"NR_all_57135.1","5DA6|1|A","5DA6|1|A"
"NR_all_67474.1","5DCV|1|D","5DCV|1|D,5DCV|1|B"
"NR_all_04601.1","5DDO|1|B","5DDO|1|B"
"NR_all_48836.1","2GRW|1|A","2GRW|1|A"
"NR_all_76892.2","5LZD|1|y","5LZD|1|y,5LZC|1|y,5LZB|1|y"
"NR_all_70098.1","5DE8|1|A","5DE8|1|A,5DEA|1|A,5DE5|1|A"
"NR_all_18367.1","5LZF|1|y","5LZF|1|y"
"NR_all_06584.1","8FFR|1|X","8FFR|1|X,2GTT|1|X"
"NR_all_57276.1","2GV3|6|A","2GV3|6|A"
"NR_all_02963.1","5DEA|1|C","5DEA|1|C,5DE5|1|C,5DE8|1|C"
"NR_all_90603.1","5M0I|1|E","5M0I|1|E"
"NR_all_11169.1","2GVO|3|A","2GVO|3|A"
"NR_all_45166.1","5DET|1|Q","5DET|1|Q"
"NR_all_57646.1","5M0J|1|E","5M0J|1|E"
"NR_all_68126.1","2H1M|1|A+2H1M|1|B","2H1M|1|A+2H1M|1|B,420D|1|A+420D|1|B"
"NR_all_19377.2","5M3H|1|V+5M3H|1|R","5M3H|1|V+5M3H|1|R,6FHH|1|V+6FHH|1|R,6FHI|1|V+6FHI|1|R,6EVK|1|V+6EVK|1|R,6EVJ|1|V+6EVJ|1|R,6EVJ|1|U+6EVJ|1|S"
"NR_all_42907.1","2H49|1|A+2H49|1|B","2H49|1|A+2H49|1|B"
"NR_all_21686.1","2HGH|1|B","2HGH|1|B"
"NR_all_03515.1","2HT1|1|M","2HT1|1|M"
"NR_all_32983.1","5M5Y|1|R","5M5Y|1|R,5M64|1|R"
"NR_all_99751.1","2HVY|1|E","2HVY|1|E"
"NR_all_22030.1","5M8I|5|B","5M8I|5|B"
"NR_all_36746.1","5MGA|1|B","5MGA|1|B,6GTG|1|B,6GTC|1|B,6GTF|1|B,6GTE|1|B,6GTD|1|B"
"NR_all_49339.2","5DHC|1|C+5DHC|1|D","5DHC|1|C+5DHC|1|D,5DHC|1|A+5DHC|1|B,5HBX|1|C+5HBX|1|D,5HBX|1|A+5HBX|1|B,5V0J|1|A+5V0J|1|B"
"NR_all_86924.1","2IHX|1|B","2IHX|1|B"
"NR_all_63343.1","5DNO|1|B","5DNO|1|B"
"NR_all_81257.1","5DO5|1|A","5DO5|1|A"
"NR_all_83754.1","2IRO|1|A+2IRO|1|B","2IRO|1|A+2IRO|1|B"
"NR_all_83715.1","5DV7|1|A+5DV7|1|B","5DV7|1|A+5DV7|1|B"
"NR_all_15848.1","2IXY|1|A","2IXY|1|A"
"NR_all_99919.1","2IZ9|1|R","2IZ9|1|R,2IZ9|1|S"
"NR_all_75028.1","2IZN|1|R","2IZN|1|R,2IZN|1|S"
"NR_all_29524.1","2J0S|1|E","2J0S|1|E,2J0Q|1|E,2J0Q|1|H"
"NR_all_57918.1","1YSH|1|B","1YSH|1|B"
"NR_all_46023.1","1YSV|1|A","1YSV|1|A"
"NR_all_45851.1","1YTU|1|E+1YTU|1|F","1YTU|1|E+1YTU|1|F,1YTU|1|C+1YTU|1|D"
"NR_all_72030.1","1ZH5|1|C+1ZH5|1|D","1ZH5|1|C+1ZH5|1|D,1YTY|1|C+1YTY|1|D"
"NR_all_64918.25","7SOS|1|B","7SOS|1|B,6SCE|1|B,6XL1|1|C,8Q42|1|X,6SCF|1|I,6SCF|1|K,6YUD|1|K,6YUD|1|O,6SCF|1|M,6YUD|1|P,6SCF|1|L,6YUD|1|M,6YUD|1|Q,8Q44|1|X,8Q40|1|X,8Q41|1|X,6WXQ|1|E,8Q43|1|X,8QJK|1|C,8BAO|1|C,6O6X|1|D,7BDV|1|F,8B0R|1|D,7BDV|1|H,6O6X|1|C,8Q3Z|1|X,6O7B|1|C,6O6V|1|C,6WXX|1|Y,6WXX|1|X,6R7B|1|D,6R9R|1|D,8JH1|1|C,6OV0|1|E,7YGH|1|C,7YGL|1|C,6OV0|1|H,6OV0|1|G,6O6V|1|D,6OV0|1|F,6O7B|1|D,5E02|1|C,6R9R|1|E,6R7B|1|E,7Z55|1|CCC,9EYJ|1|D,6O7I|1|I,9EYI|1|E,9EYK|1|D,9EYK|1|E,9EYI|1|D,6O7H|1|K"
"NR_all_10769.1","1YVP|1|H","1YVP|1|H"
"NR_all_09717.1","5E17|1|I","5E17|1|I,5E18|1|I"
"NR_all_96357.1","1Z30|1|A","1Z30|1|A"
"NR_all_40314.1","4V9I|1|AY","4V9I|1|AY,4V9I|1|CY"
"NR_all_72830.1","5E3H|1|B+5E3H|1|C","5E3H|1|B+5E3H|1|C,6GPG|1|B+6GPG|1|C"
"NR_all_89129.1","1Z7F|1|B+1Z7F|1|C","1Z7F|1|B+1Z7F|1|C"
"NR_all_74336.1","1ZBH|1|F","1ZBH|1|F,1ZBH|1|E"
"NR_all_29909.1","4V9Q|1|DV","4V9Q|1|DV,4V9Q|1|BV,4V9Q|1|DW,4V9Q|1|BW"
"NR_all_83036.1","4W5N|1|B","4W5N|1|B"
"NR_all_86256.1","1ZC5|1|A","1ZC5|1|A"
"NR_all_76703.9","5E81|1|1K","5E81|1|1K,5EL6|1|1L,5EL4|1|1K,5IB8|1|1K,5IB7|1|1K,5E7K|1|1K,5EL4|1|1L,5EL6|1|1K,5EL7|1|1K,5E81|1|1L,5IB7|1|1L,5E7K|1|1L,5EL7|1|1L,5EL5|1|1K,5EL5|1|1L,8BF7|1|5,7N1P|1|Pt,7N2U|1|Pt,8BH4|1|5,7N30|1|Pt,7N31|1|Pt,7N2C|1|Pt,8BHJ|1|5,7ZTA|1|PTR1,8BHN|1|5,7D6Z|1|4,8FON|1|QV,8FON|1|XV,5UYQ|1|Y,5JTE|1|AW,8FOM|1|QV,8FOM|1|XV,5UYP|1|Y,5UYN|1|Y,7D80|1|Z"
"NR_all_84353.1","1ZC8|1|B","1ZC8|1|B"
"NR_all_48921.1","1ZC8|1|F","1ZC8|1|F"
"NR_all_25585.4","4Z4D|1|B+4Z4D|1|D","4Z4D|1|B+4Z4D|1|D,4Z4E|1|B+4Z4E|1|D,4W5O|1|B+4W5O|1|D,4Z4C|1|B+4Z4C|1|D,4Z4H|1|B+4Z4H|1|D,4Z4I|1|B+4Z4I|1|D,4Z4G|1|B+4Z4G|1|D,4W5T|1|B+4W5T|1|D,4Z4F|1|B+4Z4F|1|D,4W5R|1|B+4W5R|1|D,4W5Q|1|B+4W5Q|1|D"
"NR_all_78535.1","1ZC8|1|H","1ZC8|1|H"
"NR_all_16133.1","1ZC8|1|J","1ZC8|1|J"
"NR_all_00626.1","4W90|1|C","4W90|1|C,4W92|1|C"
"NR_all_25125.1","3GM7|1|G+3GM7|1|H","3GM7|1|G+3GM7|1|H,1ZEV|1|A+1ZEV|1|B"
"NR_all_59512.1","1ZIF|6|A","1ZIF|6|A"
"NR_all_90633.23","4WF9|1|X","4WF9|1|X,5HL7|1|X,4WFA|1|X,5HKV|1|X,4WCE|1|X,4WFB|1|X,5NRG|1|X,8P2G|1|A,6S0Z|1|A,8P2F|1|A,8P2H|1|A,8Y38|1|A,8Y37|1|A,7ASM|1|A,8Y36|1|A,6HMA|1|A,6S0X|1|A,5NGM|1|AA,7NHL|1|A,7ASP|1|Y,7NHM|1|A,7P48|1|A,7ASN|1|A,6YEF|1|A,7TTW|1|1,6WQN|1|1,7ASO|1|Y,7TTU|1|1,6WQQ|1|1,6WRU|1|1,6WRS|1|1,6DDG|1|1,6DDD|1|1,8Y39|1|A,6S12|1|A,6SJ6|1|A,5T7V|1|B,5ND8|1|A,5ND9|1|A,5LI0|1|A,5TCU|1|B,6S13|1|A,6FXC|1|BA,6FXC|1|AA"
"NR_all_26929.1","1ZIH|2|A","1ZIH|2|A"
"NR_all_13754.1","1ZN1|1|C","1ZN1|1|C,1ZN0|1|C"
"NR_all_33604.1","1ZZ5|1|A+1ZZ5|1|C+1ZZ5|1|B+1ZZ5|1|D","1ZZ5|1|A+1ZZ5|1|C+1ZZ5|1|B+1ZZ5|1|D,2A04|1|A+2A04|1|C+2A04|1|B+2A04|1|D"
"NR_all_55496.1","205D|1|A+205D|1|B","205D|1|A+205D|1|B"
"NR_all_07733.2","5EL4|1|3L","5EL4|1|3L,5EL5|1|3K,5E7K|1|3L,5EL6|1|3L,5E7K|1|3K,5IB8|1|3L,5IB7|1|3L,5EL4|1|3K,5EL5|1|3L,5EL7|1|3K,5EL6|1|3K,5EL7|1|3L,5IB7|1|3K,5IB8|1|3K"
"NR_all_70203.1","217D|1|A","217D|1|A,216D|1|A"
"NR_all_09770.1","246D|1|A+246D|1|B","246D|1|A+246D|1|B"
"NR_all_49362.3","280D|1|A+280D|1|B","280D|1|A+280D|1|B,280D|1|C+280D|1|D"
"NR_all_36371.1","283D|1|A","283D|1|A"
"NR_all_37650.1","28SR|1|A","28SR|1|A,28SP|1|A"
"NR_all_39625.1","3Q1Q|1|B","3Q1Q|1|B,3Q1R|1|B,2A2E|1|A"
"NR_all_32332.1","5E81|1|3L","5E81|1|3L,5E81|1|3K"
"NR_all_08420.1","2A43|1|A","2A43|1|A"
"NR_all_95023.1","2A8V|1|D","2A8V|1|D"
"NR_all_93829.1","2A9X|1|2","2A9X|1|2"
"NR_all_98259.1","2ADB|1|B","2ADB|1|B"
"NR_all_85393.1","5EBI|1|H","5EBI|1|H"
"NR_all_32559.1","2ADC|19|C","2ADC|19|C"
"NR_all_83891.22","4WF9|1|Y","4WF9|1|Y,5HKV|1|Y,4WFA|1|Y,5HL7|1|Y,4WCE|1|Y,4WFB|1|Y,5NRG|1|Y,8P2G|1|B,6S0Z|1|B,6S0X|1|B,8P2F|1|B,8Y37|1|B,8P2H|1|B,8Y38|1|B,6HMA|1|B,7ASM|1|B,8Y36|1|B,7ASP|1|3,5NGM|1|AB,7P48|1|B,7ASO|1|C,7NHM|1|B,7NHL|1|B,6YEF|1|B,7ASN|1|B,8Y39|1|B,6SJ6|1|B,5T7V|1|C,6S12|1|B,5ND8|1|B,5ND9|1|B,5LI0|1|B,5TCU|1|C,6S13|1|B,6FXC|1|BB,6FXC|1|AB"
"NR_all_00179.1","5EIM|1|C","5EIM|1|C,5EIM|1|D"
"NR_all_50005.1","2I7Z|1|B","2I7Z|1|B,2I7Z|1|A,2ADT|1|B,2ADT|1|A,2I7E|1|B,2I7E|1|A"
"NR_all_40750.1","5ELH|1|R","5ELH|1|R"
"NR_all_59239.1","2AGN|1|C","2AGN|1|C"
"NR_all_98212.1","5ELR|1|B","5ELR|1|B"
"NR_all_12506.1","2AHT|1|A","2AHT|1|A"
"NR_all_26105.1","5ELS|1|I","5ELS|1|I"
"NR_all_09020.1","5ELT|1|F","5ELT|1|F,5ELT|1|E"
"NR_all_43988.1","5EMF|1|A","5EMF|1|A"
"NR_all_53890.1","2AO5|1|C+2AO5|1|D","2AO5|1|C+2AO5|1|D,2AO5|1|A+2AO5|1|B"
"NR_all_18857.1","5EMO|1|F","5EMO|1|F"
"NR_all_09346.1","2AP5|1|A","2AP5|1|A"
"NR_all_04536.2","5EPI|1|D","5EPI|1|D,5EPI|1|H,5EPI|1|T,5EPI|1|P,5EPI|1|L,5EPI|1|X,8RN1|1|V"
"NR_all_28532.1","2ATW|1|B","2ATW|1|B,2ATW|1|D"
"NR_all_02518.1","2AU4|1|A","2AU4|1|A"
"NR_all_84537.1","2AWE|1|D","2AWE|1|D,2AWE|1|G,2AWE|1|E,2AWE|1|A,2AWE|1|B,2AWE|1|C,2AWE|1|F,2AWE|1|H"
"NR_all_18481.1","5EV4|1|B","5EV4|1|B"
"NR_all_93219.1","2AZ0|1|C+2AZ0|1|D","2AZ0|1|C+2AZ0|1|D,2AZ2|1|C+2AZ2|1|D"
"NR_all_08138.1","5F0Q|1|C","5F0Q|1|C,5F0Q|1|E,5F0S|1|C,5F0S|1|E"
"NR_all_42126.1","2B3J|1|E","2B3J|1|E,2B3J|1|F,2B3J|1|H"
"NR_all_16758.1","5F5F|1|B","5F5F|1|B,5F5F|1|D,5F5F|1|H"
"NR_all_10157.143","5J7L|1|DB","5J7L|1|DB,5JC9|1|DB,5J8A|1|DB,4YBB|1|DB,6I7V|1|DB,4WOI|1|BB,5IT8|1|DB,5J91|1|DB,4U27|1|BB,5J88|1|DB,4WF1|1|BB,4WOI|1|CB,4V9D|1|CB,4V9P|1|CB,4V9P|1|EB,4U24|1|BB,4V9O|1|AB,4WWW|1|RB,4U26|1|BB,4V9P|1|GB,4V7T|1|BB,4V9O|1|CB,4V6C|1|BB,4U25|1|BB,4V9O|1|EB,4V9P|1|AB,4U1U|1|BB,6LKQ|1|u,4V7U|1|BB,4U20|1|BB,4V7V|1|BB,4V9C|1|DB,4U1V|1|BB,4V52|1|BA,5J7L|1|CB,4V52|1|DA,4V7S|1|BB,5J8A|1|CB,4V9D|1|DB,4V50|1|DA,5JC9|1|CB,4V85|1|BB,6BY1|1|CB,6I7V|1|CB,4V57|1|DA,4V64|1|DA,4V64|1|BA,4V57|1|BA,4V6D|1|BB,4V54|1|BA,4V54|1|DA,4V53|1|BA,4V53|1|DA,4V6E|1|BB,4V9O|1|GB,4U27|1|DB,4V56|1|DA,4V55|1|BA,4WF1|1|DB,5J88|1|CB,4U25|1|DB,6BY1|1|DB,4V4Q|1|BA,4U1V|1|DB,4V55|1|DA,4V50|1|BA,4V56|1|BA,4V89|1|BB,4V4Q|1|DA,4YBB|1|CB,4U26|1|DB,4U1U|1|DB,4V9C|1|BB,4V7T|1|DB,4U20|1|DB,5IT8|1|CB,4U24|1|DB,4WWW|1|YB,5J91|1|CB,4V6C|1|DB,4V5Y|1|BA,4V6D|1|DB,4V7V|1|DB,4V5Y|1|DA,4V7S|1|DB,4V7U|1|DB,4V6E|1|DB,4V5B|1|CA,4V5B|1|AA,5J5B|1|DB,4V4H|1|BA,4V4H|1|DA,5J5B|1|CB,8B0X|1|b,8CEU|1|b,8FTO|1|b,8AYE|1|b,7K00|1|b,8CGD|1|b,8QOA|1|b,8BIL|1|1,8G6W|1|b,8BIM|1|1,8E30|1|J,8G6Y|1|b,8E3O|1|J,8EMM|1|b,8ANA|1|b,8BGE|1|1,8E49|1|J,6XZ7|1|B,7QQ3|1|J,8E43|1|J,8BHL|1|1,8R6C|1|b,8E41|1|J,8QBT|1|B,7ZP8|1|a,8EIU|1|b,8YUO|1|b,8E33|1|J,7LVK|1|J,6PJ6|1|J,8BF7|1|1,7N1P|1|5,8AKN|1|b,8G6X|1|b,7PJS|1|B,8HSP|1|b,7Z20|1|a,7Y7G|1|b,8BHP|1|1,7O1A|1|BB,8E3M|1|J,8E45|1|J,7S1H|1|J,8E32|1|J,8YUP|1|b,8R8M|1|b,9FBV|1|b,8HTZ|1|b,8E46|1|J,8RQ0|1|B,8RPZ|1|B,8RQ2|1|B,8E3L|1|J,7Y7E|1|b,8YUQ|1|b,8E48|1|J,7Y7F|1|b,8IFB|1|b,8YUS|1|b,8E42|1|J,8E35|1|J,7S1K|1|J,8YUR|1|b,7BL4|1|B,8E47|1|J,7N2U|1|5,7S1J|1|J,8W51|1|B,7N2V|1|5,7Y7H|1|b,7Y7C|1|b,7S1G|1|J,7S1I|1|J,7SA4|1|4,8E36|1|J,7UG7|1|5,7YLA|1|J,6XZB|1|B2,6YSS|1|B,7Y7D|1|b,6PC6|1|J,8BH4|1|1,8E44|1|J,9CG5|1|b,7ZOD|1|a,8J1Z|1|b,6PCR|1|J,6PC7|1|J,9CG6|1|b,6YS3|1|a,7O1C|1|BB,7N30|1|5,7NWT|1|3,9AX7|1|b,9AX8|1|X,7N31|1|5,7ZTA|1|05S1,6TBV|1|05S1,6TC3|1|05S1,8EKC|1|B,6XZA|1|B2,8RPY|1|B,7N2C|1|5,8HU1|1|b,6PCQ|1|J,7ZQ5|1|a,9CG7|1|b,6PC5|1|J,7M5D|1|3,8G7R|1|B,8P18|1|3,8P16|1|3,8QK7|1|3,8BHJ|1|1,8P17|1|3,7ZQ6|1|a,8AM9|1|b,8BGH|1|1,6QDW|1|a,7NSO|1|B,7ST2|1|2,7OT5|1|3,8SYL|1|B,7B5K|1|B,8G7P|1|B,8FZH|1|B,7OTC|1|B,6Y69|1|B,8BHN|1|1,5AFI|1|B,7O19|1|BB,6ORE|1|3,7P3K|1|b,7OIZ|1|b,8IFC|1|b,6PCT|1|J,6WYV|1|J,7TOS|1|5S,6U48|1|CB,5NWY|1|O,5MDV|1|3,6ZU1|1|BB,6ZTO|1|BB,6ZTP|1|BB,7OII|1|3,7OIF|1|3,8FZE|1|B,8FZJ|1|B,7ST6|1|2,6WDE|1|2,6PCS|1|J,5H5U|1|B,6WD0|1|2,6HRM|1|3,8AP4|1|b,6PC8|1|J,6H4N|1|B,7Q4K|1|BB,7NWW|1|3,8B7Y|1|J,6QUL|1|B,7AC7|1|3,6SZS|1|B,6PCH|1|J,8PKL|1|8,5WFS|1|B,7NSQ|1|B,7PJV|1|B,5MDZ|1|3,8FZI|1|B,8G7S|1|B,6S0K|1|B,8URY|1|d,8FZD|1|B,8FZG|1|B,6YSR|1|B,6X7K|1|d,8G7Q|1|B,7PJY|1|B,6OM6|1|3,8G2U|1|A,7NBU|1|b,6ENU|1|B,5MDW|1|3,8Q4F|1|b,5MGP|1|B,6VWL|1|3,7OIG|1|3,8UQL|1|d,6X6T|1|d,7ST7|1|2,6YST|1|B,8FZF|1|B,7K53|1|2,7SSO|1|2,7LV0|1|2,7SSN|1|2,7K54|1|2,7ACJ|1|3,9GR1|1|b,6ENF|1|B,6WDD|1|2,5U9G|1|02,5U9F|1|02,5UYM|1|02,6C4I|1|B,7ABZ|1|3,5WDT|1|B,8R3V|1|82,8PEG|1|8,7JT1|1|2,6WDF|1|2,7SSD|1|2,7K55|1|2,6WDG|1|2,7CPJ|1|B,8G38|1|A,8G34|1|A,6OG7|1|2,6WD1|1|2,7BV8|1|B,5WE4|1|B,7BL5|1|B,8C8Y|1|B,6OFX|1|2,8T5D|1|A,8G31|1|A,8UR0|1|d,7K50|1|2,7K52|1|2,8T5H|1|A,8A3L|1|b,3JBV|1|a,5GAE|1|B,6I0Y|1|B,7QGN|1|O,7ACR|1|3,5MDY|1|3,5WFK|1|B,5LZD|1|B,6OGI|1|2,3JCE|1|B,6ZTM|1|BB,8RCL|1|82,5O2R|1|B,6ZTJ|1|BB,7NSP|1|B,6X7F|1|d,7JT2|1|2,7K51|1|2,5LZE|1|B,6BU8|1|02,7OJ0|1|b,7D6Z|1|B,6VWM|1|3,6OSQ|1|3,8C90|1|B,6VWN|1|3,8RCM|1|82,5U4I|1|B,6ORL|1|3,5KCR|1|1B,5LZA|1|B,6WD3|1|2,6WD5|1|2,5UYL|1|02,8C8Z|1|B,5WE6|1|B,6WDK|1|2,5IQR|1|3,5WF0|1|B,6WD2|1|2,6WDM|1|2,7BL3|1|B,6VYQ|1|d,6XDQ|1|d,6VU3|1|d,6VYS|1|d,6ENJ|1|B,7JSS|1|2,6YSU|1|B,6WD9|1|2,7JT3|1|2,7JSZ|1|2,8PHJ|1|b,3JBU|1|a,5L3P|1|B,5GAD|1|B,6WDJ|1|2,6WD6|1|2,6OSK|1|3,3J9Z|1|LB,6Q9A|1|3,6DNC|1|C,6WD4|1|2,6WD8|1|2,6WDL|1|2,5JU8|1|BB,5JTE|1|BB,3JCJ|1|0,8CGV|1|b,8UQP|1|d,6VYR|1|d,5UYQ|1|02,7JSW|1|2,6WDA|1|2,7SSL|1|2,7SSW|1|2,5GAH|1|B,8VSA|1|5S,6GWT|1|B,6GXM|1|B,6ZTL|1|BB,6GBZ|1|B,6OUO|1|3,6GC8|1|B,5GAG|1|B,5UYP|1|02,7SS9|1|2,6GC0|1|B,7BL2|1|B,3J9Y|1|B,5KPW|1|28,5UYK|1|02,6OGF|1|2,5KPX|1|28,6GXO|1|B,6GXN|1|B,6WD7|1|2,3JCD|1|B,8FIZ|1|BC,5KPS|1|29,5KCS|1|1B,7PJW|1|B,5UYN|1|02,6OT3|1|3,6Q97|1|3,6WDI|1|2,4UY8|1|B,7QG8|1|O,5NP6|1|Z,6WDB|1|2,6O9J|1|A,8VS9|1|5S,6O9K|1|X,6VZJ|1|d,8C8X|1|B,3J7Z|1|B,8C94|1|B,7D80|1|a,7BL6|1|B,5KPV|1|28,6OGG|1|2,3JA1|1|LB,7UPH|1|J,6WDC|1|2,6ZTN|1|BB,5GAF|1|B,8CGK|1|b,6WDH|1|2,6GC4|1|B,6OST|1|3,8RCS|1|82,6Q98|1|3,6GXP|1|B,8PVA|1|b,7QGH|1|O,5LZF|1|B,3JCN|1|B,6XDR|1|d,8CAM|1|b,6X9Q|1|d,5LZC|1|B,5NCO|1|B,6XGF|1|d,8C95|1|B,8URI|1|d,8UQM|1|d,8UPR|1|d,8RCT|1|82,5LZB|1|B,8UPO|1|d,8URH|1|d,7QGR|1|O,4CSU|1|A,5AKA|1|A,7PJZ|1|B,7PJT|1|B,3J8G|1|A,4V5H|1|BA,7PJX|1|B,8URX|1|d,4V69|1|BA,5ADY|1|A,6VYU|1|d,6VYW|1|d,6VZ7|1|d,6XII|1|d,4V7B|1|BB,4V6M|1|B7,3J5L|1|B,4V7D|1|AB,4V7C|1|BB,6H58|1|BB,6H58|1|B,6XIJ|1|d,5ZZM|1|M,4V6K|1|AA,6VZ3|1|d,6VZ5|1|d,4V6T|1|BB,4V7A|1|BB,4V65|1|BA,4V66|1|BA,2RDO|1|A,7PJU|1|B,2J28|1|A,4V6V|1|Ba,6VYY|1|d,6VYX|1|d,6VYZ|1|d,6VZ2|1|d,3BBX|1|A,4V6Q|1|BA,4V6R|1|BA,4V48|1|A9,4V6Z|1|BB,4V6Y|1|BB,4V75|1|BB,4V6N|1|AA,4V7I|1|A7,4V47|1|A9,4V72|1|BB,4V6S|1|AA,4V6L|1|BA,4V6P|1|BA,6VYT|1|d,4V6O|1|BA,4V79|1|BB,4V73|1|BB,4V4W|1|B9,4V4V|1|B9,4V70|1|BB,4V77|1|BB,4V76|1|BB,4V74|1|BB,4V78|1|BB,4V71|1|BB"
"NR_all_89230.1","5F5H|1|C","5F5H|1|C"
"NR_all_58041.1","5F6C|1|E","5F6C|1|E"
"NR_all_73795.1","4WJ3|1|S","4WJ3|1|S,4WJ3|1|R,4WJ3|1|T,4WJ3|1|Q"
"NR_all_91690.1","4WJ4|1|B","4WJ4|1|B"
"NR_all_20758.2","5F8J|1|B+5F8J|1|C","5F8J|1|B+5F8J|1|C,5F8G|1|B+5F8G|1|C,5F8H|1|B+5F8H|1|C,7W9S|1|B+7W9S|1|C,5F8I|1|B+5F8I|1|C"
"NR_all_16754.1","4WKR|1|D","4WKR|1|D,4WKR|1|C"
"NR_all_82495.1","4WQS|1|Y","4WQS|1|Y"
"NR_all_67726.2","5F9F|1|F","5F9F|1|F,5F9F|1|L,5F9F|1|H,5F9F|1|B,5F9F|1|J,5F9F|1|D,5F9H|1|F,5F98|1|D,5F98|1|B,5F9H|1|L,5F98|1|L,5F98|1|J,5F98|1|H,5F98|1|F,5F9H|1|J,5F9H|1|D,5F9H|1|B,5F9H|1|H"
"NR_all_29002.1","4WSB|1|V+4WSB|1|R","4WSB|1|V+4WSB|1|R"
"NR_all_89429.6","4FEN|1|B","4FEN|1|B,4FEO|1|B,4FEL|1|B,4FEP|1|B,4FEJ|1|B,4FE5|1|B,2XNZ|1|A,2XNW|1|A,6UBU|1|B,6UC7|1|B,3GOT|1|A,6UC9|1|B,6UC8|1|B,2G9C|1|A,2XO0|1|A,3GAO|1|A,3GER|1|A,2EES|1|A,3GOG|1|A,3DS7|1|A,2EET|1|A,3FO4|1|A,2EEV|1|A,3DS7|1|B,5C7U|1|B,3FO6|1|A,3G4M|1|A,3GES|1|A,2B57|1|A,2EEW|1|A,2EEU|1|A,5C7W|1|C,2XO1|1|A"
"NR_all_55925.1","4WSM|1|3L","4WSM|1|3L,4WSM|1|3K"
"NR_all_02307.1","4WT8|1|DV","4WT8|1|DV"
"NR_all_22325.1","5F9R|1|A","5F9R|1|A,7V59|1|G,7V59|1|C"
"NR_all_43562.1","5ODV|1|a","5ODV|1|a,5ODV|1|b,5ODV|1|c,5ODV|1|d,5ODV|1|e,5ODV|1|f,5ODV|1|g,5ODV|1|h,5ODV|1|i,5ODV|1|j,5ODV|1|k,5ODV|1|l,5ODV|1|m,5ODV|1|n,5ODV|1|o,5ODV|1|p,5ODV|1|q,5ODV|1|r,5ODV|1|s,5ODV|1|t,5ODV|1|u,5ODV|1|v,5ODV|1|w,5ODV|1|x"
"NR_all_27698.1","6CBD|1|B+6CBD|1|C","6CBD|1|B+6CBD|1|C"
"NR_all_88506.1","2K5Z|3|A","2K5Z|3|A"
"NR_all_67461.1","2K66|1|A","2K66|1|A"
"NR_all_15427.1","2KBP|1|A","2KBP|1|A,2KBP|1|B"
"NR_all_40570.1","6CK5|1|A","6CK5|1|A,6CK5|1|B,6CK4|1|C,6CK4|1|B,6CK4|1|A,6CK4|1|D"
"NR_all_56385.1","2KD4|1|A+2KD4|1|B","2KD4|1|A+2KD4|1|B"
"NR_all_00786.1","2KDQ|1|B","2KDQ|1|B"
"NR_all_18349.1","6CYT|1|N","6CYT|1|N"
"NR_all_34197.1","2KF0|2|A","2KF0|2|A,2KEZ|1|A"
"NR_all_59493.1","2KG0|1|B","2KG0|1|B"
"NR_all_53912.1","5OIK|1|P","5OIK|1|P"
"NR_all_01901.1","7KFN|1|B+7KFN|1|C","7KFN|1|B+7KFN|1|C,6D06|1|B+6D06|1|C"
"NR_all_30036.1","2KGP|1|A","2KGP|1|A"
"NR_all_49738.1","7ASE|1|0","7ASE|1|0,5OPT|1|E"
"NR_all_87910.1","6D2U|1|B","6D2U|1|B"
"NR_all_38065.1","2KHY|9|A","2KHY|9|A"
"NR_all_44411.1","2KMJ|4|A","2KMJ|4|A"
"NR_all_61875.1","6D6V|1|B","6D6V|1|B"
"NR_all_82766.1","2KPC|6|A","2KPC|6|A"
"NR_all_88352.1","2KPV|3|A","2KPV|3|A"
"NR_all_14975.1","2KRP|1|A","2KRP|1|A"
"NR_all_63200.1","2KRV|1|A","2KRV|1|A"
"NR_all_98642.1","5OT2|1|P","5OT2|1|P"
"NR_all_83774.1","2KRY|1|A","2KRY|1|A"
"NR_all_76779.1","5SUP|1|D","5SUP|1|D,5SUP|1|E,5SUP|1|F"
"NR_all_85064.1","2KTZ|1|A","2KTZ|1|A"
"NR_all_32696.1","6D9J|1|4","6D9J|1|4"
"NR_all_76472.1","2KUW|2|A","2KUW|2|A"
"NR_all_42653.1","5T16|1|H","5T16|1|H,5T16|1|P,5T16|1|O,5T16|1|G"
"NR_all_28654.1","2KX5|1|A","2KX5|1|A"
"NR_all_59317.1","6DB9|1|R","6DB9|1|R,6DB8|1|R"
"NR_all_30619.2","2KXM|1|A","2KXM|1|A,2N0J|3|A,2MXS|5|A"
"NR_all_14959.1","6DCC|1|B","6DCC|1|B,6DCB|1|B"
"NR_all_86033.1","6DCL|1|D","6DCL|1|D"
"NR_all_40109.1","2KXZ|1|A+2KXZ|1|B","2KXZ|1|A+2KXZ|1|B"
"NR_all_78444.1","2KY1|1|A+2KY1|1|B","2KY1|1|A+2KY1|1|B"
"NR_all_48748.1","5T5A|1|A","5T5A|1|A"
"NR_all_93941.1","2KYD|1|A+2KYD|1|B","2KYD|1|A+2KYD|1|B"
"NR_all_97060.1","5T5H|1|B","5T5H|1|B"
"NR_all_53209.1","2KZL|2|A","2KZL|2|A"
"NR_all_26892.1","5T5H|1|E","5T5H|1|E"
"NR_all_51377.2","7TTW|1|2","7TTW|1|2,6WQN|1|2,7TTU|1|2,6WRU|1|2,6WQQ|1|2,6WRS|1|2,6DDD|1|2,6DDG|1|2"
"NR_all_33831.1","2L1F|1|B","2L1F|1|B,2L1F|1|A"
"NR_all_79575.1","5T5H|1|H","5T5H|1|H"
"NR_all_98802.1","6DLR|1|A","6DLR|1|A,6DLT|1|A,6DLS|1|A,6DLQ|1|A,6DNR|1|A"
"NR_all_98299.1","5T7V|1|D","5T7V|1|D"
"NR_all_14458.1","5TC1|1|R","5TC1|1|R"
"NR_all_87597.1","2L2J|14|A","2L2J|14|A"
"NR_all_99287.1","2L3C|1|B","2L3C|1|B"
"NR_all_86427.1","6DME|1|A","6DME|1|A,6DMC|1|B,6DMC|1|A,6DMD|1|A,6DMD|1|B"
"NR_all_30586.1","2L3J|1|B","2L3J|1|B"
"NR_all_34681.1","5THE|1|H","5THE|1|H,5THE|1|F,5THE|1|B,5THE|1|D"
"NR_all_23717.1","2L5D|3|B","2L5D|3|B"
"NR_all_87799.1","6DMN|1|b","6DMN|1|b,6DMV|1|b,6DOC|1|b"
"NR_all_89470.1","2MIS|1|A","2MIS|1|A,2L5Z|1|A"
"NR_all_34246.1","5TSN|1|P+5TSN|1|T","5TSN|1|P+5TSN|1|T"
"NR_all_39445.1","2L8C|1|A+2L8C|1|B","2L8C|1|A+2L8C|1|B"
"NR_all_23205.4","6DO8|1|B","6DO8|1|B,6DP9|1|B,6DOS|1|B,6DPB|1|B,6DPP|1|B,6DPI|1|B,6DOK|1|B,6DOU|1|B,6DOO|1|B,6DPD|1|B,6DOP|1|B,6DPC|1|B,6DOQ|1|B,6DOT|1|B,6DP4|1|B,6DPL|1|B,6DPN|1|B,6DOM|1|B,6DOG|1|B,6DOX|1|B,6DPH|1|B,6DOJ|1|B,6DP1|1|B,6DP5|1|B,6DPA|1|B,6DPK|1|B,6DP6|1|B,6DOL|1|B,6DOA|1|B,6DPG|1|B,6DOZ|1|B,6DOB|1|B,6DOV|1|B,6DPO|1|B,6DP7|1|B,6DOF|1|B,6DON|1|B,6DOD|1|B,6DOR|1|B,6DOW|1|B,6DPM|1|B,6DPF|1|B,6DP3|1|B,6DPJ|1|B,6DP2|1|B,6DPE|1|B,6DP0|1|B,6DOE|1|B"
"NR_all_29847.1","2L8H|3|A","2L8H|3|A"
"NR_all_38581.2","6C66|1|J","6C66|1|J,5U0A|1|K,5U07|1|K"
"NR_all_68992.1","2L8W|1|A+2L8W|1|B","2L8W|1|A+2L8W|1|B"
"NR_all_33332.1","5U0Q|1|C+5U0Q|1|D","5U0Q|1|C+5U0Q|1|D,5U0Q|1|A+5U0Q|1|B"
"NR_all_72370.1","2L9E|2|A","2L9E|2|A"
"NR_all_04754.1","5U3G|1|B","5U3G|1|B"
"NR_all_13392.1","2LBK|1|A","2LBK|1|A"
"NR_all_93427.2","5UD5|1|C","5UD5|1|C,5UD5|1|D,5V6X|1|C,5V6X|1|D,8UPY|1|C"
"NR_all_51186.1","2LBR|1|A","2LBR|1|A"
"NR_all_52148.1","2LDL|1|A","2LDL|1|A"
"NR_all_97147.1","2LEB|1|B","2LEB|1|B"
"NR_all_36729.1","2LHP|1|A","2LHP|1|A"
"NR_all_79142.1","2LI8|1|B","2LI8|1|B"
"NR_all_97142.1","2LK3|1|A","2LK3|1|A"
"NR_all_07880.1","2LP9|1|A","2LP9|1|A"
"NR_all_56057.1","2LQZ|3|A","2LQZ|3|A"
"NR_all_29611.1","2LUB|1|A","2LUB|1|A"
"NR_all_05686.1","2LVY|1|B+2LVY|1|A","2LVY|1|B+2LVY|1|A"
"NR_all_94472.1","2LX1|1|A+2LX1|1|B","2LX1|1|A+2LX1|1|B"
"NR_all_49812.1","2M18|9|A","2M18|9|A,2M18|9|B,2M18|9|D,2M18|9|C"
"NR_all_27009.1","2M1O|1|A+2M1O|1|B","2M1O|1|A+2M1O|1|B"
"NR_all_10023.1","2M21|7|A","2M21|7|A"
"NR_all_34714.1","2M23|1|A+2M23|1|B","2M23|1|A+2M23|1|B"
"NR_all_28467.1","2M4W|7|A","2M4W|7|A"
"NR_all_16019.1","5UH5|1|I","5UH5|1|I"
"NR_all_62394.1","2M58|2|A","2M58|2|A"
"NR_all_18284.1","5UHC|1|I","5UHC|1|I"
"NR_all_08576.4","6DO8|1|b","6DO8|1|b,6DPI|1|b,6DP9|1|b,6DPB|1|b,6DPP|1|b,6DPK|1|b,6DPD|1|b,6DOT|1|b,6DOK|1|b,6DP8|1|b,6DPL|1|b,6DPG|1|b,6DOU|1|b,6DPC|1|b,6DP4|1|b,6DPN|1|b,6DOJ|1|b,6DPH|1|b,6DOS|1|b,6DOO|1|b,6DP6|1|b,6DOX|1|b,6DP5|1|b,6DOL|1|b,6DP1|1|b,6DOZ|1|b,6DP7|1|b,6DOQ|1|b,6DPA|1|b,6DOM|1|b,6DOG|1|b,6DOP|1|b,6DOA|1|b,6DON|1|b,6DOV|1|b,6DPO|1|b,6DOD|1|b,6DOB|1|b,6DOW|1|b,6DPM|1|b,6DPF|1|b,6DP3|1|b,6DP2|1|b,6DPE|1|b,6DPJ|1|b,6DOR|1|b,6DOF|1|b,6DP0|1|b,6DOE|1|b,6N6G|1|D"
"NR_all_43721.1","2M8D|1|A","2M8D|1|A"
"NR_all_87508.1","2MB0|1|A","2MB0|1|A"
"NR_all_17314.1","2MF1|16|G","2MF1|16|G"
"NR_all_68259.1","5UNE|1|A+5UNE|1|B","5UNE|1|A+5UNE|1|B"
"NR_all_38698.1","5UZ6|1|A+5UZ6|1|B","5UZ6|1|A+5UZ6|1|B,5UZ6|1|C+5UZ6|1|D,5UZ6|1|E+5UZ6|1|F,6BMD|1|C+6BMD|1|D,6BMD|1|A+6BMD|1|B,6BMD|1|E+6BMD|1|F,5V9Z|1|A+5V9Z|1|B,5UX3|1|A+5UX3|1|B,5V0O|1|A+5V0O|1|B"
"NR_all_40658.1","2MFF|5|B","2MFF|5|B,2MFF|5|D"
"NR_all_49554.1","2MFH|3|B","2MFH|3|B"
"NR_all_32342.1","2MGZ|1|C","2MGZ|1|C"
"NR_all_66855.1","2MI0|12|A","2MI0|12|A"
"NR_all_12803.1","2MIY|5|A","2MIY|5|A"
"NR_all_88048.1","2MKI|2|B","2MKI|2|B"
"NR_all_20602.1","2MKN|1|B+2MKN|1|C","2MKN|1|B+2MKN|1|C"
"NR_all_45368.1","2MNC|1|A","2MNC|1|A"
"NR_all_28678.1","2MQP|4|B","2MQP|4|B"
"NR_all_88343.1","2MQQ|1|C","2MQQ|1|C"
"NR_all_88351.1","2MQV|1|B","2MQV|1|B"
"NR_all_45079.1","2MS1|1|B","2MS1|1|B"
"NR_all_07351.1","2MTK|5|A","2MTK|5|A"
"NR_all_43426.1","2MVS|1|1+2MVS|1|2","2MVS|1|1+2MVS|1|2"
"NR_all_18787.1","2MXJ|1|A","2MXJ|1|A"
"NR_all_41092.1","2MXL|1|A","2MXL|1|A"
"NR_all_35618.1","2MZ1|1|B","2MZ1|1|B"
"NR_all_43617.1","5UZT|1|A","5UZT|1|A"
"NR_all_92729.1","2N1Q|5|A","2N1Q|5|A"
"NR_all_40870.1","5V16|1|A","5V16|1|A"
"NR_all_41450.1","6DO9|1|B","6DO9|1|B,6DOH|1|B,6DOI|1|B"
"NR_all_83550.1","2N2P|1|A","2N2P|1|A"
"NR_all_30079.1","5V1K|1|A+5V1K|1|B","5V1K|1|A+5V1K|1|B"
"NR_all_91379.1","2N3Q|8|A","2N3Q|8|A"
"NR_all_93701.1","5V3F|1|A","5V3F|1|A,5V3F|1|B"
"NR_all_43318.1","2N4L|6|A","2N4L|6|A"
"NR_all_74928.1","5V7C|1|C","5V7C|1|C"
"NR_all_41745.1","6DOY|1|B","6DOY|1|B"
"NR_all_81170.1","2N6T|1|A","2N6T|1|A"
"NR_all_99552.1","6DT8|1|D","6DT8|1|D"
"NR_all_67614.1","2N6X|3|A","2N6X|3|A"
"NR_all_41425.1","6DTD|1|C","6DTD|1|C"
"NR_all_22001.1","2N7M|4|X","2N7M|4|X"
"NR_all_51124.1","6DU4|1|B","6DU4|1|B"
"NR_all_94843.1","2N82|3|A","2N82|3|A"
"NR_all_04322.1","2N8M|1|B","2N8M|1|B"
"NR_all_59301.1","2NBX|1|A","2NBX|1|A"
"NR_all_35677.3","7SFR|1|A","7SFR|1|A,7KGB|1|A,7MT7|1|A,7MT2|1|A,7MSM|1|A,7MT3|1|A,7MSC|1|A,7MSZ|1|A,7MSH|1|A,7F0D|1|A,5V7Q|1|A,5V93|1|A"
"NR_all_89968.1","6DVK|1|H","6DVK|1|H"
"NR_all_27745.1","2NBZ|1|A","2NBZ|1|A"
"NR_all_00478.1","6E0O|1|C","6E0O|1|C,6E0O|1|B"
"NR_all_04451.1","2NC1|1|A","2NC1|1|A"
"NR_all_08239.1","6E8S|1|A","6E8S|1|A,6E8S|1|B,6UP0|1|D,6UP0|1|C"
"NR_all_86436.1","2PN3|1|A+2PN3|1|B","2PN3|1|A+2PN3|1|B,2PN4|1|A+2PN4|1|B,2PN4|1|C+2PN4|1|D,2NOK|1|C+2NOK|1|D,2NOK|1|A+2NOK|1|B"
"NR_all_54145.1","7SFR|1|B","7SFR|1|B,7KGB|1|B,7MT7|1|B,7MT2|1|B,7MSM|1|B,7MT3|1|B,7MSC|1|B,7MSZ|1|B,7MSH|1|B,5V7Q|1|B,7F0D|1|B,5V93|1|B"
"NR_all_10258.1","2NOQ|1|B","2NOQ|1|B"
"NR_all_14315.1","6E8T|1|D","6E8T|1|D"
"NR_all_70511.1","6E9F|1|B+6E9F|1|C","6E9F|1|B+6E9F|1|C"
"NR_all_85397.1","6EEN|1|G","6EEN|1|G"
"NR_all_06759.1","6EEN|1|I","6EEN|1|I"
"NR_all_32787.1","7SFR|1|a","7SFR|1|a,7KGB|1|a,7MT7|1|a,7MT2|1|a,7MSM|1|a,7MT3|1|a,7MSC|1|a,7MSZ|1|a,7MSH|1|a,5V93|1|a"
"NR_all_32411.1","6EVJ|1|N","6EVJ|1|N,6EVJ|1|M"
"NR_all_36773.1","6EZ0|1|A","6EZ0|1|A"
"NR_all_34035.1","6F41|1|R","6F41|1|R"
"NR_all_78890.1","5VH7|1|A+5VH7|1|B","5VH7|1|A+5VH7|1|B"
"NR_all_27657.1","5VJ9|1|C","5VJ9|1|C,5VJ9|1|D,5VJ9|1|B,5VJ9|1|A,5VJB|1|D,5VJB|1|A,5VJB|1|C,5VJB|1|B"
"NR_all_75525.1","6FLP|1|R","6FLP|1|R"
"NR_all_03690.1","6FPQ|1|B","6FPQ|1|B"
"NR_all_42604.1","2NR0|1|E","2NR0|1|E,2NR0|1|F,2NR0|1|H,2NR0|1|G,2NRE|1|F"
"NR_all_71246.1","5VM9|1|B","5VM9|1|B"
"NR_all_66418.1","6FQ3|1|B","6FQ3|1|B"
"NR_all_57614.1","5VO8|1|I","5VO8|1|I,6OVR|1|I"
"NR_all_19855.1","6FQR|1|C","6FQR|1|C"
"NR_all_26402.1","2NUG|1|E+2NUG|1|F+2NUG|1|C+2NUG|1|D","2NUG|1|E+2NUG|1|F+2NUG|1|C+2NUG|1|D"
"NR_all_73803.1","5VOE|1|A","5VOE|1|A,5VOF|1|A"
"NR_all_59005.1","6FUW|1|D","6FUW|1|D"
"NR_all_75816.1","5VPP|1|QV","5VPP|1|QV,5VPP|1|XV,6NWY|1|QV,6NWY|1|XV"
"NR_all_72237.1","5VSU|1|I","5VSU|1|I"
"NR_all_43299.1","5VW1|1|C","5VW1|1|C"
"NR_all_02729.1","5VZJ|1|N","5VZJ|1|N"
"NR_all_36248.2","7BKQ|1|X+7BKQ|1|Y","7BKQ|1|X+7BKQ|1|Y,6G1X|1|X+6G1X|1|Y,6G1S|1|X+6G1S|1|Y,6H61|1|X+6H61|1|Y,6H66|1|X+6H66|1|Y"
"NR_all_15683.2","6MCB|1|B","6MCB|1|B,5VZL|1|B,6MCC|1|B"
"NR_all_58839.1","6G63|1|B","6G63|1|B"
"NR_all_19387.1","5W0O|1|C+5W0O|1|D","5W0O|1|C+5W0O|1|D"
"NR_all_90613.1","6G90|1|2","6G90|1|2"
"NR_all_08692.3","3G9C|1|Q","3G9C|1|Q,2NZ4|1|Q,3G9C|1|R,2NZ4|1|R,3G9C|1|S,2NZ4|1|P,3G96|1|R,3G8S|1|Q,2NZ4|1|S,3G9C|1|P,3G96|1|Q,3G8S|1|R,3L3C|1|Q,3L3C|1|R,3G96|1|P,3G96|1|S,3L3C|1|P,3G8S|1|P,3L3C|1|S,3G8S|1|S,3G8T|1|R,3G8T|1|Q,3G8T|1|P,3G8T|1|S"
"NR_all_73760.1","5W3V|1|E+5W3V|1|F","5W3V|1|E+5W3V|1|F"
"NR_all_65635.4","8QRN|1|5","8QRN|1|5,6GAZ|1|AV,7PO2|1|5,6GB2|1|AV,6GAW|1|AV"
"NR_all_23929.3","5W5Y|1|R","5W5Y|1|R,5W66|1|R,5W65|1|R"
"NR_all_63081.1","2O33|20|A","2O33|20|A"
"NR_all_80035.1","5W6V|1|R","5W6V|1|R"
"NR_all_40386.1","5WLH|1|B","5WLH|1|B"
"NR_all_70328.1","2O81|1|A+2O81|1|B","2O81|1|A+2O81|1|B"
"NR_all_49764.1","5WNU|1|b+5WNU|1|a","5WNU|1|b+5WNU|1|a"
"NR_all_29527.1","6GBM|1|A","6GBM|1|A"
"NR_all_10403.1","2OB7|1|A","2OB7|1|A"
"NR_all_95531.1","5WSG|1|b","5WSG|1|b"
"NR_all_82184.1","6GC5|1|G","6GC5|1|G"
"NR_all_92720.1","2OEU|1|A+2OEU|1|B","2OEU|1|A+2OEU|1|B,3ZP8|1|A+3ZP8|1|B,3ZD4|1|A+3ZD4|1|B,3ZD5|1|A+3ZD5|1|B"
"NR_all_57261.1","6GD3|1|P","6GD3|1|P"
"NR_all_51824.1","5WTI|1|B","5WTI|1|B"
"NR_all_66547.1","5WTY|1|C","5WTY|1|C"
"NR_all_43595.1","5WWE|1|B","5WWE|1|B"
"NR_all_42093.1","6GKH|1|X+6GKH|1|Y","6GKH|1|X+6GKH|1|Y"
"NR_all_75675.1","6GMY|1|B","6GMY|1|B"
"NR_all_99471.1","5WWT|1|C","5WWT|1|C,5WWS|1|C,5WWR|1|C,5WWR|1|D,5WWT|1|D,5WWS|1|D"
"NR_all_65561.1","6GSK|1|1K","6GSK|1|1K,6GSK|1|1L,6GSJ|1|1K,6GSJ|1|1L"
"NR_all_29370.1","5WWW|1|B","5WWW|1|B"
"NR_all_73303.1","5WZG|1|B","5WZG|1|B"
"NR_all_42883.1","5WZI|1|B","5WZI|1|B"
"NR_all_13543.1","5WZK|1|B","5WZK|1|B"
"NR_all_10787.1","5X6B|1|P","5X6B|1|P"
"NR_all_17578.3","8C6J|1|2+8C6J|1|6","8C6J|1|2+8C6J|1|6,6QDV|1|2+6QDV|1|6,7W5A|1|H+7W5A|1|F,7W59|1|H+7W59|1|F,9FMD|1|2,6ICZ|1|H+6ICZ|1|F,7W5B|1|H+7W5B|1|F,5XJC|1|H+5XJC|1|F"
"NR_all_73836.1","5XLO|1|K","5XLO|1|K"
"NR_all_88000.1","5XOG|1|P","5XOG|1|P"
"NR_all_08625.1","8HYJ|1|P","8HYJ|1|P,5XON|1|P"
"NR_all_54314.1","5XPG|1|G","5XPG|1|G,5XOW|1|G"
"NR_all_23835.1","5XTM|1|B","5XTM|1|B"
"NR_all_56101.4","7ZP8|1|v","7ZP8|1|v,7Z20|1|v,7ZOD|1|v,7O1A|1|B8,7O1C|1|B8,7O19|1|B8,6SZS|1|x,5MGP|1|x,6ENU|1|x,6ENF|1|x,7CPJ|1|9,6NUO|1|XV,6NUO|1|QV,6ENJ|1|x,6ENJ|1|9,6O3M|1|QV,6O3M|1|XV"
"NR_all_60206.1","5MMI|1|z","5MMI|1|z"
"NR_all_85298.1","5MPG|1|B","5MPG|1|B"
"NR_all_97956.1","5XWP|1|C+5XWP|1|D","5XWP|1|C+5XWP|1|D,5XWP|1|E+5XWP|1|F"
"NR_all_36591.1","5XWY|1|B","5XWY|1|B"
"NR_all_24680.1","5MQ0|1|3","5MQ0|1|3"
"NR_all_17436.1","5XXB|1|3","5XXB|1|3"
"NR_all_94750.1","5XY3|1|1+5XY3|1|4","5XY3|1|1+5XY3|1|4"
"NR_all_67394.1","5XYI|1|2","5XYI|1|2"
"NR_all_83665.1","5Y58|1|X","5Y58|1|X,5Y58|1|Y,5Y58|1|Z"
"NR_all_02553.1","5Y7M|1|D","5Y7M|1|D,5Y7M|1|B"
"NR_all_60364.1","5Y85|1|D+5Y85|1|C","5Y85|1|D+5Y85|1|C,5Y85|1|B+5Y85|1|A,5Y87|1|D+5Y87|1|C,5Y87|1|B+5Y87|1|A"
"NR_all_10277.1","5YDT|1|5A","5YDT|1|5A"
"NR_all_49071.1","5YKI|1|C","5YKI|1|C"
"NR_all_50496.1","5YTT|1|B","5YTT|1|B"
"NR_all_82993.1","5YTX|1|B","5YTX|1|B"
"NR_all_86308.1","8I0W|1|H+8I0W|1|F","8I0W|1|H+8I0W|1|F,5YZG|1|H+5YZG|1|F"
"NR_all_83260.1","5Z4D|1|B","5Z4D|1|B"
"NR_all_85489.1","5Z98|1|D","5Z98|1|D"
"NR_all_50752.1","5ZAL|1|C","5ZAL|1|C"
"NR_all_14757.1","5ZC9|1|B","5ZC9|1|B,6XKI|1|B"
"NR_all_83043.1","5ZEB|1|B","5ZEB|1|B,5ZEP|1|B,5ZET|1|B"
"NR_all_67193.4","8OM4|1|r","8OM4|1|r,8D8L|1|a,8OM2|1|r,8OM3|1|r,8D8K|1|a,5MRC|1|aa,5MRE|1|aa,8D8J|1|a,5MRF|1|aa"
"NR_all_17854.1","5ZKJ|1|C","5ZKJ|1|C,5ZKJ|1|E"
"NR_all_14347.1","5MS0|1|H","5MS0|1|H"
"NR_all_29074.1","5ZLU|1|DD","5ZLU|1|DD"
"NR_all_72335.1","5MSF|1|R","5MSF|1|R,5MSF|1|S"
"NR_all_21975.1","5ZQ1|1|B","5ZQ1|1|B,5ZTH|1|B"
"NR_all_66736.1","5MSG|1|M","5MSG|1|M"
"NR_all_88887.1","5MYJ|1|AA","5MYJ|1|AA"
"NR_all_84195.1","5ZSB|1|C","5ZSB|1|C,5ZSB|1|D,5ZSN|1|D,5ZSN|1|E"
"NR_all_79308.1","5MYJ|1|BB","5MYJ|1|BB"
"NR_all_17501.1","5N61|1|S","5N61|1|S"
"NR_all_57114.1","5N94|1|D","5N94|1|D,5N94|1|C"
"NR_all_11898.1","5ZSD|1|D","5ZSD|1|D,5ZSL|1|E"
"NR_all_12865.1","5ZSE|1|C","5ZSE|1|C,5ZSE|1|D,5ZSM|1|D,5ZSM|1|E"
"NR_all_66896.1","5NDI|1|B","5NDI|1|B,5NDI|1|A,5NDI|1|C,5NDI|1|D"
"NR_all_31040.1","5ZTM|1|C","5ZTM|1|C"
"NR_all_75931.1","5ZW4|1|D","5ZW4|1|D"
"NR_all_34961.4","6N7R|1|R","6N7R|1|R,6N7P|1|R,7OQC|1|1,5ZWN|1|P,8W2O|1|R,6N7X|1|R,7OQE|1|1"
"NR_all_56199.1","5NEW|1|H","5NEW|1|H"
"NR_all_49768.1","6A5O|1|P","6A5O|1|P"
"NR_all_09715.1","5NS3|1|C","5NS3|1|C,5NS4|1|C,5NS3|1|D,5NS4|1|D"
"NR_all_82019.1","6A5R|1|P","6A5R|1|P"
"NR_all_65220.1","6A6J|1|D","6A6J|1|D,6A6J|1|B,6A6L|1|D"
"NR_all_01073.1","5NWQ|1|A","5NWQ|1|A,5NY8|1|A,5NZD|1|A,5NZD|1|B,5NWQ|1|B,5O62|1|A,5NZ3|1|A,5O69|1|A,5NY8|1|B,5NZ6|1|A,5NZ3|1|B,5O62|1|B,5O69|1|B"
"NR_all_75878.1","6AAS|1|A","6AAS|1|A"
"NR_all_18914.1","6AAX|1|B","6AAX|1|B,6AAX|1|D"
"NR_all_06823.1","2JA8|1|P","2JA8|1|P"
"NR_all_04979.1","6AAY|1|B","6AAY|1|B"
"NR_all_56847.1","2JLT|1|A+2JLT|1|B","2JLT|1|A+2JLT|1|B"
"NR_all_11028.1","5O1Y|1|B","5O1Y|1|B"
"NR_all_27991.1","6AGB|1|A","6AGB|1|A,6AH3|1|A"
"NR_all_78007.1","5O20|1|B","5O20|1|B"
"NR_all_02825.1","6AH3|1|T","6AH3|1|T"
"NR_all_59755.1","2JLW|1|D","2JLW|1|D,2JLW|1|C"
"NR_all_24457.1","6AHU|1|A","6AHU|1|A,6AHR|1|A"
"NR_all_44743.1","6AJK|1|B","6AJK|1|B"
"NR_all_76431.1","2JRG|1|A","2JRG|1|A"
"NR_all_00306.1","6ALG|1|R","6ALG|1|R,6ALF|1|R"
"NR_all_40327.1","2JSE|1|A","2JSE|1|A"
"NR_all_80768.1","6AR1|1|C","6AR1|1|C,6AR1|1|F,6AR3|1|F,6AR3|1|C"
"NR_all_49489.1","2JTP|16|A","2JTP|16|A"
"NR_all_21583.1","2JWV|1|A","2JWV|1|A"
"NR_all_58168.1","6AR5|1|B","6AR5|1|B"
"NR_all_69024.1","2JXS|1|A+2JXS|1|B","2JXS|1|A+2JXS|1|B"
"NR_all_09148.2","6ASX|1|R","6ASX|1|R,6BJS|1|R"
"NR_all_37036.1","2JYF|3|A","2JYF|3|A,2JYF|3|B"
"NR_all_96856.1","6AZ4|1|A+6AZ4|1|B","6AZ4|1|A+6AZ4|1|B"
"NR_all_11246.1","6B0B|1|G+6B0B|1|F","6B0B|1|G+6B0B|1|F,6B0B|1|C+6B0B|1|B"
"NR_all_74932.1","6B44|1|M","6B44|1|M"
"NR_all_94699.1","2JYM|1|A","2JYM|1|A"
"NR_all_62715.1","2K41|1|A+2K41|1|B","2K41|1|A+2K41|1|B"
"NR_all_01665.1","6XL9|1|R","6XL9|1|R,6B6H|1|3,6XH8|1|3,6PB4|1|3"
"NR_all_93070.1","6BBO|1|F+6BBO|1|G","6BBO|1|F+6BBO|1|G,6BBO|1|B+6BBO|1|C"
"NR_all_29253.1","6BGB|1|A+6BGB|1|B","6BGB|1|A+6BGB|1|B,6BGB|1|C"
"NR_all_29537.1","6BHJ|1|E","6BHJ|1|E,6BHJ|1|F"
"NR_all_45110.1","6BLO|1|R","6BLO|1|R,6BLP|1|R"
"NR_all_84294.1","6BM2|1|R","6BM2|1|R,6BM4|1|R,6BQF|1|R"
"NR_all_84568.1","6BSI|1|R","6BSI|1|R"
"NR_all_86306.1","6C27|1|A","6C27|1|A,6C27|1|B"
"NR_all_15443.1","6C63|1|A","6C63|1|A,8U5P|1|B,6C63|1|B,8U5P|1|A,6C65|1|A,8U5K|1|A,6C65|1|B,8U5K|1|B,6C64|1|A,8U5K|1|C,6C64|1|B,8U5P|1|C,6C63|1|C,6C65|1|C,6C64|1|D,8U60|1|A,8U60|1|B,8U60|1|C"
"NR_all_44600.1","2XS5|1|D","2XS5|1|D,2XS5|1|C"
"NR_all_60948.1","6JIM|1|C","6JIM|1|C,6JIM|1|D"
"NR_all_07071.1","6JJH|1|B","6JJH|1|B"
"NR_all_57933.1","2XXA|1|F","2XXA|1|F,2XXA|1|G"
"NR_all_55443.1","6JNX|1|R","6JNX|1|R"
"NR_all_41539.1","2XZL|1|B","2XZL|1|B"
"NR_all_18859.1","6JQ5|1|B+6JQ5|1|A","6JQ5|1|B+6JQ5|1|A"
"NR_all_87252.1","2Y8W|1|B","2Y8W|1|B"
"NR_all_97043.1","6JVX|1|B","6JVX|1|B"
"NR_all_52299.1","6K0B|1|X","6K0B|1|X,6K0B|1|Y,6K0A|1|X,6K0A|1|Y"
"NR_all_96091.1","7CPU|1|L5+7CPU|1|L8","7CPU|1|L5+7CPU|1|L8,7CPV|1|L5+7CPV|1|L8,7LS2|1|A2+7LS2|1|C2,6SWA|1|q+6SWA|1|r,7LS1|1|A2+7LS1|1|C2"
"NR_all_72322.1","2Y9H|1|F","2Y9H|1|F,2Y9H|1|B"
"NR_all_64976.1","6K32|1|t+6K32|1|p","6K32|1|t+6K32|1|p"
"NR_all_24738.1","2Y9H|1|H","2Y9H|1|H,2Y9H|1|D"
"NR_all_86183.1","6KL9|1|G","6KL9|1|G,6KLB|1|G,6KLB|1|E"
"NR_all_33615.1","6KLH|1|B","6KLH|1|B,6KLH|1|D,6KLE|1|B"
"NR_all_99841.1","2YHM|1|K","2YHM|1|K,5FVC|1|K,4V5V|1|AK,4V5V|1|BR,4V5V|1|AM,4V5V|1|BX"
"NR_all_20490.1","6KOP|1|I","6KOP|1|I"
"NR_all_43894.1","6SWE|1|2","6SWE|1|2"
"NR_all_79699.2","6KQD|1|I","6KQD|1|I,6KQD|1|S"
"NR_all_89748.1","6KQL|1|I","6KQL|1|I"
"NR_all_21296.1","6KQN|1|I","6KQN|1|I"
"NR_all_91171.6","8JDK|1|F","8JDK|1|F,8JDL|1|F,8JDJ|1|F,8JDM|1|F,9GMO|1|C,9G8M|1|L8,8Y0X|1|L8,8Y0W|1|L8,8ONY|1|8,6SXO|1|L8"
"NR_all_18889.3","5C45|1|X+5C45|1|Y","5C45|1|X+5C45|1|Y,5KX9|1|X+5KX9|1|Y,3F4G|1|X+3F4G|1|Y,2YIE|1|X+2YIE|1|Z"
"NR_all_01428.1","6KUJ|1|V+6KUJ|1|R","6KUJ|1|V+6KUJ|1|R"
"NR_all_00338.1","6SY4|1|C","6SY4|1|C"
"NR_all_58872.1","6KUV|1|V+6KUV|1|R","6KUV|1|V+6KUV|1|R"
"NR_all_30539.1","6SZU|1|V+6SZU|1|M","6SZU|1|V+6SZU|1|M"
"NR_all_03163.1","6KWR|1|B+6KWR|1|C","6KWR|1|B+6KWR|1|C"
"NR_all_76379.1","6T0R|1|V","6T0R|1|V"
"NR_all_91231.1","3VYX|1|B+3VYX|1|C","3VYX|1|B+3VYX|1|C,4BPB|1|C+4BPB|1|D,2YKG|1|C+2YKG|1|D,3VYY|1|C+3VYY|1|D,3ZD7|1|C+3ZD7|1|D,3ZD6|1|C+3ZD6|1|D,3VYY|1|E+3VYY|1|F,3VYY|1|G"
"NR_all_05808.1","6T0U|1|V","6T0U|1|V"
"NR_all_01689.1","6KYV|1|G","6KYV|1|G,6KYV|1|C,6KYV|1|E,6KYV|1|A,6KYV|1|K,6KYV|1|I"
"NR_all_87822.1","7R0E|1|V+7R0E|1|R+7R0E|1|M","7R0E|1|V+7R0E|1|R+7R0E|1|M,8BEK|1|V+8BEK|1|R+8BEK|1|M,7QTL|1|V,6T0V|1|V,7ZPL|1|U,7ZPL|1|V"
"NR_all_76549.1","6L5N|1|C","6L5N|1|C"
"NR_all_49959.1","6T34|1|a","6T34|1|a,6T34|1|b,6T34|1|c,6T34|1|d,6T34|1|e,6T34|1|f,6T34|1|g,6T34|1|h,6T34|1|i,6T34|1|j,6T34|1|k,6T34|1|l,6T34|1|m,6T34|1|n,6T34|1|o,6T34|1|p,6T34|1|q,6T34|1|r,6T34|1|s"
"NR_all_47836.1","6LAX|1|A","6LAX|1|A,6LAZ|1|A,6LAS|1|A,6LAZ|1|B,6LAX|1|B,6LAS|1|B,6LAU|1|A,6LAU|1|B"
"NR_all_35284.1","6LKQ|1|w","6LKQ|1|w"
"NR_all_25498.1","6LLB|1|D","6LLB|1|D"
"NR_all_49195.1","6LSE|1|C+6LSE|1|B","6LSE|1|C+6LSE|1|B"
"NR_all_45731.1","6LSG|1|B+6LSG|1|C","6LSG|1|B+6LSG|1|C"
"NR_all_25335.1","6LT7|1|C","6LT7|1|C,6LT7|1|F"
"NR_all_21658.1","2ZKO|1|C+2ZKO|1|D","2ZKO|1|C+2ZKO|1|D,6ZLC|1|C+6ZLC|1|D"
"NR_all_76729.1","2ZNI|1|C","2ZNI|1|C,2ZNI|1|D"
"NR_all_65284.1","2ZUE|1|B","2ZUE|1|B,2ZUF|1|B"
"NR_all_59327.1","6M0X|1|B","6M0X|1|B,6M0W|1|B,6M0V|1|B"
"NR_all_21434.1","6THN|1|A","6THN|1|A"
"NR_all_78506.1","2ZY6|1|A","2ZY6|1|A"
"NR_all_71389.1","6M6R|1|B","6M6R|1|B"
"NR_all_85249.1","6TPH|1|B","6TPH|1|B"
"NR_all_78109.1","6M7K|1|B","6M7K|1|B"
"NR_all_14080.1","315D|1|A+315D|1|B","315D|1|A+315D|1|B"
"NR_all_12322.1","333D|1|A","333D|1|A"
"NR_all_94871.2","6MDZ|1|E+6MDZ|1|C","6MDZ|1|E+6MDZ|1|C,6MDZ|1|F+6MDZ|1|D,6MFR|1|F+6MFR|1|D,6MFR|1|E+6MFR|1|C"
"NR_all_60644.1","6TQN|1|R","6TQN|1|R,6TQO|1|R"
"NR_all_63943.1","354D|1|A+354D|1|B","354D|1|A+354D|1|B"
"NR_all_03282.1","6TW1|1|V+6TW1|1|M","6TW1|1|V+6TW1|1|M"
"NR_all_34610.1","364D|1|C+364D|1|B+364D|1|A","364D|1|C+364D|1|B+364D|1|A,357D|1|C+357D|1|B+357D|1|A"
"NR_all_26496.2","6ME0|1|A","6ME0|1|A,6MEC|1|A,8FLI|1|A"
"NR_all_17670.1","6TYF|1|I","6TYF|1|I"
"NR_all_70550.1","361D|1|B","361D|1|B"
"NR_all_39338.1","6TZ1|1|N","6TZ1|1|N"
"NR_all_22144.1","6TZ2|1|N+6TZ2|1|T+6TZ2|1|M","6TZ2|1|N+6TZ2|1|T+6TZ2|1|M"
"NR_all_45442.1","397D|1|A+397D|1|B","397D|1|A+397D|1|B"
"NR_all_35459.1","6MKN|1|X+6MKN|1|W","6MKN|1|X+6MKN|1|W"
"NR_all_08270.1","6U6Y|1|F","6U6Y|1|F"
"NR_all_34492.3","398D|1|C","398D|1|C,398D|1|A"
"NR_all_66570.1","6MPI|1|X+6MPI|1|W","6MPI|1|X+6MPI|1|W"
"NR_all_67009.1","6U6Y|1|H","6U6Y|1|H"
"NR_all_11942.1","6MSF|1|S","6MSF|1|S"
"NR_all_20951.1","6U8D|1|A","6U8D|1|A,6U8K|1|B,6U8K|1|A,6U8K|1|C"
"NR_all_33997.1","6MTC|1|4","6MTC|1|4,6MTB|1|4"
"NR_all_30330.1","6U9X|1|H","6U9X|1|H,6U9X|1|K"
"NR_all_75659.1","6UEJ|1|B","6UEJ|1|B"
"NR_all_20773.1","6O7H|1|G+6O7H|1|H","6O7H|1|G+6O7H|1|H,6O7E|1|G+6O7E|1|H,6MUT|1|G+6MUT|1|H,6MUR|1|G+6MUR|1|H,6O7I|1|G+6O7I|1|H,6MUU|1|G,6MUS|1|G+6MUS|1|H"
"NR_all_30596.1","3A6P|1|E+3A6P|1|D","3A6P|1|E+3A6P|1|D,3A6P|1|J+3A6P|1|I"
"NR_all_14365.1","6UEY|1|C+6UEY|1|D","6UEY|1|C+6UEY|1|D,6UEY|1|A+6UEY|1|B,6UF1|1|C+6UF1|1|D,6UF1|1|A+6UF1|1|B"
"NR_all_66956.1","6MXQ|1|A","6MXQ|1|A"
"NR_all_11374.1","6UFG|1|B","6UFG|1|B,6UFH|1|B"
"NR_all_63789.1","3ADD|1|C","3ADD|1|C,3ADD|1|D,3ADB|1|D,3ADB|1|C,3ADC|1|C,3ADC|1|D"
"NR_all_77812.1","6N8F|1|A+6N8F|1|B","6N8F|1|A+6N8F|1|B"
"NR_all_20272.1","6UFH|1|A","6UFH|1|A"
"NR_all_93513.1","3ADI|1|D+3ADI|1|E","3ADI|1|D+3ADI|1|E"
"NR_all_86437.1","6N8I|1|A+6N8I|1|B","6N8I|1|A+6N8I|1|B"
"NR_all_84513.1","6UFJ|1|C+6UFJ|1|D+6UFJ|1|F","6UFJ|1|C+6UFJ|1|D+6UFJ|1|F,6UFJ|1|A+6UFJ|1|B+6UFJ|1|E,6UFK|1|A+6UFK|1|B+6UFK|1|E,6UFK|1|C+6UFK|1|D+6UFK|1|F"
"NR_all_65768.1","3AEV|1|C","3AEV|1|C"
"NR_all_03365.1","6UFM|1|B","6UFM|1|B"
"NR_all_04935.2","3AKZ|1|E","3AKZ|1|E,3AKZ|1|F,3AKZ|1|H,3AKZ|1|G,4YVI|1|C,4YVJ|1|C,4YVK|1|C"
"NR_all_72470.1","6ND4|1|0+6ND4|1|2","6ND4|1|0+6ND4|1|2"
"NR_all_41844.1","6NIT|1|E+6NIT|1|C","6NIT|1|E+6NIT|1|C,6NIT|1|F+6NIT|1|D"
"NR_all_05337.1","6UQ3|1|R","6UQ3|1|R"
"NR_all_75510.1","6UTV|1|333","6UTV|1|333,6UTZ|1|333,6UU5|1|333"
"NR_all_44580.1","6NMA|1|G","6NMA|1|G,6NM9|1|E,6NM9|1|G,6NMC|1|G,6OMV|1|G,6NME|1|G,6NMD|1|G"
"NR_all_13919.1","3AM1|1|B","3AM1|1|B"
"NR_all_56041.1","3AMU|1|B","3AMU|1|B,3AMT|1|B"
"NR_all_74936.1","3AOI|1|Q","3AOI|1|Q,3AOH|1|Q"
"NR_all_08809.1","6UU3|1|333","6UU3|1|333,6UU1|1|333"
"NR_all_87008.1","3AOI|1|U","3AOI|1|U"
"NR_all_24114.1","6NOH|1|B","6NOH|1|B,6NOF|1|B,6NOC|1|B"
"NR_all_29211.1","6UU7|1|333","6UU7|1|333"
"NR_all_29245.1","3AVU|1|T+3AVU|1|G","3AVU|1|T+3AVU|1|G"
"NR_all_51454.1","6NOD|1|E","6NOD|1|E,6NOD|1|F,6NOD|1|D"
"NR_all_52942.1","6UU9|1|333","6UU9|1|333"
"NR_all_55371.1","3AVW|1|T+3AVW|1|G","3AVW|1|T+3AVW|1|G"
"NR_all_20040.1","6UV1|1|D","6UV1|1|D"
"NR_all_09827.1","3AVY|1|T+3AVY|1|G","3AVY|1|T+3AVY|1|G"
"NR_all_52787.1","6NTA|1|XV+6NTA|1|XX","6NTA|1|XV+6NTA|1|XX,6NTA|1|QV,6NSH|1|QV+6NSH|1|QX"
"NR_all_82332.1","6UV3|1|B","6UV3|1|B"
"NR_all_35987.1","3B0U|1|B","3B0U|1|B,3B0U|1|A"
"NR_all_23423.1","6UVN|1|M","6UVN|1|M"
"NR_all_79722.1","6NUE|1|H","6NUE|1|H,6NUD|1|H+6NUD|1|U"
"NR_all_67927.1","6NY1|1|B","6NY1|1|B"
"NR_all_62149.1","3MJA|1|B+3MJA|1|C","3MJA|1|B+3MJA|1|C,3B31|1|A+3B31|1|B,3MJ3|1|B+3MJ3|1|C,3MJB|1|A+3MJB|1|B"
"NR_all_38099.1","3BNR|1|C+3BNR|1|D","3BNR|1|C+3BNR|1|D,3BNR|1|A+3BNR|1|B,3BNS|1|C+3BNS|1|D,3BNS|1|A+3BNS|1|B,3BNQ|1|C+3BNQ|1|D,3BNQ|1|A+3BNQ|1|B"
"NR_all_58704.1","6O16|1|C","6O16|1|C,6O16|1|D"
"NR_all_86185.1","6O1K|1|O","6O1K|1|O,6O1K|1|P,6O1M|1|O,6O1M|1|P,6O1L|1|O,6O1L|1|P"
"NR_all_03120.1","3BO0|1|E","3BO0|1|E,3BO1|1|E"
"NR_all_22049.1","6O1O|1|M+6O1O|1|N","6O1O|1|M+6O1O|1|N"
"NR_all_28149.1","3BO0|1|G","3BO0|1|G,3BO1|1|G"
"NR_all_56726.132","5J7L|1|AA","5J7L|1|AA,4YBB|1|AA,5J8A|1|AA,5JC9|1|AA,4WOI|1|DA,4WOI|1|AA,5IT8|1|AA,4V9P|1|FA,4V9O|1|BA,5J7L|1|BA,4V9P|1|HA,4V9P|1|DA,4V9P|1|BA,5J8A|1|BA,4V9O|1|FA,5J91|1|AA,6I7V|1|AA,4V6C|1|AA,5JC9|1|BA,4V52|1|CA,4V9O|1|DA,4V7T|1|AA,4V57|1|CA,4WWW|1|QA,6LKQ|1|s,4V52|1|AA,4V57|1|AA,4U27|1|AA,5J88|1|AA,4V7V|1|AA,4V54|1|CA,4WF1|1|AA,4YBB|1|BA,4U1U|1|AA,4V64|1|CA,4U26|1|AA,4V53|1|CA,4V9D|1|AA,6I7V|1|BA,4U24|1|AA,4V7S|1|AA,4U25|1|AA,5IT8|1|BA,4V56|1|CA,4V9D|1|BA,4V54|1|AA,4U27|1|CA,4V64|1|AA,4V53|1|AA,4V56|1|AA,4V7U|1|AA,4V55|1|CA,4V50|1|CA,4V9O|1|HA,4WWW|1|XA,4V4Q|1|CA,4U20|1|AA,4V55|1|AA,4U1U|1|CA,4V50|1|AA,4U1V|1|AA,4U25|1|CA,4V6C|1|CA,6BY1|1|AA,5J88|1|BA,4V4Q|1|AA,6BY1|1|BA,4U26|1|CA,4V85|1|AA,5J91|1|BA,4V7T|1|CA,4WF1|1|CA,4U24|1|CA,4U1V|1|CA,4V6D|1|AA,4U20|1|CA,4V89|1|AA,4V7S|1|CA,4V6D|1|CA,4V7V|1|CA,4V6E|1|AA,4V5Y|1|CA,4V9C|1|CA,4V9C|1|AA,4V5Y|1|AA,4V7U|1|CA,4V6E|1|CA,4V5B|1|BA,4V5B|1|DA,5J5B|1|AA,4V4H|1|CA,4V4H|1|AA,5J5B|1|BA,8B0X|1|A,8FTO|1|A,8AYE|1|A,7K00|1|A,8QOA|1|A,8G6W|1|A,8BIM|1|2,8BIL|1|2,8EMM|1|A,8QBT|1|i,8BGE|1|2,8R6C|1|A,8EIU|1|A,8YUO|1|A,8BF7|1|2,7S1H|1|C,7N1P|1|16,8AKN|1|B,8BHL|1|2,8HSP|1|A,7Y7G|1|A,7S1K|1|C,8YUP|1|A,9FBV|1|A,8R8M|1|A,7S1J|1|C,8HTZ|1|A,7O1A|1|AA,7S1I|1|C,7S1G|1|C,7Y7E|1|A,8YUQ|1|A,7Y7F|1|A,8IFB|1|A,8YUS|1|A,8BHP|1|2,8YUR|1|A,7N2U|1|16,7N2V|1|16,7Y7C|1|A,7Y7H|1|A,7SA4|1|2,9AX8|1|a,6YSS|1|a,8BH4|1|2,7Y7D|1|A,9GUU|1|A,7UG7|1|16,9CG5|1|A,6XZB|1|A1,9CG6|1|A,7NWT|1|2,9AX7|1|A,7N30|1|16,7N31|1|16,6TC3|1|16S1,7ZTA|1|16S1,6TBV|1|16S1,8CGJ|1|A,8EKC|1|a,8HU1|1|A,7N2C|1|16,6XZA|1|A1,8P18|1|2,8P16|1|2,8QK7|1|2,8P17|1|2,9CG7|1|A,8BHJ|1|2,7M5D|1|2,8G7R|1|a,7O1C|1|AA,6Y69|1|a,8AM9|1|B,8BGH|1|2,7NSO|1|a,7ST2|1|3,5AFI|1|a,7BOH|1|A,9GUP|1|A,7OT5|1|2,7OTC|1|a,7B5K|1|a,8G7P|1|a,8FZH|1|a,8SYL|1|a,7OIZ|1|A,7P3K|1|A,8IFC|1|A,5NWY|1|0,7ST6|1|3,8G2U|1|v,6WD0|1|3,7TOS|1|16S,6H4N|1|a,6WDE|1|3,6ORE|1|2,8GHU|1|a,5H5U|1|h,5WDT|1|a,5WFS|1|a,8CGU|1|A,7O19|1|AA,7OIF|1|2,7OII|1|2,8B7Y|1|C,8FZE|1|a,8FZJ|1|a,7BOE|1|A,6SZS|1|a,8CAI|1|A,8BHN|1|2,7NWW|1|2,5MDV|1|2,9GUV|1|A,7NSQ|1|a,5MGP|1|a,6ENU|1|a,7AC7|1|2,7Q4K|1|AA,7NAX|1|A,8PKL|1|A,7PJV|1|a,5WE4|1|a,7PJY|1|a,6YSR|1|a,6ZTP|1|AA,6ZU1|1|AA,6ZTO|1|AA,8URY|1|D,6X7K|1|D,7NBU|1|A,6OM6|1|2,8G7Q|1|a,8FZG|1|a,8G7S|1|a,8FZI|1|a,8FZD|1|a,8Q4F|1|A,8CEP|1|A,7LV0|1|3,8T5D|1|v,7K53|1|3,7SSO|1|3,7ST7|1|3,7K54|1|3,6ENF|1|a,7SSN|1|3,8G38|1|v,8G31|1|v,8G34|1|v,5U9G|1|A,6WNW|1|3,5U9F|1|A,6WDD|1|3,3JCE|1|a,5UYM|1|A,6YST|1|a,7ABZ|1|2,8CGR|1|A,8UQL|1|D,6X6T|1|D,5MDW|1|2,7OIG|1|2,7ACJ|1|2,8FZF|1|a,5MDZ|1|2,9GR1|1|A,7OE0|1|A,7NAR|1|A,6C4I|1|a,8EYT|1|A,8R3V|1|A1,8T5H|1|v,7JT1|1|3,7K55|1|3,7SSD|1|3,9GUQ|1|A,6WDG|1|3,6WD1|1|3,6WDF|1|3,8R3V|1|A2,6OFX|1|3,6VWL|1|1,8PEG|1|A,6OG7|1|3,7CPJ|1|a,7QGN|1|0,9GUW|1|A,7K50|1|3,5O2R|1|a,7D6Z|1|f,7K52|1|3,6OGI|1|3,5WFK|1|a,5LZD|1|a,5WE6|1|a,8UR0|1|D,8A3L|1|A,7ACR|1|2,7NSP|1|a,7JT2|1|3,7K51|1|3,6WNV|1|3,6BU8|1|A,8RCL|1|A1,8RCL|1|A2,5LZE|1|a+5LZE|1|y+5LZE|1|v+5LZE|1|x,5MDY|1|2,9GUX|1|A,6X7F|1|D,5U4I|1|a,6ZTM|1|AA,7OJ0|1|A,6ZTJ|1|AA,5UYL|1|A,5KCR|1|1a,5IQR|1|2,6WDM|1|3,6WDK|1|3,8RCM|1|A1,6WD3|1|3,6WD5|1|3,6WD2|1|3,8EYQ|1|A,8RCM|1|A2,3JBV|1|A,5WF0|1|a,5LZA|1|a,6OSQ|1|2,6VWM|1|1,6VWN|1|1,5JTE|1|AA,5JU8|1|AA,7JSS|1|3,3JCJ|1|g,7JSZ|1|3,7JT3|1|3,6ENJ|1|a,3J9Z|1|SA,6WDL|1|3,6WDJ|1|3,6WD9|1|3,6WD4|1|3,6WD8|1|3,6WD6|1|3,3JCD|1|a,6YSU|1|a,5L3P|1|a,6DNC|1|A,9GUS|1|A,6VYQ|1|D,6VYS|1|D,6XDQ|1|D,6VU3|1|D,6OSK|1|2,8PHJ|1|A,6ORL|1|2,5UYQ|1|A,6GWT|1|a,6GXM|1|a,7JSW|1|3,7SSL|1|3,7SSW|1|3,6W6K|1|A,6WDA|1|3,6W77|1|A,8UQP|1|D,6VYR|1|D,6Q9A|1|2,8K4E|1|A,7BOG|1|A,6OUO|1|2,5UYP|1|A,6GXO|1|a,6GXN|1|a,7SS9|1|3,6WD7|1|3,6OGF|1|3,5UYK|1|A,6O9J|1|a,7OE1|1|A,5KPW|1|26,3J9Y|1|a,5KCS|1|1a,6W7N|1|A,8VSA|1|16S,5KPS|1|27,7QG8|1|0,5UYN|1|A,6O9K|1|a,6WDI|1|3,6ZTL|1|AA,6WDB|1|3,5KPX|1|26,7PJW|1|a,7BOD|1|A,6Q97|1|2,3JBU|1|A,6OT3|1|2,7D80|1|B,7BOF|1|A,6W7M|1|A,6VZJ|1|D,8VS9|1|16S,6ZTN|1|AA,5NP6|1|D,6O7K|1|g,6OGG|1|3,6WDC|1|3,8FIZ|1|AA,8CF1|1|A,8K3O|1|A,5KPV|1|26,6WDH|1|3,7BOI|1|A,3JA1|1|SA,7PJS|1|a,8CGI|1|A,6GXP|1|a,6NQB|1|A,8CA7|1|A,8RCS|1|A1,7QGH|1|0,7NAT|1|A,8RCS|1|A2,7O5H|1|A,6OST|1|2,6Q98|1|2,8PVA|1|A,8CAZ|1|A,3JCN|1|a,8JSG|1|g,5LZF|1|a,8CF8|1|A,7OI0|1|A,6XDR|1|D,7NAU|1|A,5LZC|1|a,6X9Q|1|D,6XGF|1|D,7NAS|1|A,5NO2|1|A,5NO4|1|A,5NO3|1|A,7AF8|1|1,7AFO|1|A,5LZB|1|a,8UPR|1|D,8UQM|1|D,8URI|1|D,8RCT|1|A1,8RCT|1|A2,7AF3|1|1,8JSH|1|g,7AF5|1|1,8UPO|1|D,7AFA|1|1,6W7W|1|2,7AFI|1|A,7QGR|1|0,8URH|1|D,4V5H|1|AA,7PJZ|1|a,7PJT|1|a,5U4J|1|a,7PJX|1|a,7NAV|1|A,8URX|1|D,7AFD|1|1,4V69|1|AA,6XE0|1|W,6AWB|1|A,7AFH|1|1,6XII|1|D,6VYU|1|D,6VZ7|1|D,6VYW|1|D,7AFL|1|A,4V6M|1|AA,4V7B|1|AA,4V7C|1|AA,7AFN|1|1,4V7D|1|BA,5MY1|1|A,6H58|1|a,6H58|1|aa,6XIJ|1|D,6AWD|1|A,6AWC|1|A,4V6K|1|BA,7AFK|1|1,6VZ5|1|D,6VZ3|1|D,4V7A|1|AA,4V65|1|A1,4V66|1|A1,7PJU|1|a,4V6V|1|AA,6VYY|1|D,6VYZ|1|D,6VYX|1|D,3DG2|1|A,6VZ2|1|D,4V6T|1|AA,3DG0|1|A,4V7I|1|BA,4V6R|1|AA,4V6Q|1|AA,4V48|1|BA,4V6Y|1|AA,4V75|1|AA,4V6Z|1|AA,4V6N|1|BA,4V47|1|BA,3DG4|1|A,4V72|1|AA,4V6S|1|BA,4V6L|1|AA,3J28|1|N,4V6P|1|AA,3J2A|1|N,5ME1|1|A,5ME0|1|A,4ADV|1|A,6VYT|1|D,3J2B|1|N,3J29|1|N,4V6O|1|AA,3J2C|1|N,5UZ4|1|A,4V73|1|AA,4V79|1|AA,3DG5|1|A,4V4W|1|AA,4V4V|1|AA,3J2E|1|N,4A2I|1|A,4V77|1|AA,4V74|1|AA,4V70|1|AA,4V76|1|AA,3J2G|1|N,3J2F|1|N,3J2D|1|N,3J2H|1|N,2YKR|1|A,4V78|1|AA,4V71|1|AA"
"NR_all_14870.1","3BOY|1|D","3BOY|1|D"
"NR_all_67384.3","7UW1|1|B","7UW1|1|B,7UVZ|1|B,7UVX|1|B,7UVW|1|B,7RYG|1|B,7UVY|1|B,7RYH|1|B,6YSI|1|5,7UVV|1|B,7M4Y|1|B,7M4W|1|B,7RYF|1|B,7M4X|1|B,6YHS|1|5,7M4V|1|B,7M4Z|1|B,6V3A|1|B,6V3B|1|B,6V3D|1|B,6V39|1|B"
"NR_all_64844.1","3H5X|1|T+3H5X|1|P","3H5X|1|T+3H5X|1|P,3BSO|1|T+3BSO|1|P,3H5Y|1|T+3H5Y|1|P,3BSN|1|T+3BSN|1|P"
"NR_all_11791.1","3BSU|1|D","3BSU|1|D,3BSU|1|I,4WKJ|1|A,4WKJ|1|C,4WKJ|1|G,4WKJ|1|D"
"NR_all_91544.1","3BSX|1|C","3BSX|1|C,3BSX|1|D"
"NR_all_98632.6","7P7Q|1|A","7P7Q|1|A,7NHK|1|A,7P7R|1|A,7P7T|1|A,7P7S|1|A,6W6P|1|A,6WU9|1|A,7P7U|1|A,6O90|1|A,6O8Z|1|A,6O8W|1|A,6O8X|1|A,6O8Y|1|A"
"NR_all_35054.6","3IGI|1|A","3IGI|1|A,8OLV|1|A,5J02|1|A,4FAX|1|A,4FAR|1|A,8OLS|1|A,4E8N|1|A,6T3S|1|A,8OLY|1|A,8RUI|1|A,4FAU|1|A,4Y1O|1|A,8RUJ|1|A,4FB0|1|A,4Y1O|1|B,4E8K|1|A,4E8Q|1|A,6T3N|1|A,4E8P|1|A,4E8T|1|A,5J01|1|A,4FAW|1|A,3EOH|1|A,8RUM|1|A,6T3R|1|A,8RUL|1|A,4FAQ|1|A,4E8R|1|A,8OLZ|1|A,8RUN|1|A,4Y1N|1|B,8RUH|1|A,8OLW|1|A,4Y1N|1|A,3G78|1|A,4E8M|1|A,6T3K|1|A,8RUK|1|A,4DS6|1|A,3EOG|1|A,3BWP|1|A,8OM0|1|A,4E8V|1|A,9C6J|1|A,9C6I|1|A"
"NR_all_43481.4","7UW1|1|a","7UW1|1|a,7UVZ|1|a,7UVX|1|a,7UVW|1|a,7RYG|1|a,7UVY|1|a,7RYH|1|a,7UVV|1|a,7M4Y|1|a,7M4W|1|a,7RYF|1|a,7M4X|1|a,7M4U|1|a,6V3A|1|sN1,6V3B|1|sN1,7M4Z|1|a,6V39|1|sN1,6V3E|1|sN1,6YT9|1|2,6YPU|1|2,6YS5|1|3,6YTF|1|3,6YT9|1|4,6YPU|1|4"
"NR_all_24187.1","7UVZ|1|v","7UVZ|1|v,7UVW|1|v,7RYG|1|v,7UVY|1|v,7M4Y|1|v,7UVV|1|v,7RYF|1|v,7M4X|1|v,6V3A|1|v,6V39|1|v"
"NR_all_20722.1","6V5B|1|D","6V5B|1|D,6V5C|1|D"
"NR_all_14193.1","6V9B|1|B+6V9B|1|D","6V9B|1|B+6V9B|1|D,6V9D|1|B+6V9D|1|E"
"NR_all_03518.1","6VA1|1|A+6VA1|1|B","6VA1|1|A+6VA1|1|B"
"NR_all_75319.1","6VA3|1|A+6VA3|1|B","6VA3|1|A+6VA3|1|B"
"NR_all_39208.1","6VAR|6|A","6VAR|6|A"
"NR_all_45742.1","6O8W|1|u","6O8W|1|u"
"NR_all_27764.1","6VMY|1|A","6VMY|1|A"
"NR_all_31462.1","6VRB|1|B","6VRB|1|B"
"NR_all_07415.2","6VRD|1|B","6VRD|1|B,8SWB|1|B,8SWC|1|B"
"NR_all_50291.1","6VVJ|7|A","6VVJ|7|A"
"NR_all_24334.1","6VYT|1|7","6VYT|1|7"
"NR_all_73186.1","6OGY|1|N","6OGY|1|N"
"NR_all_43127.1","6OJ6|1|T+6OJ6|1|U","6OJ6|1|T+6OJ6|1|U"
"NR_all_01361.1","6VYZ|1|7","6VYZ|1|7"
"NR_all_17351.3","7QVP|1|B4","7QVP|1|B4,6Y2L|1|B4,6OLE|1|u,6OM0|1|u,7QVP|1|D5,6Y0G|1|D4,6Y0G|1|B4,6OLG|1|Bv,6OLI|1|u,6Y57|1|D4,6OM7|1|u,6W6L|1|u,6OLZ|1|Bv,6OLF|1|u"
"NR_all_28207.3","6OLE|1|v","6OLE|1|v,6OM0|1|v,6OLI|1|v,6OM7|1|v,6W6L|1|v,6OLF|1|v"
"NR_all_60142.1","2OIU|1|P","2OIU|1|P"
"NR_all_18515.1","2OJ7|1|A","2OJ7|1|A"
"NR_all_83188.1","6OON|1|B","6OON|1|B"
"NR_all_83599.1","2OM7|1|A","2OM7|1|A"
"NR_all_22009.1","2OM7|1|D","2OM7|1|D"
"NR_all_32986.3","6OW3|1|I","6OW3|1|I,6OVY|1|I,6OY6|1|I"
"NR_all_42833.1","2OM7|1|G","2OM7|1|G"
"NR_all_00732.1","6OY7|1|I","6OY7|1|I"
"NR_all_04153.1","2OM7|1|I","2OM7|1|I"
"NR_all_60168.1","2OOM|3|A","2OOM|3|A"
"NR_all_83079.1","2P7E|1|A","2P7E|1|A,2P7D|1|A"
"NR_all_99000.2","6OZR|1|C+6OZR|1|D","6OZR|1|C+6OZR|1|D,6OZJ|1|C+6OZJ|1|D,6OZQ|1|C+6OZQ|1|D,6OZN|1|C+6OZN|1|D,6OZM|1|C+6OZM|1|D,6OZL|1|D+6OZL|1|C,6OZK|1|C+6OZK|1|D,6OZO|1|C+6OZO|1|D"
"NR_all_26735.1","2P89|3|A","2P89|3|A"
"NR_all_41918.1","2PCW|1|A+2PCW|1|B","2PCW|1|A+2PCW|1|B"
"NR_all_66026.1","2PN9|1|A+2PN9|1|B","2PN9|1|A+2PN9|1|B"
"NR_all_83369.1","6P19|1|R","6P19|1|R"
"NR_all_23233.1","2Q66|1|X","2Q66|1|X"
"NR_all_98595.1","6GV4|1|D","6GV4|1|D"
"NR_all_04836.1","6P5I|1|1","6P5I|1|1,6P5J|1|1,6P4G|1|1,6P5K|1|1,6P4H|1|1"
"NR_all_98524.1","6GX6|1|B","6GX6|1|B"
"NR_all_09747.1","2QH2|1|A","2QH2|1|A"
"NR_all_05788.1","6P71|1|I","6P71|1|I"
"NR_all_33897.1","2QH4|19|A","2QH4|19|A"
"NR_all_99291.1","2QKB|1|C","2QKB|1|C"
"NR_all_66381.1","6H4N|1|I","6H4N|1|I"
"NR_all_92073.1","6H5S|1|E","6H5S|1|E"
"NR_all_70662.1","6PIJ|1|1","6PIJ|1|1,6V9Q|1|K,6PIF|1|1,6VBW|1|K,6PIG|1|1"
"NR_all_36664.1","6H9H|1|E","6H9H|1|E"
"NR_all_03509.1","6PMI|1|3","6PMI|1|3,6PMJ|1|3"
"NR_all_40252.1","2QUS|1|A","2QUS|1|A,2QUS|1|B"
"NR_all_53123.1","6HAG|1|A","6HAG|1|A"
"NR_all_68144.1","6PMO|1|A","6PMO|1|A"
"NR_all_88345.1","2QUW|1|B+2QUW|1|A","2QUW|1|B+2QUW|1|A,2QUW|1|D+2QUW|1|C"
"NR_all_63549.1","6HAK|1|T+6HAK|1|P","6HAK|1|T+6HAK|1|P,6HAK|1|E+6HAK|1|F"
"NR_all_24721.1","6PPP|1|A","6PPP|1|A,6PPP|1|I"
"NR_all_07301.1","6HCT|1|A+6HCT|1|B","6HCT|1|A+6HCT|1|B"
"NR_all_18600.1","6PPQ|1|H","6PPQ|1|H"
"NR_all_97847.1","6PUN|1|B","6PUN|1|B,6PUN|1|D"
"NR_all_42813.3","6YXY|1|AA","6YXY|1|AA,7AOI|1|AA,6HIX|1|AA,6HIV|1|AA"
"NR_all_08084.1","6PZQ|1|J+6PZQ|1|I","6PZQ|1|J+6PZQ|1|I"
"NR_all_97269.1","6Q95|1|4","6Q95|1|4"
"NR_all_83080.1","2QWY|1|C","2QWY|1|C,2QWY|1|A,2QWY|1|B"
"NR_all_00075.1","7AC7|1|4","7AC7|1|4,6Q97|1|4"
"NR_all_09725.1","2R1G|1|B","2R1G|1|B"
"NR_all_74884.1","2R1G|1|D","2R1G|1|D"
"NR_all_75020.1","6HTQ|1|u","6HTQ|1|u"
"NR_all_08930.1","6Q9A|1|4","6Q9A|1|4"
"NR_all_79547.1","2R1G|1|F","2R1G|1|F"
"NR_all_79079.1","6QCS|1|M","6QCS|1|M"
"NR_all_58198.1","2R1S|1|A+2R1S|1|B","2R1S|1|A+2R1S|1|B,2R22|1|A+2R22|1|B,2R21|1|A+2R21|1|B,2R20|1|A+2R20|1|B"
"NR_all_70416.1","6YS3|1|v","6YS3|1|v,6QDW|1|v"
"NR_all_16115.1","2R7X|1|X","2R7X|1|X,2R7X|1|Y,2R7R|1|X,2R7W|1|X"
"NR_all_46052.1","6QIC|1|F","6QIC|1|F,6QIC|1|H,6QIC|1|E,6QIC|1|G"
"NR_all_46239.1","2R7S|1|X","2R7S|1|X"
"NR_all_37940.1","2R7U|1|X","2R7U|1|X"
"NR_all_52785.1","2R7Z|1|P","2R7Z|1|P"
"NR_all_83556.1","2R93|1|R","2R93|1|R"
"NR_all_75716.1","2RLU|1|A","2RLU|1|A"
"NR_all_65694.1","2RO2|1|A","2RO2|1|A"
"NR_all_12561.1","6QN3|1|A+6QN3|1|B","6QN3|1|A+6QN3|1|B"
"NR_all_74744.1","2RP1|1|A","2RP1|1|A,2RP0|4|A"
"NR_all_43614.1","6QX3|1|G","6QX3|1|G"
"NR_all_04048.1","2RPT|2|A","2RPT|2|A"
"NR_all_92749.1","2RU7|3|A","2RU7|3|A,2RU7|3|B,2RQJ|6|A,2RQJ|6|B,2RSK|8|A,2RSK|8|B"
"NR_all_95193.1","2RRA|1|B","2RRA|1|B"
"NR_all_78635.1","7JQQ|1|O","7JQQ|1|O,7JQQ|1|L,7JQQ|1|M,7JQQ|1|N,7JQQ|1|K,6QYZ|1|A,6QYZ|1|D,6QYZ|1|E,6QYZ|1|B,6QYZ|1|C"
"NR_all_69284.1","2RS2|1|B","2RS2|1|B"
"NR_all_15463.1","6R5K|1|E","6R5K|1|E"
"NR_all_93004.1","2RVO|3|A","2RVO|3|A"
"NR_all_29777.1","2TPK|1|A","2TPK|1|A"
"NR_all_07184.1","2UXC|1|X+2UXC|1|Y","2UXC|1|X+2UXC|1|Y"
"NR_all_29312.1","2V6W|1|A+2V6W|1|B","2V6W|1|A+2V6W|1|B"
"NR_all_53745.2","7ZW0|1|sl","7ZW0|1|sl,8AGX|1|x,8AGX|1|y,8AAF|1|x,8AAF|1|y,8AGT|1|x,8AGV|1|x,8AGW|1|x,8AGZ|1|x,8AGT|1|y,8AGV|1|y,8AGW|1|y,8AGZ|1|y,8AGU|1|y,9BDN|1|TIRN,9BDP|1|TIRN,6R84|1|B,6R87|1|B"
"NR_all_36129.1","2VAL|1|A+2VAL|1|C","2VAL|1|A+2VAL|1|C,2VAL|1|B+2VAL|1|D"
"NR_all_79104.1","2VAZ|1|A","2VAZ|1|A"
"NR_all_71707.1","2VON|1|C","2VON|1|C,2VON|1|D"
"NR_all_25856.1","2VOO|1|C","2VOO|1|C,2VOO|1|D"
"NR_all_49650.1","2VOP|1|B","2VOP|1|B"
"NR_all_98950.1","6R9J|1|B","6R9J|1|B"
"NR_all_03143.1","2VRT|1|H","2VRT|1|H"
"NR_all_28508.1","6R9O|1|B","6R9O|1|B"
"NR_all_06107.1","2VUQ|1|A+2VUQ|1|B","2VUQ|1|A+2VUQ|1|B"
"NR_all_68616.1","6HYU|1|B","6HYU|1|B"
"NR_all_18267.1","6R9Q|1|B","6R9Q|1|B"
"NR_all_16609.1","6I1V|1|B+6I1V|1|A","6I1V|1|B+6I1V|1|A"
"NR_all_13111.1","2WJ8|1|d","2WJ8|1|d,2WJ8|1|i,2WJ8|1|l,2WJ8|1|f,2WJ8|1|c,2WJ8|1|q,2WJ8|1|j,2WJ8|1|p,2WJ8|1|k,2WJ8|1|e,2WJ8|1|t,2WJ8|1|b,2WJ8|1|o,2WJ8|1|n,2WJ8|1|a,2WJ8|1|h,2WJ8|1|r,2WJ8|1|m,2WJ8|1|s,2WJ8|1|g,8PDP|1|E,8PDL|1|B,8PDQ|1|E,8PDM|1|B,8PDR|1|a,8PDR|1|b,8PDR|1|c,8PDR|1|d,8PDR|1|e,8PDR|1|f,8PDR|1|g,8PDR|1|h,8PDR|1|i,8PDR|1|j,8PDR|1|k,8PDN|1|a,8PDN|1|b,8PDN|1|c,8PDN|1|d,8PDN|1|e,8PDN|1|f,8PDN|1|g,8PDN|1|h,8PDN|1|i,8PDN|1|j,8PDN|1|k,8PDN|1|l"
"NR_all_57578.1","6I7O|1|l","6I7O|1|l"
"NR_all_11651.1","6RI7|1|R","6RI7|1|R,6RH3|1|R"
"NR_all_70244.1","6RIE|1|P","6RIE|1|P,6RID|1|P"
"NR_all_77670.1","6RM3|1|L70","6RM3|1|L70"
"NR_all_60125.5","6T4Q|1|6","6T4Q|1|6,6SNT|1|6,9F9S|1|CP,6Q8Y|1|n,7ZS5|1|2,7RR5|1|P,6SV4|1|n,6T7I|1|6,7ZPQ|1|6,7ZUW|1|6,6I7O|1|n"
"NR_all_41012.3","6RR7|1|D+6RR7|1|E","6RR7|1|D+6RR7|1|E,8R60|1|D+8R60|1|E,7NHX|1|F+7NHX|1|E,7NI0|1|D+7NI0|1|E,7NK1|1|D+7NK1|1|E,8R65|1|D+8R65|1|E,7NJ3|1|D+7NJ3|1|E,7NJ5|1|D+7NJ5|1|E,7NKI|1|D+7NKI|1|E,7NJ7|1|D+7NJ7|1|E,7NK2|1|D+7NK2|1|E,7NIL|1|D+7NIL|1|E,7NK4|1|D+7NK4|1|E,7NJ4|1|D+7NJ4|1|E,7NIS|1|D+7NIS|1|E,7NIK|1|D+7NIK|1|E,7NIR|1|D+7NIR|1|E"
"NR_all_15094.1","6IA2|1|A+6IA2|1|B","6IA2|1|A+6IA2|1|B"
"NR_all_56135.1","8RO2|1|2+8RO2|1|6","8RO2|1|2+8RO2|1|6,6ID1|1|H+6ID1|1|F"
"NR_all_33222.1","6RT5|1|A","6RT5|1|A,6RT5|1|E"
"NR_all_76225.1","6IFL|1|J+6IFL|1|I","6IFL|1|J+6IFL|1|I,6IFR|1|J+6IFR|1|N"
"NR_all_19822.1","6RT6|1|A","6RT6|1|A,6RT6|1|E"
"NR_all_80808.1","6IFN|1|N","6IFN|1|N"
"NR_all_07161.1","2WW9|1|D","2WW9|1|D,2WWA|1|D"
"NR_all_89953.1","6RTI|1|X","6RTI|1|X"
"NR_all_07414.1","2WW9|1|E","2WW9|1|E,2WWA|1|E"
"NR_all_16134.1","2WW9|1|F","2WW9|1|F,2WWA|1|F"
"NR_all_88536.1","2WW9|1|G","2WW9|1|G,2WWA|1|G"
"NR_all_68474.1","6IQW|1|I","6IQW|1|I"
"NR_all_12174.1","2WWB|1|D","2WWB|1|D"
"NR_all_99842.1","2WWB|1|F","2WWB|1|F"
"NR_all_23607.1","6IS0|1|C","6IS0|1|C"
"NR_all_94180.1","6SDY|1|B","6SDY|1|B"
"NR_all_99955.1","6SGB|1|CA","6SGB|1|CA,6SG9|1|CA"
"NR_all_65403.1","6IV9|1|B","6IV9|1|B,6IV8|1|B,6IV8|1|D"
"NR_all_06055.1","6SJD|1|D","6SJD|1|D"
"NR_all_39330.1","2X7N|1|A","2X7N|1|A"
"NR_all_71588.1","6J4W|1|P","6J4W|1|P"
"NR_all_43421.1","2XB2|1|R","2XB2|1|R"
"NR_all_71000.1","2XC7|1|P","2XC7|1|P"
"NR_all_55002.1","6TH6|1|BA","6TH6|1|BA,6SKG|1|BA,6SKF|1|BA"
"NR_all_26197.1","6SKG|1|BB","6SKG|1|BB,6TH6|1|BB,6SKF|1|BB"
"NR_all_11925.1","6SNJ|1|B","6SNJ|1|B"
"NR_all_38950.2","2XDB|1|G","2XDB|1|G,2XD0|1|H,2XD0|1|I,2XD0|1|V,2XD0|1|G,2XD0|1|U,2XDD|1|F,2XDD|1|G,2XDD|1|H"
"NR_all_74806.1","2XD0|1|W","2XD0|1|W"
"NR_all_68486.2","6JCY|1|I","6JCY|1|I,6KQG|1|I,6JCX|1|I"
"NR_all_84157.1","2XFM|1|B","2XFM|1|B"
"NR_all_74135.1","2XGJ|1|D","2XGJ|1|D"
"NR_all_65600.1","2XLK|1|C","2XLK|1|C,2XLK|1|D,2XLI|1|B,2XLJ|1|B,4AL6|1|B"
"NR_all_00973.1","2XS2|1|B","2XS2|1|B"
"NR_all_64727.2","7UNW|1|B","7UNW|1|B,7UNV|1|B,6SPB|1|B,7UNU|1|B,7UNR|1|B,8CD1|1|B,6SPF|1|B,6SPG|1|B,6SPD|1|B"
